County_FIPS,STNAME,CTYNAME,POPESTIMATE,Pct_65Plus,Pct_Female,Pct_Under5,MEDIAN_AGE_TOT,Hospital_Count,Hospitals_per_100k
01069,Alabama,Houston County,110318.0,20.93674649649196,52.34594535796515,6.044344531264163,41.1,2.0,1.812940771225004
01095,Alabama,Marshall County,103537.0,18.44654567932237,50.65628712440963,7.528709543448237,38.1,1.0,0.9658382993519224
01077,Alabama,Lauderdale County,97135.0,21.786173881711022,52.245843413805524,4.885983425129973,40.6,1.0,1.0294950326864674
01039,Alabama,Covington County,37947.0,23.698843123303558,52.18330829841621,6.103249268716895,43.4,2.0,5.27050886763117
01073,Alabama,Jefferson County,665742.0,18.67254882522058,53.08272574060221,5.876150220355633,38.5,11.0,1.6522917286276066
01049,Alabama,DeKalb County,74085.0,19.020044543429844,50.41776337990146,5.966119997300398,39.5,1.0,1.349800904366606
01117,Alabama,Shelby County,238552.0,18.14824440792783,51.906921761293134,5.240786075991817,40.5,1.0,0.4191958147489856
01033,Alabama,Colbert County,59474.0,21.552274943672867,52.41954467498403,5.829438073780139,42.0,2.0,3.3628140027575077
01045,Alabama,Dale County,49912.0,19.626542715178715,51.13800288507774,6.559544798845969,38.9,1.0,2.003526206122776
01019,Alabama,Cherokee County,26413.0,26.380948775224322,50.9483966228751,4.369060689811835,48.3,1.0,3.7860144625752468
01101,Alabama,Montgomery County,225891.0,18.196829444289502,53.291189113333424,6.443373131288984,38.2,4.0,1.7707655462147676
01081,Alabama,Lee County,189881.0,14.633902286168707,51.008789715664015,5.232224393172566,34.2,1.0,0.5266456359509377
01051,Alabama,Elmore County,91577.0,19.28977800102646,49.831289515926485,5.2622383349531,41.4,2.0,2.1839544863885036
01043,Alabama,Cullman County,94009.0,20.02893339999362,50.512185003563495,5.799444734014828,41.1,2.0,2.1274558818836495
01089,Alabama,Madison County,433516.0,17.01436625176464,51.15958811208814,5.533359783721939,38.0,3.0,0.6920159809557203
01055,Alabama,Etowah County,103886.0,21.41096971680496,51.469880445873365,5.703367152455576,42.1,3.0,2.8877808366863675
01093,Alabama,Marion County,29097.0,21.902601642781043,51.03618929786576,5.519469361102519,43.8,1.0,3.4367804240987043
01057,Alabama,Fayette County,15872.0,23.506804435483872,50.982862903225815,5.393145161290323,43.8,2.0,12.600806451612902
01031,Alabama,Coffee County,56953.0,18.272961915965798,51.249275718574964,5.959299773497445,39.6,1.0,1.7558337576598246
01063,Alabama,Greene County,7067.0,25.895004952596572,53.558794396490725,5.928965614829489,44.9,1.0,14.150275930380644
01123,Alabama,Tallapoosa County,40953.0,25.624496373892026,51.66654457548897,4.881205284106171,47.5,2.0,4.883647107660001
01007,Alabama,Bibb County,22262.0,17.482705956338155,47.174557541999825,5.610457281466175,40.8,1.0,4.49195939268709
01071,Alabama,Jackson County,54281.0,22.26561780365137,51.40288498738048,5.521268952303752,43.5,1.0,1.8422652493506013
01061,Alabama,Geneva County,27554.0,21.902446105828556,51.0815126660376,5.418451041591058,43.0,2.0,7.258474268708717
01027,Alabama,Clay County,14207.0,23.50953755191103,50.40473006264518,5.5676779052579715,45.4,1.0,7.038783698176955
01015,Alabama,Calhoun County,115834.0,20.044201184453613,52.09610304401126,5.494069098882884,39.7,1.0,0.8633043838596612
01083,Alabama,Limestone County,122928.0,16.788689314070023,50.02277756084863,5.731810490693739,39.8,1.0,0.8134843160223871
01003,Alabama,Baldwin County,267761.0,23.655424053540283,51.657261513065755,4.9178185023211,44.6,4.0,1.4938695329043437
01103,Alabama,Morgan County,126483.0,19.60184372603433,50.78389981262305,6.030059375568258,40.7,1.0,0.7906200833313567
01097,Alabama,Mobile County,411658.0,19.25093159855997,52.55794858839133,6.067658104543091,39.0,6.0,1.4575205631859456
01127,Alabama,Walker County,65140.0,21.07153822536076,51.2665029167946,6.346330979428923,41.7,1.0,1.5351550506601166
01025,Alabama,Clarke County,22014.0,23.0762242209503,53.07985827200872,6.068865267557009,44.0,2.0,9.085127646043427
01125,Alabama,Tuscaloosa County,241368.0,15.299874051241257,52.238490603559704,5.259603592854066,33.2,4.0,1.6572205097610289
01065,Alabama,Hale County,15194.0,20.968803475055946,52.72475977359484,6.746083980518626,40.7,1.0,6.581545346847439
01053,Alabama,Escambia County,36665.0,20.968225828446748,50.19228146733943,5.792990590481385,41.5,2.0,5.4547933996999864
01121,Alabama,Talladega County,81603.0,21.278629462152125,51.525066480399005,5.289021236964327,43.3,2.0,2.4508902858963517
01001,Alabama,Autauga County,61920.0,17.999031007751938,52.099483204134366,5.991602067183463,39.8,1.0,1.614987080103359
01011,Alabama,Bullock County,9780.0,21.32924335378323,44.8159509202454,5.194274028629857,42.4,2.0,20.449897750511248
01091,Alabama,Marengo County,18311.0,22.88788160122331,53.437824258642344,5.559499754246081,43.8,1.0,5.461198186882203
01047,Alabama,Dallas County,35140.0,22.933978372225383,53.22993739328401,6.175298804780876,43.6,1.0,2.8457598178713717
01099,Alabama,Monroe County,18965.0,23.464276298444503,52.21724228842605,5.895069865541788,44.7,1.0,5.272871078302136
01133,Alabama,Winston County,23829.0,23.076923076923077,51.126778295354406,5.325443786982249,45.7,1.0,4.196567208023837
01109,Alabama,Pike County,33688.0,17.914390881025884,53.19995250534315,5.4114224649726905,33.5,1.0,2.968416053194016
01115,Alabama,St. Clair County,98206.0,19.454004846954362,50.99993890393662,5.443659246889192,41.2,1.0,1.018267722949718
01119,Alabama,Sumter County,11588.0,23.360372799447703,54.004142216085604,4.979288919571971,38.2,1.0,8.62961684501208
01035,Alabama,Conecuh County,10899.0,26.75474814203138,52.36260207358473,5.1839618313606755,47.7,1.0,9.175153683824204
01013,Alabama,Butler County,18100.0,24.5414364640884,53.066298342541444,5.2430939226519335,44.6,1.0,5.524861878453039
01059,Alabama,Franklin County,32449.0,17.90193842645382,50.232672809639745,7.128108724459922,37.8,2.0,6.163518136152115
01113,Alabama,Russell County,58898.0,17.817243369893713,52.592617745933644,5.8541885972359,37.8,1.0,1.69785052124011
01021,Alabama,Chilton County,47708.0,18.24641569548084,51.054330510606185,6.340655655236019,39.2,1.0,2.0960845141276097
01017,Alabama,Chambers County,34253.0,22.506057863544797,52.550141593437075,5.8330657168715145,43.6,1.0,2.9194523107465042
01131,Alabama,Wilcox County,9666.0,24.37409476515622,52.30705565901097,5.659010966273536,45.6,1.0,10.345541071798054
01129,Alabama,Washington County,14822.0,23.94413709350965,50.7286466063959,5.876399946026177,44.6,1.0,6.746727836999056
01023,Alabama,Choctaw County,11904.0,26.402889784946236,52.326948924731184,4.729502688172043,48.7,1.0,8.400537634408602
01009,Alabama,Blount County,60156.0,19.868342309994016,50.58514528891549,5.781634417181993,41.0,1.0,1.6623445707826319
01111,Alabama,Randolph County,23163.0,22.289858826576868,51.54340974830549,5.45266157233519,43.3,1.0,4.317230065190174
01005,Alabama,Barbour County,24607.0,23.294184581623114,47.34425163571341,5.209899622058764,43.5,1.0,4.063884260576259
01041,Alabama,Crenshaw County,13175.0,22.28462998102467,51.643263757115754,6.512333965844403,42.4,2.0,15.180265654648958
02020,Alaska,Anchorage Municipality,287155.0,14.924692239382912,49.108669533875435,6.128745799306994,36.1,6.0,2.0894638783932025
02170,Alaska,Matanuska-Susitna Borough,118666.0,15.686043180017863,48.15616941668212,5.920819779886404,37.4,1.0,0.8427013634908062
02110,Alaska,Juneau City and Borough,31609.0,17.865164984656268,49.55234268720934,4.530355278559904,40.3,1.0,3.163655920782056
02090,Alaska,Fairbanks North Star Borough,93972.0,13.787085514834205,46.44255735751075,6.398714510705316,33.6,2.0,2.128293534244243
02050,Alaska,Bethel Census Area,18391.0,9.9722690446414,47.77336740797129,10.39095209613398,27.5,1.0,5.437442227176336
02122,Alaska,Kenai Peninsula Borough,61951.0,23.013349259898952,48.11544607835225,5.247695759551904,42.5,3.0,4.842536843634486
,,,,,,,,,
02195,Alaska,Petersburg Borough,3394.0,26.487919858573957,48.46788450206246,3.9776075427224513,44.3,1.0,29.463759575721863
02275,Alaska,Wrangell City and Borough,2007.0,29.546586945690084,48.03188839063279,4.783258594917788,49.7,1.0,49.82561036372695
02150,Alaska,Kodiak Island Borough,12387.0,15.895697101800273,47.65479938645354,5.828691369984662,36.1,1.0,8.07297973682086
02180,Alaska,Nome Census Area,9830.0,10.396744659206512,47.894201424211595,8.39267548321465,30.9,1.0,10.17293997965412
02070,Alaska,Dillingham Census Area,4483.0,13.517733660495205,47.55743921481151,7.338835601159937,33.6,1.0,22.306491188935983
02188,Alaska,Northwest Arctic Borough,7095.0,9.316420014094433,47.11768851303735,9.27413671599718,27.4,1.0,14.094432699083862
02130,Alaska,Ketchikan Gateway Borough,13549.0,19.654587054395158,48.76374640194848,4.48741604546461,42.0,1.0,7.3806184958299506
02185,Alaska,North Slope Borough,10582.0,8.448308448308449,37.63938763938764,5.443205443205444,35.8,1.0,9.45000945000945
02220,Alaska,Sitka City and Borough,8319.0,20.206755619665824,49.45305926193052,4.880394278158433,41.3,1.0,12.020675561966582
04013,Arizona,Maricopa County,4689558.0,17.691048921881336,50.69185624743313,5.4437752982264,37.8,53.0,1.1301704766206113
04019,Arizona,Pima County,1074685.0,24.39049581970531,50.95251166620917,4.644523744166895,41.5,13.0,1.2096567831504115
04025,Arizona,Yavapai County,252552.0,36.810241059267,51.0346384110995,3.5877759827679054,56.0,4.0,1.5838322404890874
04027,Arizona,Yuma County,224449.0,20.745470017687758,49.48518371656812,6.445562243538622,36.8,2.0,0.8910710228158736
04021,Arizona,Pinal County,539380.0,22.635618673291557,49.21891801698246,5.51169861693055,39.9,5.0,0.9269902480625904
04005,Arizona,Coconino County,144368.0,16.471794303446746,51.15260999667516,4.423417931951679,33.8,4.0,2.77069710739222
04003,Arizona,Cochise County,126332.0,27.855175252509262,50.132982933856816,4.751765190133933,45.0,4.0,3.166260329924326
04015,Arizona,Mohave County,228102.0,34.436787051406824,49.655417313307204,3.9214912626807306,54.6,5.0,2.1920018237455174
04017,Arizona,Navajo County,109946.0,22.28548560202281,50.58574209157223,5.682789733141725,40.4,6.0,5.45722445564186
04001,Arizona,Apache County,64445.0,20.513616261928778,50.742493599193104,5.595469004577547,39.0,4.0,6.206843044456514
04012,Arizona,La Paz County,16711.0,38.58536293459398,50.09873735862605,4.33247561486446,55.6,2.0,11.968164681946023
04023,Arizona,Santa Cruz County,50020.0,22.46701319472211,52.51499400239904,5.789684126349461,39.4,1.0,1.9992003198720512
04007,Arizona,Gila County,53801.0,33.02169104663482,50.38382186204717,4.273154774074831,52.1,3.0,5.576104533372986
04009,Arizona,Graham County,40157.0,15.959857559080609,47.25701621137037,5.951639813731106,34.8,1.0,2.490225863485818
05007,Arkansas,Benton County,332554.0,14.46201218448733,50.38369708378189,6.396254442887471,36.0,3.0,0.9021091311486256
05071,Arkansas,Johnson County,26225.0,19.084842707340325,50.402287893231644,5.571020019065777,39.3,1.0,3.813155386081983
05143,Arkansas,Washington County,271213.0,13.29987869313049,50.47103199330416,6.0811981726539655,32.9,6.0,2.212283334500927
05119,Arkansas,Pulaski County,404611.0,18.686837480938483,52.247714471430584,5.9343418740469245,38.8,13.0,3.212962573929033
05149,Arkansas,Yell County,19956.0,19.42774103026659,50.285628382441374,6.023251152535578,40.2,2.0,10.022048506714773
05145,Arkansas,White County,80085.0,18.670162951863645,51.208091402884435,5.6090403945807585,38.8,1.0,1.2486732846350752
05009,Arkansas,Boone County,38628.0,22.538055296675985,51.06140623382003,5.464947706327017,42.6,1.0,2.588795692243968
05033,Arkansas,Crawford County,62657.0,19.164658378154076,51.13873948641013,5.713647317937341,39.7,1.0,1.5959908709322184
05123,Arkansas,St. Francis County,21800.0,19.931192660550458,44.77981651376147,6.0733944954128445,42.1,1.0,4.587155963302752
05031,Arkansas,Craighead County,116957.0,14.8823926742307,51.85324520977795,6.466479133356703,34.5,2.0,1.7100301820327128
05051,Arkansas,Garland County,99695.0,26.620191584332215,51.81002056271629,4.70334520286875,46.4,3.0,3.009177992878279
05005,Arkansas,Baxter County,42982.0,32.39960913870923,51.1562979852031,4.2320040947373325,52.0,2.0,4.6531106044390675
05045,Arkansas,Faulkner County,133979.0,15.425551765575202,51.810358339739814,5.709103665499817,34.9,3.0,2.239156882795065
05055,Arkansas,Greene County,47411.0,17.390479002763072,50.91223555714919,6.21374786441965,38.4,1.0,2.1092151610385774
05115,Arkansas,Pope County,64976.0,17.909689731593204,50.51711401132726,5.426619059344989,37.5,1.0,1.5390297956168433
05103,Arkansas,Ouachita County,21731.0,23.698863374902214,52.18351663522157,5.9546270305094104,43.7,1.0,4.601721043670333
05043,Arkansas,Drew County,17054.0,19.8311246628357,51.04374340330714,5.728861264219538,37.9,1.0,5.863726984871584
05131,Arkansas,Sebastian County,130641.0,18.33727543420519,51.30931330899182,5.985104216899749,38.2,3.0,2.2963694399154937
05027,Arkansas,Columbia County,21894.0,19.630949118479947,52.47099662007856,5.444413994701745,36.5,1.0,4.567461404951128
05093,Arkansas,Mississippi County,37828.0,17.43946283176483,50.3251559691234,6.537485460505446,37.9,2.0,5.287088928835783
05069,Arkansas,Jefferson County,62987.0,20.50899391938019,50.16273199231588,5.475733087780018,41.1,1.0,1.5876291933256068
05001,Arkansas,Arkansas County,15836.0,21.918413740843647,51.47764587016923,6.087395807021975,42.9,2.0,12.62945188178833
05059,Arkansas,Hot Spring County,33451.0,20.52255537951033,47.40665450958118,4.818988968939643,42.6,1.0,2.9894472512032526
05125,Arkansas,Saline County,133288.0,19.805984034571754,51.384970890102636,5.528629734109598,40.6,3.0,2.250765260188464
05139,Arkansas,Union County,36926.0,21.169365758544114,51.150950549748146,6.003899691274441,41.6,1.0,2.70811894058387
05063,Arkansas,Independence County,38785.0,18.857805852778135,50.31842207038804,5.914657728503287,38.8,1.0,2.5783163594173004
05057,Arkansas,Hempstead County,19080.0,20.48218029350105,51.163522012578625,6.273584905660377,40.8,2.0,10.482180293501047
05035,Arkansas,Crittenden County,46210.0,17.51568924475222,53.04695953256871,6.658731876217269,38.0,2.0,4.328067517853278
05121,Arkansas,Randolph County,18876.0,20.61347743165925,51.170798898071624,6.383767747404111,40.1,1.0,5.297732570459844
05015,Arkansas,Carroll County,29263.0,24.672794997095306,49.90944195742063,5.662440624679629,44.9,2.0,6.834569251272939
05107,Arkansas,Phillips County,14255.0,22.651701157488603,53.24447562258856,6.615222728867064,41.8,1.0,7.01508242721852
05083,Arkansas,Logan County,21633.0,22.26228447279619,51.02389867332317,5.736606111034068,43.4,2.0,9.24513474783895
05047,Arkansas,Franklin County,17725.0,20.851904090267983,50.160789844851905,5.703808180535966,41.6,1.0,5.6417489421720735
05127,Arkansas,Scott County,9965.0,21.194179628700454,49.623682890115404,5.8605117912694435,41.5,1.0,10.035122930255897
05037,Arkansas,Cross County,16186.0,20.5177313727913,52.057333498084766,5.8013097738786605,41.2,1.0,6.178178672927221
05041,Arkansas,Desha County,9984.0,23.106971153846153,52.49399038461539,5.568910256410256,42.8,2.0,20.03205128205128
05075,Arkansas,Lawrence County,16273.0,20.033183801388805,50.77736127327475,6.009955140416641,39.9,1.0,6.145148405333988
05137,Arkansas,Stone County,12703.0,29.51271353223648,50.84625678973471,4.518617649374163,49.4,1.0,7.8721561835786815
05061,Arkansas,Howard County,12306.0,21.30667966845441,51.47082723874533,6.370875995449373,40.5,1.0,8.126117341134407
05023,Arkansas,Cleburne County,25672.0,29.806793393580556,50.87644125895918,4.362729822374572,50.9,1.0,3.8952944842630104
05141,Arkansas,Van Buren County,16238.0,29.498706737282916,50.357186845670654,4.384776450301761,50.8,1.0,6.158393890873261
05039,Arkansas,Dallas County,6011.0,26.1021460655465,50.70703709865248,4.990850108135086,45.5,1.0,16.636167027116954
05081,Arkansas,Little River County,11763.0,23.505908356711725,51.143415795290316,5.245260562781604,44.6,1.0,8.501232678738416
05019,Arkansas,Clark County,20938.0,19.20431750883561,52.63157894736842,5.5544942210335275,33.9,1.0,4.776005349125991
05049,Arkansas,Fulton County,12492.0,26.272814601344862,50.46429715017611,5.003202049311559,46.6,1.0,8.005123278898495
05003,Arkansas,Ashley County,17831.0,23.18995008692726,52.08905838147048,5.271717794851663,44.7,1.0,5.60821042005496
05029,Arkansas,Conway County,21393.0,20.847940915252654,51.11485065208245,5.384938998737905,42.1,1.0,4.674426214182209
05011,Arkansas,Bradley County,9828.0,20.39072039072039,52.01465201465202,5.738705738705739,41.3,1.0,10.175010175010174
05017,Arkansas,Chicot County,9107.0,24.24508619743055,48.7097836828813,4.304381245196003,45.5,1.0,10.980564401010213
05021,Arkansas,Clay County,14052.0,22.174779390834047,50.81838884144606,5.216339311130088,43.2,1.0,7.116424708226587
05067,Arkansas,Jackson County,16741.0,19.598590287318558,50.767576608326856,4.611433008780837,40.4,1.0,5.9733588196642975
05133,Arkansas,Sevier County,15758.0,16.118796801624573,49.771544612260435,6.631552227440031,35.7,1.0,6.345982992765579
05113,Arkansas,Polk County,19486.0,25.30534742892333,50.995586574976905,5.624550959663348,45.0,1.0,5.131889561736632
05091,Arkansas,Miller County,42357.0,18.809169676794863,50.78263333097245,5.555162074745615,40.2,1.0,2.3608848596453953
06001,California,Alameda County,1636630.0,17.00775373786378,50.914012330215144,5.022271374715116,39.6,15.0,0.9165174779883052
06023,California,Humboldt County,131647.0,22.279277157853958,50.984071038458914,4.167204721717928,41.0,5.0,3.7980356559587385
06081,California,San Mateo County,743568.0,19.383835775611647,50.67350934951477,4.898274266778559,41.3,6.0,0.8069201471822349
06075,California,San Francisco County,826079.0,18.84819732737426,49.08162536512852,3.912458735786771,40.0,13.0,1.5736993677360156
06055,California,Napa County,132949.0,23.727895659237753,50.68635341371503,4.50323056209524,44.4,3.0,2.2565043738576445
06005,California,Amador County,41876.0,30.46136211672557,45.589359060082145,4.011844493265833,50.2,1.0,2.3880026745629954
06067,California,Sacramento County,1618460.0,17.02600002471485,51.10184990670143,5.651236360490837,38.0,14.0,0.8650198336690434
06065,California,Riverside County,2544916.0,17.126262713582687,50.46103682793459,5.549259779104694,37.8,17.0,0.6679984722482
06073,California,San Diego County,3282248.0,17.487801043674946,50.29753997869753,5.306728802942374,38.0,22.0,0.6702723255524872
06007,California,Butte County,209211.0,20.95061923130237,50.825721400882365,4.975837790555946,37.9,3.0,1.4339590174512813
06029,California,Kern County,927068.0,13.398585648517692,49.9159716439355,6.6395345325262,33.7,10.0,1.0786695258600232
06085,California,Santa Clara County,1914391.0,16.252792663567682,49.615360707399894,4.8591954308184695,38.4,12.0,0.6268311959260151
06037,California,Los Angeles County,9694934.0,17.050502870880813,51.10993019653357,4.767036062339361,39.1,88.0,0.9076905526123231
06103,California,Tehama County,64665.0,22.002628933735405,50.17551998762855,5.877986546045001,40.4,1.0,1.546431609062089
06025,California,Imperial County,181411.0,15.2598243766916,49.80513860791242,6.523860184884048,34.8,2.0,1.1024689792790956
06107,California,Tulare County,485146.0,13.494082193813822,50.49078009506417,7.013558804978295,33.2,4.0,0.8244940698264028
06019,California,Fresno County,1035456.0,14.554360590889425,50.307787100562464,6.585794084924903,34.3,8.0,0.7726064651709005
06099,California,Stanislaus County,557719.0,15.574151140628164,50.59734382368182,6.322897373049869,36.0,5.0,0.8965088153711814
06059,California,Orange County,3149507.0,18.454253316471437,51.07380297932343,4.771730940747235,40.4,27.0,0.857277027801494
06013,California,Contra Costa County,1170070.0,19.087661421966207,51.302315246096384,5.129009375507448,41.4,8.0,0.6837197774492124
06095,California,Solano County,455376.0,19.312172797863745,50.518692245528975,5.417061944415165,40.1,6.0,1.3175924949931486
06111,California,Ventura County,830851.0,19.951110367562897,50.99915628674696,5.159769922645577,40.9,7.0,0.842509667798438
06077,California,San Joaquin County,823815.0,15.018541784259815,50.30461936235684,6.156964852545778,36.3,8.0,0.9710918106613742
06071,California,San Bernardino County,2224091.0,14.561094847288173,50.702376836199605,5.842971353240492,35.9,22.0,0.9891681590366581
06097,California,Sonoma County,486444.0,24.175033508481963,51.310119972699844,4.576683030317981,44.1,7.0,1.4390145628273758
06083,California,Santa Barbara County,442065.0,18.9560358770769,50.537138203657825,6.0760295431667295,35.9,6.0,1.3572664653388076
06031,California,Kings County,154327.0,12.416492253461806,45.91484315771058,6.656644657124159,33.7,1.0,0.6479747549035489
06113,California,Yolo County,224410.0,15.620961632725813,52.13582282429482,4.2916982309166265,32.2,2.0,0.89122588119959
06041,California,Marin County,253694.0,25.736123045874166,51.365818663429174,4.462462651856173,48.0,3.0,1.1825269813239572
06115,California,Yuba County,88691.0,14.381391572989369,50.18773043488065,6.891341849793102,35.2,1.0,1.1275101194033217
06053,California,Monterey County,433729.0,16.489789707397936,49.71629750374081,6.251138383645087,36.5,4.0,0.9222348517161637
06057,California,Nevada County,101911.0,30.3961299565307,50.92973280607589,3.9495245851772625,49.3,2.0,1.9624966882868387
06087,California,Santa Cruz County,258852.0,22.224282601641093,50.764529538114445,4.0644847248620835,41.5,4.0,1.5452845641524888
06079,California,San Luis Obispo County,282367.0,24.94590373520985,50.492798379414026,4.330534375475888,41.7,3.0,1.0624470989881962
06017,California,El Dorado County,192323.0,26.151838313670233,50.524898218101846,4.096233939778394,46.8,2.0,1.039917222589082
06089,California,Shasta County,181648.0,24.10100854399718,51.10488417158461,5.037214833083766,42.4,4.0,2.202061129216947
06045,California,Mendocino County,88122.0,26.43267288531808,50.38923310864484,4.619731735548444,45.0,3.0,3.404371212637026
06061,California,Placer County,442081.0,22.199099260090346,51.334257749145515,4.839837043437742,42.7,3.0,0.6786086712616013
06109,California,Tuolumne County,53160.0,30.53423626787058,49.129044394281415,4.181715575620768,48.1,1.0,1.8811136192626035
06015,California,Del Norte County,26410.0,22.169632714880727,46.89511548655812,4.97538811056418,41.4,1.0,3.786444528587656
06047,California,Merced County,297260.0,13.072058130929154,49.99764515911996,6.452936822983248,32.9,2.0,0.672811680010765
06101,California,Sutter County,98787.0,17.80801117555954,50.23231801755291,6.283215402836406,37.4,1.0,1.0122789435856945
06011,California,Colusa County,21836.0,17.04982597545338,49.40465286682543,6.205348965011907,36.3,1.0,4.5795933321121085
06039,California,Madera County,167927.0,15.445401871051113,50.02888159736075,6.663609782822298,35.0,3.0,1.786490558397399
06063,California,Plumas County,18583.0,33.93424097293225,50.30404132809557,3.546251950707636,52.6,3.0,16.143787332508207
06027,California,Inyo County,18158.0,26.434629364467455,49.17942504681132,4.2846128428240995,44.9,2.0,11.01442890186144
06051,California,Mono County,12505.0,20.19192323070772,46.7093162734906,4.190323870451819,41.4,1.0,7.996801279488205
06043,California,Mariposa County,16918.0,31.108878117980847,48.770540252984986,4.409504669582693,49.2,1.0,5.910864168341412
06021,California,Glenn County,28141.0,18.81240894069152,50.01243736896343,5.913080558615543,38.0,1.0,3.5535339895526104
06049,California,Modoc County,8426.0,30.14478993591265,51.23427486351768,4.735342985995727,48.6,2.0,23.736055067647758
06105,California,Trinity County,15720.0,30.05089058524173,44.74554707379135,3.16793893129771,49.8,1.0,6.361323155216285
06093,California,Siskiyou County,42013.0,30.204936567252993,50.42724870873301,4.334372694166092,48.0,2.0,4.760431295075334
06033,California,Lake County,67772.0,25.087056601546358,50.01327982057487,4.947470931948297,44.1,2.0,2.951071238859706
06035,California,Lassen County,28117.0,19.372621545684105,40.683572216097026,4.861827364228047,38.7,1.0,3.5565672013372693
06009,California,Calaveras County,46605.0,30.749919536530417,50.1255230125523,4.265636734255981,50.2,1.0,2.14569252226156
08123,Colorado,Weld County,378426.0,13.860569833996609,49.72702721271794,6.771469190806129,35.3,3.0,0.7927573686797419
08013,Colorado,Boulder County,328560.0,18.8190893596299,49.86029948867787,3.6696493791088387,38.8,6.0,1.8261504747991233
08001,Colorado,Adams County,554668.0,12.545883303165137,49.51394347609741,6.117172795257704,35.2,6.0,1.0817281689226708
08085,Colorado,Montrose County,44591.0,27.480881792289924,50.079612477854276,4.462783969859388,46.0,1.0,2.2426050099795924
08003,Colorado,Alamosa County,16688.0,17.80920421860019,50.92281879194631,5.614813039309683,34.4,1.0,5.992329817833173
08059,Colorado,Jefferson County,580451.0,19.880403341539594,50.06072864031589,4.512870164751202,40.8,4.0,0.6891193227335296
08069,Colorado,Larimer County,377292.0,19.771953818262777,50.714830953213955,4.076418264898275,38.3,5.0,1.3252335061437825
08031,Colorado,Denver County,740613.0,12.793996324666187,49.87679125265152,5.614673250402031,35.0,7.0,0.9451629933582045
08101,Colorado,Pueblo County,169277.0,21.82930935685297,50.540829527933504,5.183811149772267,41.1,3.0,1.7722431281272706
08067,Colorado,La Plata County,56898.0,23.763576927132764,49.60104045836409,3.949172202889381,43.8,2.0,3.5150620408450206
08041,Colorado,El Paso County,757040.0,15.775784634893796,49.7451917996407,5.983567578991863,35.7,8.0,1.0567473317129874
08077,Colorado,Mesa County,162845.0,23.538948079462067,50.58982467991034,4.589026374773558,42.1,4.0,2.456323497804661
08005,Colorado,Arapahoe County,673820.0,15.578047549790746,50.39728710931703,5.866551898133032,37.4,4.0,0.5936303463833071
08087,Colorado,Morgan County,30306.0,17.775358014914538,49.148683429023954,6.98871510591962,36.3,2.0,6.599353263380188
08107,Colorado,Routt County,25329.0,20.285048758340242,48.41091239290931,3.9440957005803625,43.2,1.0,3.948043744324687
08029,Colorado,Delta County,32178.0,29.849586674125177,50.357387034619926,4.667785443470694,48.4,1.0,3.107713344521101
08045,Colorado,Garfield County,63474.0,16.282257302202478,49.190219617481176,5.907930806314397,38.2,2.0,3.150896430034345
08075,Colorado,Logan County,20654.0,21.37600464801007,43.89464510506439,4.372034472741357,40.4,1.0,4.841677156967173
08037,Colorado,Eagle County,54291.0,15.591902893665615,47.79429371350684,4.437199535834669,40.4,1.0,1.8419259177395886
08014,Colorado,Broomfield County,79174.0,17.13062368959507,49.93179579154773,4.171824083663829,38.7,1.0,1.2630408972642535
08035,Colorado,Douglas County,399396.0,15.916033210147324,50.171759356628506,5.342066520445873,40.0,5.0,1.2518903544351971
08117,Colorado,Summit County,31517.0,15.759748707046992,45.74356696386077,4.127930957895739,39.5,1.0,3.172890820826855
08061,Colorado,Kiowa County,1412.0,26.770538243626063,49.22096317280453,6.373937677053824,42.8,1.0,70.8215297450425
08105,Colorado,Rio Grande County,11087.0,26.138721024623436,50.37431225759899,5.041941011996032,44.7,1.0,9.019572472264814
08095,Colorado,Phillips County,4420.0,22.104072398190045,50.61085972850678,6.719457013574661,40.2,2.0,45.248868778280546
08073,Colorado,Lincoln County,5645.0,19.096545615589015,41.45261293179805,4.995571302037201,39.6,1.0,17.71479185119575
08103,Colorado,Rio Blanco County,6683.0,22.11581625018704,49.91770163100404,4.070028430345653,40.7,2.0,29.92667963489451
08021,Colorado,Conejos County,7529.0,23.203612697569397,50.00664098817904,6.853499800770354,40.6,1.0,13.281976358082083
08125,Colorado,Yuma County,9896.0,19.684721099434118,49.86863379143088,7.3565076798706555,37.5,2.0,20.21018593371059
08115,Colorado,Sedgwick County,2247.0,31.241655540720963,50.82331998219849,3.9608366711170446,48.7,1.0,44.50378282153983
08009,Colorado,Baca County,3347.0,26.4117119808784,50.49297878697341,5.288317896623843,44.2,1.0,29.877502240812667
08063,Colorado,Kit Carson County,7069.0,21.092092233696423,49.89390295657095,5.955580704484369,40.3,1.0,14.146272457207527
08081,Colorado,Moffat County,13122.0,19.486358786770307,48.37677183356195,5.464106081390032,40.0,1.0,7.620789513793629
08055,Colorado,Huerfano County,7011.0,36.02909713307659,49.80744544287548,3.1807160176864926,56.4,1.0,14.26330052774212
08049,Colorado,Grand County,16496.0,21.811348205625606,47.22356935014549,3.885790494665373,44.5,1.0,6.062075654704171
08065,Colorado,Lake County,7552.0,14.698093220338984,47.07362288135593,5.826271186440677,36.8,1.0,13.241525423728813
08051,Colorado,Gunnison County,17439.0,16.577785423476115,46.35586902918745,3.8018234990538446,37.9,1.0,5.734273754229027
08071,Colorado,Las Animas County,14391.0,29.038982697519284,48.12035299840178,4.322145785560419,48.0,1.0,6.9487874365923155
08015,Colorado,Chaffee County,20831.0,27.99673563439105,48.28380778647208,3.898036580096971,47.9,1.0,4.800537660217945
08099,Colorado,Prowers County,11884.0,19.46314372265231,50.97610232245036,6.664422753281723,37.4,1.0,8.41467519353753
08097,Colorado,Pitkin County,16625.0,22.30375939849624,48.78195488721804,3.7714285714285714,44.1,1.0,6.015037593984962
08119,Colorado,Teller County,24756.0,28.675876555178544,49.11940539667151,3.6072063338180644,52.0,1.0,4.039424785910486
08083,Colorado,Montezuma County,26678.0,26.321313441787243,50.907114476347544,4.60304370642477,44.8,1.0,3.7484069270560014
08007,Colorado,Archuleta County,14306.0,31.462323500629108,50.08388088913742,3.9493918635537537,51.5,1.0,6.990074094785405
08089,Colorado,Otero County,17683.0,23.678108918169993,50.72103149918,5.474184244754849,41.9,1.0,5.655149013176498
08017,Colorado,Cheyenne County,1713.0,24.40163455925277,49.97081144191477,4.9620548744892,43.5,1.0,58.37711617046118
08043,Colorado,Fremont County,50039.0,25.602030416275305,42.20108315513899,3.6331661304182736,45.5,1.0,1.9984412158516358
10003,Delaware,New Castle County,588026.0,18.848656351930014,51.910799862591105,5.2528289565427375,39.7,7.0,1.1904235527000508
10001,Delaware,Kent County,194786.0,20.329489799061534,52.39801628453791,5.665704927458852,39.1,2.0,1.0267678375242573
10005,Delaware,Sussex County,277140.0,32.794616439344736,51.99032979721441,4.507829977628636,53.2,4.0,1.4433138485963772
12031,Florida,Duval County,1062963.0,17.260337377688593,51.763137569228654,5.9915537982037,38.0,10.0,0.9407665177433269
12099,Florida,Palm Beach County,1575726.0,26.065508851158132,51.833694436723135,4.87692657225939,45.3,15.0,0.9519421523792841
12095,Florida,Orange County,1528002.0,14.276486549101374,51.39607147111064,5.4181866254101765,37.2,9.0,0.589004464653842
12086,Florida,Miami-Dade County,2802029.0,18.33699793970726,51.56003024950848,5.259260343129925,41.2,20.0,0.7137684870499199
12071,Florida,Lee County,875607.0,29.195175461137246,51.17181566616074,4.583334760914429,48.0,5.0,0.571032438068677
12127,Florida,Volusia County,606573.0,27.340155265730587,51.44013993369306,4.255382287045418,47.2,6.0,0.9891637115400785
12021,Florida,Collier County,417131.0,34.790749189103664,51.45170222304264,4.187413546343954,53.7,3.0,0.7191985251635576
12009,Florida,Brevard County,663982.0,26.543641243286714,51.09054161106778,4.2213493739288115,47.0,8.0,1.204851938757376
12017,Florida,Citrus County,171666.0,38.13568208031876,51.663113254808756,3.265061223538732,57.9,2.0,1.1650530681672548
12033,Florida,Escambia County,333834.0,20.32507174224315,50.66020836703272,5.4997393914340655,39.2,3.0,0.8986502273585075
12005,Florida,Bay County,204479.0,19.333525692124866,50.71963380102602,5.421583634505255,40.8,3.0,1.4671433252314419
12103,Florida,Pinellas County,948563.0,28.692980856305798,52.08025191790108,3.598179562137676,50.0,13.0,1.370494105294008
12081,Florida,Manatee County,468200.0,29.448739854762923,51.712516018795384,4.354976505766767,49.3,5.0,1.0679196924391285
12011,Florida,Broward County,2013317.0,19.524148457495766,51.471626177099786,5.189495742597912,42.2,18.0,0.8940469881295395
12085,Florida,Martin County,166272.0,33.602169938414164,50.60443129330254,3.9597767513471904,53.3,2.0,1.2028483448806773
12101,Florida,Pasco County,674516.0,22.4313433632412,51.553113640002614,4.816194130309733,43.2,8.0,1.186035616649568
12055,Florida,Highlands County,111122.0,36.421230719389506,51.38856392073576,4.0343046381454615,54.3,2.0,1.7998236172855058
12069,Florida,Lake County,456068.0,27.980915126691634,51.74228404536165,4.4988905163265125,47.2,5.0,1.096327740600086
12105,Florida,Polk County,874790.0,19.982052835537672,51.2877376284594,5.64672664296574,39.5,5.0,0.5715657472079013
12091,Florida,Okaloosa County,221810.0,18.182678869302556,49.853478202064835,5.825255849601009,38.3,4.0,1.8033452053559351
12083,Florida,Marion County,442660.0,29.734559255410474,52.03474449916414,4.437943342520219,48.5,3.0,0.6777210500158135
12057,Florida,Hillsborough County,1574115.0,16.520012832607527,51.08464121109322,5.4090711288565325,38.1,10.0,0.6352776004294476
12053,Florida,Hernando County,221701.0,27.29261482807926,51.850014208325625,4.265204036066594,47.1,3.0,1.3531738693104678
12015,Florida,Charlotte County,217212.0,40.873892786770526,51.16199841629376,2.759516048837081,60.1,2.0,0.9207594423880816
12115,Florida,Sarasota County,479958.0,38.764850257730885,52.285616658124255,3.201530133886715,57.8,5.0,1.0417578204759583
12109,Florida,St. Johns County,346328.0,22.477824490078767,51.422928553278965,4.359739899748216,44.3,2.0,0.5774872375320506
12061,Florida,Indian River County,172799.0,37.2843592844866,51.82032303427682,3.818309133733413,56.4,2.0,1.1574141054057026
12097,Florida,Osceola County,481718.0,14.478387770438307,51.37839981067762,5.748383909258114,37.7,4.0,0.8303613317335039
12001,Florida,Alachua County,290028.0,17.230750134469773,51.93360641041554,4.446812031941744,33.5,3.0,1.0343828871695147
12035,Florida,Flagler County,140360.0,33.33214591051581,52.12738671986321,3.427614705044172,54.2,2.0,1.4249073810202337
12113,Florida,Santa Rosa County,211115.0,18.783601354711887,49.284986855505295,4.923856665798262,41.1,3.0,1.4210264547758331
12003,Florida,Baker County,29737.0,17.16380267007432,48.242929683559204,6.2111174630931165,38.2,2.0,6.7256280055150155
12073,Florida,Leon County,299048.0,17.005296808539097,53.14531446456756,4.536061100559108,33.5,3.0,1.0031834354351141
12089,Florida,Nassau County,106879.0,26.74426220305205,51.37959748874896,4.466733408808091,47.6,1.0,0.9356374966083141
12063,Florida,Jackson County,49629.0,20.888996352938808,44.8689274416168,4.85603175562675,41.9,1.0,2.0149509359447095
12087,Florida,Monroe County,80406.0,27.23552968683929,48.286197547446704,4.017113150759894,50.5,3.0,3.731064845907022
12023,Florida,Columbia County,74094.0,22.881744810645937,49.167274003293116,5.163710961751288,43.0,2.0,2.699273895322158
12117,Florida,Seminole County,491884.0,18.333997446552438,51.9014645729481,4.73099348626912,40.2,2.0,0.406599930064812
12027,Florida,DeSoto County,37078.0,24.273153891795673,45.350342521171584,5.278062462916014,42.8,1.0,2.697017099088408
12019,Florida,Clay County,239593.0,18.82233621182589,51.21685525036207,5.15415725835062,40.7,2.0,0.8347489283910632
12107,Florida,Putnam County,77734.0,25.9873414464713,50.62649548460133,5.226799084055883,46.0,1.0,1.2864383667378496
12111,Florida,St. Lucie County,402449.0,24.939557558845966,51.370981167800146,5.025233010890821,44.8,3.0,0.7454360676756558
12093,Florida,Okeechobee County,42608.0,22.06158467893353,47.2399549380398,6.494085617724371,40.8,1.0,2.3469770935035674
12131,Florida,Walton County,93288.0,21.142054712288825,50.126490009433155,5.500171511877197,43.4,2.0,2.143898464968699
12039,Florida,Gadsden County,44298.0,22.630818547112735,51.18064020949027,5.6300510181046555,43.8,2.0,4.514876518127229
12045,Florida,Gulf County,15943.0,25.798155930502414,45.70657969014614,3.4811516025842066,49.7,1.0,6.272345229881452
12049,Florida,Hardee County,25932.0,17.65000771247879,46.035785901588774,6.690575350917785,37.1,1.0,3.856239395341663
12125,Florida,Union County,16250.0,17.083076923076923,36.356923076923074,4.947692307692308,41.5,1.0,6.153846153846153
12013,Florida,Calhoun County,13289.0,21.51403416359395,46.256302204831066,4.590262623222214,43.0,1.0,7.525020693806908
12037,Florida,Franklin County,13029.0,32.00552613400875,46.480927162483695,3.492209686084888,53.6,1.0,7.675186123263488
12059,Florida,Holmes County,20119.0,22.128336398429347,47.064963467369154,5.074804910780854,42.9,1.0,4.970425965505244
12133,Florida,Washington County,26695.0,20.63682337516389,46.61547106199663,5.150777299119685,42.9,1.0,3.7460198539052256
12051,Florida,Hendry County,48276.0,14.644958157262408,46.08915403098848,6.576766923523075,34.6,1.0,2.0714226530781343
12079,Florida,Madison County,18759.0,24.676155445386215,47.41190895037049,4.744389359773975,45.8,1.0,5.330774561543793
12123,Florida,Taylor County,21210.0,23.611504007543612,48.3969825553984,5.440829797265441,43.8,1.0,4.714757190004715
13313,Georgia,Whitfield County,106212.0,15.657364516250519,50.36624863480586,6.032275072496517,36.2,1.0,0.9415132000150641
13293,Georgia,Upson County,28500.0,20.8,52.25964912280702,5.922807017543859,41.8,1.0,3.508771929824561
13299,Georgia,Ware County,36906.0,19.49276540399935,49.57730450333279,6.294369479217471,38.7,1.0,2.709586517097491
13117,Georgia,Forsyth County,282805.0,14.045366948957763,50.72010749456339,4.8510457735895764,40.3,1.0,0.35360053747281694
13059,Georgia,Clarke County,129921.0,13.804542760600672,52.493438320209975,4.745961007073529,29.5,2.0,1.539397018187976
13095,Georgia,Dougherty County,82616.0,19.37518156289339,54.72305606662148,6.486636971046771,37.2,2.0,2.4208385784835866
13057,Georgia,Cherokee County,299273.0,18.118239867946656,50.88698278829029,5.176878635894317,40.7,1.0,0.33414307338116034
13089,Georgia,DeKalb County,774394.0,15.100581874343035,52.897749724300546,6.015413342562055,37.3,7.0,0.9039326234449131
13045,Georgia,Carroll County,131036.0,15.70637076833847,51.5270612656064,6.253243383497664,36.1,2.0,1.5262981165481242
13285,Georgia,Troup County,72844.0,17.76673439130196,52.04958541540827,6.445280325078249,37.9,1.0,1.3727966613585194
13217,Georgia,Newton County,125583.0,15.226583215881131,53.385410445681345,5.782629814544962,37.6,1.0,0.7962861215291879
13129,Georgia,Gordon County,61701.0,17.336834086967794,51.04293285360043,5.617413007892902,39.1,1.0,1.6207192752143402
13051,Georgia,Chatham County,311855.0,17.81084157701496,52.34099180708983,5.504481249298552,37.8,5.0,1.6033092302512384
13127,Georgia,Glynn County,87599.0,24.974029383897076,52.585075172091,5.183849130697839,44.3,2.0,2.283131085971301
13119,Georgia,Franklin County,25948.0,19.59688607985201,51.47217511946971,6.655618930168028,39.1,1.0,3.853861569292431
13245,Georgia,Richmond County,206559.0,17.48023567116417,52.13183642445984,6.30860916251531,35.8,6.0,2.9047390818119765
13139,Georgia,Hall County,226568.0,17.734631545496274,50.89862646093005,6.258606687616963,37.7,1.0,0.44136859574167575
13015,Georgia,Bartow County,120800.0,16.576158940397352,50.859271523178805,5.884933774834438,38.5,1.0,0.8278145695364238
13255,Georgia,Spalding County,70775.0,20.580713528788415,52.78276227481455,5.750618156128576,40.7,1.0,1.412928293889085
13257,Georgia,Stephens County,27854.0,23.285704028146764,51.93509011273066,5.77295900050262,42.5,1.0,3.590148632153371
13067,Georgia,Cobb County,793345.0,15.257422684960515,51.6103334614827,5.5763885825208455,38.0,3.0,0.378145699538032
13275,Georgia,Thomas County,46368.0,20.964889579020014,52.905020703933744,6.111973775017254,41.0,1.0,2.1566597653554176
13137,Georgia,Habersham County,50416.0,20.29117740399873,52.90979054268487,5.458584576324976,39.9,1.0,1.9834973024436686
13223,Georgia,Paulding County,190996.0,13.618086242643827,51.64191920249639,5.491738046870092,37.5,1.0,0.5235711742654297
13261,Georgia,Sumter County,28801.0,20.19027117113989,51.890559355577935,5.43383910280893,39.7,1.0,3.4721016631366965
13013,Georgia,Barrow County,99773.0,14.265382418089063,51.09699016768063,6.838523448227477,36.5,1.0,1.0022751646236958
13297,Georgia,Walton County,112696.0,17.56140413146873,51.69305033009157,6.010861077589267,39.6,2.0,1.7746858805991341
13213,Georgia,Murray County,41607.0,17.30718388732665,50.7582858653592,5.41495421443507,38.8,1.0,2.403441728555291
13291,Georgia,Union County,27859.0,36.8319035141247,50.78430668724649,3.1228687318281345,57.3,1.0,3.5895042894576257
13115,Georgia,Floyd County,101378.0,18.576022411174023,51.086034445343174,5.830653593481821,38.5,2.0,1.972814614610665
13215,Georgia,Muscogee County,202171.0,17.458488111549133,52.7103293746383,6.297639127273447,36.9,4.0,1.97852313140856
13153,Georgia,Houston County,178214.0,15.735576329581292,52.066055416521706,5.83568069848609,37.2,1.0,0.5611231440852009
13001,Georgia,Appling County,19100.0,20.397905759162306,49.50261780104712,5.476439790575916,40.2,1.0,5.2356020942408374
13017,Georgia,Ben Hill County,17099.0,21.27024972220598,52.78671267325574,5.953564535937774,41.5,1.0,5.848295221942804
13031,Georgia,Bulloch County,86949.0,13.733337933731269,51.37724413161738,5.071938722699514,30.5,1.0,1.150099483605332
13121,Georgia,Fulton County,1098791.0,13.920936738651847,51.95009788030662,5.464915529886939,36.8,8.0,0.7280729456284225
13303,Georgia,Washington County,19453.0,21.739577443067905,49.33429291111911,4.559708014188043,42.5,1.0,5.140595280933533
13135,Georgia,Gwinnett County,1018099.0,13.170526638372104,51.45619433866451,5.771049770208988,36.8,5.0,0.4911113752198951
13003,Georgia,Atkinson County,8454.0,15.862313697657912,49.66879583629051,7.700496806245565,37.1,1.0,11.828720132481665
13247,Georgia,Rockdale County,98416.0,17.141521703788,53.51162412615835,5.25930742968623,39.9,1.0,1.016094943911559
13091,Georgia,Dodge County,19663.0,20.831002390276154,47.3783247724152,4.643238569902863,43.1,1.0,5.085693942938514
13277,Georgia,Tift County,42254.0,18.0479954560515,52.30747384862971,6.832489231788706,37.3,1.0,2.366639844748426
13163,Georgia,Jefferson County,15011.0,22.39024715208847,51.202451535540604,5.4693224968356535,43.4,1.0,6.661781360335754
13075,Georgia,Cook County,18232.0,18.440105309346205,51.25603334795963,6.3624396665204035,38.1,1.0,5.484861781483107
13081,Georgia,Crisp County,19237.0,22.59188023080522,52.36783282216562,5.998856370535947,42.1,1.0,5.198315745698394
13071,Georgia,Colquitt County,47438.0,18.019309414393526,50.687212783000966,6.891099962055735,37.5,2.0,4.216029343564231
13021,Georgia,Bibb County,157556.0,18.766660742846987,53.22996267993603,6.326639417096143,38.0,3.0,1.9040848967985986
13107,Georgia,Emanuel County,23147.0,19.41936320041474,52.507884391065794,6.389596924007431,39.1,1.0,4.3202142826284184
13189,Georgia,McDuffie County,21640.0,22.273567467652494,53.04066543438077,5.448243992606285,42.9,1.0,4.621072088724584
13033,Georgia,Burke County,24408.0,21.730580137659782,52.11406096361848,5.05571943625041,43.1,1.0,4.097017371353655
13131,Georgia,Grady County,26590.0,21.21474238435502,52.04588191049267,5.89319292967281,41.6,1.0,3.7608123354644603
13185,Georgia,Lowndes County,122867.0,15.375975648465415,52.09454125192281,6.301936239999349,33.5,2.0,1.6277763760814539
13305,Georgia,Wayne County,32481.0,17.714971829685048,49.11486715310489,5.985037406483791,38.9,1.0,3.0787229457221144
13175,Georgia,Laurens County,51041.0,20.046629180462766,52.23251895534962,6.424247173840637,40.2,2.0,3.9184185262827924
13279,Georgia,Toombs County,27545.0,18.834634234888366,52.37611181702668,7.064803049555274,37.8,1.0,3.6304229442730076
13087,Georgia,Decatur County,29432.0,20.039412883935853,50.81204131557489,5.725061157923348,40.5,1.0,3.397662408263115
13109,Georgia,Evans County,11028.0,19.49582879941966,50.36271309394269,6.166122597025753,39.4,1.0,9.067827348567283
13039,Georgia,Camden County,60143.0,17.79259431687811,49.367341170211,6.132051942869494,35.9,1.0,1.6627038890643966
13009,Georgia,Baldwin County,44029.0,19.76878875286743,51.286651979377226,4.399373140430171,37.6,1.0,2.2712303254673056
13063,Georgia,Clayton County,297471.0,13.015050206574758,53.25325830080916,5.700723768031169,36.1,2.0,0.6723344460468416
13097,Georgia,Douglas County,154293.0,13.796478129273526,53.10739955798384,5.721581666050955,37.3,1.0,0.6481175425975255
13093,Georgia,Dooly County,11156.0,22.05091430620294,44.27214055216923,4.37432771602725,45.2,1.0,8.96378630333453
13151,Georgia,Henry County,264922.0,13.899562890209193,53.416477302753265,5.785099010274722,37.6,1.0,0.3774695948241369
13253,Georgia,Seminole County,9162.0,25.8895437677363,52.20475878629121,5.184457542021393,46.9,1.0,10.914647456887142
13113,Georgia,Fayette County,125156.0,22.65572565438333,51.891239732813446,4.091693566429097,44.5,1.0,0.7990028444501263
13227,Georgia,Pickens County,37167.0,26.75760755508919,50.53407592757016,4.509376597519305,48.4,1.0,2.6905588290687974
13077,Georgia,Coweta County,160240.0,17.42698452321518,51.7773339990015,5.500499251123315,40.2,2.0,1.2481278082875686
13019,Georgia,Berrien County,18932.0,18.788294950348615,50.69723219945067,6.280371857173041,39.5,1.0,5.282062117050496
13047,Georgia,Catoosa County,69628.0,20.784741770552078,51.690411903257306,4.597288447176423,42.3,1.0,1.4362038260469925
13187,Georgia,Lumpkin County,36178.0,20.576040687710766,51.01166454751507,4.403228481397535,37.1,1.0,2.7641107855602853
13235,Georgia,Pulaski County,10172.0,21.038143924498623,57.90405033425089,4.9646087298466375,42.2,1.0,9.830908375933936
13053,Georgia,Chattahoochee County,8465.0,6.61547548730065,39.3857058476078,9.49793266391022,24.3,1.0,11.813349084465447
13179,Georgia,Liberty County,70313.0,11.164365053404063,49.25262753687085,9.235845433988025,29.0,2.0,2.8444242174277874
13155,Georgia,Irwin County,9020.0,20.299334811529935,51.108647450110865,5.221729490022173,42.1,1.0,11.086474501108647
13023,Georgia,Bleckley County,12866.0,19.431058604072753,51.002642623970154,5.261930669982901,39.6,1.0,7.7724234416291
13159,Georgia,Jasper County,17632.0,19.192377495462797,50.75998185117967,5.575090744101634,40.6,1.0,5.671506352087114
13211,Georgia,Morgan County,22095.0,22.32631817153202,51.72663498529079,5.363204344874406,43.4,1.0,4.5259108395564605
13201,Georgia,Miller County,5812.0,23.365450791465932,52.63248451479697,4.783207157604955,45.5,1.0,17.205781142463866
13103,Georgia,Effingham County,74397.0,14.652472545935993,50.82731830584567,5.912872830893718,37.5,1.0,1.3441402207078244
13065,Georgia,Clinch County,6847.0,19.95034321600701,51.4677961150869,6.557616474368337,40.5,1.0,14.604936468526361
13225,Georgia,Peach County,29877.0,18.84057971014493,52.23416005623055,6.054824781604578,37.9,1.0,3.347056264015798
13165,Georgia,Jenkins County,8843.0,21.8817143503336,44.837724754042746,5.054845640619699,42.8,1.0,11.30837950921633
13251,Georgia,Screven County,14408.0,23.70210993892282,52.005830094392,5.941143808995003,42.9,1.0,6.940588561910051
13237,Georgia,Putnam County,23722.0,27.11828682235899,51.83374083129584,4.476856926060197,48.9,1.0,4.215496163898491
13099,Georgia,Early County,10455.0,22.639885222381636,52.77857484457198,5.872788139646103,43.2,1.0,9.564801530368245
13199,Georgia,Meriwether County,21516.0,23.838073991448226,51.80330916527236,4.87544153188325,45.4,1.0,4.647704034207101
13207,Georgia,Monroe County,32023.0,20.553976829154045,49.80795053555257,4.346875683102771,43.1,1.0,3.1227555194703807
13035,Georgia,Butts County,27218.0,17.646410463663752,46.49129252700419,5.33470497464913,39.3,1.0,3.67403923873907
13143,Georgia,Haralson County,33066.0,16.911631282888766,51.14014395451522,6.066654569648581,39.0,1.0,3.0242545212605094
13267,Georgia,Tattnall County,24376.0,16.376764030193634,43.608467344929444,5.636691828027568,37.6,1.0,4.102395799146701
13281,Georgia,Towns County,13285.0,41.211893112532934,53.19533308242379,3.108769288671434,60.0,1.0,7.527286413248024
13317,Georgia,Wilkes County,9540.0,26.341719077568133,52.21174004192872,4.790356394129979,48.2,1.0,10.482180293501047
13173,Georgia,Lanier County,10623.0,15.7676739150899,49.35517273839782,6.156452979384355,36.4,1.0,9.413536665725314
13005,Georgia,Bacon County,11070.0,18.43721770551039,51.12917795844625,6.4769647696476955,38.5,1.0,9.033423667570009
13321,Georgia,Worth County,20059.0,22.64818784585473,52.62475696694751,4.755969888827957,43.4,1.0,4.985293384515678
13133,Georgia,Greene County,21367.0,33.509617634670285,51.607619225909104,3.921935695230964,54.9,1.0,4.680114194786353
13233,Georgia,Polk County,45514.0,17.90218394340203,51.263347541415826,6.872610625302104,37.8,1.0,2.197126158984049
13205,Georgia,Mitchell County,20467.0,21.869350662041334,50.92099477207211,5.545512288073484,43.0,1.0,4.885913910196902
13027,Georgia,Brooks County,16101.0,25.352462579963976,52.37562884292901,4.558723060679461,45.9,1.0,6.210794360598721
13161,Georgia,Jeff Davis County,15219.0,16.965635061436362,50.8180563768973,5.631118995991852,37.8,1.0,6.570733950982325
13043,Georgia,Candler County,11275.0,19.902439024390244,51.36141906873615,6.057649667405765,39.4,1.0,8.869179600886918
13241,Georgia,Rabun County,17764.0,31.54131952263004,51.76199054267057,3.878630938977708,51.0,1.0,5.629362756136006
13105,Georgia,Elbert County,20072.0,23.096851335193307,52.83479473893982,5.315862893583101,43.1,1.0,4.982064567556796
13111,Georgia,Fannin County,26111.0,32.204817892842094,50.65681130558002,3.841292941672092,54.0,1.0,3.829803531078856
15003,Hawaii,Honolulu County,988703.0,21.686290018337154,50.103620601940115,5.201258618614488,40.9,11.0,1.1125686884736874
15009,Hawaii,Maui County,160592.0,23.010486201056093,50.67313440270998,5.175849357377702,44.0,4.0,2.490784098834313
15001,Hawaii,Hawaii County,210043.0,26.0170536509191,50.667244326161786,4.966125983727141,44.9,6.0,2.856557942897407
15007,Hawaii,Kauai County,73400.0,24.649863760217983,50.69346049046322,5.084468664850136,44.4,3.0,4.087193460490464
16083,Idaho,Twin Falls County,97539.0,17.936415177518736,50.71509857595423,6.076543741477767,36.9,1.0,1.0252309332677185
16069,Idaho,Nez Perce County,42905.0,22.90409043235054,50.595501689779745,4.994755855960844,42.1,1.0,2.3307306840694557
16001,Idaho,Ada County,546141.0,18.083974651234755,50.12661565419919,4.9807650405298265,39.1,7.0,1.2817202883504444
16027,Idaho,Canyon County,275123.0,15.680259374897773,50.239347491849095,6.732625044071197,35.2,3.0,1.0904213751667435
16019,Idaho,Bonneville County,135771.0,15.048869051564767,50.067392889497754,6.868182454279633,34.2,3.0,2.209602934352697
16065,Idaho,Madison County,55172.0,6.637424780685855,49.61393460450954,7.2156166171246285,22.5,1.0,1.8125135938519539
16005,Idaho,Bannock County,91591.0,16.901223919380726,50.40124029653569,5.8062473387123195,35.6,1.0,1.0918103307093492
16055,Idaho,Kootenai County,191864.0,22.439853229370804,50.4565734061627,5.437705874994788,41.9,2.0,1.0424050369011384
16011,Idaho,Bingham County,51153.0,16.769299943307335,50.13391198952163,6.595898578773483,35.8,3.0,5.864758665180928
16085,Idaho,Valley County,12831.0,29.600187046995558,48.624425220169904,3.6785909126334655,50.2,2.0,15.587249629802821
16021,Idaho,Boundary County,13997.0,26.048438951203828,49.682074730299355,5.944130885189684,44.9,1.0,7.144388083160678
16047,Idaho,Gooding County,16446.0,19.31168673233613,48.54675909035632,6.451416757874255,38.0,1.0,6.080505898090721
16071,Idaho,Oneida County,5085.0,21.081612586037366,50.30481809242872,7.315634218289086,39.1,1.0,19.66568338249754
16077,Idaho,Power County,8246.0,17.305360174630124,47.91414018918264,5.9180208585981084,35.6,1.0,12.12709192335678
16059,Idaho,Lemhi County,8474.0,32.77082841633231,49.162143025725754,4.059476044371017,51.8,1.0,11.80080245456691
16087,Idaho,Washington County,11583.0,26.478459811793144,50.703617370284036,4.731071397738065,46.1,1.0,8.6333419666753
16029,Idaho,Caribou County,7252.0,19.070601213458357,48.99338113623828,6.7429674572531715,37.8,1.0,13.78929950358522
16053,Idaho,Jerome County,26362.0,14.740914953341932,49.6130794325165,7.23769061527957,34.2,1.0,3.793338896897049
16039,Idaho,Elmore County,29465.0,16.59256745291023,47.5615136602749,6.716443237739692,34.5,1.0,3.393857118615306
16081,Idaho,Teton County,13254.0,16.138524219103665,48.136411649313416,5.10034706503697,40.9,1.0,7.544892108042855
16079,Idaho,Shoshone County,14130.0,25.902335456475583,49.47629157820241,5.201698513800425,45.6,1.0,7.077140835102619
16049,Idaho,Idaho County,17874.0,32.622804072955134,47.69497594271008,4.638021707508113,50.5,2.0,11.189437171310283
16007,Idaho,Bear Lake County,6727.0,24.037460978147763,50.11149100639215,5.30697190426639,41.6,1.0,14.86546751895347
16009,Idaho,Benewah County,10508.0,27.245907879710696,49.143509706889986,5.376855728968405,45.8,1.0,9.51655881233346
16045,Idaho,Gem County,21773.0,25.086115831534467,49.276627015110456,4.9281219859458965,45.0,1.0,4.592844348505029
16067,Idaho,Minidoka County,22911.0,17.78185151237397,49.54825193138667,6.678014927327484,35.5,1.0,4.364715638776134
16035,Idaho,Clearwater County,9118.0,31.070410177670542,45.152445711778896,3.8166264531695546,51.6,1.0,10.967317394165388
16041,Idaho,Franklin County,15889.0,16.03625149474479,49.059097488828755,7.149600352445088,34.6,1.0,6.293662282081944
16013,Idaho,Blaine County,25517.0,26.09240898224713,49.868714974330835,3.7543598385390133,46.5,1.0,3.9189559901242306
16023,Idaho,Butte County,2783.0,25.871361839741287,49.62270930650377,5.3539346029464605,45.0,1.0,35.932446999640675
16031,Idaho,Cassia County,26397.0,15.895745728681291,48.57370155699511,7.671326287078077,33.1,1.0,3.7883092775694207
16057,Idaho,Latah County,41842.0,16.657903541895703,49.35949524401319,5.317623440562114,31.6,1.0,2.3899431193537595
16017,Idaho,Bonner County,54420.0,28.270856302829845,49.830944505696436,4.566335905916942,48.1,1.0,1.8375597206909222
17057,Illinois,Fulton County,32901.0,23.689249566882463,47.75234795294976,4.5378559922190815,44.5,1.0,3.039421294185587
17119,Illinois,Madison County,263110.0,20.61913268214815,51.4035954543727,4.956102010565923,41.1,6.0,2.2804150355364676
17197,Illinois,Will County,712253.0,16.735907044266575,50.52516451317158,5.206576876475073,40.0,4.0,0.5615981961465939
17031,Illinois,Cook County,5194625.0,17.261862020838848,51.57288543446351,4.911095603628751,38.4,57.0,1.0972880621796568
17199,Illinois,Williamson County,67225.0,22.432130903681667,50.11379695053924,4.751208627742655,43.2,3.0,4.462625511342506
17103,Illinois,Lee County,32914.0,23.281886127483745,47.70006684085799,4.457069939843228,44.4,1.0,3.038220817889044
17099,Illinois,LaSalle County,107773.0,22.687500579922613,49.59034266467482,5.083833613242649,43.2,3.0,2.7836285526059403
17001,Illinois,Adams County,64267.0,22.84220517528436,50.89548290724634,5.586070611666952,42.1,1.0,1.5560085269267276
17089,Illinois,Kane County,525757.0,17.28802469581955,50.41302350705744,5.479337412530884,39.5,6.0,1.141211624381606
17049,Illinois,Effingham County,34519.0,21.70398910744807,49.82763115965121,6.045945711057678,41.4,1.0,2.8969552999797212
17121,Illinois,Marion County,36382.0,23.206530701995494,51.2093892584245,5.805068440437579,43.0,2.0,5.497223901929526
17195,Illinois,Whiteside County,54121.0,24.173610982797804,50.45176548844257,5.022080153729606,43.7,2.0,3.695423218344081
17081,Illinois,Jefferson County,36147.0,22.145682905911972,48.95841978587435,5.707250947519849,42.6,2.0,5.532962624837469
17183,Illinois,Vermilion County,71259.0,21.99862473512118,50.13121149609172,5.6666526333515765,41.6,3.0,4.209994527007114
17167,Illinois,Sangamon County,194170.0,21.40701447185456,52.00545913374878,5.22377298243807,42.0,3.0,1.545037853427409
17083,Illinois,Jersey County,21160.0,24.21550094517958,50.482041587901705,4.248582230623819,44.9,1.0,4.725897920604915
17095,Illinois,Knox County,47767.0,23.870035798773213,49.43789645571211,4.873657546004564,43.2,1.0,2.0934955094521324
17143,Illinois,Peoria County,178553.0,19.70563362138973,51.22904683763364,5.9427732942039615,38.7,2.0,1.1201155959295
17163,Illinois,St. Clair County,250708.0,19.530290218102333,51.75104105174147,4.98468337667725,40.5,3.0,1.1966111970898416
17097,Illinois,Lake County,719339.0,17.896707949937372,50.207065097262905,4.996531537981397,40.2,7.0,0.9731155964016965
17109,Illinois,McDonough County,25916.0,21.658434943664144,51.07269640376602,4.753820033955857,36.4,1.0,3.8586201574317025
17019,Illinois,Champaign County,209972.0,15.135351380184026,50.71390471110434,4.689672908768788,31.0,3.0,1.4287619301621168
17063,Illinois,Grundy County,54052.0,17.259305853622436,50.10175386664694,5.048841855990528,39.7,1.0,1.8500703026715015
17111,Illinois,McHenry County,317751.0,18.90725756960639,50.2956717681455,5.11847326995037,41.6,3.0,0.9441355023272939
17179,Illinois,Tazewell County,130049.0,21.691823851010003,50.60400310652139,4.937369760628687,42.5,2.0,1.5378818752931587
17043,Illinois,DuPage County,934298.0,19.446043981684642,50.95344311986112,5.368950805845672,41.0,7.0,0.74922562180375
17113,Illinois,McLean County,171419.0,16.771769757144774,51.19969198280238,4.885106085089751,35.5,2.0,1.16673180919268
17115,Illinois,Macon County,99300.0,22.69385699899295,52.46223564954683,5.640483383685801,41.8,2.0,2.014098690835851
17005,Illinois,Bond County,16959.0,20.643905890677516,44.825756235627104,4.068636122412879,40.4,1.0,5.896574090453447
17027,Illinois,Clinton County,37128.0,21.05688429217841,48.24929971988796,5.397543632837751,42.0,1.0,2.6933850463262226
17091,Illinois,Kankakee County,105525.0,20.268182895048568,50.88936271025823,5.4356787491115846,40.3,2.0,1.8952854773750296
17177,Illinois,Stephenson County,43220.0,26.036557149467836,51.34659879685331,5.275335492827395,45.3,1.0,2.3137436372049978
17105,Illinois,Livingston County,35057.0,22.66879653136321,48.15586045582908,5.25715263713381,42.2,1.0,2.8524973614399407
17077,Illinois,Jackson County,52501.0,18.74059541723015,50.277137578331846,4.969429153730405,33.0,2.0,3.8094512485476466
17029,Illinois,Coles County,46607.0,21.016156371360527,51.84199798313558,4.90269701976098,38.2,1.0,2.145600446284893
17165,Illinois,Saline County,22772.0,24.029509924468645,49.98682592657649,5.0061479009309675,44.0,2.0,8.782715615668366
17201,Illinois,Winnebago County,283674.0,19.916171379823318,51.180580525532825,5.733694311075389,40.0,3.0,1.0575519786797523
17161,Illinois,Rock Island County,141869.0,21.76303491248969,51.049207367360026,5.804650769371744,40.6,2.0,1.4097512493920448
17037,Illinois,DeKalb County,101835.0,16.55324790101635,50.7585800559729,5.159326361270683,34.1,2.0,1.9639613099621938
17061,Illinois,Greene County,11313.0,23.327145761513304,50.11933174224343,4.923539291081057,44.1,1.0,8.839388314328648
17147,Illinois,Piatt County,16791.0,23.721041033887204,50.49133464355905,5.139658150199511,43.4,1.0,5.955571437079388
17085,Illinois,Jo Daviess County,21594.0,31.494859683245345,50.12503473186997,4.126146151708808,51.3,1.0,4.630915995183848
17039,Illinois,De Witt County,15118.0,22.489747321074216,50.83344357719275,4.749305463685673,43.7,1.0,6.614631565021829
17131,Illinois,Mercer County,15229.0,23.888633528137106,50.11491233830192,4.760654015365421,44.9,1.0,6.566419331538512
17067,Illinois,Hancock County,16803.0,27.042789977980124,50.532642980420164,4.582515027078498,46.2,1.0,5.951318216985062
17117,Illinois,Macoupin County,43748.0,24.17253360153607,50.141720764377794,4.690500137149127,45.0,2.0,4.571637560574198
17145,Illinois,Perry County,20160.0,22.59424603174603,45.75892857142857,4.424603174603175,42.6,2.0,9.920634920634921
17189,Illinois,Washington County,13564.0,24.705101739899735,50.05160719551755,4.8215865526393396,45.1,1.0,7.372456502506635
17203,Illinois,Woodford County,38111.0,22.122221930676183,49.92784235522553,5.4026396578415685,42.3,1.0,2.6239143554354385
17191,Illinois,Wayne County,15882.0,23.051252990807203,50.08185367082232,5.521974562397683,42.6,1.0,6.29643621710112
17141,Illinois,Ogle County,51399.0,21.504309422362304,50.2480593007646,5.278312807642172,42.4,1.0,1.9455631432518141
17125,Illinois,Mason County,12411.0,25.074530658287003,50.72919184594311,4.624929498025945,46.2,1.0,8.057368463459834
17149,Illinois,Pike County,14231.0,23.28718993746047,49.91919049961352,5.417749982432717,42.1,1.0,7.0269130770852355
17053,Illinois,Ford County,13216.0,22.661924939467312,50.28753026634383,5.478208232445521,42.1,1.0,7.566585956416465
17187,Illinois,Warren County,16222.0,22.39551226729133,49.8890395758846,5.720626309949452,41.0,1.0,6.164468006411046
17073,Illinois,Henry County,48095.0,24.060713171847386,50.281734067990435,4.925667948851232,44.0,2.0,4.1584364279031085
17045,Illinois,Edgar County,16323.0,25.638669362249587,51.14255957850885,5.121607547632175,45.6,1.0,6.126324817741836
17055,Illinois,Franklin County,36916.0,23.336764546538085,50.6826308375772,5.433958175316936,43.9,1.0,2.708852530068263
17107,Illinois,Logan County,27182.0,21.80487087042896,51.824736958281214,4.690604076226915,41.9,1.0,3.6789051578250316
17127,Illinois,Massac County,13502.0,24.151977484817063,51.94785957635906,4.154940008887572,45.5,1.0,7.406310176270182
17065,Illinois,Hamilton County,7859.0,23.69258175340374,49.72642829876575,4.898842091869195,43.2,1.0,12.724265173686218
17185,Illinois,Wabash County,10907.0,24.3421655817365,49.21609975245255,4.4283487668469785,43.4,1.0,9.168423947923353
17069,Illinois,Hardin County,3588.0,31.215161649944257,50.641025641025635,5.016722408026756,50.6,1.0,27.870680044593087
17135,Illinois,Montgomery County,28076.0,23.429263427838723,47.129220686707505,4.633850975922496,43.6,2.0,7.123521869212138
17169,Illinois,Schuyler County,6657.0,28.586450353011866,46.02673877121827,4.251164188072706,49.7,1.0,15.021781583295779
17011,Illinois,Bureau County,32510.0,24.89695478314365,50.93817286988619,5.053829590895109,45.1,1.0,3.0759766225776684
17157,Illinois,Randolph County,29921.0,22.465826676915878,46.06797901139667,4.822699776077003,43.4,3.0,10.02640286086695
17021,Illinois,Christian County,33443.0,22.99135843076279,46.4043297551057,4.775289298208893,43.9,2.0,5.980324731632928
17181,Illinois,Union County,16656.0,24.393611911623438,49.3335734870317,4.767050912584054,44.8,2.0,12.007684918347742
17033,Illinois,Crawford County,18648.0,22.46889746889747,47.313384813384815,5.271342771342772,42.8,1.0,5.362505362505362
17101,Illinois,Lawrence County,13790.0,21.501087744742566,46.37418419144307,4.394488759970994,42.8,1.0,7.25163161711385
17051,Illinois,Fayette County,20790.0,20.59163059163059,45.24290524290524,5.209235209235209,41.2,1.0,4.81000481000481
17025,Illinois,Clay County,12793.0,23.536308918940048,50.504181974517316,5.714062377862894,43.1,1.0,7.81677479871805
17137,Illinois,Morgan County,32515.0,22.897124404121175,49.74011994464094,4.733200061510072,42.3,1.0,3.075503613716746
17075,Illinois,Iroquois County,26150.0,24.883365200764818,50.4282982791587,4.887189292543021,44.6,1.0,3.8240917782026767
17173,Illinois,Shelby County,20576.0,25.30618195956454,50.23814152410575,5.005832037325039,45.5,1.0,4.8600311041990665
17159,Illinois,Richland County,15219.0,23.214403048820554,51.17944674420133,4.9543333990406735,43.6,1.0,6.570733950982325
18081,Indiana,Johnson County,174262.0,17.22808185376043,50.71271992746554,5.825136862884622,38.1,3.0,1.721545718515798
18089,Indiana,Lake County,504612.0,19.241714426133345,51.686444238345494,5.384136722868263,40.4,11.0,2.179892670011811
18063,Indiana,Hendricks County,193510.0,16.921606118546844,50.152446901968894,5.331507415637435,39.3,3.0,1.5503074776497339
18091,Indiana,LaPorte County,111294.0,21.143098459934947,48.17061117400758,4.963430193900839,42.0,2.0,1.7970420687548296
18067,Indiana,Howard County,83904.0,21.639016018306638,51.43020594965675,5.472921434019832,41.0,2.0,2.383676582761251
18019,Indiana,Clark County,130451.0,18.206836283355436,51.541958283186794,5.646564610466765,39.5,3.0,2.299714068884102
18053,Indiana,Grant County,66524.0,21.105165053213877,51.754254103782095,5.271781612651074,39.4,3.0,4.509650652396128
18141,Indiana,St. Joseph County,272861.0,18.105555575915943,51.360949347836446,5.798923261294212,37.1,4.0,1.4659478635642322
18003,Indiana,Allen County,402329.0,17.001508715503977,50.85216327930624,6.481262847072918,36.6,8.0,1.9884224105147776
18039,Indiana,Elkhart County,208774.0,16.648624828762202,50.3688198722063,6.8696293599777745,36.5,3.0,1.4369605410635424
18107,Indiana,Montgomery County,38954.0,20.092930122708836,49.383888689223184,6.007085280073934,40.1,1.0,2.567130461570057
18167,Indiana,Vigo County,106512.0,18.716200991437585,49.95869010064594,5.241662911221271,37.2,4.0,3.7554453958239447
18097,Indiana,Marion County,992196.0,14.539365206068155,51.685050131224074,7.045583735471621,35.0,15.0,1.5117980721550985
18065,Indiana,Henry County,49137.0,21.76567556016851,48.09003398660887,4.701141705842848,43.1,1.0,2.0351262795856484
18127,Indiana,Porter County,176049.0,20.6629972337247,50.71315372424723,4.680515083868696,42.1,2.0,1.1360473504535669
18059,Indiana,Hancock County,90969.0,18.716265980718706,50.95252228781233,5.609603271444119,40.3,1.0,1.099275577394497
18083,Indiana,Knox County,35652.0,20.831930887467745,49.45585100415124,5.461124200605857,40.0,1.0,2.8048917311791763
18043,Indiana,Floyd County,82153.0,19.44785948169878,51.39191508526773,4.881136416199043,40.7,2.0,2.434482003091792
18033,Indiana,DeKalb County,44535.0,19.544178735825753,50.185247558100365,6.049174806332099,39.9,2.0,4.4908498933423155
18177,Indiana,Wayne County,66169.0,21.260711209176502,51.55888709214285,5.717178739288791,41.2,2.0,3.022563436050114
18105,Indiana,Monroe County,143345.0,16.194495796853744,50.662387945167254,3.5278523841082703,30.2,3.0,2.092852907321497
18109,Indiana,Morgan County,74967.0,21.05459735617005,50.0113383221951,5.3130043885976495,42.9,1.0,1.3339202582469618
18057,Indiana,Hamilton County,387036.0,16.026932895131203,51.13245279508883,5.5674407548651805,39.3,6.0,1.5502433882119495
18027,Indiana,Daviess County,34209.0,17.284925019731652,49.577596538922506,8.26683036627788,34.9,1.0,2.923207343096846
18071,Indiana,Jackson County,47370.0,18.39560903525438,49.062697910069666,7.388642600802195,38.9,1.0,2.111040743086342
18077,Indiana,Jefferson County,33279.0,21.15448180534271,52.01778899606359,5.213498001742841,41.4,2.0,6.009795967426906
18017,Indiana,Cass County,37836.0,19.994185431863833,49.783275187651974,6.454170631144941,39.9,2.0,5.28597103287874
18179,Indiana,Wells County,28883.0,21.68403559187065,50.01211785479348,5.927362116123672,40.9,1.0,3.4622442267077522
18099,Indiana,Marshall County,46599.0,20.590570613103285,50.06545204832722,6.028026352496835,40.5,4.0,8.58387519045473
18163,Indiana,Vanderburgh County,181995.0,19.71977252122311,51.48548037033984,5.9666474353691035,38.7,3.0,1.6483969339817026
18029,Indiana,Dearborn County,51609.0,21.447809490592725,50.12497820147649,5.239396229339844,43.5,2.0,3.8752930690383462
18095,Indiana,Madison County,135088.0,20.02768565675708,49.85713016700225,5.479391211654625,40.9,3.0,2.2207746061826366
18035,Indiana,Delaware County,113106.0,19.270418899085815,52.15903665588032,4.7840079217724965,35.7,1.0,0.8841263947093876
18069,Indiana,Huntington County,37224.0,21.467332903503117,50.60982162045992,5.372877713303245,41.3,1.0,2.6864388566516224
18145,Indiana,Shelby County,45882.0,20.666056405562095,50.272437993112774,5.400810775467503,41.9,1.0,2.17950394490214
18183,Indiana,Whitley County,35046.0,21.96827027335502,50.12269588540775,5.635450550704788,42.0,1.0,2.8533926839011583
18149,Indiana,Starke County,23425.0,22.744930629669156,49.797225186766276,5.289220917822838,43.7,1.0,4.268943436499467
18011,Indiana,Boone County,80689.0,17.020907434718488,50.456691742368854,5.845902167581703,39.2,1.0,1.2393263022221122
18157,Indiana,Tippecanoe County,190456.0,13.957554500777084,49.096904271852814,4.9213466627462505,29.7,4.0,2.1002226235981016
18005,Indiana,Bartholomew County,85729.0,18.466329946692483,50.067071819337684,5.86382670974816,38.3,1.0,1.1664664232640063
18037,Indiana,Dubois County,44016.0,21.442202835332605,50.281715739731005,5.920574336604871,41.6,2.0,4.543802253725918
18085,Indiana,Kosciusko County,80892.0,20.333283884685756,50.033377837116156,5.672996093556841,40.0,2.0,2.472432378974435
18113,Indiana,Noble County,47937.0,19.26069633060058,49.761144835930494,6.496026034169848,39.3,1.0,2.0860713019170998
18173,Indiana,Warrick County,66803.0,20.958639582054698,50.961783153451194,5.23778872206338,42.0,3.0,4.490816280705957
18135,Indiana,Randolph County,24438.0,22.71053277682298,49.938620181684264,6.015222194942303,43.0,1.0,4.091987887715852
18079,Indiana,Jennings County,27622.0,18.774889580768953,49.70313518210122,5.828687278256462,40.4,1.0,3.6203026573021506
18139,Indiana,Rush County,16767.0,20.80873143675076,50.45625335480408,5.761316872427984,41.9,1.0,5.964096141229796
18131,Indiana,Pulaski County,12463.0,23.71018213913183,49.71515686431838,5.560458958517211,44.0,1.0,8.023750300890637
18117,Indiana,Orange County,19834.0,22.86477765453262,50.14621357265302,5.64182716547343,42.8,1.0,5.041847332862761
18171,Indiana,Warren County,8474.0,23.341987255133347,49.162143025725754,4.767524191645032,45.0,1.0,11.80080245456691
18021,Indiana,Clay County,26410.0,21.802347595607724,50.47709201060204,5.293449450965544,42.5,1.0,3.786444528587656
18169,Indiana,Wabash County,30713.0,24.543352977566503,51.434246084719824,5.170448995539348,44.1,1.0,3.255950249080194
18159,Indiana,Tipton County,15319.0,23.656896664273123,50.3427116652523,5.405052549122005,44.3,1.0,6.527841242900972
18181,Indiana,White County,25164.0,23.319027181688128,50.17485296455253,6.326498171991735,43.3,1.0,3.973931012557622
18049,Indiana,Fulton County,20091.0,23.005325767756705,49.66402866955353,5.440246876710965,43.1,1.0,4.977353043651386
18175,Indiana,Washington County,28383.0,20.237466088856003,50.16735369763591,5.672409540922383,42.4,1.0,3.523235739703343
18151,Indiana,Steuben County,34799.0,23.44032874507888,49.07899652288859,4.888071496307365,43.8,1.0,2.87364579441938
18023,Indiana,Clinton County,33322.0,18.636336354360484,50.04801632555069,6.5332212952403825,38.1,1.0,3.0010203469179517
18055,Indiana,Greene County,31165.0,22.053585753248836,50.0754051018771,5.1885127546927645,43.3,1.0,3.2087277394513074
18103,Indiana,Miami County,34487.0,19.842259402093543,47.37147330878302,5.225157305651405,41.0,1.0,2.8996433438687044
18051,Indiana,Gibson County,33091.0,20.615877428908163,49.663050376235226,5.5483364056692155,40.7,1.0,3.021969719863407
18075,Indiana,Jay County,20118.0,20.290287304901085,49.12516154687345,7.137886469828015,39.6,1.0,4.970673029128144
18123,Indiana,Perry County,19389.0,21.512197637835886,45.453607715715094,4.378771468358347,42.5,1.0,5.157563566970963
18087,Indiana,LaGrange County,41305.0,15.78501392083283,49.41290400677884,8.768914175039342,31.9,1.0,2.42101440503571
18073,Indiana,Jasper County,33894.0,20.3782380362306,50.044255620463794,5.933203516846639,41.7,1.0,2.9503746975865934
18165,Indiana,Vermillion County,15488.0,22.255940082644628,50.26472107438017,5.262138429752066,43.8,1.0,6.456611570247934
18153,Indiana,Sullivan County,20831.0,20.637511401276942,44.72180884259037,5.304594114540829,42.1,1.0,4.800537660217945
18093,Indiana,Lawrence County,45568.0,22.05714536516854,50.13606039325843,5.400719803370786,43.3,1.0,2.1945224719101124
18047,Indiana,Franklin County,23286.0,22.305247788370693,50.27054882762174,4.9514729880614965,43.9,1.0,4.294425835265825
18001,Indiana,Adams County,36650.0,17.83901773533424,50.136425648021834,8.695770804911323,34.0,1.0,2.728512960436562
18061,Indiana,Harrison County,40437.0,21.623760417439474,49.820708756831614,5.044884635358706,43.2,1.0,2.4729826643915227
18031,Indiana,Decatur County,26576.0,20.2212522576761,50.30478627332931,6.10325105358218,40.8,1.0,3.7627934978928357
18133,Indiana,Putnam County,37876.0,19.365825324743902,47.20667441123666,4.910761432041398,40.0,1.0,2.640194318301827
18143,Indiana,Scott County,25053.0,18.253302997644994,51.02382948149922,5.596136191274498,40.7,1.0,3.991537939568116
19127,Iowa,Marshall County,39890.0,20.04512409125094,49.97493106041615,6.219603910754575,38.8,1.0,2.50689395838556
19139,Iowa,Muscatine County,41853.0,20.182543664731323,50.072874106993524,5.423745012304972,41.3,1.0,2.389314983394261
19187,Iowa,Webster County,36838.0,21.14935664259732,47.77403767848417,6.143113089744285,39.4,1.0,2.71458819697052
19155,Iowa,Pottawattamie County,92996.0,20.756806744376103,50.419372876252744,5.041077035571422,41.2,2.0,2.1506301346294467
19103,Iowa,Johnson County,160044.0,15.272675014371048,50.667316487965806,5.126090325160581,32.6,3.0,1.8744845167578916
19169,Iowa,Story County,101291.0,14.976651430038206,47.760413067301144,4.058603429722285,26.9,2.0,1.974509087678076
19099,Iowa,Jasper County,38153.0,21.654915734018296,48.11941393861557,5.527743558828925,42.3,1.0,2.621025869525332
19163,Iowa,Scott County,175259.0,19.715392647453196,50.81108530802984,5.407425581567852,40.2,3.0,1.711752320850855
19153,Iowa,Polk County,516546.0,15.879321493148723,50.61369171380671,6.178539762189621,36.9,5.0,0.9679680028496979
19013,Iowa,Black Hawk County,131532.0,19.327616093422133,51.262810570811666,5.926314509016818,36.7,3.0,2.280813794361828
19113,Iowa,Linn County,232028.0,18.977020014825797,50.9654007274984,5.641991483786439,39.4,2.0,0.8619649352664333
19057,Iowa,Des Moines County,38077.0,23.707224833889224,50.731412663812804,5.307666045119101,43.1,1.0,2.6262573206922815
19033,Iowa,Cerro Gordo County,42372.0,26.73699612951949,51.01482110827905,4.849900877938261,45.3,1.0,2.360049089021052
19061,Iowa,Dubuque County,99381.0,21.467886215675026,50.45833710669041,5.618780249745927,40.0,3.0,3.0186856642617808
19045,Iowa,Clinton County,46002.0,22.599017434024606,50.58040954741099,5.671492543802444,42.7,2.0,4.347637059258293
19179,Iowa,Wapello County,35210.0,19.764271513774496,49.27577392786141,6.143141153081511,39.5,1.0,2.840102243680773
19041,Iowa,Clay County,16202.0,24.935193186026417,50.870262930502406,5.067275644982101,43.6,1.0,6.172077521293668
19059,Iowa,Dickinson County,18077.0,30.591359185705592,50.5559550810422,4.475300105105936,49.5,1.0,5.531891353653815
19193,Iowa,Woodbury County,106649.0,16.880608350758095,49.873885362263124,6.531706813941058,36.3,2.0,1.8753105983178462
19157,Iowa,Poweshiek County,18368.0,24.161585365853657,51.35017421602788,4.6276132404181185,41.6,1.0,5.444250871080139
19197,Iowa,Wright County,12801.0,22.591985001171782,49.800796812749006,7.03851261620186,39.6,2.0,15.623779392234981
19075,Iowa,Grundy County,12361.0,23.3152657551978,50.67551168999272,5.776231696464687,42.4,1.0,8.08996035919424
19003,Iowa,Adams County,3617.0,26.26486038153166,50.53912081835775,5.557091512303013,45.9,1.0,27.647221454243848
19151,Iowa,Pocahontas County,6819.0,26.55814635577064,50.25663587036222,5.470010265434815,44.2,1.0,14.664906877841325
19105,Iowa,Jones County,21253.0,22.773255540394295,46.65694254928716,4.921658118853809,44.0,1.0,4.705218086858325
19081,Iowa,Hancock County,10528.0,26.99468085106383,49.2686170212766,5.613601823708207,45.1,1.0,9.498480243161094
19069,Iowa,Franklin County,9868.0,22.87190920145926,49.89866234292663,6.242399675719498,42.0,1.0,10.133765707336845
19085,Iowa,Harrison County,14623.0,23.387813718115297,49.6136223757095,5.758052383231895,43.3,1.0,6.8385420228407305
19001,Iowa,Adair County,7403.0,25.17898149398892,49.77711738484398,5.7679319194920975,43.7,1.0,13.508037282182897
19167,Iowa,Sioux County,36774.0,17.781584815358677,49.14613585685539,6.841790395388046,33.7,4.0,10.877250231141566
19043,Iowa,Clayton County,16845.0,27.646185811813595,49.95547640249332,5.544672009498367,46.3,2.0,11.872959335114277
19077,Iowa,Guthrie County,10782.0,26.905954368391765,50.32461509923948,4.850677054349842,46.4,1.0,9.274717121127805
19107,Iowa,Keokuk County,9797.0,23.762376237623762,49.65805858936409,5.1444319689700935,43.4,1.0,10.207206287639073
19065,Iowa,Fayette County,19047.0,25.447577046254004,49.46710768099963,5.454927285136766,44.3,2.0,10.500341261090986
19095,Iowa,Iowa County,16504.0,23.39432864760058,49.654629180804655,5.73194377120698,43.7,1.0,6.05913717886573
19005,Iowa,Allamakee County,14238.0,25.424919230228966,49.164208456243855,6.545863183031325,43.5,1.0,7.023458350891979
19017,Iowa,Bremer County,25296.0,22.082542694497153,50.54949399114484,5.103573687539532,40.4,2.0,7.906388361796331
19119,Iowa,Lyon County,12354.0,19.532135340780314,48.939614699692406,6.532297231665857,37.4,1.0,8.094544277157196
19049,Iowa,Dallas County,118457.0,14.504841419249178,50.72220299349131,6.344918409211782,36.7,1.0,0.844188186430519
19131,Iowa,Mitchell County,10650.0,24.788732394366196,50.36619718309859,5.887323943661972,43.2,1.0,9.389671361502348
19071,Iowa,Fremont County,6522.0,25.22232444035572,49.98466727997547,4.937135847899418,45.5,1.0,15.332720024532353
19073,Iowa,Greene County,8658.0,26.645876645876648,50.69300069300069,5.116655116655116,45.2,1.0,11.550011550011549
19121,Iowa,Madison County,17270.0,20.272148233931674,50.318471337579616,5.298204979733642,42.2,1.0,5.790387955993052
19051,Iowa,Davis County,9230.0,19.588299024918744,48.949079089924155,8.494041170097507,36.1,1.0,10.834236186348862
19089,Iowa,Howard County,9415.0,23.66436537440255,49.0493892724376,5.969198088157196,42.3,1.0,10.621348911311737
19097,Iowa,Jackson County,19288.0,25.191829116549147,50.191829116549144,5.443799253421817,45.3,1.0,5.184570717544587
19009,Iowa,Audubon County,5509.0,27.08295516427664,49.73679433654021,5.953893628607733,45.9,1.0,18.152114721365038
19037,Iowa,Chickasaw County,11663.0,24.88210580468147,49.36122781445597,6.036182800308668,43.6,1.0,8.574123295892996
19027,Iowa,Carroll County,20303.0,23.858543072452346,50.0812687780131,5.58045609023297,42.6,2.0,9.850760971285032
19091,Iowa,Humboldt County,9409.0,24.774152407269636,50.409182697417364,5.409714103517908,42.7,1.0,10.628122010840684
19019,Iowa,Buchanan County,20883.0,20.82555188430781,50.15562898051046,6.727960542067711,40.4,2.0,9.57716803141311
19177,Iowa,Van Buren County,7131.0,25.802832702285794,49.109521806198295,6.408638339643809,44.0,1.0,14.023278642546627
19053,Iowa,Decatur County,7655.0,22.691051600261268,50.50293925538863,5.708687132593076,37.6,1.0,13.063357282821686
19117,Iowa,Lucas County,8847.0,23.488188086356956,49.42918503447496,6.612410986775178,42.0,1.0,11.303266644060134
19135,Iowa,Monroe County,7406.0,22.846340804752906,50.243046178773966,5.657574939238455,43.0,1.0,13.502565487442613
19055,Iowa,Delaware County,17674.0,23.96740975444155,49.371958809550755,6.0031684960959595,43.9,1.0,5.658028742786014
19183,Iowa,Washington County,22667.0,22.645255216835046,51.11836590638374,6.357259452066881,41.1,1.0,4.411699827943707
19143,Iowa,Osceola County,5980.0,23.695652173913043,49.48160535117057,5.167224080267559,44.0,1.0,16.72240802675585
19067,Iowa,Floyd County,14901.0,23.97154553385679,50.39930206026442,5.64391651567009,43.4,1.0,6.710958996040534
19039,Iowa,Clarke County,9574.0,21.380823062460834,49.30018800919156,6.674326300396909,40.5,1.0,10.444955086693128
19011,Iowa,Benton County,26004.0,21.42362713428703,50.04230118443317,5.4337794185509924,42.8,1.0,3.8455622211967393
19025,Iowa,Calhoun County,9562.0,25.674545074252247,48.01296799832671,4.831625183016105,43.5,1.0,10.458063166701528
19063,Iowa,Emmet County,9107.0,25.540792796749752,49.061161743713626,5.67695179532228,43.1,1.0,10.980564401010213
19145,Iowa,Page County,14856.0,25.363489499192244,46.51992460958535,4.126278944534195,44.2,2.0,13.462574044157243
19109,Iowa,Kossuth County,14322.0,26.888702695154308,49.01550062840385,5.969836614997905,45.2,1.0,6.982265046781176
19093,Iowa,Ida County,6777.0,24.612660469234175,50.31724952043677,5.459642909842112,43.1,1.0,14.755791648221928
19125,Iowa,Marion County,34192.0,21.870613008890967,49.99122601778193,5.205896116050538,41.1,2.0,5.84932147870847
19087,Iowa,Henry County,19349.0,22.45594087549744,48.16269574655021,4.713421882267817,42.3,1.0,5.168225748100677
19147,Iowa,Palo Alto County,8899.0,25.407349140352846,49.679739296550174,6.585009551635015,42.5,1.0,11.23721766490617
19185,Iowa,Wayne County,6738.0,22.291481151677058,50.02968239833778,7.98456515286435,39.4,1.0,14.841199168892848
19133,Iowa,Monona County,8539.0,27.07576999648671,51.28235156341492,5.609556154116407,45.4,1.0,11.710973181871415
19079,Iowa,Hamilton County,14944.0,23.166488222698074,49.2906852248394,6.57789079229122,42.2,1.0,6.691648822269808
19035,Iowa,Cherokee County,11369.0,26.756970709824962,49.68774738323511,5.708505585363708,44.2,2.0,17.591696719148562
19137,Iowa,Montgomery County,10002.0,24.94501099780044,50.6498700259948,5.478904219156169,43.9,1.0,9.998000399920016
19101,Iowa,Jefferson County,15291.0,30.704335883853247,48.819567065594136,4.270485906742529,46.2,1.0,6.539794650447976
19175,Iowa,Union County,11829.0,22.377208555245584,50.224025699551945,5.021557189956885,41.4,1.0,8.4537999830924
19149,Iowa,Plymouth County,25697.0,21.305989025956336,49.78402148110674,5.985134451492392,41.2,1.0,3.8915048449235323
19047,Iowa,Crawford County,16237.0,20.53334975672846,48.84523003017799,6.743856623760546,38.0,1.0,6.158773172384061
19161,Iowa,Sac County,9525.0,26.603674540682416,50.06824146981628,6.036745406824147,45.4,1.0,10.498687664041995
19191,Iowa,Winneshiek County,19733.0,26.417675974256323,49.90624841635839,4.636902650382608,44.2,1.0,5.067653169817058
19015,Iowa,Boone County,26799.0,22.58293219896265,49.845143475502816,4.798686518153662,42.8,1.0,3.7314825180044036
19159,Iowa,Ringgold County,4642.0,28.371391641533823,50.0430848772081,5.407152089616544,45.0,1.0,21.542438604049977
19165,Iowa,Shelby County,11689.0,25.579604756608777,50.372144751475744,5.0817007442895035,44.5,1.0,8.555051758063136
19021,Iowa,Buena Vista County,20449.0,18.607266859015112,49.96821360457724,6.518656169005819,36.7,1.0,4.890214680424471
19029,Iowa,Cass County,12960.0,25.64043209876543,51.19598765432099,5.470679012345679,44.3,1.0,7.716049382716049
19007,Iowa,Appanoose County,12077.0,25.560983688001986,49.89649747453838,5.133725262896414,45.3,1.0,8.280202036929701
19123,Iowa,Mahaska County,21880.0,21.407678244972576,49.506398537477146,5.4753199268738575,40.2,1.0,4.570383912248629
19083,Iowa,Hardin County,16455.0,25.05621391674263,49.04892130051656,4.879975691279246,44.1,1.0,6.077180188392585
19141,Iowa,O'Brien County,14220.0,22.313642756680732,49.655414908579466,6.582278481012659,39.8,1.0,7.032348804500703
20037,Kansas,Crawford County,39008.0,17.301579163248565,49.80516817063167,5.862899917965546,34.4,2.0,5.127153404429861
20103,Kansas,Leavenworth County,84590.0,18.199550774323207,47.31528549473933,5.633053552429365,39.4,1.0,1.1821728336682824
20169,Kansas,Saline County,53377.0,21.228244374918038,50.851490342282254,5.444292485527474,40.6,2.0,3.7469321992618547
20051,Kansas,Ellis County,29075.0,18.978503869303527,50.40068787618228,5.124677558039553,35.1,1.0,3.4393809114359417
20059,Kansas,Franklin County,26299.0,20.346781246435224,49.758545952317576,5.688429217840983,40.8,1.0,3.8024259477546676
20177,Kansas,Shawnee County,178607.0,21.218093355803525,51.54389245662264,5.47346968483878,40.6,3.0,1.6796654106501985
20015,Kansas,Butler County,69484.0,18.798572333199008,49.395544297967874,5.307696735939209,39.2,2.0,2.87836048586725
20155,Kansas,Reno County,61539.0,22.29967987780107,49.24844407611433,5.433952452916037,41.3,2.0,3.249971562748826
20055,Kansas,Finney County,37505.0,13.307558992134382,49.84402079722703,7.265697906945741,33.0,1.0,2.6663111585121984
20151,Kansas,Pratt County,9117.0,23.97718547767906,49.775145332894596,5.769441702314357,40.4,1.0,10.968520346605242
20061,Kansas,Geary County,36338.0,10.473884088282238,48.25251802520777,11.280202542792669,27.7,2.0,5.503880235566075
20209,Kansas,Wyandotte County,170597.0,14.05769151860818,50.07004812511357,7.020053107616195,34.5,2.0,1.172353558386138
20091,Kansas,Johnson County,636906.0,18.129990924877454,51.053687671336114,5.531271490612429,39.5,11.0,1.7270994463861231
20175,Kansas,Seward County,21073.0,11.58354292222275,49.05803634983153,8.39937360603616,30.8,1.0,4.745408816969582
20173,Kansas,Sedgwick County,538433.0,17.495955857088997,50.7416893095334,6.117195639940346,36.8,10.0,1.8572412909312763
20079,Kansas,Harvey County,33580.0,22.983918999404406,50.7921381774866,5.613460393091126,41.4,1.0,2.9779630732578917
20113,Kansas,McPherson County,30064.0,23.200505588078766,50.14635444385311,5.115753060138371,40.6,3.0,9.978712080894091
20121,Kansas,Miami County,36240.0,20.355960264900663,50.240066225165556,5.620860927152318,41.8,2.0,5.518763796909492
20099,Kansas,Labette County,19685.0,21.478282956565913,50.271780543561086,6.299212598425196,40.3,1.0,5.08001016002032
20045,Kansas,Douglas County,120920.0,16.446410850148858,50.950215018193845,3.996857426397618,32.9,1.0,0.8269930532583527
20161,Kansas,Riley County,72598.0,11.994820793961267,47.45860767514257,4.56624149425604,25.6,2.0,2.7548968291137497
20057,Kansas,Ford County,33993.0,12.673197422998852,48.40408319359869,8.648839466949077,31.9,2.0,5.883564263230665
20009,Kansas,Barton County,24790.0,23.07382008874546,50.338846308995564,5.861234368697056,41.0,3.0,12.10165389269867
20021,Kansas,Cherokee County,19105.0,21.664485736718138,50.71447265113844,5.150484166448574,42.3,2.0,10.468463752944256
20035,Kansas,Cowley County,34382.0,20.522366354487815,49.65970565993834,6.0729451457157815,39.2,2.0,5.816997266011285
20165,Kansas,Rush County,2845.0,30.08787346221441,49.666080843585235,5.026362038664323,48.8,1.0,35.149384885764505
20135,Kansas,Ness County,2617.0,29.461215131830343,51.12724493695071,5.80817730225449,46.5,2.0,76.42338555598013
20101,Kansas,Lane County,1508.0,25.862068965517242,50.795755968169765,7.625994694960212,44.9,1.0,66.3129973474801
20025,Kansas,Clark County,1900.0,25.789473684210527,52.26315789473684,5.631578947368421,43.6,1.0,52.63157894736842
20203,Kansas,Wichita County,2031.0,23.190546528803544,45.987198424421464,8.517971442639094,40.1,1.0,49.23682914820286
20153,Kansas,Rawlins County,2431.0,29.00041135335253,48.70423693953106,5.594405594405594,44.4,1.0,41.135335252982316
20089,Kansas,Jewell County,2830.0,32.15547703180212,48.51590106007067,4.734982332155477,50.5,1.0,35.33568904593639
20023,Kansas,Cheyenne County,2604.0,28.533026113671273,49.347158218125955,6.451612903225806,45.2,1.0,38.40245775729647
20163,Kansas,Rooks County,4646.0,26.75419715884632,49.44037882049074,4.606112785191563,45.5,1.0,21.52389151958674
20033,Kansas,Comanche County,1673.0,25.642558278541543,52.241482367005375,5.738194859533772,45.2,1.0,59.77286312014345
20093,Kansas,Kearny County,3888.0,17.72119341563786,49.48559670781893,7.381687242798354,36.3,1.0,25.7201646090535
20087,Kansas,Jefferson County,18296.0,23.14713598600787,49.20747704416266,4.733275032794054,44.7,1.0,5.465675557498907
20131,Kansas,Nemaha County,10054.0,22.975929978118163,49.28386711756515,6.743584642928188,40.6,2.0,19.89258006763477
20003,Kansas,Anderson County,8018.0,21.76353205288102,49.887752556747316,6.672486904464954,40.8,1.0,12.47193813918683
20047,Kansas,Edwards County,2640.0,23.674242424242426,49.88636363636363,6.25,43.2,1.0,37.878787878787875
20019,Kansas,Chautauqua County,3321.0,27.732610659439928,48.02770249924721,5.149051490514905,44.3,1.0,30.111412225233362
20085,Kansas,Jackson County,13438.0,20.50900431611847,49.947908915017116,6.213722280101205,41.0,1.0,7.4415835689834795
20119,Kansas,Meade County,3852.0,20.35306334371755,48.80581516095535,6.516095534787124,39.0,1.0,25.960539979231566
20075,Kansas,Hamilton County,2500.0,15.440000000000001,47.72,7.88,33.9,1.0,40.0
20185,Kansas,Stafford County,4005.0,24.344569288389515,49.33832709113608,6.916354556803996,41.9,1.0,24.968789013732835
20081,Kansas,Haskell County,3599.0,16.58794109474854,49.124756876910254,8.19672131147541,34.7,1.0,27.78549597110308
20065,Kansas,Graham County,2371.0,29.77646562631801,49.557148882328136,6.073386756642766,47.5,1.0,42.17629692113032
20109,Kansas,Logan County,2661.0,21.044720030063885,48.81623449830891,7.591131153701617,39.3,1.0,37.579857196542655
20053,Kansas,Ellsworth County,6257.0,25.843055777529166,42.176762026530284,4.219274412657823,44.1,1.0,15.9821000479463
20143,Kansas,Ottawa County,5744.0,23.276462395543177,48.17200557103064,4.85724233983287,43.8,1.0,17.40947075208914
20191,Kansas,Sumner County,22312.0,22.61115095016135,49.569738257439944,5.414126927214055,42.3,1.0,4.481893151667265
20159,Kansas,Rice County,9266.0,22.11310166199007,49.87049428016404,5.935678825814807,40.1,1.0,10.792143319663285
20007,Kansas,Barber County,4083.0,28.826843007592455,49.79181974038697,5.437178545187362,45.6,2.0,48.98359049718344
20097,Kansas,Kiowa County,2432.0,23.478618421052634,50.28782894736842,6.825657894736842,39.4,1.0,41.118421052631575
20189,Kansas,Stevens County,4984.0,18.158105939004816,50.08025682182986,5.718298555377207,37.1,1.0,20.064205457463885
20149,Kansas,Pottawatomie County,27186.0,17.755462370337675,49.80504671522107,7.066136982270287,37.2,2.0,7.356727727506805
20073,Kansas,Greenwood County,5826.0,29.45417095777549,49.53656024716786,4.737384140061792,48.0,1.0,17.16443529007896
20013,Kansas,Brown County,9104.0,24.187170474516694,50.021968365553604,5.9534270650263625,42.4,1.0,10.984182776801406
20187,Kansas,Stanton County,1986.0,16.76737160120846,51.963746223564954,6.243705941591138,37.3,1.0,50.35246727089628
20205,Kansas,Wilson County,8299.0,24.557175563320882,50.98204602964213,4.795758525123508,44.3,2.0,24.099289070972407
20145,Kansas,Pawnee County,5991.0,23.585378067100653,44.83391754298114,4.790519112001335,43.7,2.0,33.383408446002335
20077,Kansas,Harper County,5370.0,24.804469273743017,49.683426443202976,5.940409683426443,42.2,1.0,18.6219739292365
20179,Kansas,Sheridan County,2427.0,25.17511330861145,50.144210960032964,5.8508446641944785,42.2,1.0,41.203131437989285
20137,Kansas,Norton County,5288.0,20.763993948562785,41.94402420574887,5.049167927382753,41.0,1.0,18.910741301059
20029,Kansas,Cloud County,8833.0,23.25370768708253,50.0056605909657,5.411524963206158,40.4,1.0,11.321181931393639
20167,Kansas,Russell County,6581.0,25.862330952742745,49.64291141163957,5.151192827837715,44.6,1.0,15.1952590791673
20201,Kansas,Washington County,5533.0,24.778601120549432,48.9607807699259,6.289535514187601,42.6,2.0,36.146755828664375
20039,Kansas,Decatur County,2716.0,31.148748159057437,48.49042709867452,5.3019145802650955,48.2,1.0,36.81885125184094
20147,Kansas,Phillips County,4728.0,26.75549915397631,48.79441624365482,6.006768189509306,45.5,1.0,21.150592216582062
20195,Kansas,Trego County,2740.0,29.05109489051095,49.78102189781022,5.291970802919708,47.2,1.0,36.496350364963504
20115,Kansas,Marion County,11634.0,26.285026646037473,49.88825855251848,5.260443527591542,44.2,2.0,17.1909919202338
20071,Kansas,Greeley County,1182.0,23.77326565143824,49.49238578680203,7.021996615905245,40.7,1.0,84.60236886632825
20105,Kansas,Lincoln County,2861.0,29.360363509262495,50.22719328905977,5.068157986717931,46.0,1.0,34.95281370150297
20157,Kansas,Republic County,4640.0,29.051724137931036,49.7198275862069,5.280172413793103,45.8,1.0,21.551724137931036
20193,Kansas,Thomas County,7725.0,21.048543689320386,50.66666666666667,6.679611650485437,37.4,1.0,12.944983818770226
20117,Kansas,Marshall County,9852.0,26.593585058871295,50.0,4.699553390174584,44.1,1.0,10.150223304912709
20141,Kansas,Osborne County,3285.0,30.35007610350076,50.62404870624049,5.205479452054795,48.6,1.0,30.441400304414007
20063,Kansas,Gove County,2631.0,24.66742683390346,51.197263397947545,6.651463321930824,41.3,1.0,38.00836183960471
20083,Kansas,Hodgeman County,1619.0,24.027177269919704,49.351451513279805,5.003088326127239,43.8,1.0,61.766522544780734
20181,Kansas,Sherman County,5763.0,22.123893805309734,49.83515530105848,6.021169529758806,38.6,1.0,17.352073572791948
20027,Kansas,Clay County,7990.0,25.244055068836047,49.5244055068836,5.481852315394243,44.6,1.0,12.515644555694617
20171,Kansas,Scott County,4815.0,21.121495327102803,50.34267912772585,7.185877466251298,39.4,1.0,20.768431983385256
20001,Kansas,Allen County,12302.0,23.17509348073484,49.886197366281905,5.340595025199154,41.6,1.0,8.128759551292472
20123,Kansas,Mitchell County,5590.0,26.457960644007155,49.463327370304114,6.064400715563506,44.5,1.0,17.889087656529515
20183,Kansas,Smith County,3566.0,30.762759394279303,49.186763881099274,5.580482333146382,48.6,1.0,28.042624789680314
20095,Kansas,Kingman County,7029.0,21.966140275999432,49.12505335040546,4.765969554701949,43.2,1.0,14.226774790155071
20127,Kansas,Morris County,5348.0,27.374719521316383,50.80403889304412,5.272999252056844,46.3,1.0,18.69857890800299
20133,Kansas,Neosho County,15637.0,21.704930613288994,49.46601010423994,6.20323591481742,40.5,1.0,6.395088571976722
20041,Kansas,Dickinson County,18637.0,22.98116649675377,49.90610076729087,5.612491280785535,42.5,1.0,5.365670440521543
20005,Kansas,Atchison County,16172.0,20.306702943358893,50.61216918130101,5.2498144941874845,37.4,1.0,6.183527083848627
20111,Kansas,Lyon County,32266.0,18.61402095084609,51.298580549184905,5.126138969813425,35.0,1.0,3.099237587553462
20031,Kansas,Coffey County,8467.0,25.617101688909887,50.54919097673321,6.165111609779142,44.1,1.0,11.810558639423645
20129,Kansas,Morton County,2470.0,24.777327935222672,50.12145748987854,5.951417004048583,44.9,1.0,40.48582995951417
20067,Kansas,Grant County,7028.0,16.24928856004553,49.28856004553216,6.659077973819009,34.4,1.0,14.228799089356858
21037,Kentucky,Campbell County,95441.0,19.19929590008487,50.875409939124694,5.189593570897204,39.3,1.0,1.0477677308494253
21133,Kentucky,Letcher County,19952.0,21.902566158781074,50.53628708901363,4.84663191659984,43.9,1.0,5.012028869286287
21177,Kentucky,Muhlenberg County,30634.0,21.267219429392178,48.922765554612525,5.314356597244891,42.1,1.0,3.2643468042044783
21071,Kentucky,Floyd County,34401.0,20.56044882416209,50.50143891165955,5.214964681259265,42.9,3.0,8.720676724513822
21019,Kentucky,Boyd County,47751.0,20.944063998659715,50.34449540323763,5.287847374924085,42.8,1.0,2.0941969801679545
21067,Kentucky,Fayette County,329751.0,16.14703215456511,51.54070798875515,5.527200827290895,36.0,7.0,2.1228138807767074
21125,Kentucky,Laurel County,63746.0,19.086687792175194,51.07928340601763,5.448184984155868,40.9,1.0,1.568725880839582
21093,Kentucky,Hardin County,113482.0,17.166599108228617,50.90587053453412,5.933099522391217,38.4,2.0,1.7623940360585821
21227,Kentucky,Warren County,149375.0,14.241338912133891,50.625606694560666,6.323012552301255,34.0,3.0,2.00836820083682
21211,Kentucky,Shelby County,51243.0,18.818180044103585,51.22455750053666,6.108151357258553,40.5,1.0,1.9514860566321255
21009,Kentucky,Barren County,45641.0,19.918494336232772,51.54356828290353,6.384610328432768,40.7,1.0,2.1910124668609363
21205,Kentucky,Rowan County,24476.0,16.44468050335022,51.87122078771041,5.233698316718418,34.0,1.0,4.085634907664651
21161,Kentucky,Mason County,16936.0,21.75838450637695,51.89537080774681,5.609352857817666,42.4,1.0,5.904581955597544
21013,Kentucky,Bell County,22829.0,19.786236804065005,50.58040212011039,5.865346708134391,40.7,2.0,8.760786718647335
21155,Kentucky,Marion County,20115.0,19.492915734526473,50.25105642555307,5.299527715635098,41.0,1.0,4.9714143673875215
21179,Kentucky,Nelson County,49036.0,19.420425809609267,50.38950974794029,5.718247817929685,40.8,1.0,2.039318052043397
21035,Kentucky,Calloway County,39421.0,19.545419953831715,51.52837320210041,4.512823114583597,35.5,1.0,2.5367190076355244
21193,Kentucky,Perry County,26555.0,19.86066654114103,50.83411786857466,5.852005272076822,42.3,1.0,3.7657691583505932
21117,Kentucky,Kenton County,175779.0,17.306959306856907,50.61639900101832,6.1349763054744875,38.1,2.0,1.137792341519749
21059,Kentucky,Daviess County,104898.0,19.398844591889265,50.89992182882419,6.205075406585444,39.0,1.0,0.9533070220595246
21047,Kentucky,Christian County,70115.0,14.354988233616202,48.695714183840835,8.708550238893247,30.3,4.0,5.7049133566283965
21111,Kentucky,Jefferson County,795222.0,18.522249132946524,51.570630591205976,6.119549006440969,38.9,8.0,1.0060083850798898
21051,Kentucky,Clay County,19465.0,18.150526586180323,47.53146673516569,5.214487541741588,40.6,1.0,5.137426149499101
21195,Kentucky,Pike County,54721.0,21.688200142541255,51.1631731876245,4.833610496884194,44.4,2.0,3.654903967398256
21015,Kentucky,Boone County,145316.0,16.252855845192546,50.368851330892674,6.223678053345812,38.4,1.0,0.6881554680833494
21017,Kentucky,Bourbon County,20243.0,21.093711406412094,51.252284740404086,5.226498048708195,42.5,1.0,4.9399792520871415
21021,Kentucky,Boyle County,31632.0,21.15263024785028,50.0126454223571,5.273141122913505,40.4,1.0,3.161355589276682
21151,Kentucky,Madison County,101696.0,16.11174480805538,51.704098489616115,5.54102422907489,35.1,2.0,1.9666456891126496
21095,Kentucky,Harlan County,24725.0,20.45298281092012,52.19009100101112,5.516683518705763,42.0,1.0,4.044489383215369
21101,Kentucky,Henderson County,44255.0,21.19308552705909,51.259744661620154,5.669415885210711,41.7,1.0,2.259631680036154
21173,Kentucky,Montgomery County,28822.0,18.312400249809173,51.190063146207756,5.787245853861633,39.9,1.0,3.469571854833114
21141,Kentucky,Logan County,28669.0,19.665841152464335,51.05863476228679,6.561093864452894,40.2,1.0,3.4880881788691616
21085,Kentucky,Grayson County,27406.0,20.18536086988251,49.31036999197256,6.99846748887105,41.0,1.0,3.648836021309202
21115,Kentucky,Johnson County,22051.0,21.019454900004536,51.31740057140266,5.119949208652669,43.2,1.0,4.534941725998821
21097,Kentucky,Harrison County,19627.0,20.660314872369696,50.69037550313343,6.205736994955928,41.9,1.0,5.09502216334641
21235,Kentucky,Whitley County,37297.0,17.387457436254927,50.03083357910823,6.968388878462075,37.1,1.0,2.6811807920208057
21217,Kentucky,Taylor County,26763.0,19.515749355453423,51.10787280947577,6.165228113440198,38.2,1.0,3.7365018869334525
21049,Kentucky,Clark County,37888.0,19.328019425675674,51.44636824324324,5.52417652027027,41.0,1.0,2.6393581081081083
21107,Kentucky,Hopkins County,45127.0,20.991867396458883,51.479158818445725,5.537704700068695,41.6,1.0,2.2159682673344117
21209,Kentucky,Scott County,62262.0,14.9208184767595,50.811088625485844,6.022935337766214,36.7,1.0,1.6061160900709905
21145,Kentucky,McCracken County,67553.0,22.555622992317144,51.8555800630616,5.040486728938759,42.6,2.0,2.9606383136204166
21171,Kentucky,Monroe County,11191.0,20.087570369046556,50.46019122509159,6.478420159056385,41.5,1.0,8.935751943526048
21203,Kentucky,Rockcastle County,16148.0,20.826108496408224,51.15803814713896,5.412434976467674,43.3,1.0,6.192717364379489
21083,Kentucky,Graves County,37050.0,20.008097165991902,50.82051282051282,6.153846153846154,40.3,1.0,2.699055330634278
21073,Kentucky,Franklin County,52649.0,20.125738380596022,51.936409048604915,5.058025793462364,41.1,1.0,1.89937130809702
21127,Kentucky,Lawrence County,15765.0,19.930225182366,50.64383127180463,4.8715509039010465,42.8,1.0,6.343165239454487
21199,Kentucky,Pulaski County,67384.0,21.620859551228776,51.123412085955124,5.61409236614033,42.8,1.0,1.4840318176421703
21185,Kentucky,Oldham County,70986.0,17.12309469472854,48.434902656861915,4.593863578733835,41.1,1.0,1.4087284816724424
21001,Kentucky,Adair County,19423.0,20.34701127529218,50.440199763167385,5.0661586778561505,40.5,1.0,5.14853524172373
21055,Kentucky,Crittenden County,8807.0,22.87952764846145,50.49392528670376,5.65459293743613,44.4,1.0,11.354604292040422
21069,Kentucky,Fleming County,15787.0,19.63007537847596,50.89630708811047,6.695382276556661,40.6,1.0,6.334325711028061
21065,Kentucky,Estill County,13962.0,21.09296662369288,51.28205128205128,4.798739435610944,44.3,1.0,7.1622976650909616
21167,Kentucky,Mercer County,23733.0,21.404795011165888,50.98386213289513,5.401761260691864,42.9,1.0,4.2135423250326545
21221,Kentucky,Trigg County,14512.0,24.85529217199559,50.77177508269018,5.636714443219405,45.6,1.0,6.890848952590959
21225,Kentucky,Union County,12839.0,21.917594828257652,50.93075784718436,5.08606589298232,42.5,1.0,7.788768595685022
21175,Kentucky,Morgan County,14415.0,18.72355185570586,42.60839403399237,4.731182795698925,40.9,1.0,6.937218175511619
21239,Kentucky,Woodford County,27883.0,22.461715023491017,51.83803751389736,5.049671843058494,43.5,1.0,3.5864146612631354
21045,Kentucky,Casey County,16205.0,21.302067263190374,50.93489663684048,6.066029003394014,41.7,1.0,6.17093489663684
21041,Kentucky,Carroll County,11141.0,17.99658917511893,50.58791849923705,7.162732250246837,38.4,1.0,8.975854950184004
21081,Kentucky,Grant County,26181.0,16.31717657843474,49.99427065429128,6.840838776211757,37.3,1.0,3.8195638058133765
21099,Kentucky,Hart County,20117.0,19.37664661728886,50.37033354873988,6.387632350748124,39.8,1.0,4.970920117313715
21137,Kentucky,Lincoln County,25353.0,20.151461365518873,50.74350175521635,6.184672425354002,41.4,1.0,3.9443063937206637
21131,Kentucky,Leslie County,9627.0,21.82403656383089,51.189363249194976,4.93403968006648,44.4,1.0,10.387451958034694
21057,Kentucky,Cumberland County,5992.0,25.433911882510014,51.26835781041389,6.158210947930574,45.4,1.0,16.688918558077436
21213,Kentucky,Simpson County,20788.0,18.49143736771214,50.87069463151819,6.056378680007697,39.2,1.0,4.810467577448528
21027,Kentucky,Breckinridge County,21503.0,21.634190578058877,49.28614611914617,6.073571129609822,43.1,1.0,4.6505138817839375
21139,Kentucky,Livingston County,8863.0,25.126932190003387,50.58106735868216,5.099853322802663,47.2,1.0,11.282861333634209
21231,Kentucky,Wayne County,19597.0,22.661631882430985,50.52303924070011,5.133438791651783,44.2,1.0,5.1028218604888504
21033,Kentucky,Caldwell County,12609.0,23.80045998889682,51.130145134427785,6.328812752795622,43.7,1.0,7.930843048616068
21183,Kentucky,Ohio County,23934.0,20.594133868137376,50.71864293473719,5.260299156012367,41.5,1.0,4.178156597309267
21003,Kentucky,Allen County,22536.0,18.703407880724175,51.06496272630457,6.105786297479588,40.9,1.0,4.437344692935747
21087,Kentucky,Green County,11644.0,22.706973548608726,51.30539333562349,5.453452421848162,44.5,1.0,8.588114050154587
21157,Kentucky,Marshall County,31659.0,25.063962854164696,50.77545089863862,4.478979121260937,46.6,1.0,3.158659464923087
21121,Kentucky,Knox County,29532.0,19.544900446972775,51.59488013002844,6.010429364756874,40.4,1.0,3.386157388595422
21207,Kentucky,Russell County,18608.0,22.581685296646604,50.55889939810834,5.49226139294927,43.1,1.0,5.374032674118658
21053,Kentucky,Clinton County,9139.0,22.49699091804355,50.72765072765073,6.171353539774593,43.0,1.0,10.9421162052741
21025,Kentucky,Breathitt County,12558.0,20.38541168975952,50.366300366300365,5.406911928651059,43.5,1.0,7.963051441312311
22055,Louisiana,Lafayette Parish,257949.0,16.812625751602063,51.90289553361323,6.513303017263103,37.1,8.0,3.1013882589193984
22057,Louisiana,Lafourche Parish,95505.0,18.786450971153343,51.82346474006596,5.724307627872887,39.9,3.0,3.141196795979268
22071,Louisiana,Orleans Parish,362154.0,18.0555785660244,53.190907735383284,5.156922193321074,39.2,8.0,2.209005008918858
22069,Louisiana,Natchitoches Parish,36089.0,19.568289506497823,51.63900357449639,5.957493973232841,36.9,1.0,2.7709274294106234
22109,Louisiana,Terrebonne Parish,104163.0,18.205120820252873,50.48721715004368,5.980050497777522,39.4,4.0,3.8401351727580813
22073,Louisiana,Ouachita Parish,158542.0,17.46729573236114,52.87873244944558,6.143482484136696,37.4,5.0,3.1537384415486116
22019,Louisiana,Calcasieu Parish,208466.0,18.29890725585947,51.61081423349611,6.099315955599474,38.5,7.0,3.357861713660741
22101,Louisiana,St. Mary Parish,46552.0,20.714469840178726,51.54880563670734,6.236037119780031,41.0,2.0,4.29627083691356
22105,Louisiana,Tangipahoa Parish,141346.0,17.13384177833119,51.73262773619346,6.670156919898688,36.7,6.0,4.244902579485801
22097,Louisiana,St. Landry Parish,80765.0,20.0099052807528,52.02996347427722,6.993128211477743,39.3,3.0,3.7144802823005016
22079,Louisiana,Rapides Parish,125877.0,19.616768750446862,51.93959182376447,6.269612399405769,39.4,10.0,7.944263050438127
22033,Louisiana,East Baton Rouge Parish,456180.0,17.405190933403482,52.53299136305844,5.904467534745057,35.6,13.0,2.8497522907624186
22039,Louisiana,Evangeline Parish,31980.0,19.32145090681676,51.632270168855534,6.347717323327079,38.5,2.0,6.253908692933083
22113,Louisiana,Vermilion Parish,57671.0,19.026893932825857,51.84234710686481,6.240571517747221,39.4,2.0,3.467947495274921
22051,Louisiana,Jefferson Parish,431398.0,20.505890152481005,51.93834927375649,6.101558189884979,40.5,8.0,1.8544360428189282
22103,Louisiana,St. Tammany Parish,279108.0,20.855367814609398,51.64739097410321,5.3893116643019905,41.8,8.0,2.86627398713043
22017,Louisiana,Caddo Parish,224226.0,21.040378903427793,53.00589583723565,5.914568337302542,40.6,11.0,4.9057647195240515
22001,Louisiana,Acadia Parish,57032.0,19.424182914854818,51.74288118950765,7.190699957918362,38.7,2.0,3.506803198204517
22011,Louisiana,Beauregard Parish,36673.0,18.599514629291306,49.319662967305646,6.345267635590217,38.7,2.0,5.4536034684918056
22053,Louisiana,Jefferson Davis Parish,31471.0,19.462362174700516,51.01204283308442,6.634679546248927,39.4,2.0,6.355057036636905
22045,Louisiana,Iberia Parish,66846.0,19.986237022409718,51.70690841635999,6.450647757532238,40.3,1.0,1.4959758250306674
22089,Louisiana,St. Charles Parish,50586.0,18.738386114735302,51.27901000276756,5.406634246629502,40.6,1.0,1.976831534416637
22061,Louisiana,Lincoln Parish,48360.0,15.44251447477254,51.941687344913156,5.384615384615385,28.7,2.0,4.1356492969396195
22119,Louisiana,Webster Parish,34948.0,23.30319331578345,52.09740185418335,5.874442028156118,43.5,2.0,5.722788142382969
22127,Louisiana,Winn Parish,14961.0,16.937370496624556,39.850277387875146,4.077267562328721,38.2,1.0,6.684045184145445
22009,Louisiana,Avoyelles Parish,37941.0,20.394823541814926,49.149996046493236,5.969795208349806,40.9,3.0,7.907013520993121
22003,Louisiana,Allen Parish,22672.0,17.095977417078334,43.670606916019764,5.7295342272406495,39.8,2.0,8.821453775582217
22027,Louisiana,Claiborne Parish,13354.0,25.153512056312717,46.4055713643852,4.665268833308372,45.2,1.0,7.488392990864161
22067,Louisiana,Morehouse Parish,23705.0,23.800885889052942,49.87977219995782,5.560008437038599,43.3,2.0,8.437038599451592
22031,Louisiana,De Soto Parish,27381.0,20.78448559219897,51.97399656696249,6.142945838355064,41.2,1.0,3.652167561447719
22041,Louisiana,Franklin Parish,19002.0,21.003052310283127,50.910430481002,6.073044942637617,41.0,1.0,5.262603936427745
22059,Louisiana,LaSalle Parish,15154.0,17.665302890325986,47.57819717566319,5.510096344199551,36.5,2.0,13.197835554968986
22083,Louisiana,Richland Parish,19582.0,20.5443774895312,50.449392299050146,6.531508528240221,40.4,2.0,10.21346134204882
22115,Louisiana,Vernon Parish,45091.0,15.710452196668959,48.56179725444102,7.790911711871548,33.9,3.0,6.65321239271695
22021,Louisiana,Caldwell Parish,9344.0,19.798801369863014,47.699058219178085,5.854023972602739,40.4,2.0,21.404109589041095
22035,Louisiana,East Carroll Parish,6760.0,17.011834319526628,40.57692307692308,5.029585798816568,37.0,1.0,14.792899408284024
22085,Louisiana,Sabine Parish,21834.0,24.122927544197122,50.861042410918756,5.990656773838967,43.6,1.0,4.580012824035908
22087,Louisiana,St. Bernard Parish,45642.0,14.784628193330704,51.746198676657464,6.1588011042460895,36.6,1.0,2.1909644625564173
22117,Louisiana,Washington Parish,44937.0,21.6747891492534,50.29263190689187,6.210917506731647,41.6,2.0,4.450675389990431
22007,Louisiana,Assumption Parish,19720.0,22.97160243407708,51.683569979716026,4.766734279918864,45.0,1.0,5.070993914807302
22091,Louisiana,St. Helena Parish,10758.0,23.48949618888269,51.914854062093326,4.275887711470534,43.8,1.0,9.295408068414202
22111,Louisiana,Union Parish,20561.0,24.478381401682796,50.52283449248577,5.816837702446379,45.3,2.0,9.727153348572541
22099,Louisiana,St. Martin Parish,51106.0,20.488788009235705,51.35209173091222,6.429773412123821,41.2,2.0,3.913434821743044
22093,Louisiana,St. James Parish,18938.0,22.457492871475342,52.45538071602069,5.391276797972331,42.6,2.0,10.560777273207307
22125,Louisiana,West Feliciana Parish,15134.0,20.060790273556233,34.72974758821197,3.455794898903132,45.8,1.0,6.607638430025109
22005,Louisiana,Ascension Parish,135105.0,14.781096184449133,51.10543651234225,6.244772584286295,37.7,2.0,1.4803301136153362
22081,Louisiana,Red River Parish,7165.0,21.660851360781578,51.179344033496164,6.378227494766224,40.8,1.0,13.956734124214934
22065,Louisiana,Madison Parish,8844.0,20.748530076888287,53.584350972410675,5.879692446856626,40.0,1.0,11.307100859339664
22077,Louisiana,Pointe Coupee Parish,19520.0,24.523565573770494,52.4077868852459,5.763319672131147,44.3,1.0,5.122950819672131
22049,Louisiana,Jackson Parish,15834.0,21.327523051660982,46.94960212201592,4.193507641783504,41.6,1.0,6.315523556902867
22029,Louisiana,Concordia Parish,17836.0,20.514689392240413,49.32720340883606,5.404799282350303,39.9,2.0,11.213276519398969
22013,Louisiana,Bienville Parish,12269.0,23.8324231803733,52.066183063004324,6.072214524411117,43.8,1.0,8.150623522699487
22123,Louisiana,West Carroll Parish,9156.0,24.87986020096112,51.19047619047619,5.90869375273045,44.5,1.0,10.9217999126256
22063,Louisiana,Livingston Parish,155036.0,15.2035656234681,51.19198121726567,6.183725070306251,36.7,1.0,0.6450114812043655
22037,Louisiana,East Feliciana Parish,18911.0,24.43022579451113,44.88392998783777,4.468298873671408,46.1,1.0,5.287927661149595
22015,Louisiana,Bossier Parish,131867.0,16.77978569316053,50.824694578628474,6.056101981542008,37.2,1.0,0.7583398424169807
22095,Louisiana,St. John the Baptist Parish,39875.0,19.189968652037617,52.313479623824456,5.84576802507837,40.5,1.0,2.507836990595611
23019,Maine,Penobscot County,157967.0,21.994467198845328,50.420024435483356,4.107819987718954,42.2,6.0,3.7982616622459124
23005,Maine,Cumberland County,317222.0,22.512309991110328,51.53646342309172,4.490861289570081,42.7,5.0,1.5761832407588379
23003,Maine,Aroostook County,66609.0,27.506793376270473,50.267981804260685,4.457355612604903,48.4,4.0,6.005194493236649
23031,Maine,York County,222434.0,25.104525387305898,51.174730481850794,4.167977917045056,45.9,1.0,0.44957155830493545
23001,Maine,Androscoggin County,116487.0,20.04687218316207,50.96963609673183,5.107007648922197,40.4,2.0,1.716929786156395
23011,Maine,Kennebec County,129067.0,23.266985364190692,51.19976446341823,4.247406385830614,43.9,3.0,2.324374162256812
23009,Maine,Hancock County,57171.0,29.745850168791872,51.631071697189135,3.498277098528974,49.8,3.0,5.247415647793462
23013,Maine,Knox County,41117.0,30.50563027458229,49.92582143638884,3.565435221441253,50.4,1.0,2.432084052824866
23021,Maine,Piscataquis County,17409.0,29.927049227411107,49.61226951576771,3.682003561376299,51.4,2.0,11.488310643919812
23015,Maine,Lincoln County,36595.0,32.725782210684514,50.87307009154256,3.653504577128023,52.9,1.0,2.7326137450471375
23029,Maine,Washington County,31334.0,28.52811642305483,50.229782345056485,4.247781962085913,49.1,2.0,6.382842918235783
23017,Maine,Oxford County,60346.0,25.859211878169226,50.483876313260204,4.298545056838895,47.4,2.0,3.3142213236999964
23027,Maine,Waldo County,40693.0,27.859828471727322,51.03334725874229,3.9294227508416677,48.4,1.0,2.457425109969774
23025,Maine,Somerset County,51620.0,24.69779155366137,50.69159240604417,4.538938395970554,46.6,2.0,3.874467260751646
23007,Maine,Franklin County,30824.0,26.343109265507398,51.16467687516221,3.2377368284453674,47.4,1.0,3.244225279003374
24043,Maryland,Washington County,157731.0,19.788120280731118,49.67254376121371,5.3318624747196175,40.8,2.0,1.267981563548066
24510,Maryland,Baltimore city,569997.0,16.389735384572198,53.693615931311925,5.759679436909317,36.6,14.0,2.456153277999709
24033,Maryland,Prince George's County,970374.0,16.189943258990862,52.35857514731433,5.667814677639756,38.4,4.0,0.41221219859559305
24031,Maryland,Montgomery County,1074582.0,18.71099646188006,52.036512802187275,5.451887338518605,40.9,7.0,0.6514160855104589
24021,Maryland,Frederick County,302883.0,16.807480116084427,51.18907300838937,5.5902774338606,39.6,1.0,0.3301604910146822
24005,Maryland,Baltimore County,847650.0,19.911402111720637,52.985430307320236,5.480209992331741,40.0,7.0,0.8258125405532944
24023,Maryland,Garrett County,28370.0,26.880507578427913,50.433556573845614,4.155798378568911,47.9,1.0,3.524850193866761
24045,Maryland,Wicomico County,106899.0,19.094659444896582,52.4214445411089,6.23485720165764,37.7,1.0,0.935462445860111
24003,Maryland,Anne Arundel County,603380.0,17.560409692068017,50.893798269747094,5.631608604859293,39.4,3.0,0.4971991116709205
24001,Maryland,Allegany County,66848.0,23.463678793681186,48.014899473432266,4.498264719961704,43.0,2.0,2.9918621349928194
24037,Maryland,St. Mary's County,116692.0,16.00195386144723,50.04113392520482,6.07068179481027,37.8,1.0,0.856956775100264
24029,Maryland,Kent County,19565.0,30.345003833375927,52.17991311014567,3.874265269614107,49.0,1.0,5.111167901865576
24015,Maryland,Cecil County,107131.0,19.306269893868254,50.83215875890266,5.600619801924746,40.6,2.0,1.8668732673082487
24013,Maryland,Carroll County,176677.0,20.217685380666413,50.5747777016816,5.118379868347323,42.0,2.0,1.1320092598357456
24017,Maryland,Charles County,176593.0,15.364142406550657,52.64761343881128,5.311648819602136,39.6,1.0,0.5662738613648333
24041,Maryland,Talbot County,38238.0,31.97081437313667,52.562895548930385,4.937496731000576,50.6,1.0,2.615199539724881
24009,Maryland,Calvert County,94484.0,18.790483044748317,50.93243300452986,5.246390923330934,41.3,1.0,1.0583802548579655
24027,Maryland,Howard County,339183.0,17.15593057435072,51.279397847179844,4.788860290757497,40.5,1.0,0.29482609682678673
24025,Maryland,Harford County,266446.0,19.655765145658034,51.35487115588149,5.2156909842895,41.5,2.0,0.7506211389925164
24047,Maryland,Worcester County,54459.0,30.138269156613234,51.65353752364163,4.045245046732404,50.9,1.0,1.8362437797241962
24019,Maryland,Dorchester County,33628.0,24.85428809325562,52.33139050791007,5.760080884976805,44.3,1.0,2.973712382538361
25027,Massachusetts,Worcester County,888502.0,18.989265077625035,50.591444926404215,5.128519688194286,40.6,12.0,1.3505878433588219
25017,Massachusetts,Middlesex County,1669979.0,18.021723626464762,51.0047731139134,4.855390397124754,39.1,14.0,0.8383338952166464
25005,Massachusetts,Bristol County,593640.0,19.980796442288256,51.375918064820425,4.88562091503268,41.7,8.0,1.347618085034701
25009,Massachusetts,Essex County,826653.0,20.662720633687893,52.0468685167779,5.339967313975755,41.5,6.0,0.7258184510308436
25001,Massachusetts,Barnstable County,233539.0,36.4328870124476,52.254227345325624,3.3236418756610244,56.9,3.0,1.284582018420906
25015,Massachusetts,Hampshire County,164065.0,22.126596166153657,53.758571297961176,2.847651845305214,38.3,2.0,1.2190290433669582
25011,Massachusetts,Franklin County,70698.0,27.717898667571927,50.84302243344931,3.495148377606156,47.8,1.0,1.4144671702169793
25025,Massachusetts,Suffolk County,791891.0,14.225568922995716,52.61102853801849,4.83740817865085,33.6,16.0,2.0204800913257004
25013,Massachusetts,Hampden County,464338.0,20.414870202309523,51.67873402564511,5.205475321856062,40.4,7.0,1.5075225374619352
25003,Massachusetts,Berkshire County,128224.0,27.70776141751934,51.399893935612674,3.5118230596456206,47.9,3.0,2.339655602695283
25023,Massachusetts,Plymouth County,546829.0,22.24571118210629,51.585230483386944,5.1511532855792215,43.7,3.0,0.5486175751468924
25021,Massachusetts,Norfolk County,739749.0,19.97934434517654,52.01223658294908,4.879628090068388,41.5,7.0,0.9462669094517195
25019,Massachusetts,Nantucket County,14758.0,18.356145819216696,48.61092288928039,5.224285133486922,42.9,1.0,6.775985905949315
25007,Massachusetts,Dukes County,21219.0,31.024082190489654,51.86860832272963,3.8079080069748814,51.4,1.0,4.712757434374853
26163,Michigan,Wayne County,1769038.0,17.756204219468437,51.597874098803985,5.874322654459656,38.3,21.0,1.1870858624857126
26139,Michigan,Ottawa County,308459.0,18.569404685873973,50.871590713838785,5.124830204338339,37.5,3.0,0.9725765823010514
26091,Michigan,Lenawee County,97779.0,22.90573640556766,49.94733020382699,4.540852330254963,43.3,1.0,1.0227144887961628
26149,Michigan,St. Joseph County,60968.0,20.623933866946594,49.840900144338015,5.776800944757906,40.3,2.0,3.2804093950925077
26077,Michigan,Kalamazoo County,263795.0,18.314600352546485,51.21969711328873,4.9765916715631455,36.5,4.0,1.5163289675695142
26125,Michigan,Oakland County,1288337.0,20.329541106092584,51.09222198850145,4.905626400545819,41.7,13.0,1.0090527556066464
26021,Michigan,Berrien County,152444.0,24.019312009656005,51.314581092073155,4.830626328356642,43.8,2.0,1.3119571777177192
26023,Michigan,Branch County,45993.0,21.111908333876894,48.15297980127411,6.761898549779315,41.0,1.0,2.1742439066814514
26057,Michigan,Gratiot County,41190.0,20.118960912842923,45.47220199077446,3.4789997572226268,42.9,1.0,2.4277737314882253
26147,Michigan,St. Clair County,160486.0,22.76584873446905,50.23241902720487,4.690128733970565,44.8,2.0,1.2462146230823872
26117,Michigan,Montcalm County,69406.0,20.099126876638906,46.544967293893905,5.024061320346944,41.2,3.0,4.322392876696539
26007,Michigan,Alpena County,28853.0,27.882715835441722,50.78847953419056,4.540255779295047,47.3,1.0,3.465844106332097
26059,Michigan,Hillsdale County,45738.0,23.201714110805018,50.03716821898641,5.371900826446281,42.6,1.0,2.186365822729459
26081,Michigan,Kent County,675232.0,16.644205250935975,50.88991635467514,5.918854556656083,36.6,5.0,0.7404862328799583
26017,Michigan,Bay County,102123.0,24.216875728288436,50.828902402005426,4.480871106410897,44.7,1.0,0.9792113431841993
26161,Michigan,Washtenaw County,370214.0,17.735688007476757,50.97862317470436,4.231066356215594,36.3,6.0,1.6206842528915708
26099,Michigan,Macomb County,886221.0,20.158402926583776,51.29905520180632,4.981827332008607,41.6,6.0,0.6770320270000372
26103,Michigan,Marquette County,68064.0,22.497943112364833,48.38534320639398,4.03737658674189,40.0,2.0,2.938410907381288
26043,Michigan,Dickinson County,25827.0,26.689123785186048,49.70379835056337,4.390753862237194,46.7,2.0,7.743833972199636
26039,Michigan,Crawford County,13722.0,28.62556478647427,49.14735461303017,4.3725404459991255,50.3,1.0,7.287567409998542
26121,Michigan,Muskegon County,177901.0,20.63001332201618,50.195333359565154,5.271471211516517,41.0,1.0,0.5621103872378458
26093,Michigan,Livingston County,197315.0,22.349035805691408,49.83452854572638,4.566809416415377,44.7,2.0,1.0136076831462384
26145,Michigan,Saginaw County,187688.0,22.40846511231405,51.72733472571501,4.825561570265547,42.3,3.0,1.598397340266826
26025,Michigan,Calhoun County,133408.0,20.17345286639482,50.56968097865195,5.283041496761813,40.7,4.0,2.9983209402734468
26073,Michigan,Isabella County,64691.0,16.772039387240884,51.6068695800034,4.694625218345674,30.4,1.0,1.5458100817733533
26165,Michigan,Wexford County,34445.0,22.6970532733343,50.146610538539704,5.309914356220061,42.6,1.0,2.9031789809841775
26159,Michigan,Van Buren County,76071.0,22.548671635708743,50.14657359571979,5.342377515741873,42.7,2.0,2.6291227931800556
26075,Michigan,Jackson County,159552.0,21.513989169675092,48.79976434015243,4.945723024468512,41.9,1.0,0.6267549137585239
26107,Michigan,Mecosta County,42320.0,22.464555765595463,50.45132325141777,4.834593572778828,40.0,1.0,2.3629489603024574
26129,Michigan,Ogemaw County,21121.0,30.06959897732115,49.86032858292695,4.583116329719237,51.1,1.0,4.734624307561195
26055,Michigan,Grand Traverse County,96729.0,25.10932605526781,50.64768580260315,4.510539755399105,44.6,1.0,1.0338161254639249
26115,Michigan,Monroe County,156004.0,21.532140201533295,50.12563780415886,4.744109125407041,43.2,1.0,0.6410092048921823
26069,Michigan,Iosco County,25266.0,32.9850391830919,49.817937148737435,4.1399509221879205,53.9,1.0,3.9578880709253546
26047,Michigan,Emmet County,33775.0,28.541820873427092,50.4219096965211,3.677276091783864,48.4,1.0,2.9607698001480385
26061,Michigan,Houghton County,37842.0,19.45193171608266,46.374398816130224,4.975952645209027,32.7,2.0,5.285132921092965
26105,Michigan,Mason County,29040.0,28.774104683195596,50.396005509641874,3.884297520661157,48.3,1.0,3.4435261707988976
26155,Michigan,Shiawassee County,67681.0,22.24553419718976,50.427741906886716,5.085622257354353,43.4,1.0,1.4775195401959191
26049,Michigan,Genesee County,401093.0,20.535885692345666,51.53916922010606,5.192810644912775,41.3,3.0,0.747956209657112
26137,Michigan,Otsego County,26080.0,24.15644171779141,49.40950920245399,4.647239263803681,45.0,1.0,3.834355828220859
26065,Michigan,Ingham County,289709.0,16.25838341232064,51.29250385731889,4.850039177243372,33.6,3.0,1.0355218512369309
26035,Michigan,Clare County,31543.0,27.48311828297879,50.10937450464446,4.983673081190756,48.9,1.0,3.1702754969406843
26087,Michigan,Lapeer County,89516.0,22.597077617409177,49.19679163501497,4.63939407480227,44.9,1.0,1.1171187273783458
26111,Michigan,Midland County,83754.0,22.42400362967739,50.633999570169784,4.957375170141128,42.6,1.0,1.193972825178499
26033,Michigan,Chippewa County,36081.0,21.260497214600484,45.00983897342091,3.9937917463484935,42.0,1.0,2.7715418087081845
26101,Michigan,Manistee County,25656.0,30.148893046460866,48.285001559089494,4.010757717492984,50.6,1.0,3.897723729342064
26019,Michigan,Benzie County,18568.0,31.101895734597157,49.91921585523481,3.8991813873330465,51.8,1.0,5.385609651012494
26079,Michigan,Kalkaska County,18693.0,24.58139410474509,48.756218905472636,4.557855881880918,45.9,1.0,5.349596105494035
26153,Michigan,Schoolcraft County,8187.0,32.12409918162941,50.26261145718822,3.969708073775498,53.9,1.0,12.214486380847685
26095,Michigan,Luce County,6339.0,24.246726613030447,39.51727401798391,3.4863543145606566,46.1,1.0,15.775358889414735
26011,Michigan,Arenac County,15068.0,30.03052827183435,49.581895407486066,3.8093973984603133,50.8,1.0,6.636580833554553
26097,Michigan,Mackinac County,11236.0,32.23567105731577,49.893200427198295,3.479886080455678,53.4,1.0,8.8999644001424
26013,Michigan,Baraga County,8169.0,25.75590647570082,45.55025094870853,5.055698371893745,46.2,1.0,12.241400416207615
26003,Michigan,Alger County,8641.0,29.441036917023496,44.79805578058095,3.5875477375303784,49.3,1.0,11.57273463719477
26063,Michigan,Huron County,30530.0,29.656075990828697,49.9737962659679,4.5823779888634135,49.9,3.0,9.82640026203734
26151,Michigan,Sanilac County,40083.0,25.20769403487763,49.94137165381833,4.827482972831374,45.9,3.0,7.484469725319961
26027,Michigan,Cass County,51677.0,23.966174507034076,50.196412330437134,4.7293767053041,45.3,1.0,1.9350968515974223
26157,Michigan,Tuscola County,52680.0,23.86294608959757,49.63553530751709,4.831055429005316,45.1,3.0,5.694760820045558
26071,Michigan,Iron County,11757.0,34.01377902526155,49.94471378753083,3.4617674576847834,53.9,1.0,8.505571149102662
26127,Michigan,Oceana County,27177.0,24.855576406520218,49.6964344850425,5.133016889281378,44.9,1.0,3.6795819994848586
26029,Michigan,Charlevoix County,26036.0,30.55000768167153,50.1229067445076,3.990628360731295,51.2,1.0,3.840835765862652
26133,Michigan,Osceola County,23516.0,23.60095254294948,49.09423371321653,5.740772240176901,43.6,1.0,4.252423881612519
26045,Michigan,Eaton County,109581.0,22.038492074355958,51.02891924694974,4.776375466549858,41.9,2.0,1.8251339192013214
26051,Michigan,Gladwin County,26077.0,28.90669939026729,49.35383671434598,4.743643824059516,51.0,1.0,3.8347969475016295
26037,Michigan,Clinton County,80432.0,20.79023274318679,50.73353888999404,4.601402426894769,41.9,2.0,2.4865725084543464
26005,Michigan,Allegan County,123188.0,20.703315257979675,49.643634120206514,5.144169886677274,41.5,1.0,0.8117673799396045
26067,Michigan,Ionia County,66557.0,18.37071983412714,45.416710488754006,4.852983157293749,40.2,1.0,1.5024715657256187
26053,Michigan,Gogebic County,14285.0,30.850542527126358,49.17045852292615,3.7591879593979702,51.3,1.0,7.0003500175008755
26041,Michigan,Delta County,36582.0,28.177792356896838,50.06833962057843,4.119512328467553,48.0,1.0,2.733584823137062
26123,Michigan,Newaygo County,51622.0,22.662818178296078,49.33942892565185,5.05792104141645,43.4,1.0,1.9371585758010152
26015,Michigan,Barry County,63991.0,22.01559594317951,49.8054413901955,4.6053351252519885,43.3,1.0,1.5627197574658935
27053,Minnesota,Hennepin County,1284784.0,17.109957782786832,50.85975541413965,5.500924669049428,37.8,9.0,0.7005068556270937
27137,Minnesota,St. Louis County,200518.0,23.39889685714001,50.027428958996204,4.335770354781117,42.0,8.0,3.9896667630836133
27109,Minnesota,Olmsted County,166731.0,18.50945535023481,51.03430075990668,5.796762449694418,38.4,3.0,1.7993054680893175
27131,Minnesota,Rice County,69939.0,18.49754786313788,48.8911765967486,5.002931125695249,37.4,2.0,2.8596348246328946
27049,Minnesota,Goodhue County,48195.0,23.734827264239026,50.274924784728704,5.463222325967424,43.2,2.0,4.149808071376699
27059,Minnesota,Isanti County,44386.0,19.217771369350697,49.67782634163925,5.585094399134862,40.2,1.0,2.252962645879331
27105,Minnesota,Nobles County,22338.0,17.544095263676247,48.78234398782344,8.425105201898111,34.4,1.0,4.476676515355
27145,Minnesota,Stearns County,164110.0,18.282249710559988,49.62647005057583,6.097129973798062,36.6,5.0,3.0467369447321917
27041,Minnesota,Douglas County,40120.0,26.527916251246257,50.02243270189432,5.007477567298105,44.9,2.0,4.985044865403788
27123,Minnesota,Ramsey County,541623.0,17.479870684959835,51.30081255781235,5.853702667722752,36.8,4.0,0.7385210746220157
27047,Minnesota,Freeborn County,30440.0,25.38436268068331,50.01642575558476,5.078843626806833,44.0,1.0,3.2851511169513796
27169,Minnesota,Winona County,50523.0,21.182431763751165,50.84812857510441,4.366328206955248,37.2,1.0,1.9792965580032857
27025,Minnesota,Chisago County,59142.0,19.459943863920735,48.664231848770754,5.251766933820297,41.6,1.0,1.690845761049677
27111,Minnesota,Otter Tail County,61041.0,27.614226503497648,49.791123998623874,4.93111187562458,46.4,3.0,4.9147294441441
27019,Minnesota,Carver County,114379.0,16.65602951590764,50.248734470488465,5.801764309882058,40.3,1.0,0.8742863637555846
27061,Minnesota,Itasca County,45404.0,27.72002466743018,49.45159016826711,4.4357325345784515,47.0,3.0,6.607347370275747
27163,Minnesota,Washington County,286895.0,18.80409208944039,50.801512748566545,5.284163195594207,40.7,2.0,0.6971191550915841
27147,Minnesota,Steele County,37464.0,20.737241084774716,50.213538330130255,5.514627375613923,40.8,1.0,2.6692291266282298
27035,Minnesota,Crow Wing County,69132.0,26.816814210495863,50.295087658392646,4.634612046519702,46.3,3.0,4.339524388127061
27171,Minnesota,Wright County,157559.0,15.566867014896008,49.642990879607005,6.595624496220463,38.0,3.0,1.9040486420959766
27067,Minnesota,Kandiyohi County,44720.0,21.48479427549195,50.12298747763864,6.393112701252236,39.3,2.0,4.472271914132379
27013,Minnesota,Blue Earth County,70634.0,16.871478324886034,49.881077101679075,4.718690715519439,32.1,1.0,1.415748789534785
27007,Minnesota,Beltrami County,47055.0,19.551588566571034,50.15620019126554,5.582828604824142,36.7,3.0,6.37551801083838
27005,Minnesota,Becker County,35497.0,25.424683776093755,49.530946277150186,5.065216778882722,44.3,1.0,2.8171394765754854
27139,Minnesota,Scott County,159017.0,14.667614154461472,50.3002823597477,5.486834740939648,39.0,2.0,1.2577271612469108
27003,Minnesota,Anoka County,381605.0,16.958111135860378,50.16496115092831,5.631477574979363,39.3,2.0,0.5241021475085494
27095,Minnesota,Mille Lacs County,27753.0,20.895038374229813,49.187475227903285,5.689475011710446,41.8,2.0,7.206428133895435
27091,Minnesota,Martin County,19440.0,26.630658436213995,49.86625514403292,5.5092592592592595,44.5,1.0,5.144032921810699
27085,Minnesota,McLeod County,36631.0,22.229805356119133,49.911277333406126,5.301520570009009,42.5,2.0,5.459856405776528
27037,Minnesota,Dakota County,457710.0,17.751851609097464,51.17104716960521,5.54062616066942,39.6,1.0,0.21847894955321057
27087,Minnesota,Mahnomen County,5153.0,21.094508053561032,49.990296914418785,7.684843780322143,37.2,1.0,19.406171162429654
27033,Minnesota,Cottonwood County,11405.0,24.12099956159579,49.329241560718984,6.839105655414292,41.0,2.0,17.536168347216133
27083,Minnesota,Lyon County,25684.0,19.96184394954057,50.1168042361003,6.311322223952655,37.3,2.0,7.78694907335306
27155,Minnesota,Traverse County,3130.0,27.95527156549521,48.65814696485623,6.325878594249201,45.0,1.0,31.94888178913738
27001,Minnesota,Aitkin County,16252.0,35.712527688899826,49.396997292640904,3.6733940438099926,57.5,1.0,6.153088850603003
27129,Minnesota,Renville County,14356.0,23.941209250487603,48.82279186402897,5.934800780161605,42.6,1.0,6.965728615213152
27075,Minnesota,Lake County,10746.0,31.388423599478877,48.9856690861716,4.2620509957193375,50.4,1.0,9.305788200260562
27115,Minnesota,Pine County,30472.0,24.048306642163297,46.38028353898661,4.322000525072197,45.8,1.0,3.281701233919664
27143,Minnesota,Sibley County,15356.0,21.685334722584006,49.04271945819224,6.342797603542589,42.0,1.0,6.512112529304506
27107,Minnesota,Norman County,6336.0,24.037247474747474,48.45328282828283,5.492424242424242,44.4,1.0,15.782828282828284
27073,Minnesota,Lac qui Parle County,6704.0,27.71479713603819,48.76193317422434,6.443914081145586,45.2,2.0,29.83293556085919
27063,Minnesota,Jackson County,9857.0,25.6670386527341,49.45723851070306,4.717459673328599,44.3,1.0,10.145074566298062
27031,Minnesota,Cook County,5522.0,35.349511046722206,49.58348424483883,2.9880478087649402,54.5,1.0,18.109380659181458
27101,Minnesota,Murray County,7942.0,30.282044824981114,50.289599597078826,4.356585243011836,47.5,1.0,12.591286829513976
27119,Minnesota,Polk County,30545.0,20.50744802750041,49.841217875266004,5.67359633327877,39.7,2.0,6.547716483876248
27011,Minnesota,Big Stone County,5054.0,28.551642263553624,49.9604273842501,6.1337554412346655,45.7,2.0,39.57261574990107
27071,Minnesota,Koochiching County,11587.0,29.187882972296542,49.64183999309571,4.220246828342108,50.4,1.0,8.63036161215155
27165,Minnesota,Watonwan County,11459.0,20.80460773191378,49.725106902871104,8.569683218430928,38.0,2.0,17.453529976437736
27023,Minnesota,Chippewa County,12406.0,23.254876672577783,49.85490891504111,7.407705948734483,40.6,1.0,8.06061583104949
27153,Minnesota,Todd County,26060.0,22.89716039907905,48.47659247889486,6.573292402148888,41.9,2.0,7.674597083653108
27015,Minnesota,Brown County,25517.0,25.375240036054397,49.98236469804444,5.149508171023239,43.4,2.0,7.837911980248461
27029,Minnesota,Clearwater County,8647.0,23.788597201341506,48.61801780964497,5.967387533248526,42.1,1.0,11.564704521799468
27103,Minnesota,Nicollet County,34273.0,19.478890088407784,50.01021212032796,4.645055874886937,38.8,1.0,2.9177486651299858
27157,Minnesota,Wabasha County,21537.0,25.444583739610906,50.09518503041278,5.028555509123834,45.5,2.0,9.286344430514928
27069,Minnesota,Kittson County,4031.0,28.90101711734061,49.292979409575786,5.55693376333416,46.8,1.0,24.807740014884644
27089,Minnesota,Marshall County,8798.0,24.25551261650375,48.476926574221416,5.273925892248238,44.0,1.0,11.366219595362583
27081,Minnesota,Lincoln County,5583.0,27.35088662009672,49.561167830915274,5.39136664875515,46.4,2.0,35.82303421099767
27151,Minnesota,Swift County,9763.0,24.98207518180887,49.04230257093107,6.145651951244494,42.5,2.0,20.485506504148315
27173,Minnesota,Yellow Medicine County,9477.0,24.385354014983644,49.56209771024586,6.4049804790545535,42.4,2.0,21.103724807428513
27135,Minnesota,Roseau County,15246.0,22.130394857667586,48.37334382788928,5.3915781188508465,43.2,1.0,6.559097468188377
27161,Minnesota,Waseca County,18688.0,21.484375,51.93707191780822,5.035316780821917,41.8,1.0,5.351027397260274
27017,Minnesota,Carlton County,36711.0,20.78396121053635,47.30189861349459,4.8323390809294215,42.2,2.0,5.447958377597995
27127,Minnesota,Redwood County,15265.0,23.190304618408124,49.55781198820832,6.039960694398952,41.2,1.0,6.550933508024893
27159,Minnesota,Wadena County,14388.0,22.73422296358076,50.33361134278566,6.449819293855991,40.8,1.0,6.950236308034474
27021,Minnesota,Cass County,31430.0,29.793191218580972,48.902322621699014,4.355711104040726,50.8,1.0,3.181673560292714
27149,Minnesota,Stevens County,9747.0,19.082794706063407,49.54344926644096,5.570944906124962,33.7,1.0,10.259567046270648
27093,Minnesota,Meeker County,23603.0,23.302122611532432,48.89632673812651,5.6306401728593825,42.8,1.0,4.236749565733169
27065,Minnesota,Kanabec County,16628.0,23.98364204955497,50.132306952128936,5.051719990377676,44.6,1.0,6.013952369497233
27043,Minnesota,Faribault County,13888.0,25.43922811059908,49.747983870967744,4.982718894009216,43.9,1.0,7.200460829493087
27097,Minnesota,Morrison County,34620.0,23.365106874638936,49.482957827845176,5.462160600808781,43.3,1.0,2.8885037550548818
27133,Minnesota,Rock County,9524.0,23.603527929441412,49.9370012599748,4.766904661906762,42.2,1.0,10.499790004199916
27117,Minnesota,Pipestone County,9260.0,23.099352051835854,50.10799136069114,6.911447084233262,40.8,1.0,10.799136069114471
27079,Minnesota,Le Sueur County,29453.0,20.74491562828914,49.057820935049065,5.306759922588531,42.5,1.0,3.3952398736970766
27121,Minnesota,Pope County,11420.0,27.530647985989493,49.150612959719794,4.938704028021016,45.7,1.0,8.756567425569177
27167,Minnesota,Wilkin County,6288.0,22.853053435114504,48.31424936386768,5.391221374045801,43.0,1.0,15.903307888040713
27051,Minnesota,Grant County,6085.0,24.995891536565324,48.627773212818404,5.028759244042727,42.9,1.0,16.433853738701725
27057,Minnesota,Hubbard County,22369.0,28.467969064330102,49.69377263176718,4.568822924583128,48.4,1.0,4.47047252894631
27113,Minnesota,Pennington County,13686.0,21.810609381850064,49.9269326318866,5.26085050416484,41.1,2.0,14.613473622680111
28049,Mississippi,Hinds County,211888.0,19.38240957486974,53.33194895416447,5.994676432832439,39.0,7.0,3.303632107528506
28141,Mississippi,Tishomingo County,18639.0,23.316701539782176,50.59820805837223,5.091474864531359,44.5,1.0,5.365094693921348
28081,Mississippi,Lee County,83731.0,18.485387729753615,52.45369098661189,6.406229472955058,39.2,3.0,3.582902389795894
28145,Mississippi,Union County,28459.0,19.009803577075793,50.88372746758495,6.2581257247268,39.7,1.0,3.513826908886468
28047,Mississippi,Harrison County,217136.0,19.053035885343746,51.73439687569081,5.7300493699801045,39.4,7.0,3.223786014295188
28003,Mississippi,Alcorn County,34569.0,20.96097659752958,51.08044780005206,5.6148572420376635,40.8,1.0,2.8927651942491828
28017,Mississippi,Chickasaw County,16730.0,20.73520621637776,51.97250448296473,6.264196054991034,40.9,2.0,11.95457262402869
28061,Mississippi,Jasper County,15785.0,22.869813113715555,51.28919860627178,5.942350332594235,43.9,1.0,6.335128286347799
28155,Mississippi,Webster County,10167.0,20.29113799547556,51.94255926035212,6.3145470640306876,40.8,1.0,9.83574309039048
28095,Mississippi,Monroe County,33318.0,22.51335614382616,52.11597334773997,5.807671528903295,43.3,2.0,6.002761270184284
28159,Mississippi,Winston County,17473.0,23.40754306644537,51.055914840038916,5.997825216047616,42.6,1.0,5.7231156641675724
28149,Mississippi,Warren County,41759.0,21.961732800114945,52.91074977849086,5.883761584329126,41.8,1.0,2.394693359515314
28071,Mississippi,Lafayette County,59597.0,16.091413997348862,51.922076614594694,4.676409886403678,31.6,1.0,1.6779368088997768
28039,Mississippi,George County,26331.0,16.843264593065207,49.17397744103908,6.874026812502374,37.0,1.0,3.797804868785842
28089,Mississippi,Madison County,116298.0,18.924659065504134,52.507351803126454,5.992364443068668,40.7,1.0,0.8598600147895923
28059,Mississippi,Jackson County,147666.0,19.447266127612313,51.619871873010716,5.324854739750518,40.8,1.0,0.6772039602887597
28027,Mississippi,Coahoma County,19849.0,18.570205048113255,51.604614842057536,6.579676558012998,36.5,1.0,5.038037180714394
28099,Mississippi,Neshoba County,28732.0,18.053041904496727,52.78087150215788,7.2184324098566055,37.5,3.0,10.441319782820548
28117,Mississippi,Prentiss County,25284.0,18.58487581078943,52.06850181933238,5.881189685176396,37.9,1.0,3.9550704002531245
28113,Mississippi,Pike County,38712.0,21.081318454226082,52.35844182682372,6.150547633808638,40.6,2.0,5.166356685265551
28105,Mississippi,Oktibbeha County,51896.0,14.122475720672115,51.1715739170649,4.95413904732542,26.4,1.0,1.9269307846462156
28085,Mississippi,Lincoln County,35012.0,20.587227236376098,52.08214326516622,6.126470924254542,41.2,1.0,2.856163601051068
28067,Mississippi,Jones County,66496.0,19.898941289701636,51.570019249278154,6.346246390760346,39.6,1.0,1.5038498556304138
28161,Mississippi,Yalobusha County,12375.0,25.591919191919192,52.08080808080808,5.696969696969697,45.9,1.0,8.080808080808081
28025,Mississippi,Clay County,18238.0,22.716306612567166,53.18017326461235,6.162956464524619,42.2,1.0,5.48305735277991
28075,Mississippi,Lauderdale County,70317.0,20.064849182985622,51.57216604803959,6.065389592843836,40.0,4.0,5.688524823300198
28153,Mississippi,Wayne County,19807.0,20.11410107537739,52.56727419599132,6.931892765184027,39.8,1.0,5.048720149442117
28035,Mississippi,Forrest County,79034.0,16.069033580484348,52.89242604448718,6.092314700002531,33.5,1.0,1.265278234683807
28151,Mississippi,Washington County,40446.0,20.93902981753449,53.81496316075756,6.448103644365327,40.8,2.0,4.94486475794887
28001,Mississippi,Adams County,30061.0,23.24273976248295,47.280529589834,4.381091780047237,41.2,1.0,3.3265693090715547
28091,Mississippi,Marion County,24001.0,21.040789967084706,51.19786675555186,5.453939419190867,41.6,1.0,4.16649306278905
28011,Mississippi,Bolivar County,28262.0,19.485528271176843,53.96999504635199,5.972684169556294,39.2,1.0,3.5383200056613116
28073,Mississippi,Lamar County,67403.0,15.972582822723025,52.54365532691423,5.677788822455974,37.6,2.0,2.9672269780276843
28133,Mississippi,Sunflower County,22893.0,18.459791202551,49.0674005154414,5.019001441488665,40.6,2.0,8.736294937317084
28121,Mississippi,Rankin County,162181.0,17.92071820990128,51.79151688545514,5.496328176543491,39.9,6.0,3.6995702332579032
28083,Mississippi,Leflore County,25686.0,17.68278439616912,52.30086428404578,6.478237172000312,37.8,1.0,3.893171377404033
28087,Mississippi,Lowndes County,57346.0,19.46779199944198,52.22508980574059,6.200955602831932,38.2,1.0,1.7438007881979563
28109,Mississippi,Pearl River County,59363.0,21.228711486953152,50.75889021781245,5.67693681249263,41.3,2.0,3.369101965870997
28127,Mississippi,Simpson County,25498.0,20.578084555651426,51.317750411797,5.816142442544513,41.8,2.0,7.843752451172641
28033,Mississippi,DeSoto County,197918.0,15.19568710273952,52.541456562818944,5.539667943289645,38.2,3.0,1.5157792621186552
28045,Mississippi,Hancock County,46873.0,24.545047255349562,51.362191453502014,4.904742602351034,45.9,1.0,2.133424359439336
28043,Mississippi,Grenada County,20868.0,21.32930803143569,53.01418439716312,5.89419206440483,41.5,1.0,4.792026068621813
28137,Mississippi,Tate County,28725.0,18.718885987815494,51.31070496083551,5.5248041775456915,38.7,1.0,3.4812880765883376
28093,Mississippi,Marshall County,34654.0,21.353956253246377,50.32896635309056,5.295204016852311,42.7,1.0,2.885669763952213
28063,Mississippi,Jefferson County,6825.0,21.47985347985348,51.5018315018315,5.362637362637362,42.4,1.0,14.652014652014651
28107,Mississippi,Panola County,32691.0,19.78832094460249,52.231501024746876,6.093420207396531,40.1,1.0,3.058945887247255
28041,Mississippi,Greene County,13707.0,17.98351207412271,41.329247829576126,5.114175238929014,40.9,2.0,14.591084847158386
28125,Mississippi,Sharkey County,3097.0,26.186632224733614,53.083629318695515,6.78075556990636,44.7,1.0,32.289312237649334
28129,Mississippi,Smith County,13991.0,22.54306339789865,52.083482238581944,6.1182188549782,43.1,1.0,7.1474519333857485
28123,Mississippi,Scott County,28073.0,16.642325366010045,51.26634132440423,7.804652156876714,36.9,2.0,7.1242831190111495
28135,Mississippi,Tallahatchie County,10877.0,21.715546566148756,49.232325089638685,5.074928748735864,41.6,1.0,9.19371150133309
28077,Mississippi,Lawrence County,11819.0,21.837718927151197,52.855571537355104,6.337253574752517,42.4,1.0,8.460952703274389
28103,Mississippi,Noxubee County,9798.0,20.524596856501326,52.54133496631965,6.960604204939784,40.3,1.0,10.206164523372117
28115,Mississippi,Pontotoc County,32096.0,17.276296111665005,50.95962113659023,6.592721834496511,37.7,1.0,3.1156530408773677
28157,Mississippi,Wilkinson County,7582.0,24.24162490108151,45.63439725666051,4.18095489316803,43.5,1.0,13.189132155104195
28097,Mississippi,Montgomery County,9354.0,25.710925807141326,52.35193500106906,5.965362411802437,45.0,1.0,10.690613641223006
28163,Mississippi,Yazoo County,22947.0,19.68013247919118,48.359262648712246,5.913627053645357,40.1,1.0,4.357868130910359
28079,Mississippi,Leake County,21662.0,18.225463946080694,51.167943864832424,6.892253716185024,38.4,1.0,4.616378912381128
28023,Mississippi,Clarke County,15102.0,23.175738312806253,52.50960137730102,6.045556879883459,43.4,1.0,6.621639517944644
28051,Mississippi,Holmes County,15465.0,19.844810863239573,51.458131264144846,6.388619463304234,39.1,1.0,6.466214031684449
28021,Mississippi,Claiborne County,8058.0,20.166294365847605,53.88433854554479,5.9071729957805905,37.0,1.0,12.410027302060065
28147,Mississippi,Walthall County,13928.0,23.441987363584147,51.75904652498564,6.002297530155083,44.1,1.0,7.1797817346352675
28031,Mississippi,Covington County,17898.0,20.315119007710358,52.25164822885239,6.358252318694826,41.4,1.0,5.587216448765226
28065,Mississippi,Jefferson Davis County,10941.0,24.59555799287085,52.6917100813454,5.483959418700302,45.3,1.0,9.139932364500503
28029,Mississippi,Copiah County,27497.0,20.929555951558353,52.183874604502314,6.1315779903262175,41.3,1.0,3.6367603738589667
28037,Mississippi,Franklin County,7491.0,24.856494460018688,51.248164464023496,6.033907355493259,44.9,1.0,13.349352556401014
28013,Mississippi,Calhoun County,12643.0,24.400854227635847,50.589258878430755,6.050779087241952,44.7,1.0,7.909515146721506
28019,Mississippi,Choctaw County,8048.0,24.068091451292247,50.994035785288276,5.094433399602385,45.0,1.0,12.425447316103378
28069,Mississippi,Kemper County,8600.0,22.523255813953487,48.96511627906976,4.279069767441861,41.4,1.0,11.627906976744187
28007,Mississippi,Attala County,17100.0,21.608187134502923,53.216374269005854,6.257309941520468,41.3,1.0,5.847953216374269
28139,Mississippi,Tippah County,21389.0,19.94950675580906,51.75557529571275,6.063864603300762,40.2,1.0,4.675300388049932
28119,Mississippi,Quitman County,5364.0,21.97986577181208,51.49142431021626,6.487695749440715,42.7,1.0,18.642803877703205
29097,Missouri,Jasper County,127428.0,17.334494773519165,51.13868223624321,6.1226731958439276,36.7,3.0,2.354270646953574
29183,Missouri,St. Charles County,426499.0,19.033104415250683,50.915242474191025,5.0351817940956485,40.6,5.0,1.172335691291187
29021,Missouri,Buchanan County,83540.0,19.487670576969116,49.70313622216902,5.861862580799617,39.3,2.0,2.3940627244433803
29159,Missouri,Pettis County,44254.0,18.766665160211506,50.115243819767706,6.803904731775659,38.0,1.0,2.259682740543228
29051,Missouri,Cole County,77908.0,20.128869949170817,49.6996457359963,5.337064229604149,40.6,1.0,1.2835652307850285
29161,Missouri,Phelps County,45247.0,18.46310252613433,47.95456052334961,4.6058302207881185,36.0,1.0,2.2100912767697305
29189,Missouri,St. Louis County,990911.0,21.408078021134088,52.54538500430412,5.204503734442347,41.2,13.0,1.311924077944437
29001,Missouri,Adair County,25684.0,16.88599906556611,52.04407413175518,5.361314437003582,29.8,1.0,3.89347453667653
29099,Missouri,Jefferson County,233132.0,19.10248271365578,50.26637269872861,5.181613849664568,41.3,2.0,0.8578830876928093
29215,Missouri,Texas County,25994.0,22.170500884819575,47.222435946756946,5.462799107486343,42.7,1.0,3.8470416249903825
29127,Missouri,Marion County,28525.0,20.659070990359336,52.03155127081508,5.959684487291849,40.7,1.0,3.5056967572304996
29095,Missouri,Jackson County,732994.0,17.18868094418235,51.704515998766695,5.999776260105812,37.4,12.0,1.6371211769809848
29169,Missouri,Pulaski County,54442.0,10.962124830094412,42.65273134712171,6.204768377355718,28.1,1.0,1.8368171632195731
29510,Missouri,St. Louis city,278144.0,16.47204325816843,51.74801541647492,5.333208697653014,37.3,4.0,1.4381040036815462
29013,Missouri,Bates County,16512.0,21.656976744186046,49.89098837209303,5.977470930232558,41.6,1.0,6.0562015503875966
29077,Missouri,Greene County,309286.0,18.75642609106135,51.16688113913983,5.081380987176917,37.5,4.0,1.2933013456800502
29071,Missouri,Franklin County,108090.0,21.832731982607086,50.04348228328245,5.289110926080118,42.4,2.0,1.8503099269127579
29049,Missouri,Clinton County,21661.0,21.324038594709386,49.68376344582429,5.433728821384054,42.3,1.0,4.616592031762154
29105,Missouri,Laclede County,36943.0,19.811601656606122,50.5968654413556,6.3422028530438785,40.5,1.0,2.706872749912027
29217,Missouri,Vernon County,19946.0,20.380026070390052,51.37370901433872,6.2669206858518,39.1,1.0,5.01353654868144
29165,Missouri,Platte County,114400.0,17.229895104895103,50.92657342657343,5.550699300699301,39.6,1.0,0.8741258741258742
29019,Missouri,Boone County,191746.0,15.419878380774566,51.87956984761091,4.826176295724553,33.4,4.0,2.0860930606114336
29155,Missouri,Pemiscot County,14465.0,20.207397165572072,52.485309367438646,6.698928447977878,38.9,1.0,6.91323885240235
29175,Missouri,Randolph County,24513.0,19.04703626647085,47.778729653653166,5.968261738669278,40.4,1.0,4.079468037367928
29091,Missouri,Howell County,40798.0,22.05010049512231,51.242707975881174,5.620373547722927,41.6,2.0,4.902201088288641
29023,Missouri,Butler County,41904.0,20.451508209240167,51.546391752577314,5.994654448262696,40.5,2.0,4.772814051164567
29213,Missouri,Taney County,57001.0,24.078524938158978,51.17804950790337,5.163067314608516,42.9,1.0,1.7543551867511096
29047,Missouri,Clay County,265032.0,16.799858130338976,50.90894684415467,5.54348154185155,38.5,3.0,1.1319387847505207
29101,Missouri,Johnson County,56670.0,15.517910711134638,49.17063702135169,6.2890418210693495,31.8,1.0,1.7646020822304571
29031,Missouri,Cape Girardeau County,83999.0,19.722853843498136,51.562518601411924,5.356016143049322,38.1,3.0,3.5714710889415353
29201,Missouri,Scott County,37975.0,20.247531270572743,51.27057274522713,6.214614878209349,39.8,1.0,2.6333113890717574
29195,Missouri,Saline County,23265.0,18.817966903073284,49.864603481624755,5.549108102299591,36.8,1.0,4.298302170642597
29207,Missouri,Stoddard County,28284.0,21.54928581530194,50.19092066185829,5.98925187385094,42.0,1.0,3.5355678121906373
29187,Missouri,St. Francois County,67809.0,19.323393649810498,47.4833724136914,5.000811101771151,40.7,3.0,4.424191479007211
29083,Missouri,Henry County,22671.0,24.524723214679547,51.149045035507925,5.478364430329496,44.3,2.0,8.821842882978254
29029,Missouri,Camden County,44047.0,30.701296342543195,50.160056303493995,4.084273616818399,52.9,2.0,4.540604354439576
29167,Missouri,Polk County,33604.0,20.560052374717294,50.476133793596,5.880252350910606,38.8,1.0,2.9758362099750033
29037,Missouri,Cass County,115859.0,19.814602232023407,51.03099457098714,5.511872189471685,40.6,2.0,1.726236200899369
29185,Missouri,St. Clair County,9976.0,25.39093825180433,48.67682437850842,5.954290296712109,45.5,1.0,10.024057738572575
29123,Missouri,Madison County,12858.0,21.60522631824545,49.992222740706175,4.915227873697309,42.7,1.0,7.777259293824856
29005,Missouri,Atchison County,5175.0,25.48792270531401,49.874396135265705,5.468599033816425,45.2,1.0,19.32367149758454
29171,Missouri,Putnam County,4546.0,26.35283765948086,49.16410030796305,6.819181698196217,44.6,1.0,21.99736031676199
29211,Missouri,Sullivan County,5738.0,21.802021610317183,48.98919484140816,5.838271174625305,42.4,1.0,17.42767514813524
29115,Missouri,Linn County,11815.0,23.32628015234871,50.76597545493018,5.983918747355057,42.1,1.0,8.463817181548878
29221,Missouri,Washington County,23810.0,19.82780344393112,48.324233515329695,5.375892482150357,42.0,1.0,4.199916001679966
29079,Missouri,Grundy County,9744.0,23.101395730706077,50.769704433497544,6.639983579638751,39.6,1.0,10.262725779967159
29199,Missouri,Scotland County,4796.0,19.849874895746456,50.25020850708925,8.903252710592161,35.2,1.0,20.85070892410342
29157,Missouri,Perry County,19093.0,22.34326716597706,49.714555072539675,5.635573246739643,43.1,1.0,5.23752160477662
29081,Missouri,Harrison County,8281.0,24.960753532182103,50.175099625649075,6.376041540876706,42.5,1.0,12.075836251660427
29121,Missouri,Macon County,15190.0,24.03554970375247,50.23041474654379,5.786701777485188,43.2,1.0,6.583278472679393
29073,Missouri,Gasconade County,14784.0,26.176948051948052,49.756493506493506,5.553300865800866,46.4,1.0,6.764069264069264
29109,Missouri,Lawrence County,39401.0,19.626405421182202,50.135783355752395,6.535367122661862,39.0,1.0,2.538006649577422
29009,Missouri,Barry County,36200.0,22.46685082872928,50.190607734806626,6.44475138121547,42.1,2.0,5.524861878453039
29065,Missouri,Dent County,14584.0,23.683488754799782,50.150850246845856,5.36204059243006,44.4,1.0,6.856829402084476
29113,Missouri,Lincoln County,66676.0,16.590677305177277,49.65204871318015,6.260123582698422,37.7,1.0,1.4997900293958846
29107,Missouri,Lafayette County,33531.0,20.78971697831857,50.41305060988339,5.505353255196684,41.5,1.0,2.9823148728042708
29117,Missouri,Livingston County,14708.0,22.38917595866195,54.86129997280391,5.3168343758498775,41.2,1.0,6.799020940984498
29039,Missouri,Cedar County,14888.0,24.12681354110693,50.2485222998388,6.300376141859215,43.1,1.0,6.716818914562064
29011,Missouri,Barton County,11795.0,21.873675286138194,49.927935565917764,6.5960152607036875,41.4,1.0,8.47816871555744
29177,Missouri,Ray County,23398.0,20.796649286263783,50.200871869390554,5.5688520386357805,42.0,1.0,4.273869561500983
29075,Missouri,Gentry County,6384.0,21.553884711779446,50.72055137844611,6.75125313283208,39.3,1.0,15.664160401002505
29186,Missouri,Ste. Genevieve County,18689.0,23.76799186687356,48.54192305634331,5.131360693456044,44.3,1.0,5.3507410776392526
29145,Missouri,Newton County,62263.0,20.304193501758668,50.183897338708384,6.077445673995792,39.9,1.0,1.606090294396351
29033,Missouri,Carroll County,8417.0,25.222763454912677,50.825709872876324,5.025543542829987,44.8,1.0,11.880717595342759
29163,Missouri,Pike County,17955.0,21.141743247006406,46.28237259816207,5.541631857421331,41.1,1.0,5.569479253689781
29093,Missouri,Iron County,9318.0,22.934106031337198,49.36681691350075,5.119124275595621,44.3,1.0,10.73191672032625
29147,Missouri,Nodaway County,20174.0,19.713492614255973,50.97650441161892,5.070883315158124,32.4,1.0,4.9568751858828195
29027,Missouri,Callaway County,45765.0,19.136895007101497,48.829891838741396,5.305364361411559,40.0,1.0,2.185075931388616
30049,Montana,Lewis and Clark County,75331.0,22.196705207683422,50.81971565490967,4.590407667494126,42.4,3.0,3.9824242343789407
30111,Montana,Yellowstone County,172692.0,20.16364394413175,50.784633914715215,5.358673244852106,39.7,2.0,1.1581312394320524
30013,Montana,Cascade County,85029.0,21.036352303331803,49.53604064495642,5.422855731573933,39.1,2.0,2.3521386820966965
30063,Montana,Missoula County,123513.0,19.59793705925692,50.69344927254621,4.331527855367452,38.8,2.0,1.6192627496700753
30093,Montana,Silver Bow County,36118.0,22.733816933385015,48.83991361647932,4.238883659117337,41.9,1.0,2.7687025859682155
30029,Montana,Flathead County,115429.0,23.102513233242945,50.077536840828564,5.169411499709779,42.5,2.0,1.732666834157794
30031,Montana,Gallatin County,128740.0,14.930868416964424,48.12567966443996,4.48500854435296,34.8,2.0,1.5535187199005747
30035,Montana,Glacier County,13463.0,15.813711654163262,51.563544529451086,6.469583302384313,34.9,2.0,14.855529971031716
30085,Montana,Roosevelt County,10242.0,15.455965631712557,50.331966412810004,7.410661980082016,32.9,3.0,29.291154071470416
30025,Montana,Fallon County,2959.0,22.94694153430213,48.969246367015884,5.981750591416019,40.8,1.0,33.79520108144643
30011,Montana,Carter County,1383.0,28.994938539407084,50.2530730296457,5.061460592913955,44.7,1.0,72.30657989877079
30039,Montana,Granite County,3658.0,30.235101148168397,48.00437397484964,3.30781848004374,51.5,1.0,27.33734281027884
30015,Montana,Chouteau County,5865.0,25.14919011082694,50.38363171355499,3.9556692242114235,44.2,2.0,34.10059676044331
30055,Montana,McCone County,1720.0,28.8953488372093,48.081395348837205,5.813953488372093,47.3,1.0,58.13953488372093
30059,Montana,Meagher County,2137.0,32.70940570893776,48.94712213383248,4.8666354702854475,50.4,1.0,46.79457182966776
30099,Montana,Teton County,6496.0,25.538793103448278,50.38485221674877,5.8959359605911335,43.5,1.0,15.394088669950738
30079,Montana,Prairie County,1112.0,38.75899280575539,50.44964028776978,3.6870503597122304,54.6,1.0,89.92805755395683
30033,Montana,Garfield County,1148.0,26.742160278745647,50.08710801393729,7.40418118466899,44.2,1.0,87.10801393728222
30071,Montana,Phillips County,4203.0,26.029026885557933,49.29812039019748,4.687128241732096,44.3,1.0,23.792529145848206
30097,Montana,Sweet Grass County,3762.0,31.100478468899524,49.41520467836257,3.7745879851143007,49.9,1.0,26.581605528973952
30077,Montana,Powell County,7157.0,25.359787620511387,38.4378929719156,4.0100600810395415,45.7,1.0,13.97233477714126
30005,Montana,Blaine County,6860.0,19.081632653061227,49.69387755102041,6.166180758017493,36.7,1.0,14.577259475218659
30105,Montana,Valley County,7385.0,26.134055517941775,49.03182125930941,5.145565335138795,44.7,1.0,13.540961408259987
30067,Montana,Park County,18214.0,25.601185900955308,49.3521467003404,4.359284067201054,46.0,1.0,5.490282200505106
30001,Montana,Beaverhead County,10043.0,25.59992034252713,49.925321119187494,4.122274220850343,43.3,1.0,9.957184108334163
30057,Montana,Madison County,10026.0,30.500698184719727,48.09495312188311,4.089367644125274,49.7,2.0,19.948134849391582
30053,Montana,Lincoln County,22328.0,32.06288068792548,49.67305625223934,4.254747402364744,52.4,1.0,4.478681476173414
30107,Montana,Wheatland County,2100.0,28.523809523809522,50.19047619047618,5.809523809523809,47.5,1.0,47.61904761904762
30091,Montana,Sheridan County,3436.0,27.153667054714788,49.18509895227008,4.452852153667055,46.3,1.0,29.10360884749709
30089,Montana,Sanders County,14062.0,34.888351585834165,48.96885222585692,4.131702460531931,54.9,1.0,7.111363959607453
30073,Montana,Pondera County,6072.0,25.065876152832672,50.21409749670619,6.175889328063241,42.2,1.0,16.469038208168644
30047,Montana,Lake County,33392.0,27.314925730713945,50.967297556300906,4.545999041686632,45.3,2.0,5.989458552946814
30009,Montana,Carbon County,11466.0,31.030873888016746,49.95639281353567,4.360718646432932,50.5,1.0,8.721437292865865
30087,Montana,Rosebud County,8253.0,19.108203077668726,50.830001211680596,7.161032351872046,37.5,1.0,12.11680600993578
30101,Montana,Toole County,5211.0,18.672039915563232,42.94761082325849,5.066206102475532,39.3,1.0,19.190174630589137
30095,Montana,Stillwater County,9445.0,28.173636844891476,48.819481206987824,4.732662784542086,48.1,1.0,10.587612493382741
30061,Montana,Mineral County,5185.0,29.701060752169724,47.09739633558341,3.953712632594021,51.3,1.0,19.286403085824496
30021,Montana,Dawson County,8692.0,23.193741371375978,47.88311090658076,5.476300046019328,42.0,1.0,11.50483202945237
30007,Montana,Broadwater County,8493.0,23.360414458966208,48.60473330978453,5.3809019192275995,43.7,1.0,11.77440244907571
30051,Montana,Liberty County,1957.0,25.03832396525294,51.35411343893714,7.2049054675523765,42.1,1.0,51.0986203372509
30023,Montana,Deer Lodge County,9709.0,29.972190750849727,47.81130909465444,4.016891543928313,51.1,1.0,10.299721907508497
30003,Montana,Big Horn County,12752.0,15.30740276035132,51.23902132998745,7.1675031367628605,32.8,2.0,15.683814303638643
30081,Montana,Ravalli County,48582.0,30.04404923634268,50.39520810176609,4.205261207854761,49.2,1.0,2.058375530031699
30019,Montana,Daniels County,1612.0,29.280397022332505,48.69727047146402,4.838709677419355,45.7,1.0,62.03473945409429
30083,Montana,Richland County,11377.0,19.038410828865253,48.12340687351674,6.1527643491254285,39.6,1.0,8.78966335589347
30027,Montana,Fergus County,11825.0,28.20295983086681,49.35306553911205,5.58985200845666,45.7,1.0,8.456659619450317
30065,Montana,Musselshell County,5582.0,26.92583303475457,49.37298459333572,5.571479756359728,48.0,1.0,17.914725904693658
30017,Montana,Custer County,12034.0,22.635865049027753,49.75901612099053,5.135449559581186,42.0,1.0,8.309788931361144
30041,Montana,Hill County,16167.0,18.766623368590338,50.355662769839796,6.797797983546731,35.8,1.0,6.185439475474733
31109,Nebraska,Lancaster County,334049.0,16.82387913150466,49.989372816562835,5.5030848767695755,35.6,5.0,1.4967863996000588
31019,Nebraska,Buffalo County,51172.0,17.9414523567576,50.37520519033847,5.825451418744626,35.5,2.0,3.908387399359025
31055,Nebraska,Douglas County,606460.0,15.444876826171553,50.65115588826963,6.471160505227055,35.7,12.0,1.9786960393100945
31079,Nebraska,Hall County,63633.0,16.546446026432825,49.266889821319126,7.131519808904185,36.5,2.0,3.1430232740873443
31001,Nebraska,Adams County,31071.0,20.93270252003476,50.98323195262463,6.153648096295581,38.8,1.0,3.2184351968073126
31173,Nebraska,Thurston County,6752.0,12.855450236966826,50.31101895734598,10.53021327014218,27.5,2.0,29.620853080568722
31157,Nebraska,Scotts Bluff County,35586.0,23.05401000393413,51.16056876299668,5.8955769122688695,41.2,1.0,2.8100938571348286
31111,Nebraska,Lincoln County,33303.0,22.58655376392517,50.20268444284298,5.1316698195357775,42.4,1.0,3.0027324865627723
31053,Nebraska,Dodge County,38057.0,19.39459232204325,50.47428856714927,6.789815277084374,38.1,1.0,2.6276374911317237
31153,Nebraska,Sarpy County,208303.0,14.573961968862667,50.237874634546785,6.176579309947528,36.2,2.0,0.9601397963543492
31141,Nebraska,Platte County,35649.0,19.720048248197706,49.412325731437065,6.311537490532694,38.3,2.0,5.610255547140173
31119,Nebraska,Madison County,36106.0,19.367972082202403,49.78950866891929,6.516922395169777,38.1,1.0,2.7696227773777213
31151,Nebraska,Saline County,14996.0,18.22485996265671,49.34649239797279,6.955188050146706,36.9,2.0,13.336889837289943
31083,Nebraska,Harlan County,3000.0,28.233333333333334,49.166666666666664,5.333333333333334,47.5,1.0,33.333333333333336
31059,Nebraska,Fillmore County,5458.0,25.980212532063028,49.50531330157567,5.056797361670942,44.9,1.0,18.32172957127153
31133,Nebraska,Pawnee County,2510.0,29.44223107569721,51.11553784860558,5.657370517928287,45.5,1.0,39.8406374501992
31015,Nebraska,Boyd County,1674.0,35.90203106332139,50.29868578255675,4.121863799283155,54.1,1.0,59.73715651135006
31169,Nebraska,Thayer County,4842.0,27.199504337050804,50.846757538207356,5.5968608013217676,46.4,1.0,20.652622883106154
31105,Nebraska,Kimball County,3391.0,30.63992922441758,49.18902978472427,6.251843114125627,48.0,1.0,29.48982601002654
31099,Nebraska,Kearney County,6790.0,22.40058910162003,49.734904270986746,6.3622974963181145,40.9,1.0,14.727540500736376
31155,Nebraska,Saunders County,23702.0,20.749303856214667,48.75537929288667,6.09653193823306,41.6,1.0,4.2190532444519455
31185,Nebraska,York County,14564.0,21.553144740455917,50.563032134029115,5.7127162867344135,39.5,2.0,13.732491073880801
31131,Nebraska,Otoe County,16531.0,22.345895590103442,49.113786219829414,5.535055350553505,41.5,2.0,12.09848164055411
31069,Nebraska,Garden County,1804.0,34.70066518847006,51.1640798226164,3.9911308203991127,55.4,1.0,55.432372505543235
31061,Nebraska,Franklin County,2795.0,29.159212880143116,47.9427549194991,5.259391771019678,46.4,1.0,35.77817531305903
31047,Nebraska,Dawson County,24452.0,17.7245215115328,47.97153607066907,7.3450024537870116,36.1,3.0,12.268935056437101
31143,Nebraska,Polk County,5270.0,25.332068311195442,48.78557874762809,5.673624288425048,44.4,1.0,18.975332068311197
31129,Nebraska,Nuckolls County,4100.0,31.78048780487805,50.29268292682927,5.731707317073171,48.3,1.0,24.390243902439025
31181,Nebraska,Webster County,3336.0,24.280575539568343,49.9400479616307,5.905275779376499,42.9,1.0,29.976019184652277
31123,Nebraska,Morrill County,4404.0,24.63669391462307,49.886466848319714,5.94913714804723,43.7,1.0,22.70663033605813
31095,Nebraska,Jefferson County,7070.0,26.294200848656295,50.53748231966054,5.954738330975955,44.4,1.0,14.144271570014144
31081,Nebraska,Hamilton County,9678.0,21.058069849142385,49.018392229799545,6.406282289729283,40.3,1.0,10.332713370531103
31039,Nebraska,Cuming County,8823.0,23.257395443726622,49.79032075257849,7.197098492576222,41.6,1.0,11.33401337413578
31037,Nebraska,Colfax County,10934.0,15.758185476495335,49.59758551307847,7.801353576001463,35.0,1.0,9.145783793671118
31127,Nebraska,Nemaha County,7102.0,21.008166713601803,50.253449732469726,5.95606871303858,38.5,1.0,14.080540692762602
31017,Nebraska,Brown County,2826.0,27.176220806794056,50.318471337579616,6.015569709837226,45.6,1.0,35.38570417551309
31003,Nebraska,Antelope County,6352.0,26.558564231738035,49.496221662468514,6.879722921914358,43.0,1.0,15.743073047858942
31121,Nebraska,Merrick County,7905.0,22.99810246679317,49.24731182795699,5.401644528779253,42.6,1.0,12.65022137887413
31089,Nebraska,Holt County,10067.0,24.982616469653323,49.44869375186252,6.496473626701102,42.2,3.0,29.800337737161023
31107,Nebraska,Knox County,8335.0,27.36652669466107,50.893821235752846,6.022795440911818,44.0,1.0,11.997600479904019
31023,Nebraska,Butler County,8507.0,22.65193370165746,49.87657223463031,6.2771834959445165,42.4,1.0,11.755025273304337
31011,Nebraska,Boone County,5355.0,26.872082166199814,49.31839402427638,6.218487394957983,42.4,1.0,18.674136321195142
31041,Nebraska,Custer County,10500.0,25.2,49.63809523809524,6.609523809523809,42.7,2.0,19.047619047619047
31093,Nebraska,Howard County,6538.0,24.457020495564393,49.75527684307128,5.59804221474457,43.8,1.0,15.295197308045275
31159,Nebraska,Seward County,18032.0,20.751996450754216,48.88531499556345,5.412599822537711,38.5,1.0,5.54569653948536
31057,Nebraska,Dundy County,1568.0,32.84438775510204,51.46683673469388,4.910714285714286,51.3,1.0,63.77551020408163
31045,Nebraska,Dawes County,7858.0,21.952150674471877,50.750827182489175,5.013998472893865,36.7,1.0,12.725884448969204
31031,Nebraska,Cherry County,5561.0,24.581909728466105,50.008991188635136,7.2648804171911525,42.8,1.0,17.98237727027513
31179,Nebraska,Wayne County,10020.0,16.357285429141715,49.57085828343313,5.7684630738522955,29.7,1.0,9.98003992015968
31139,Nebraska,Pierce County,7378.0,22.377338031986987,49.43074003795066,6.316074817023584,41.1,2.0,27.10761724044456
31065,Nebraska,Furnas County,4524.0,27.829354553492486,48.65163572060124,5.548187444739169,46.1,1.0,22.104332449160033
31097,Nebraska,Johnson County,5218.0,20.48677654273668,39.55538520505941,3.9862016098121886,42.0,1.0,19.164430816404753
31029,Nebraska,Chase County,3718.0,25.658956428187196,51.31791285637439,6.616460462614309,42.8,1.0,26.896180742334586
31147,Nebraska,Richardson County,7530.0,26.414342629482075,50.969455511288174,5.0066401062417,45.4,1.0,13.280212483399733
31175,Nebraska,Valley County,4094.0,27.088422081094283,50.659501709819246,7.010258915486077,44.0,1.0,24.42598925256473
31101,Nebraska,Keith County,8100.0,28.679012345679013,50.24691358024691,5.185185185185185,47.9,1.0,12.345679012345679
31135,Nebraska,Perkins County,2849.0,24.92102492102492,49.84204984204984,5.124605124605124,42.6,1.0,35.1000351000351
31033,Nebraska,Cheyenne County,9528.0,24.01343408900084,49.842569269521405,5.678001679261125,42.8,1.0,10.495382031905962
31161,Nebraska,Sheridan County,4809.0,28.197130380536496,50.093574547723016,5.531295487627365,46.6,1.0,20.79434393844874
31177,Nebraska,Washington County,21302.0,21.889963383719838,49.708947516665106,5.37038775701812,43.1,1.0,4.694394892498357
31013,Nebraska,Box Butte County,10494.0,24.661711454164283,50.0,5.641318848866018,42.2,1.0,9.52925481227368
31137,Nebraska,Phelps County,8994.0,23.037580609295087,49.65532577273738,6.32643984878808,41.4,1.0,11.1185234600845
31145,Nebraska,Red Willow County,10307.0,23.7799553701368,49.99514892791307,5.44290288153682,42.7,1.0,9.702144173862424
31067,Nebraska,Gage County,21711.0,24.25959191193404,50.23260098567547,5.002072682050573,44.1,1.0,4.605960112385427
32031,Nevada,Washoe County,509386.0,19.525075286717737,49.52864821569498,4.9302493590322465,39.3,8.0,1.5705182317535227
32003,Nevada,Clark County,2407226.0,16.987063117463837,50.35667610768577,5.207778579992073,39.1,26.0,1.0800813882867666
32007,Nevada,Elko County,54815.0,14.280762564991335,48.464836267445044,6.282951746784639,35.7,1.0,1.8243181610872938
32510,Nevada,Carson City,58571.0,23.767734885865018,49.13694490447491,4.4253982346212295,43.3,1.0,1.7073295658260916
32021,Nevada,Mineral County,4407.0,29.725436805082822,49.466757431359206,3.8348082595870205,46.8,1.0,22.69117313365101
32033,Nevada,White Pine County,8661.0,21.810414501789634,46.08012931532156,5.311164992495093,41.2,1.0,11.546010853250202
32015,Nevada,Lander County,5872.0,18.715940054495913,49.14850136239782,5.483651226158038,39.2,1.0,17.029972752043594
32027,Nevada,Pershing County,6421.0,20.900171312879614,36.67653013549291,3.0836318330478116,43.9,1.0,15.57389814670612
32005,Nevada,Douglas County,50111.0,36.24154377282433,49.80742751092574,3.364530741753308,56.2,1.0,1.9955698349663746
32013,Nevada,Humboldt County,17267.0,17.976486940406556,49.50483581398043,6.208374355707419,37.8,1.0,5.79139398853304
32023,Nevada,Nye County,57336.0,31.917120133947257,48.684944886284356,3.624250034882098,52.6,1.0,1.7441049253523093
32017,Nevada,Lincoln County,4320.0,24.328703703703702,47.66203703703704,5.092592592592593,43.5,1.0,23.14814814814815
32001,Nevada,Churchill County,25851.0,21.697419829020152,49.367529302541485,5.628408959034466,39.6,1.0,3.868322308614754
32019,Nevada,Lyon County,65088.0,23.25006145526057,48.58806538839725,4.991703539823009,42.3,1.0,1.5363815142576205
33013,New Hampshire,Merrimack County,158078.0,22.981059983046347,50.521894254735,4.249800731284556,43.8,4.0,2.53039638659396
33009,New Hampshire,Grafton County,93225.0,25.573612228479487,50.525073746312685,3.493698042370609,44.6,5.0,5.363368195226602
33001,New Hampshire,Belknap County,65147.0,28.15939337191275,50.61322854467589,3.622576634380708,50.5,1.0,1.5349900993138597
33011,New Hampshire,Hillsborough County,433415.0,19.75658433602898,50.10094251467992,4.925763990632535,41.5,5.0,1.1536287391991509
33017,New Hampshire,Strafford County,135043.0,19.73815747576698,50.79567248950334,4.25346000903416,39.6,2.0,1.4810097524492198
33015,New Hampshire,Rockingham County,324077.0,23.628335241316105,50.74781610543173,4.499547946938536,45.9,4.0,1.2342745705495917
33005,New Hampshire,Cheshire County,78269.0,24.68921284288799,50.68545656645671,4.30566380048295,44.4,1.0,1.2776450446536944
33007,New Hampshire,Coos County,31343.0,28.456114602941646,48.578629997128544,3.4457454615065566,50.6,3.0,9.571515170851546
33003,New Hampshire,Carroll County,52784.0,35.167853895119734,50.377008184298276,3.125947256744468,56.7,2.0,3.7890269778720826
33019,New Hampshire,Sullivan County,43961.0,25.490775915015583,49.796410454721226,4.044493983303383,47.5,1.0,2.274743522667819
34003,New Jersey,Bergen County,977026.0,19.80663769439094,51.67600452802689,4.959540483057769,42.5,7.0,0.7164599509122582
34013,New Jersey,Essex County,896379.0,14.511607255413168,51.447323063123974,5.852546746409722,37.7,10.0,1.1155995399267498
34017,New Jersey,Hudson County,735033.0,12.735346576276166,50.56698134641574,5.505603149790553,35.5,7.0,0.9523381943395739
34019,New Jersey,Hunterdon County,131781.0,23.368315614542308,51.04453601050227,4.366335055888178,46.3,1.0,0.7588347333834164
34031,New Jersey,Passaic County,531624.0,16.603840308187742,51.50557536905783,6.061238770258679,37.8,2.0,0.3762057393947602
34023,New Jersey,Middlesex County,883335.0,17.40913696389252,50.91556431025602,4.976707591117752,39.6,7.0,0.7924513349974811
34009,New Jersey,Cape May County,93390.0,33.062426383981155,51.638291037584324,3.772352500267694,54.0,1.0,1.0707784559374665
34007,New Jersey,Camden County,535799.0,18.165020838038146,51.82895078191635,5.723788211624135,39.3,5.0,0.9331857655576065
34027,New Jersey,Morris County,524251.0,19.980124024560755,51.10185769793477,5.070662716904688,42.7,4.0,0.7629932990113514
34039,New Jersey,Union County,601863.0,15.619833749541009,51.24156161784327,5.964812590240636,38.6,5.0,0.8307538426518992
34037,New Jersey,Sussex County,148063.0,21.069409643192426,50.067201123845926,5.035018877099613,43.7,1.0,0.675388179356085
34005,New Jersey,Burlington County,481439.0,20.028290188372775,51.02037849031756,5.117574604467025,41.6,6.0,1.246263804968023
34011,New Jersey,Cumberland County,157148.0,17.010716012930484,49.05503092626059,5.962532135311935,37.8,1.0,0.6363428105989258
34025,New Jersey,Monmouth County,651035.0,21.439093136313716,51.46681822021858,5.117697205219382,43.6,5.0,0.7680078644005314
34029,New Jersey,Ocean County,673746.0,23.971941948449416,51.43110311601108,7.559228552006246,40.7,5.0,0.7421194337331873
34021,New Jersey,Mercer County,399289.0,16.9997169969621,50.971101132262596,5.404105798056045,38.8,4.0,1.0017806651322727
34001,New Jersey,Atlantic County,278657.0,22.299457756309728,51.8515594440477,4.91284984766218,43.0,3.0,1.076592369831011
34035,New Jersey,Somerset County,356486.0,18.856280471042343,51.24773483390652,4.8161779144202015,42.5,2.0,0.5610318497781119
34041,New Jersey,Warren County,112953.0,21.647056740414154,51.19474471682912,4.844492842155587,44.1,2.0,1.770647968624118
34033,New Jersey,Salem County,66280.0,20.4963789981895,51.108931804465904,5.5808690404345205,41.5,1.0,1.508750754375377
35001,New Mexico,Bernalillo County,667601.0,20.228849267751247,51.07362032111995,4.655625141364378,40.2,8.0,1.1983205537439279
35049,New Mexico,Santa Fe County,156907.0,29.90561287896652,51.34251499295761,3.5492361717450467,49.2,3.0,1.911960588119077
35035,New Mexico,Otero County,70368.0,20.360106866757615,47.87971805366075,5.292178262846749,37.6,1.0,1.421100500227376
35045,New Mexico,San Juan County,120340.0,18.449393385408012,51.16918730264251,5.413827488781784,38.2,2.0,1.6619577862722288
35005,New Mexico,Chaves County,63364.0,17.519411653304715,50.007890915977526,5.612019443216969,36.8,2.0,3.156366391010668
35039,New Mexico,Rio Arriba County,39832.0,24.322153042779675,50.50964049005825,5.16670014059048,43.7,1.0,2.510544286001205
35009,New Mexico,Curry County,46655.0,14.66295145214875,49.1951559318401,7.58546779552031,32.3,1.0,2.143392991104919
35015,New Mexico,Eddy County,62509.0,15.492169127645619,48.93055400022397,6.477467244716761,36.3,2.0,3.1995392663456457
35028,New Mexico,Los Alamos County,19407.0,19.441438656154997,48.10120059772247,4.750863090637399,40.7,1.0,5.152779924769414
35031,New Mexico,McKinley County,68119.0,16.33464965721752,52.22478310016295,5.212936185205303,36.7,4.0,5.872076806764632
35025,New Mexico,Lea County,74749.0,12.208858981391055,47.73040442012602,7.04357248926407,32.9,2.0,2.6756210785428567
35041,New Mexico,Roosevelt County,18615.0,16.175127585280688,50.94278807413376,5.817888799355359,31.5,1.0,5.372011818426
35019,New Mexico,Guadalupe County,4343.0,22.542021644024867,42.22887405019572,4.121574948192493,42.1,1.0,23.025558369790467
35051,New Mexico,Sierra County,11395.0,38.57832382623958,51.022378236068455,3.5541904344010526,57.1,1.0,8.775778850372971
35053,New Mexico,Socorro County,15838.0,22.70488698067938,48.62987750978659,4.445005682535673,40.3,1.0,6.313928526329082
35037,New Mexico,Quay County,8454.0,28.329784717293588,50.768866808611314,4.696001892595221,47.0,1.0,11.828720132481665
35059,New Mexico,Union County,3844.0,22.58064516129032,44.146722164412076,4.318418314255983,44.0,1.0,26.014568158168576
35027,New Mexico,Lincoln County,19844.0,34.59483975005039,51.068332997379564,3.7593227171941144,53.8,1.0,5.0393065914130215
35007,New Mexico,Colfax County,12184.0,30.65495732107682,51.46913985554826,3.578463558765594,49.7,1.0,8.207485226526591
35006,New Mexico,Cibola County,26807.0,19.42030066773604,50.60991532062521,4.849479613533778,38.5,1.0,3.730368933487522
35029,New Mexico,Luna County,25407.0,22.615814539300196,50.312905892076984,6.962648089109301,38.6,1.0,3.935923170779706
35055,New Mexico,Taos County,34564.0,31.793195232033327,51.63754195116306,3.437102187246847,52.0,1.0,2.8931836592986926
35017,New Mexico,Grant County,27252.0,32.64714516365771,50.82562747688243,4.2162043152796125,50.8,1.0,3.6694554528108028
35047,New Mexico,San Miguel County,26260.0,26.18050266565118,50.54455445544554,3.8118811881188117,45.4,1.0,3.8080731150038076
36029,New York,Erie County,946741.0,21.178231427602693,51.42768719216766,4.87630724770555,40.6,10.0,1.0562550898292142
36119,New York,Westchester County,1015743.0,19.66885324338932,52.158469219083955,5.198755984535458,42.0,12.0,1.1814012008943209
36005,New York,Bronx County,1406332.0,15.742584254642574,53.17457044282573,6.328164331039897,36.4,7.0,0.4977487534949073
36007,New York,Broome County,195736.0,21.8385989291699,51.078493481015244,4.505047615155107,39.9,3.0,1.532676666530429
36001,New York,Albany County,321225.0,19.835940540119854,51.59841232780761,4.358004513969959,39.1,4.0,1.2452330920694217
36081,New York,Queens County,2358182.0,18.42101245790189,51.570659092470386,5.150789888142645,40.3,8.0,0.33924438402125023
36047,New York,Kings County,2653963.0,15.753045539821015,52.60050724143479,6.058223117654617,36.5,11.0,0.41447450473122643
36027,New York,Dutchess County,300708.0,21.137781502321186,50.829043457440434,4.443180760072895,42.6,2.0,0.6650970376577943
36061,New York,New York County,1664862.0,18.668274007094883,52.98012688138717,3.782896119918648,37.7,16.0,0.9610406147776812
36059,New York,Nassau County,1398939.0,20.52419726664279,51.429476195888455,5.0712003882942716,42.3,9.0,0.6433447062380847
36085,New York,Richmond County,501290.0,19.308982824313272,51.552594306688746,5.090466596181851,41.0,3.0,0.598455983562409
36117,New York,Wayne County,91250.0,23.239452054794523,49.959452054794525,4.876712328767123,44.1,1.0,1.0958904109589043
36017,New York,Chenango County,45715.0,24.814612271683256,50.19359072514492,4.9917970031718255,45.3,1.0,2.1874658208465494
36103,New York,Suffolk County,1546090.0,20.066425628520978,50.987911441119216,5.261077945009669,41.9,14.0,0.9055100285235659
36065,New York,Oneida County,226392.0,21.599703169723313,50.04107919007738,5.17111912081699,41.5,3.0,1.3251351637867061
36057,New York,Montgomery County,50046.0,20.637013947168604,50.51552571634097,6.216281021460256,40.2,1.0,1.9981616912440556
36069,New York,Ontario County,113130.0,25.136568549456378,51.14912048086272,4.372845399098383,45.1,3.0,2.6518164942985947
36045,New York,Jefferson County,111540.0,17.630446476600323,48.21499013806706,6.859422628653398,34.9,4.0,3.5861574323112784
36063,New York,Niagara County,208912.0,23.09345561767634,51.13061959102397,4.662250134027725,43.8,2.0,0.9573408899440913
36037,New York,Genesee County,58416.0,22.593125171185978,49.16974801424268,4.445699808271707,43.2,1.0,1.7118597644480964
36033,New York,Franklin County,46500.0,22.313978494623658,47.578494623655914,4.430107526881721,42.7,2.0,4.301075268817204
36077,New York,Otsego County,60589.0,23.44650018980343,52.11341992770965,3.9215039033487926,39.6,2.0,3.300929211573058
36015,New York,Chemung County,80415.0,22.32792389479575,50.54280917739228,4.920723745569856,42.5,2.0,2.4870981782005845
36021,New York,Columbia County,60168.0,29.105172184549925,49.80720648849887,3.4935513894428936,50.3,1.0,1.6620130301821565
36003,New York,Allegany County,46800.0,21.58974358974359,48.84188034188034,4.933760683760684,39.0,2.0,4.273504273504273
36009,New York,Cattaraugus County,75390.0,22.884998010346198,49.86205066985011,5.081575805809789,43.1,1.0,1.326435866825839
36087,New York,Rockland County,357397.0,15.917033439004804,50.530362593978126,9.589895830127283,33.1,5.0,1.3990044684202723
36053,New York,Madison County,67120.0,22.538736591179976,50.963945172824786,4.153754469606675,42.5,2.0,2.9797377830750893
36101,New York,Steuben County,91855.0,23.02215448260846,50.12683033041206,5.1330901965053615,43.6,4.0,4.354689456208154
36055,New York,Monroe County,750506.0,21.160923430325674,51.766807993540354,4.92414451050358,40.4,6.0,0.799460630561248
36071,New York,Orange County,417669.0,15.883630338856847,50.4363503156806,6.893975851691171,37.2,6.0,1.4365442491542346
36067,New York,Onondaga County,466584.0,20.798398573461586,51.78595922706308,5.008958729832141,40.1,5.0,1.071618400973887
36093,New York,Schenectady County,162581.0,19.18612876043326,51.11052336988947,5.552924388458676,39.4,2.0,1.2301560452943454
36013,New York,Chautauqua County,124126.0,23.827401189114287,50.74762741085671,4.944975267067335,43.2,3.0,2.416898957510916
36023,New York,Cortland County,45850.0,20.687022900763356,50.75245365321701,4.575790621592148,38.9,1.0,2.1810250817884405
36083,New York,Rensselaer County,160510.0,19.958881066600213,50.35823313189209,4.648931530745748,40.4,1.0,0.6230141424210329
36113,New York,Warren County,65020.0,27.303906490310677,50.99815441402645,4.009535527529991,48.4,1.0,1.5379883112888342
36089,New York,St. Lawrence County,105488.0,20.929394812680115,49.18853329288639,4.577771879265888,40.1,6.0,5.687850750796299
36075,New York,Oswego County,118569.0,20.418490499202996,50.022349855358485,4.861304388162167,41.0,1.0,0.8433907682446509
36091,New York,Saratoga County,241343.0,22.45807833664121,50.93704810166444,4.331594452708385,44.3,2.0,0.828696088140116
36111,New York,Ulster County,183330.0,23.450062728413243,50.57437407952872,4.090438007963781,44.7,2.0,1.0909289259804724
36011,New York,Cayuga County,74365.0,23.940025549653736,49.00692530088079,4.519599273851947,44.7,1.0,1.3447186176292611
36051,New York,Livingston County,61438.0,23.198997363195417,50.642924574367655,4.251440476578014,42.5,1.0,1.6276571502978614
36019,New York,Clinton County,78138.0,21.595126570938596,49.58662878497018,3.963500473521206,42.5,1.0,1.2797870434359724
36079,New York,Putnam County,99028.0,21.341438784990103,50.33727834551844,4.78551520782001,44.2,1.0,1.00981540574383
36035,New York,Fulton County,52216.0,23.475563045809714,50.30450436647771,4.377968438792707,45.1,1.0,1.915121801746591
36109,New York,Tompkins County,104047.0,17.59493305909829,50.71361980643363,3.114938441281344,32.1,1.0,0.9611041164089305
36105,New York,Sullivan County,80586.0,20.693420693420695,48.869530687712505,6.046956046956047,41.9,2.0,2.4818206636388456
36031,New York,Essex County,36438.0,27.896701245952027,48.80893572643944,3.092924968439541,49.1,1.0,2.744387727098084
36025,New York,Delaware County,44305.0,27.922356393183613,49.87473197156077,3.8099537298273334,48.2,3.0,6.771244780498815
36043,New York,Herkimer County,59219.0,24.076732129890743,50.33013053243047,4.88694506830578,44.4,1.0,1.6886472247082864
36097,New York,Schuyler County,16924.0,26.813991964074685,50.691325927676665,4.295674781375562,48.2,1.0,5.90876861262113
36123,New York,Yates County,24547.0,25.033608994989205,50.934941133336054,6.4203364973316495,41.8,1.0,4.073817574449016
36049,New York,Lewis County,26479.0,23.19951659805884,49.68843234261113,5.162581668492012,43.1,1.0,3.7765776653196874
36073,New York,Orleans County,39825.0,22.435655994978028,50.20715630885122,4.620213433772756,43.5,1.0,2.5109855618330195
36095,New York,Schoharie County,30176.0,25.719114528101805,50.112672322375396,3.9965535524920464,45.3,1.0,3.3138918345705197
36121,New York,Wyoming County,39741.0,22.75735386628419,46.355149593618684,4.380866108049621,43.8,1.0,2.516292997156589
37025,North Carolina,Cabarrus County,249725.0,14.747822604865352,51.57553308639503,5.799979977975774,38.2,1.0,0.4004404845329863
37021,North Carolina,Buncombe County,277417.0,23.151789544260083,52.02348810635253,4.221442809921526,43.7,3.0,1.0814045282012277
37171,North Carolina,Surry County,72287.0,22.9294340614495,51.73682681533332,5.442195692171483,44.4,2.0,2.766749208018039
37081,North Carolina,Guilford County,562234.0,17.958892560748726,52.92493872658004,5.458937026220399,38.2,2.0,0.3557237733754985
37165,North Carolina,Scotland County,33322.0,21.622351599543848,49.96098673549007,5.686933557409519,41.2,1.0,3.0010203469179517
37191,North Carolina,Wayne County,122278.0,18.82104712213154,50.827622303276144,6.823794959027789,37.6,2.0,1.635617200150477
37161,North Carolina,Rutherford County,65745.0,23.591147615788273,51.50962050346034,4.94942581184881,45.4,1.0,1.5210282150733896
37067,North Carolina,Forsyth County,401718.0,19.00313154999278,52.9276756331556,5.615630865432966,39.1,4.0,0.9957233681338651
37159,North Carolina,Rowan County,155096.0,19.915407231650075,50.94006292876669,5.299943260948059,41.0,2.0,1.28952390777325
37099,North Carolina,Jackson County,45039.0,21.476942205643997,51.11792002486734,3.738981771353716,38.0,1.0,2.220297963986767
37089,North Carolina,Henderson County,122375.0,29.118692543411644,52.19121552604699,4.341573033707865,48.6,2.0,1.634320735444331
37105,North Carolina,Lee County,70258.0,19.536565231005724,50.8198354635771,5.886874092630021,39.9,1.0,1.4233254575991345
37045,North Carolina,Cleveland County,103325.0,20.22259859666102,51.81321074280184,5.8378901524316476,41.2,1.0,0.9678199854827003
37163,North Carolina,Sampson County,61504.0,18.88820239334027,50.50728407908429,6.918249219562956,38.8,1.0,1.625910509885536
37107,North Carolina,Lenoir County,55837.0,22.434944570804305,52.6908680623959,6.184071493812347,41.8,1.0,1.790927162992281
37051,North Carolina,Cumberland County,338473.0,14.982288099789349,51.28326336221796,7.101600423076581,33.4,3.0,0.8863336218841681
37063,North Carolina,Durham County,347240.0,15.877203087201936,52.304170026494646,5.910897362055063,36.2,4.0,1.1519410206197442
37071,North Carolina,Gaston County,246558.0,18.106895740555977,51.923279715117744,5.956813406987402,39.9,1.0,0.40558408163596393
37097,North Carolina,Iredell County,211798.0,18.259379219822662,50.809261654973135,5.320635700053825,41.0,3.0,1.416443970198019
37147,North Carolina,Pitt County,182936.0,16.219880176673808,53.35636506756462,5.493177942012507,33.8,2.0,1.0932785236366815
37027,North Carolina,Caldwell County,81105.0,22.76555082917206,51.04247580297145,4.813513346895999,45.0,1.0,1.23296960729918
37133,North Carolina,Onslow County,217175.0,12.759295499021524,46.02141130424773,7.616438356164383,28.7,3.0,1.3813744675952573
37155,North Carolina,Robeson County,119941.0,17.202624623773353,52.37074895156786,7.949741956461927,35.9,1.0,0.8337432571014082
37189,North Carolina,Watauga County,54786.0,18.749315518563137,51.88551819807981,2.657613258861753,31.9,1.0,1.8252838316358193
37119,North Carolina,Mecklenburg County,1233383.0,13.044609825171904,51.94493519044774,6.369716462769472,35.5,8.0,0.6486225284441248
37157,North Carolina,Rockingham County,94195.0,23.474706725410055,51.65348479218642,5.057593290514358,44.8,1.0,1.0616274749190509
37135,North Carolina,Orange County,152498.0,18.06253196763236,52.57511573922281,3.992839250350824,37.0,1.0,0.6557463048695721
37193,North Carolina,Wilkes County,66233.0,24.684069874533844,50.87494149442121,5.168118611568252,45.8,1.0,1.5098213881297842
37047,North Carolina,Columbus County,50487.0,22.189870659773803,50.15944698635292,5.922316635965695,42.6,1.0,1.980707905005249
37183,North Carolina,Wake County,1257235.0,14.389036258137896,51.55472127327031,5.528799309596058,37.5,6.0,0.47723774791506757
37001,North Carolina,Alamance County,186177.0,18.671479291212126,52.23309001648968,5.459320968755539,39.2,1.0,0.5371232751628826
37085,North Carolina,Harnett County,150137.0,14.700573476225049,50.88619061257384,6.854406308904534,35.7,2.0,1.3321166667776765
37023,North Carolina,Burke County,88655.0,23.166206079747333,50.4562630421296,4.756640911398116,44.6,2.0,2.2559359314195477
37007,North Carolina,Anson County,21758.0,21.431197720378712,52.60593804577627,6.177038330728927,42.6,1.0,4.596010662744738
37057,North Carolina,Davidson County,180182.0,20.752350401260948,51.190462976323936,5.362355840206014,42.5,2.0,1.1099887891132298
37111,North Carolina,McDowell County,45198.0,23.067392362493916,49.646002035488294,4.429399530952697,44.9,1.0,2.21248727819815
37101,North Carolina,Johnston County,256448.0,15.184364861492389,51.42056089343649,5.997707137509359,38.3,1.0,0.3899426004492139
37091,North Carolina,Hertford County,19015.0,27.104917170654748,53.52616355508809,5.064422824086248,45.7,1.0,5.259006047856955
37065,North Carolina,Edgecombe County,49121.0,23.077706072759106,53.282710042548,5.970969646383421,42.4,1.0,2.0357891736731744
37139,North Carolina,Pasquotank County,42201.0,21.113243761996163,51.837634179284855,5.424042084310798,40.1,1.0,2.3696120945001304
37125,North Carolina,Moore County,110619.0,25.355499507317912,51.536354514143135,5.650023956101574,43.1,1.0,0.9040038329762519
37035,North Carolina,Catawba County,170172.0,20.50866182450697,51.01485555790612,5.189455374562208,42.2,2.0,1.1752814799144395
37167,North Carolina,Stanly County,68830.0,20.328345198314686,50.671218945227366,5.632718291442685,41.1,1.0,1.4528548597995061
37061,North Carolina,Duplin County,51571.0,19.986038665141262,51.42812821159178,7.250198755114308,38.7,1.0,1.9390742859358943
37151,North Carolina,Randolph County,149516.0,20.7141710586158,50.90960164798416,5.371331496294711,42.0,1.0,0.6688247411648252
37195,North Carolina,Wilson County,81150.0,21.089340727048675,52.65187923598275,5.590881084411584,41.0,1.0,1.2322858903265557
37077,North Carolina,Granville County,61421.0,19.98827762491656,49.68333306198206,5.034108855277511,42.9,2.0,3.2562153009556996
37179,North Carolina,Union County,267674.0,15.184141903957798,50.851782392014165,5.396863348700285,39.5,1.0,0.373588768427266
37049,North Carolina,Craven County,105025.0,24.238990716496073,50.619376338966916,5.606284218043323,41.2,1.0,0.9521542489883362
37181,North Carolina,Vance County,42638.0,21.38702565786388,53.21778695060744,6.405084666260144,40.8,1.0,2.3453257657488624
37129,North Carolina,New Hanover County,245959.0,21.3002980171492,52.85108493692038,4.422688334234567,41.2,2.0,0.8131436540236381
37031,North Carolina,Carteret County,70469.0,30.133817707076872,51.057911989669215,3.478125133037222,51.9,1.0,1.4190637017695724
37109,North Carolina,Lincoln County,98654.0,21.707178624282847,50.61730897885539,5.067204573560119,44.4,1.0,1.0136436434407121
37127,North Carolina,Nash County,99365.0,21.651486942082222,52.5366074573542,5.5824485482815875,42.7,1.0,1.0063905801841695
37083,North Carolina,Halifax County,46534.0,25.237460781364163,51.9512614432458,5.353075170842825,45.6,1.0,2.1489663471870033
37173,North Carolina,Swain County,14024.0,21.95521962350257,52.02509982886481,5.141186537364518,42.5,2.0,14.261266400456359
37019,North Carolina,Brunswick County,174702.0,36.64296917035867,52.547194651463634,3.6124371787386518,57.6,3.0,1.7172098773912146
37145,North Carolina,Person County,40636.0,23.36598090363225,52.12127177871838,5.487744856777242,44.7,1.0,2.460872133083965
37087,North Carolina,Haywood County,63369.0,28.226735470024778,51.545708469440896,4.2181508308478906,48.7,1.0,1.5780586722214331
37093,North Carolina,Hoke County,56939.0,13.098227928133616,51.0634187463777,7.407927782363583,34.4,1.0,1.756265477089517
37123,North Carolina,Montgomery County,26403.0,24.463129189864787,50.032193311366136,5.1698670605613,45.5,1.0,3.7874483960156047
37015,North Carolina,Bertie County,17086.0,26.9460376916774,48.59534121502985,4.161301650474073,47.5,1.0,5.852744937375629
37141,North Carolina,Pender County,72111.0,19.82360527520073,50.1130202049618,5.452704857788687,42.0,1.0,1.3867509811263192
37037,North Carolina,Chatham County,85111.0,27.967007789827402,52.10489830926672,4.50470561972013,48.8,1.0,1.174936259707911
37187,North Carolina,Washington County,10638.0,29.57322805038541,52.491069749953,5.2641473961270915,49.2,1.0,9.400263207369807
37017,North Carolina,Bladen County,30007.0,23.941080414569935,52.18782284133702,6.18855600359916,44.0,1.0,3.3325557369947014
37113,North Carolina,Macon County,39232.0,31.711358075040785,51.572695758564436,4.254180261011419,51.7,2.0,5.097879282218598
37169,North Carolina,Stokes County,46126.0,24.641200190781774,51.12301088323289,4.563586697307375,47.2,1.0,2.16797467805576
37041,North Carolina,Chowan County,14082.0,29.349524215310325,52.741087913648634,5.1342138900724335,48.8,1.0,7.10126402499645
37175,North Carolina,Transylvania County,34211.0,31.741252813422584,51.66174622197539,3.8993306246528894,50.5,1.0,2.9230364502645347
37005,North Carolina,Alleghany County,11479.0,31.379039986061503,49.499085286174754,4.503876644306995,52.2,1.0,8.711560240439063
37149,North Carolina,Polk County,20533.0,34.29114108995276,52.22812058637315,3.4091462523742266,54.9,1.0,4.870208931963181
37011,North Carolina,Avery County,18110.0,26.90778575372722,46.482606294864716,3.7382661512976254,47.2,2.0,11.043622308117063
37055,North Carolina,Dare County,38245.0,29.31886521113871,51.33481500849785,3.854098574977121,51.0,1.0,2.614720878546215
37009,North Carolina,Ashe County,27514.0,29.850258050447042,50.42523806062368,3.7544522788398633,51.0,1.0,3.634513338663953
37039,North Carolina,Cherokee County,30830.0,33.65228673370094,51.48232241323386,4.790788193318197,54.6,1.0,3.243593902043464
37121,North Carolina,Mitchell County,15062.0,27.572699508697383,50.81662461824459,4.036648519452928,49.5,1.0,6.639224538573894
38015,North Dakota,Burleigh County,103251.0,19.3877056880805,49.68281178874781,5.393652361720467,39.1,2.0,1.937027244288191
38101,North Dakota,Ward County,68233.0,15.636129145721277,48.45895680975481,6.700570105374233,34.2,2.0,2.9311330294725426
38017,North Dakota,Cass County,201794.0,13.99397405274686,49.30176318423739,5.849034163552931,33.7,4.0,1.9822194911642566
38035,North Dakota,Grand Forks County,74501.0,15.328653306667025,48.573844646380586,5.609320680259326,31.7,2.0,2.6845277244600743
38079,North Dakota,Rolette County,11688.0,15.263518138261464,51.06947296372347,7.32375085557837,33.0,2.0,17.111567419575632
38105,North Dakota,Williams County,41767.0,11.094883520482677,46.361960399358345,8.68628342950176,33.3,2.0,4.788469365767233
38061,North Dakota,Mountrail County,9395.0,16.295902075572112,47.96168174560937,7.546567323044171,36.0,1.0,10.643959552953698
38053,North Dakota,McKenzie County,15192.0,10.492364402317008,45.96498156924697,8.188520273828331,32.5,1.0,6.582411795681938
38055,North Dakota,McLean County,9740.0,28.819301848049285,48.37782340862423,4.363449691991787,47.3,2.0,20.533880903490758
38039,North Dakota,Griggs County,2239.0,31.21929432782492,49.66502903081733,4.332291201429209,48.3,1.0,44.662795891022775
38009,North Dakota,Bottineau County,6284.0,27.46658179503501,49.15658816040738,4.88542329726289,45.3,1.0,15.913430935709737
38063,North Dakota,Nelson County,2963.0,33.378332770840366,49.308133648329395,3.712453594330071,51.1,1.0,33.74957813027337
38097,North Dakota,Traill County,7920.0,22.108585858585858,48.93939393939394,5.101010101010101,40.7,2.0,25.252525252525253
38057,North Dakota,Mercer County,8441.0,24.783793389408835,49.01078071318564,5.295581092287644,43.6,1.0,11.846937566639024
38073,North Dakota,Ransom County,5617.0,23.197436353925582,47.552074060886596,5.679188178743101,43.5,1.0,17.80309773900659
38011,North Dakota,Bowman County,2762.0,28.38522809558291,49.131064446053585,4.7429398986241855,45.0,1.0,36.20564808110065
38037,North Dakota,Grant County,2206.0,33.499546690843154,50.951949229374435,4.533091568449683,52.5,1.0,45.33091568449683
38021,North Dakota,Dickey County,4895.0,22.26762002042901,49.64249233912155,7.129724208375894,39.3,1.0,20.42900919305414
38031,North Dakota,Foster County,3212.0,26.058530510585303,49.19053549190536,5.168119551681196,44.8,1.0,31.133250311332503
38067,North Dakota,Pembina County,6568.0,27.725334957369064,47.30511571254568,5.526796589524969,45.9,1.0,15.22533495736906
38099,North Dakota,Walsh County,10179.0,23.88250319284802,48.275862068965516,5.668533254740151,43.2,2.0,19.648295510364477
38051,North Dakota,McIntosh County,2451.0,34.353325173398616,50.877192982456144,5.344757241942064,51.8,2.0,81.59934720522236
38019,North Dakota,Cavalier County,3497.0,27.823849013440093,48.269945667715184,5.747783814698313,45.7,1.0,28.595939376608523
38003,North Dakota,Barnes County,10573.0,24.780100255367447,48.273905230303605,4.341246571455595,43.8,1.0,9.458053532582994
38023,North Dakota,Divide County,2110.0,25.924170616113745,47.29857819905213,5.734597156398104,43.6,1.0,47.39336492890995
38103,North Dakota,Wells County,3729.0,30.008045052292843,49.637972646822206,4.585679806918745,49.6,1.0,26.81684097613301
38029,North Dakota,Emmons County,3215.0,30.637636080870916,47.77604976671851,6.25194401244168,50.4,1.0,31.104199066874024
38001,North Dakota,Adams County,2275.0,30.98901098901099,51.51648351648351,3.868131868131868,48.4,1.0,43.956043956043956
38095,North Dakota,Towner County,2040.0,27.1078431372549,49.55882352941177,6.862745098039216,45.0,1.0,49.01960784313725
38069,North Dakota,Pierce County,3838.0,26.88900468994268,49.79155810317874,5.18499218342887,45.1,1.0,26.05523710265763
38071,North Dakota,Ramsey County,11530.0,23.03555941023417,49.75715524718127,5.7328707718993925,40.7,1.0,8.673026886383347
38093,North Dakota,Stutsman County,21414.0,22.43392173344541,48.225459979452694,5.0714485850378255,40.8,2.0,9.33968431867003
38089,North Dakota,Stark County,34013.0,15.667538882192103,48.46676270837621,7.232528739011554,36.0,1.0,2.9400523329315265
38085,North Dakota,Sioux County,3667.0,11.617125715844013,50.5590400872648,7.17207526588492,29.6,1.0,27.270248159258248
39061,Ohio,Hamilton County,838418.0,18.06044240462395,51.558172653735966,6.031836148555971,37.2,13.0,1.5505392298352374
39005,Ohio,Ashland County,52523.0,22.588199455476648,50.53976353216686,5.732726615006759,41.9,1.0,1.9039278030577083
39049,Ohio,Franklin County,1361536.0,14.466749318416847,51.269154836890095,6.266598900065808,35.1,17.0,1.248589827959011
39145,Ohio,Scioto County,71365.0,20.591326280389545,50.75317032158622,5.326140264835704,41.0,2.0,2.8024942198556717
39003,Ohio,Allen County,100881.0,20.9097847959477,49.85378812660461,6.042763255717132,40.1,4.0,3.965067753095231
39157,Ohio,Tuscarawas County,92373.0,22.164485293321643,50.243036385090875,6.168469141415782,41.4,2.0,2.165134833771773
39101,Ohio,Marion County,65115.0,20.33479229056285,46.69277432235276,5.381248560239576,40.9,1.0,1.535744452123167
39149,Ohio,Shelby County,48065.0,19.65463434931863,49.543326745032765,6.439196920836368,40.0,1.0,2.080515967960054
39009,Ohio,Athens County,63197.0,15.818788866560121,50.83310916657437,3.6647309207715555,30.5,2.0,3.1647071854676647
39035,Ohio,Cuyahoga County,1232925.0,21.519800474481414,52.19498347425837,5.161465620374313,40.9,18.0,1.4599428189062595
39153,Ohio,Summit County,538376.0,21.568383434625616,51.6585063227187,5.0286416927946265,41.8,7.0,1.300206547097196
39043,Ohio,Erie County,73296.0,26.830932110892817,50.986411263916175,4.318107400130976,46.2,1.0,1.3643309321108927
39057,Ohio,Greene County,174322.0,19.92691685501543,50.89489565287227,4.976422941453173,38.6,3.0,1.720953178600521
39173,Ohio,Wood County,134176.0,19.013087288337704,50.965895540186025,4.773580968280467,36.9,1.0,0.7452897686620558
39011,Ohio,Auglaize County,45909.0,22.21568755581694,50.10128732928184,5.650308218432116,42.0,1.0,2.178222135093337
39169,Ohio,Wayne County,116758.0,20.93989276966032,50.29805238184964,5.922506380719094,39.4,2.0,1.71294472327378
39119,Ohio,Muskingum County,87014.0,20.66908773300848,51.34346197163675,5.6462178500011495,40.8,1.0,1.1492403521272438
39083,Ohio,Knox County,64002.0,21.46495422018062,50.740601856191994,5.777944439236274,40.3,1.0,1.5624511734008313
39017,Ohio,Butler County,400128.0,17.52964051503519,50.63604646513116,5.4460072776711455,38.0,5.0,1.249600127959053
39095,Ohio,Lucas County,423347.0,19.861720999558283,51.6493562018864,5.505412817381486,39.6,8.0,1.8897027733750327
39113,Ohio,Montgomery County,539598.0,20.178910967053252,51.73721918910004,5.655321183547752,39.3,9.0,1.6679083317580865
39053,Ohio,Gallia County,29072.0,21.639378095762247,50.42652724270776,5.923225096312603,41.4,1.0,3.4397358282883874
39155,Ohio,Trumbull County,198972.0,24.257181915043322,50.73025350300545,4.933860040608729,44.1,2.0,1.0051665560983454
39107,Ohio,Mercer County,42737.0,21.04031635351101,49.23836488288836,7.452558672812786,39.3,1.0,2.339892832908253
39099,Ohio,Mahoning County,224706.0,24.387421786690165,51.33285270531272,5.23217003551307,43.5,5.0,2.225129725062971
39077,Ohio,Huron County,58250.0,20.969957081545065,50.545922746781116,5.459227467811159,41.5,2.0,3.433476394849785
39151,Ohio,Stark County,373771.0,22.406500236775994,51.283539921502744,5.374413745314645,42.2,5.0,1.3377174794192166
39161,Ohio,Van Wert County,29013.0,21.810912349636368,50.62213490504257,5.914590011374211,41.2,2.0,6.893461551718196
39045,Ohio,Fairfield County,169752.0,18.18712003393185,50.39528252980819,5.4161364814552995,39.8,1.0,0.5890946792968567
39055,Ohio,Geauga County,95676.0,25.53409423470881,50.46302102930724,5.106818846941762,45.8,1.0,1.0451941970818177
39165,Ohio,Warren County,257181.0,17.859795241483624,50.065129228053394,5.222780843063834,40.8,3.0,1.1664936367772114
39133,Ohio,Portage County,163404.0,20.89728525617488,51.380015177107055,4.249589973317667,40.4,1.0,0.6119801228856087
39013,Ohio,Belmont County,64434.0,24.916969301921345,48.63581339044604,4.131359220287426,45.3,2.0,3.1039513300431447
39023,Ohio,Clark County,135340.0,21.816166691295997,51.04403723954485,5.846756317422787,41.5,3.0,2.216639574405202
39147,Ohio,Seneca County,54522.0,21.490407541909686,49.94681046183192,5.346465646894831,40.6,3.0,5.502366017387477
39141,Ohio,Ross County,76429.0,19.834094388255767,47.63898520195214,4.944458255374269,41.7,2.0,2.6168077562181895
39103,Ohio,Medina County,185025.0,22.341305229023106,50.78070531009323,4.755033103634644,44.3,2.0,1.080935008782597
39159,Ohio,Union County,73446.0,14.685619366609481,51.63929962149062,5.91727255398524,38.7,1.0,1.3615445361217766
39063,Ohio,Hancock County,75034.0,20.76392035610523,50.81163206013274,5.400218567582696,40.6,1.0,1.33272916277954
39029,Ohio,Columbiana County,99377.0,24.552964971774152,49.33234048119786,4.648963039737565,45.4,2.0,2.012538112440504
39085,Ohio,Lake County,232217.0,24.453851354551993,51.17153352252419,4.514742676031471,45.0,2.0,0.8612633872627757
39143,Ohio,Sandusky County,58655.0,23.150626545051573,50.35035376353252,4.8282328872218905,43.4,2.0,3.409768988151053
39031,Ohio,Coshocton County,37188.0,21.70323760352802,50.586210605571694,6.082607292675057,41.4,1.0,2.6890394750994946
39139,Ohio,Richland County,124893.0,22.240637986116116,48.99073607007598,5.343774270775784,41.4,3.0,2.4020561600730224
39171,Ohio,Williams County,36549.0,22.77764097512928,50.09986593340447,5.447481463241129,42.5,2.0,5.472105939970998
39007,Ohio,Ashtabula County,96713.0,22.72910570450715,49.308779584957556,5.211295275712676,43.5,5.0,5.1699357893974955
39093,Ohio,Lorain County,323219.0,22.253642267317204,50.908517135440675,5.07952812179977,43.0,5.0,1.5469387628821325
39167,Ohio,Washington County,58389.0,24.355614927469215,50.81779102228159,4.860504547089349,44.6,2.0,3.4253027111270957
39075,Ohio,Holmes County,44970.0,15.583722481654435,49.410718256615525,8.83700244607516,31.9,1.0,2.2237046920169
39129,Ohio,Pickaway County,62978.0,17.798278764012828,48.143796246308234,5.490806313315761,39.7,1.0,1.5878560767252057
39109,Ohio,Miami County,112634.0,21.28575740895289,50.723582577196936,5.210682387201023,41.8,2.0,1.7756627661274573
39027,Ohio,Clinton County,42301.0,20.84111486726082,50.69856504574361,5.671260726696768,41.3,1.0,2.3640103070849388
39097,Ohio,Madison County,46985.0,18.48249441311057,45.09098648504842,5.076088113227626,40.8,1.0,2.1283388315419813
39091,Ohio,Logan County,46302.0,22.07680013822297,50.19653578679106,5.6390652671590855,43.4,1.0,2.1597339207809596
39059,Ohio,Guernsey County,38379.0,22.10323353917507,50.72826285208056,5.742723885458193,42.3,1.0,2.605591599572683
39041,Ohio,Delaware County,242032.0,16.820089905467047,50.633800489191515,5.090236001850995,40.5,1.0,0.41316850664374954
39081,Ohio,Jefferson County,63597.0,23.94924288881551,51.27128638143309,4.652735191911568,43.5,1.0,1.572401213893737
39089,Ohio,Licking County,185564.0,19.718803216141062,50.845530383048434,5.193356470004957,40.7,1.0,0.5388976310060142
39025,Ohio,Clermont County,216977.0,20.348239675172945,50.819211252805594,5.358171603441839,41.2,1.0,0.46087834194407706
39039,Ohio,Defiance County,38292.0,22.197848114488668,49.63438838399666,5.50767784393607,41.5,2.0,5.22302308576204
39125,Ohio,Paulding County,18727.0,21.81876435093715,50.14684679873979,5.847172531638811,41.6,1.0,5.339883590537727
39071,Ohio,Highland County,43823.0,20.687766697852723,50.60356433836114,6.072153891791982,41.2,2.0,4.563813522579467
39069,Ohio,Henry County,27598.0,22.012464671352998,50.44930792086383,5.714182187115009,42.2,1.0,3.6234509747083123
39067,Ohio,Harrison County,14070.0,25.536602700781806,50.77469793887705,5.309168443496802,45.7,1.0,7.107320540156361
39021,Ohio,Champaign County,38820.0,21.439979392065943,50.7032457496136,5.273055126223596,42.4,1.0,2.575991756826378
39117,Ohio,Morrow County,36305.0,21.1210577055502,49.67635311940504,5.616306293898912,43.2,1.0,2.7544415369783777
39123,Ohio,Ottawa County,39481.0,29.78141384463413,50.51037207770827,3.6295939819153515,51.5,1.0,2.5328639092221574
39065,Ohio,Hardin County,30072.0,18.432428837456772,50.119712689545096,5.72293163075286,36.5,1.0,3.3253524873636606
39033,Ohio,Crawford County,41896.0,23.58220355165171,50.97145312201642,5.415791483673859,43.6,2.0,4.773725415314111
39079,Ohio,Jackson County,32817.0,19.700155407258432,50.52564219764146,6.143157509827224,40.7,1.0,3.0472011457476307
39001,Ohio,Adams County,27865.0,20.545487170285305,50.54728153597703,5.989592678987978,41.5,1.0,3.5887313834559484
39175,Ohio,Wyandot County,21567.0,23.165020633375065,50.99921175870543,5.462048500023184,44.0,1.0,4.636713497472991
39073,Ohio,Hocking County,27512.0,22.466560046525153,50.49069496946787,5.066879906949694,44.5,1.0,3.634777551613841
39047,Ohio,Fayette County,28552.0,21.05281591482208,51.31689548893248,5.628327262538526,41.7,1.0,3.502381619501261
39051,Ohio,Fulton County,41853.0,22.277972905168088,49.838721238620884,5.086851599646382,42.8,1.0,2.389314983394261
39131,Ohio,Pike County,27061.0,20.36510106795758,50.493329884335395,6.082554229333727,41.1,1.0,3.6953549388418763
39037,Ohio,Darke County,51520.0,23.1152950310559,50.33773291925466,5.830745341614907,42.6,1.0,1.9409937888198758
39015,Ohio,Brown County,44397.0,21.231164267855938,50.15203729981755,5.615244273261707,42.7,1.0,2.252404441741559
40143,Oklahoma,Tulsa County,698782.0,16.629649876499393,51.026643502551586,6.293522157124825,36.8,16.0,2.289698360862186
40153,Oklahoma,Woodward County,19827.0,18.72698845009331,47.17809048267514,5.875825893982952,39.5,2.0,10.087254753618803
40115,Oklahoma,Ottawa County,30438.0,20.106445890005915,50.6307904592943,6.67258032722255,38.6,1.0,3.2853669754911623
40071,Oklahoma,Kay County,43490.0,20.680616233616924,50.59783858358243,6.077259140032192,39.3,2.0,4.5987583352494825
40027,Oklahoma,Cleveland County,303973.0,16.873209133705956,50.529487816352116,4.515861606129492,36.4,4.0,1.3159063469452879
40109,Oklahoma,Oklahoma County,822125.0,16.00973088034058,51.19452637980842,6.6385282043484874,35.9,23.0,2.7976280979169834
40013,Oklahoma,Bryan County,51367.0,17.62026203593747,51.08143360523293,6.461346779060487,36.8,1.0,1.9467751669359705
40097,Oklahoma,Mayes County,40416.0,20.707145684877275,50.01979414093428,5.784837688044339,40.5,1.0,2.4742676167854314
40047,Oklahoma,Garfield County,61779.0,18.499813852603637,49.87940886061607,6.296638016154358,37.2,2.0,3.2373460237297462
40147,Oklahoma,Washington County,54037.0,21.72400392323778,51.3185409996854,5.546199826045117,40.2,1.0,1.8505838592075798
40009,Oklahoma,Beckham County,22159.0,18.299562254614376,45.755674895076496,5.4515095446545425,38.2,1.0,4.512839027031906
40123,Oklahoma,Pontotoc County,38528.0,18.306166943521596,51.279588870431894,6.226640365448505,37.8,3.0,7.7865448504983386
40065,Oklahoma,Jackson County,24764.0,17.969633338717493,50.10095299628493,7.1313196575674365,35.9,1.0,4.038119851397189
40137,Oklahoma,Stephens County,44310.0,22.787181223200182,51.06070864364703,5.725569848792598,42.4,1.0,2.256826901376664
40101,Oklahoma,Muskogee County,66708.0,19.712778077591896,51.283204413263775,6.29909456137195,39.3,2.0,2.9981411524854593
40121,Oklahoma,Pittsburg County,43320.0,21.43351800554017,49.04201292705448,5.083102493074793,41.9,2.0,4.616805170821791
40131,Oklahoma,Rogers County,102197.0,19.493722907717448,50.244136324941046,5.381762674051097,40.2,2.0,1.9570046087458537
40019,Oklahoma,Carter County,48910.0,20.975260682886933,51.15518298916377,6.454712737681456,40.0,3.0,6.1337149867102845
40119,Oklahoma,Payne County,83889.0,15.092562791307563,48.95159079259498,4.50476224534802,28.4,2.0,2.384102802512844
40051,Oklahoma,Grady County,59128.0,18.669665809768638,50.177580841564065,5.107563252604519,40.4,1.0,1.6912461101339467
40031,Oklahoma,Comanche County,122158.0,15.764829155683625,48.29401267211316,6.241097594918057,34.9,4.0,3.2744478462319293
40111,Oklahoma,Okmulgee County,37241.0,20.455949088370346,50.774683816224055,5.706076635965736,39.6,2.0,5.370425069144223
40127,Oklahoma,Pushmataha County,10807.0,24.37309151475895,51.059498473211804,5.228092902748219,44.0,1.0,9.253261774775607
40021,Oklahoma,Cherokee County,49196.0,18.8328319375559,51.085454101959506,5.429303195381738,36.9,2.0,4.065371168387674
40023,Oklahoma,Choctaw County,14059.0,22.462479550465893,51.817341204922116,6.50828650686393,41.8,1.0,7.112881428266592
40135,Oklahoma,Sequoyah County,40842.0,20.31242348562754,50.79574947358112,6.725919396699476,40.4,1.0,2.4484599187111304
40041,Oklahoma,Delaware County,41910.0,26.9887854927225,50.62037699832975,5.084705320925793,47.6,1.0,2.3860653781913626
40125,Oklahoma,Pottawatomie County,75102.0,18.33506431253495,51.59915847780352,5.48853559159543,38.9,1.0,1.3315224627839473
40087,Oklahoma,McClain County,49647.0,17.491489918826918,50.45622091969303,5.700243720667916,39.5,1.0,2.01422039599573
40145,Oklahoma,Wagoner County,93263.0,18.415663231935493,50.327568274664124,5.410505773993974,39.4,1.0,1.0722365782786314
40077,Oklahoma,Latimer County,9645.0,23.05857957490928,50.92794193882841,5.76464489372732,41.8,1.0,10.368066355624675
40001,Oklahoma,Adair County,19828.0,17.586241678434536,50.59007464192051,7.161589671172081,37.5,1.0,5.043373007867662
40017,Oklahoma,Canadian County,187189.0,14.644022885960178,50.88066072258519,5.996613048843682,36.5,1.0,0.5342194252867423
40049,Oklahoma,Garvin County,26377.0,20.138757250635024,50.91936156499981,6.460173636122379,39.7,2.0,7.582363422678848
40035,Oklahoma,Craig County,14518.0,21.46301143408183,48.51219176195068,5.620608899297424,41.8,1.0,6.888001102080176
40039,Oklahoma,Custer County,28175.0,16.244897959183675,50.59094942324756,5.991126885536823,32.3,2.0,7.098491570541261
40037,Oklahoma,Creek County,74967.0,20.573052142942892,50.85437592540718,5.698507343231022,40.9,3.0,4.0017607747408865
40103,Oklahoma,Noble County,10899.0,22.98375997797963,50.94962840627581,4.505000458757684,43.4,1.0,9.175153683824204
40059,Oklahoma,Harper County,3172.0,24.936948297604037,49.52711223203026,5.737704918032787,43.5,1.0,31.525851197982345
40075,Oklahoma,Kiowa County,8181.0,22.637819337489304,50.3728150592837,5.549443833272216,42.7,1.0,12.223444566678891
40005,Oklahoma,Atoka County,14609.0,19.987678828119652,45.96481620918612,5.263878431104114,40.6,1.0,6.845095489082072
40081,Oklahoma,Lincoln County,35278.0,20.71546006009411,49.929134304665794,5.346108056012246,41.4,2.0,5.669255626736209
40011,Oklahoma,Blaine County,8515.0,21.268349970640045,49.71227246036406,6.036406341749853,40.0,2.0,23.48796241926013
40129,Oklahoma,Roger Mills County,3259.0,24.455354403191162,49.98465787051243,6.13685179502915,43.7,1.0,30.684258975145752
40069,Oklahoma,Johnston County,10448.0,20.587672281776417,49.91385911179173,5.340735068912711,39.3,1.0,9.571209800918837
40105,Oklahoma,Nowata County,9522.0,21.455576559546312,50.861163621088004,5.660575509346776,41.8,1.0,10.501995379122032
40085,Oklahoma,Love County,10780.0,22.244897959183675,50.01855287569573,6.484230055658627,40.8,1.0,9.276437847866418
40025,Oklahoma,Cimarron County,2059.0,25.83778533268577,47.59592034968431,4.905293831957261,42.9,1.0,48.56726566294317
40113,Oklahoma,Osage County,46794.0,23.389750822755055,49.6708979783733,4.688635295123307,43.9,2.0,4.274052228918237
40067,Oklahoma,Jefferson County,5431.0,22.942367888050082,50.58000368256307,6.444485361811821,41.6,1.0,18.412815319462343
40073,Oklahoma,Kingfisher County,15795.0,18.879392212725545,50.300728078505855,5.90693257359924,38.3,1.0,6.331117442228554
40015,Oklahoma,Caddo County,26130.0,18.05587447378492,43.89207807118255,5.633371603520857,38.8,2.0,7.654037504783774
40083,Oklahoma,Logan County,55473.0,18.383718205253004,50.22082815063184,5.411641699565554,40.2,1.0,1.8026787806680726
40029,Oklahoma,Coal County,5436.0,21.3392200147167,50.625459896983074,7.229580573951434,40.0,1.0,18.39587932303164
40117,Oklahoma,Pawnee County,16029.0,21.847900680017467,49.89082288352361,5.084534281614574,42.2,1.0,6.238692370079231
40063,Oklahoma,Hughes County,13455.0,19.777034559643255,44.68227424749164,5.655890003716091,40.0,1.0,7.432181345224824
40007,Oklahoma,Beaver County,4882.0,22.32691519868906,49.46743138058173,5.79680458828349,41.6,1.0,20.48340843916428
40149,Oklahoma,Washita County,10884.0,21.554575523704518,49.67842704887909,4.750091877986034,41.0,1.0,9.187798603454613
40095,Oklahoma,Marshall County,16255.0,23.199015687480777,50.42140879729315,6.2811442633036,43.0,1.0,6.151953245155337
40099,Oklahoma,Murray County,13805.0,23.723288663527708,49.243027888446214,5.2589641434262955,43.8,1.0,7.243752263672582
40093,Oklahoma,Major County,7536.0,22.677813163481954,51.04830148619958,5.679405520169851,42.2,1.0,13.26963906581741
40055,Oklahoma,Greer County,5373.0,19.709659408151868,42.955518332402754,4.96929089893914,41.0,1.0,18.611576400521123
40043,Oklahoma,Dewey County,4207.0,22.22486332303304,50.72498217256952,5.443308771095793,40.3,1.0,23.769907297361538
40107,Oklahoma,Okfuskee County,11451.0,20.766745262422496,46.8343376124356,6.1392018164352455,42.1,1.0,8.732861758798357
40061,Oklahoma,Haskell County,11787.0,21.905489098158988,50.4538898786799,6.515652837872232,41.6,1.0,8.483922965979469
40045,Oklahoma,Ellis County,3613.0,25.79573761417105,51.53611956822585,5.120398560752837,44.5,1.0,27.67783005812344
40079,Oklahoma,Le Flore County,50196.0,19.491592955613992,49.92031237548809,6.71965893696709,39.3,1.0,1.9921906127978326
40057,Oklahoma,Harmon County,2327.0,23.11989686291362,50.666093682853464,6.446067898581866,40.7,1.0,42.97378599054577
40139,Oklahoma,Texas County,20322.0,13.664993602991832,49.48823934652101,7.302430863104026,33.5,1.0,4.920775514221041
40151,Oklahoma,Woods County,8443.0,19.128271941253107,47.28177188203245,5.033755774013976,36.0,1.0,11.844131232974062
40089,Oklahoma,McCurtain County,30744.0,18.728857663283893,51.42141556075982,6.846864428831642,37.7,1.0,3.2526671870934165
41065,Oregon,Wasco County,26310.0,24.146712276700875,50.889395667046756,5.047510452299505,42.7,1.0,3.800836183960471
41033,Oregon,Josephine County,87867.0,29.83941639068137,51.194418837561315,4.43511215814811,48.0,1.0,1.1380836946749064
41067,Oregon,Washington County,611708.0,16.515069281421855,50.644261641175206,5.049141093462894,38.8,5.0,0.8173834574666344
41029,Oregon,Jackson County,221795.0,25.712031380328682,51.335692869541695,4.656101354854708,43.9,3.0,1.3526003742194368
41051,Oregon,Multnomah County,795391.0,16.328824439803817,50.90829541697103,4.3058068295970156,39.2,8.0,1.0057946343370745
41003,Oregon,Benton County,97728.0,20.232686640471513,50.25376555337263,3.048256385068762,34.9,1.0,1.0232481990831697
41039,Oregon,Lane County,381584.0,23.35842173676045,51.04328273722169,3.8769969390750134,41.7,4.0,1.04826198163445
41043,Oregon,Linn County,132843.0,21.43357196088616,50.58377182087126,5.38154061561392,40.4,2.0,1.5055366108865351
41019,Oregon,Douglas County,111951.0,28.733999696295704,50.82491447150985,4.3858473796571715,47.1,3.0,2.6797438164911433
41047,Oregon,Marion County,355777.0,18.460440107145768,50.08137119600199,5.611942312178696,37.9,4.0,1.1242997720482213
41071,Oregon,Yamhill County,110024.0,21.10993964953101,50.12633607212972,4.774412855377009,40.6,2.0,1.8177852104995273
41005,Oregon,Clackamas County,426280.0,21.923149103875385,50.82762503518814,4.555925682649901,43.0,3.0,0.703762785023928
41017,Oregon,Deschutes County,213072.0,23.112844484493504,50.61950889840055,4.4313659232559885,43.3,1.0,0.4693249230307126
41035,Oregon,Klamath County,70274.0,24.24082875601218,50.115263112957855,5.0288869283091895,42.3,1.0,1.4230013945413666
41045,Oregon,Malheur County,32261.0,18.78429062955271,45.9068224791544,6.36992033724931,37.8,1.0,3.099717925668764
41011,Oregon,Coos County,63992.0,30.530378797349666,50.22034004250532,4.022377797224653,49.3,3.0,4.688086010751344
41041,Oregon,Lincoln County,50636.0,34.645311635990204,52.3441820048977,3.4165415909629515,54.0,2.0,3.9497590646970533
41007,Oregon,Clatsop County,40926.0,27.596149147241363,50.70126569906661,3.5503103161804233,46.9,2.0,4.8868689830425645
41023,Oregon,Grant County,7075.0,33.04593639575972,50.17667844522968,4.791519434628976,50.7,1.0,14.13427561837456
41063,Oregon,Wallowa County,7595.0,33.12705727452271,51.5997366688611,4.147465437788019,50.1,1.0,13.166556945358787
41025,Oregon,Harney County,7380.0,28.441734417344172,50.47425474254743,5.338753387533876,46.5,1.0,13.550135501355014
41053,Oregon,Polk County,90037.0,21.234603551873118,51.62544287348535,4.788031587014228,39.4,1.0,1.110654508701978
41037,Oregon,Lake County,8187.0,26.957371442530842,46.57383657017222,4.910223525100769,47.1,1.0,12.214486380847685
41049,Oregon,Morrow County,12602.0,17.941596571972703,48.93667671798127,6.633867640057134,36.9,1.0,7.935248373274083
41013,Oregon,Crook County,27564.0,27.340008707009144,50.2575823537948,4.9303439268611235,46.0,1.0,3.6279204759831667
41001,Oregon,Baker County,16658.0,29.703445791811745,48.97346620242526,4.33425381198223,47.7,1.0,6.003121623244087
41057,Oregon,Tillamook County,27384.0,30.390008764241895,50.628104002337125,3.8051416885772715,49.7,1.0,3.6517674554484367
41027,Oregon,Hood River County,23720.0,20.52698145025295,50.189713322091066,4.363406408094435,42.5,1.0,4.2158516020236085
41059,Oregon,Umatilla County,81119.0,17.999482242138093,48.04546407130265,5.914767193875664,37.2,2.0,2.4655136281265793
41061,Oregon,Union County,25900.0,23.482625482625483,50.50579150579151,5.057915057915058,40.6,1.0,3.8610038610038613
41015,Oregon,Curry County,22621.0,40.01149374475045,51.540603863666504,3.518854162061801,58.9,1.0,4.420671057866584
41031,Oregon,Jefferson County,25740.0,21.96969696969697,48.224553224553226,5.633255633255634,41.0,1.0,3.885003885003885
42069,Pennsylvania,Lackawanna County,216502.0,22.254297881774765,50.91454120516208,4.904342685056027,42.3,5.0,2.309447487783023
42003,Pennsylvania,Allegheny County,1225035.0,21.888517470929404,51.40538841747379,4.687784430648921,40.8,18.0,1.4693457737942182
42037,Pennsylvania,Columbia County,66193.0,21.987219192361728,51.606665357364065,4.311634160711858,40.6,2.0,3.021467526777756
42041,Pennsylvania,Cumberland County,277270.0,20.914271287914307,50.64774407617124,4.992245825368774,40.5,4.0,1.4426371406931873
42093,Pennsylvania,Montour County,17868.0,25.54846653234833,51.08573987015894,5.383926572643833,43.7,2.0,11.193194537721066
42049,Pennsylvania,Erie County,265832.0,21.910454723283877,50.59962683198411,4.768048993349183,41.3,5.0,1.8808871768635829
42091,Pennsylvania,Montgomery County,877643.0,21.212269681408046,51.328159627547876,4.927516085697715,42.1,15.0,1.7091231856233116
42119,Pennsylvania,Union County,42313.0,21.026634840356394,47.708741994186184,4.450168978800841,39.5,1.0,2.363339871906979
42073,Pennsylvania,Lawrence County,83911.0,25.359011333436616,51.428299031116296,4.583427679326906,45.1,1.0,1.1917388661796429
42013,Pennsylvania,Blair County,119541.0,24.548063007671008,50.85786466567955,4.738123321705523,44.4,4.0,3.3461322893400594
42101,Pennsylvania,Philadelphia County,1574281.0,15.884902377656848,52.835167292243256,5.692312871717311,35.7,21.0,1.3339422885749115
42107,Pennsylvania,Schuylkill County,145085.0,23.007891925423028,48.64941241341283,4.538029431023193,44.1,3.0,2.0677533859461694
42017,Pennsylvania,Bucks County,647828.0,23.12326728699593,50.87461486690912,4.597825348703669,44.8,7.0,1.0805337219138413
42007,Pennsylvania,Beaver County,166032.0,24.815095885130578,50.83297195721307,4.615977642864026,45.2,1.0,0.6022935337766213
42111,Pennsylvania,Somerset County,72004.0,26.402699850008332,47.822343203155384,4.249763902005444,47.1,3.0,4.166435198044553
42051,Pennsylvania,Fayette County,123021.0,25.077019370676553,50.0540558116094,4.370798481560058,46.2,2.0,1.6257386950195496
42125,Pennsylvania,Washington County,210802.0,24.379749717744616,50.796956385613036,4.633257748977713,44.9,4.0,1.8975152038405707
42011,Pennsylvania,Berks County,440072.0,20.016951771528298,50.84395280772237,5.315948299369194,40.3,6.0,1.3634132596484212
42081,Pennsylvania,Lycoming County,112587.0,22.925382148915947,51.18708198992778,4.89221668576301,42.1,4.0,3.5528080506630433
42133,Pennsylvania,York County,473197.0,20.50668114971143,50.46523963592331,5.311529870223184,41.5,5.0,1.0566423709364177
42087,Pennsylvania,Mifflin County,46127.0,23.300886682420273,50.74468315736988,6.055022004465931,43.0,1.0,2.167927677932664
42095,Pennsylvania,Northampton County,324411.0,22.22581848334366,50.95696508441452,4.441587985610846,42.3,2.0,0.616501906532146
42029,Pennsylvania,Chester County,557116.0,19.84093079358697,50.920275131211454,5.221713251818293,41.2,5.0,0.8974791605338924
42061,Pennsylvania,Huntingdon County,43001.0,24.61803213878747,47.32913188065394,4.516174042464129,44.6,1.0,2.325527313318295
42001,Pennsylvania,Adams County,107594.0,24.663085302154393,50.58832276892764,4.486309645519267,44.8,1.0,0.9294198561258062
42075,Pennsylvania,Lebanon County,146380.0,22.558409618800383,51.07460035523979,5.3627544746550075,42.0,3.0,2.049460308785353
42043,Pennsylvania,Dauphin County,293351.0,19.693473006739367,51.3456575910769,5.546938650285835,40.0,3.0,1.0226656803624328
42071,Pennsylvania,Lancaster County,563159.0,21.645574340461575,51.29332923739122,6.057436709703653,39.9,5.0,0.8878487247828767
42015,Pennsylvania,Bradford County,59600.0,23.671140939597315,50.18456375838927,5.236577181208054,43.6,2.0,3.355704697986577
42033,Pennsylvania,Clearfield County,78100.0,24.633802816901408,47.47119078104994,4.235595390524968,46.5,1.0,1.2804097311139564
42121,Pennsylvania,Venango County,49346.0,27.20990556478742,50.3647712073927,4.511003931423013,47.6,1.0,2.0265067077372025
42031,Pennsylvania,Clarion County,36680.0,23.366957470010906,51.213195201744824,4.956379498364232,42.7,2.0,5.452562704471101
42021,Pennsylvania,Cambria County,128968.0,26.185565411574963,50.4063023385646,4.480181130202841,46.0,2.0,1.5507722845977299
42039,Pennsylvania,Crawford County,81792.0,24.710240610328636,51.18593505477308,5.216891627543037,44.6,2.0,2.445226917057903
42009,Pennsylvania,Bedford County,47480.0,26.44481887110362,50.208508845829826,5.124262847514744,47.4,1.0,2.1061499578770007
42127,Pennsylvania,Wayne County,51703.0,27.224725837959113,47.17714639382628,3.9900972864243855,49.1,1.0,1.9341237452372204
42077,Pennsylvania,Lehigh County,384383.0,19.765442280225713,51.46715645593068,5.13784428551731,40.3,2.0,0.5203143739447373
42079,Pennsylvania,Luzerne County,332126.0,21.65744325948586,50.49559504525391,4.980037696536856,42.4,4.0,1.2043621998879943
42055,Pennsylvania,Franklin County,160652.0,22.06259492567786,51.061300201678165,5.552996539103154,42.0,2.0,1.2449269227896322
42129,Pennsylvania,Westmoreland County,349324.0,26.67723946823007,51.01739359448535,4.243624829671021,47.4,5.0,1.431335951723901
42123,Pennsylvania,Warren County,37038.0,26.41341325125547,50.09179761326206,4.797775257843296,47.3,2.0,5.399859603650305
42059,Pennsylvania,Greene County,33885.0,23.650582853770103,47.673011657075406,3.9279917367566775,44.8,1.0,2.9511583296443855
42045,Pennsylvania,Delaware County,580937.0,19.64722508636909,51.916817141962035,5.5362285411326875,39.9,3.0,0.5164071147129551
42005,Pennsylvania,Armstrong County,63698.0,26.346196112907784,50.16641024835945,4.339225721372728,47.5,1.0,1.5699080033910013
42019,Pennsylvania,Butler County,200169.0,23.16392648212261,50.62721999910076,4.476217596131269,43.9,1.0,0.4995778567110791
42063,Pennsylvania,Indiana County,82878.0,22.844421921378412,50.954414923140035,4.454740703202297,40.7,1.0,1.2065928231858876
42085,Pennsylvania,Mercer County,107860.0,25.297608010383833,50.265158538846656,4.743185610977193,45.0,4.0,3.7085110328203226
42065,Pennsylvania,Jefferson County,43255.0,25.04450352560398,49.947982892151195,5.259507571379031,45.0,2.0,4.623742919893654
42089,Pennsylvania,Monroe County,167179.0,21.734787263950615,50.30536131930445,4.207466248751338,44.4,2.0,1.1963225046207957
42027,Pennsylvania,Centre County,157393.0,17.605611431258062,47.95448336330078,3.4957081954089446,34.0,2.0,1.2707045421333858
42025,Pennsylvania,Carbon County,65868.0,24.324406388534644,50.28845569927734,4.37238112588814,46.3,1.0,1.518187890933382
42057,Pennsylvania,Fulton County,14483.0,24.35268935993924,49.63060139473866,4.681350548919423,45.8,1.0,6.9046468273147825
42035,Pennsylvania,Clinton County,37870.0,22.360707684182728,50.66807499339847,5.18352257723792,40.7,1.0,2.6406126221283337
42115,Pennsylvania,Susquehanna County,38237.0,26.76726730653555,49.53840520961372,4.81993880273034,47.1,2.0,5.230535868399718
42105,Pennsylvania,Potter County,15897.0,28.766433918349378,49.49361514751211,4.849971692772221,50.0,1.0,6.290495061961376
42047,Pennsylvania,Elk County,29926.0,26.478647330080868,49.04430929626412,4.36075653278086,48.6,1.0,3.3415758871883985
42117,Pennsylvania,Tioga County,40502.0,25.564169670633547,49.86173522295195,4.4244728655375045,45.2,1.0,2.4690138758579825
42083,Pennsylvania,McKean County,38984.0,23.286476503180793,48.612251179971274,4.163246460086189,44.2,1.0,2.5651549353580956
44007,Rhode Island,Providence County,678179.0,17.98920344038963,51.2260037541711,5.079484914749646,38.7,9.0,1.3270832626784372
44005,Rhode Island,Newport County,83051.0,27.206174519271293,51.34435467363427,3.880747974136374,47.5,1.0,1.2040794210786143
44009,Rhode Island,Washington County,129795.0,27.718325051042026,52.011248507261456,3.4045995608459494,47.7,2.0,1.5408914056781848
44003,Rhode Island,Kent County,173495.0,23.114787169659067,51.523675033862645,4.324620306060694,44.4,1.0,0.5763854866134471
45091,South Carolina,York County,306887.0,17.364697755199796,51.75846484210801,5.396448855767758,40.1,1.0,0.32585283834114837
45019,South Carolina,Charleston County,436200.0,19.519486474094453,51.65680880330123,5.360155891792755,39.7,8.0,1.8340210912425492
45033,South Carolina,Dillon County,27458.0,20.252749654017045,53.64920970209046,6.347876757229224,40.4,1.0,3.6419258503896863
45083,South Carolina,Spartanburg County,380857.0,17.491867026206688,51.63906663130782,6.021945244540602,38.1,2.0,0.5251314797942535
45073,South Carolina,Oconee County,83775.0,27.15726648761564,50.82781259325575,4.1802447030737095,48.1,1.0,1.1936735302894659
45031,South Carolina,Darlington County,62888.0,22.010558453123014,53.10711105457321,5.912097697493957,41.9,1.0,1.5901284823813764
45077,South Carolina,Pickens County,139198.0,19.158321240247705,50.872138967513905,4.518743085389158,36.6,2.0,1.4368022529059326
45079,South Carolina,Richland County,434956.0,16.7320372635393,52.58118062516668,5.100286005940831,36.7,5.0,1.1495415628247456
45023,South Carolina,Chester County,33001.0,21.14178358231569,52.128723372019024,5.399836368594891,43.0,1.0,3.0302112057210384
45043,South Carolina,Georgetown County,65912.0,33.91795120767083,52.90690617793421,3.729214710523122,54.6,1.0,1.517174414370676
45045,South Carolina,Greenville County,583125.0,18.656548767416933,51.596312968917466,5.770289389067524,38.9,8.0,1.3719185423365488
45007,South Carolina,Anderson County,219930.0,20.171872868640023,51.93061428636384,5.523120993043241,40.8,2.0,0.9093802573546129
45029,South Carolina,Colleton County,39382.0,23.736732517393733,51.37880249860343,5.723426946320654,43.9,1.0,2.5392311208166167
45057,South Carolina,Lancaster County,114296.0,22.65258626723595,51.46286834184923,6.092951634352908,42.5,2.0,1.7498425141737246
45059,South Carolina,Laurens County,71848.0,20.908028059236162,51.47533682218016,5.350183721189177,41.6,2.0,2.7836543814719965
45021,South Carolina,Cherokee County,58275.0,19.63277563277563,51.217503217503214,5.86014586014586,40.4,1.0,1.716001716001716
45055,South Carolina,Kershaw County,73166.0,20.353716206981385,51.871087663668916,5.666566437962988,41.3,1.0,1.3667550501599104
45051,South Carolina,Horry County,427551.0,29.94239283734572,52.12711466000547,4.093780625001462,50.9,5.0,1.1694511298067365
45041,South Carolina,Florence County,138504.0,20.379916825506843,53.45405186853809,5.726188413331023,40.6,2.0,1.4440016172818113
45071,South Carolina,Newberry County,39561.0,23.16928287960365,51.84651550769698,5.525643942266374,43.4,1.0,2.5277419680998965
45067,South Carolina,Marion County,28242.0,24.792861695347355,53.657672969336446,5.548473904114439,45.1,1.0,3.5408257205580345
45013,South Carolina,Beaufort County,204433.0,31.212181986274228,51.28819711103393,4.375516672944192,50.4,3.0,1.467473450959483
45085,South Carolina,Sumter County,105067.0,20.26992300151332,52.2942503355002,6.2740917700134196,38.9,1.0,0.9517736301598028
45047,South Carolina,Greenwood County,70379.0,21.995197431051878,53.602637150286306,5.289930234871197,41.4,1.0,1.420878387018855
45049,South Carolina,Hampton County,18174.0,22.20204688015847,49.449763398261254,5.656432265874326,42.9,1.0,5.502366017387477
45063,South Carolina,Lexington County,317588.0,19.25009761074096,51.69779714598788,5.315062281950199,40.4,3.0,0.9446200738063151
45003,South Carolina,Aiken County,181515.0,22.811888824615046,52.21827397184806,5.973610996336391,42.3,1.0,0.5509186568603146
45053,South Carolina,Jasper County,38533.0,27.963044663016117,49.78330262372512,5.652298030259777,48.9,1.0,2.595178158980614
45025,South Carolina,Chesterfield County,44740.0,20.751005811354492,51.51765757711221,5.889584264640143,41.6,1.0,2.235136343316942
45087,South Carolina,Union County,26799.0,24.045673346020376,52.278070077241686,4.765103175491623,45.3,1.0,3.7314825180044036
45027,South Carolina,Clarendon County,31043.0,27.903231002158297,50.57823019682376,4.699932351898979,47.7,1.0,3.221338143864961
45035,South Carolina,Dorchester County,178397.0,17.217217778325868,51.78394255508781,5.852676894790831,38.8,1.0,0.560547542839846
45005,South Carolina,Allendale County,7355.0,27.61386811692726,46.06390210740992,4.622705642420122,47.8,1.0,13.596193065941538
45001,South Carolina,Abbeville County,24836.0,24.86310194878402,51.41729747141247,4.634401674987921,44.8,1.0,4.026413271058142
46029,South Dakota,Codington County,29562.0,21.125093024829173,49.06298626615249,5.402205534131656,40.3,1.0,3.382721060821325
46011,South Dakota,Brookings County,37635.0,15.140162083167263,48.7365484256676,5.338116115318188,29.1,1.0,2.6571011026969575
46135,South Dakota,Yankton County,23635.0,24.35794372752274,49.05436852126084,4.831817220224243,43.5,2.0,8.462026655383964
46013,South Dakota,Brown County,37561.0,20.694337211469342,50.46723995633769,5.295386171827161,39.8,2.0,5.324671867096191
46065,South Dakota,Hughes County,17570.0,19.903244166192373,51.06431417188389,5.4923164484917475,40.7,1.0,5.691519635742743
46099,South Dakota,Minnehaha County,212691.0,15.42096280519627,49.334480537493356,6.587960938638683,36.4,6.0,2.8209938361284683
46093,South Dakota,Meade County,30711.0,19.611865455374296,48.12607860375761,4.955879001009411,39.0,2.0,6.512324574256781
46081,South Dakota,Lawrence County,29459.0,26.5589463321905,50.03564275773108,3.67290132047931,46.4,2.0,6.789096710682644
46103,South Dakota,Pennington County,116792.0,19.96455236660045,49.50938420439756,5.598842386464827,39.6,3.0,2.568669086923762
46121,South Dakota,Todd County,8863.0,8.676520365564707,51.33701906803565,5.9235022001579605,26.0,1.0,11.282861333634209
46127,South Dakota,Union County,17402.0,21.83657050913688,49.56901505574072,5.7637053212274445,42.3,1.0,5.746465923457074
46083,South Dakota,Lincoln County,77145.0,15.792339101691619,50.652667055544754,5.439108172921123,36.8,2.0,2.5925205781320892
46102,South Dakota,Oglala Lakota County,13338.0,7.894736842105263,49.86504723346828,8.74194032088769,26.2,1.0,7.497375918428549
46009,South Dakota,Bon Homme County,7244.0,22.749861954721148,40.94422970734401,5.756488128106019,42.0,2.0,27.60905577029266
46079,South Dakota,Lake County,10993.0,23.478577276448647,47.78495406167561,5.285181479123079,41.5,1.0,9.096697898662786
46049,South Dakota,Faulk County,2178.0,24.931129476584022,52.066115702479344,10.1010101010101,40.1,1.0,45.91368227731864
46107,South Dakota,Potter County,2377.0,34.2869162810265,49.60033655868742,5.4270088346655445,52.4,1.0,42.069835927639886
46043,South Dakota,Douglas County,2888.0,27.770083102493075,51.211911357340725,7.894736842105263,42.2,1.0,34.62603878116344
46023,South Dakota,Charles Mix County,9303.0,19.42384177147157,49.69364721057723,7.63194668386542,37.0,2.0,21.49844136300118
46039,South Dakota,Deuel County,4408.0,23.434664246823957,49.38747731397459,7.055353901996369,42.2,1.0,22.686025408348456
46089,South Dakota,McPherson County,2347.0,32.25394120153388,48.35960801022582,4.857264593097571,51.1,1.0,42.60758414997869
46053,South Dakota,Gregory County,4037.0,29.32870943770126,51.05276195194451,5.6972999752291305,45.8,2.0,49.541738915035914
46101,South Dakota,Moody County,6632.0,21.908926417370324,49.09529553679132,7.554282267792521,40.0,1.0,15.078407720144751
46037,South Dakota,Day County,5484.0,28.537563822027717,49.58059810357403,4.595185995623632,46.3,1.0,18.23486506199854
46091,South Dakota,Marshall County,4426.0,24.13014008133755,47.19837324898328,7.953004970628107,42.2,1.0,22.593764121102577
46067,South Dakota,Hutchinson County,7413.0,24.092809928503982,50.57331714555511,7.51382706056927,41.1,2.0,26.97963037906381
46007,South Dakota,Bennett County,3307.0,16.087087995161777,50.80133051103719,8.315693982461445,32.6,1.0,30.23888720895071
46115,South Dakota,Spink County,6155.0,24.79285134037368,49.4557270511779,6.206336311941511,43.8,1.0,16.246953696181965
46045,South Dakota,Edmunds County,4022.0,25.509696668324217,49.20437593237195,5.445052212829438,45.5,1.0,24.86325211337643
46055,South Dakota,Haakon County,1802.0,27.85793562708102,49.334073251942286,6.60377358490566,44.0,1.0,55.49389567147614
46047,South Dakota,Fall River County,7467.0,35.569840632114634,49.658497388509446,3.4150261149055847,56.1,1.0,13.39225927413955
46033,South Dakota,Custer County,9431.0,36.64510656346093,49.27367193298696,3.3930654225426786,57.2,1.0,10.60332944544587
46073,South Dakota,Jerauld County,1654.0,32.04353083434099,48.428053204353084,8.222490931076178,45.8,1.0,60.45949214026602
46129,South Dakota,Walworth County,5217.0,25.2635614337742,50.48878665899943,6.900517538815411,43.1,1.0,19.168104274487252
46051,South Dakota,Grant County,7534.0,26.187947969206267,48.96469338996549,6.039288558534643,44.3,1.0,13.273161667109106
46125,South Dakota,Turner County,9314.0,20.667811896070432,49.83895211509555,9.244148593515138,39.6,1.0,10.736525660296328
46015,South Dakota,Brule County,5278.0,25.04736642667677,50.0,6.801818870784388,42.4,1.0,18.946570670708603
46077,South Dakota,Kingsbury County,5284.0,25.56775170325511,48.9780469341408,6.737320211960636,43.2,1.0,18.925056775170326
46123,South Dakota,Tripp County,5708.0,23.458304134548,48.80868955851437,8.05886475122635,41.1,1.0,17.519271198318147
46005,South Dakota,Beadle County,19624.0,18.584386465552384,51.06502242152467,7.521402364451692,36.2,1.0,5.095801059926621
46027,South Dakota,Clay County,15031.0,14.170713858026746,51.932672476881116,3.579269509679995,25.7,1.0,6.652917304237907
46059,South Dakota,Hand County,3121.0,27.74751682153156,50.46459468119192,6.37616148670298,44.4,1.0,32.04101249599487
46109,South Dakota,Roberts County,10255.0,22.174549000487566,49.77084349098001,6.767430521696734,39.3,1.0,9.751340809361286
46035,South Dakota,Davison County,20069.0,22.128656136329663,49.907818027804076,5.3166575315162685,41.3,1.0,4.982809307887787
46041,South Dakota,Dewey County,5419.0,11.348957372208893,49.787783723934304,12.972873223842038,26.2,1.0,18.453589223103894
47113,Tennessee,Madison County,100790.0,19.814465720805636,52.297847008631805,5.978767734894335,39.3,3.0,2.976485762476436
47165,Tennessee,Sumner County,215538.0,17.968061316334012,51.30185860497917,5.698763095138677,40.1,2.0,0.9279106236487301
47037,Tennessee,Davidson County,745904.0,13.354935755807718,51.88817863961046,6.624444968789549,34.6,11.0,1.4747206074776378
47031,Tennessee,Coffee County,62419.0,19.981095499767697,50.89636168474343,6.044633845463721,40.5,2.0,3.2041525817459426
47077,Tennessee,Henderson County,28518.0,20.804404235921172,51.25534749982468,5.522827687776141,42.4,1.0,3.50655726208009
47035,Tennessee,Cumberland County,66300.0,35.28657616892911,51.27300150829562,4.200603318250377,54.8,1.0,1.5082956259426847
47009,Tennessee,Blount County,143820.0,22.609511889862326,51.19107217355027,4.704491725768321,43.8,1.0,0.6953135864274788
47163,Tennessee,Sullivan County,163759.0,23.732436079849045,51.28206693983232,4.731343010155167,45.1,4.0,2.4426138410713305
47093,Tennessee,Knox County,511453.0,17.760185197857865,51.37207133402287,5.436276647121045,37.7,7.0,1.3686497097485009
47017,Tennessee,Carroll County,29200.0,22.10958904109589,51.34589041095891,5.60958904109589,42.3,1.0,3.4246575342465753
47019,Tennessee,Carter County,57361.0,24.05292794756019,51.06082529941946,4.206690957270619,45.8,1.0,1.7433447812973972
47055,Tennessee,Giles County,31433.0,22.667260522380936,51.5859128940922,5.071103617217574,43.8,1.0,3.181369897878026
47187,Tennessee,Williamson County,272061.0,16.76572533365679,51.16609877931787,4.7015191446035995,41.4,2.0,0.7351292541011023
47063,Tennessee,Hamblen County,68843.0,18.89661984515492,51.15843295614659,6.273695219557545,39.5,1.0,1.4525805092747266
47145,Tennessee,Roane County,57395.0,24.61189999128844,50.640299677672274,4.674623225019601,46.0,1.0,1.7423120480878125
47073,Tennessee,Hawkins County,59559.0,23.820077570140533,50.71945465840595,4.597122181366376,46.4,1.0,1.679007370842358
47013,Tennessee,Campbell County,40290.0,21.633159592951102,50.374782824522214,5.42566393646066,44.1,1.0,2.482005460412013
47001,Tennessee,Anderson County,82066.0,21.313333170862478,50.90780591231447,5.292081982794336,41.9,2.0,2.437062851850949
47125,Tennessee,Montgomery County,249935.0,11.483785784303919,50.66037169664113,7.247484345929942,32.5,2.0,0.8002080540940644
47043,Tennessee,Dickson County,58662.0,19.341311240666872,50.946097985067,6.077187958133033,40.8,1.0,1.7046810541747637
47157,Tennessee,Shelby County,910226.0,16.609061925280095,52.87445096053068,6.671859516208063,36.9,13.0,1.4282167285926792
47059,Tennessee,Greene County,73831.0,23.311346182497868,51.08965068873509,4.2922349690509405,45.3,1.0,1.3544446099876746
47149,Tennessee,Rutherford County,386352.0,12.666169710523045,51.170694082080594,6.186327494098646,34.9,4.0,1.0353252992090114
47089,Tennessee,Jefferson County,60024.0,22.464347594295614,51.13121418099426,4.729774756763961,44.6,1.0,1.6660002665600426
47025,Tennessee,Claiborne County,33229.0,21.953715128351742,51.15712179120647,4.926419693641097,43.0,1.0,3.0094194829817327
47051,Tennessee,Franklin County,45579.0,22.46868075210075,51.056407556111374,4.958423835538296,42.8,1.0,2.193992847583317
47141,Tennessee,Putnam County,86612.0,18.31847780907957,50.371772964485295,5.5373389368678705,36.5,1.0,1.1545744238673623
47053,Tennessee,Gibson County,51779.0,19.645029838351455,51.773885165800806,6.048784256165627,40.5,1.0,1.9312848838332144
47183,Tennessee,Weakley County,33261.0,19.710772376056042,51.38149785033522,4.894621328282373,38.1,2.0,6.01304831484321
47179,Tennessee,Washington County,141199.0,21.02351999660054,51.66183896486519,4.471703057387092,41.2,3.0,2.1246609395250675
47147,Tennessee,Robertson County,80175.0,17.02026816339258,50.5219831618335,6.2301216089803555,39.5,1.0,1.2472715933894605
47107,Tennessee,McMinn County,57404.0,21.068218242631175,51.203748867674726,5.863702877848233,42.2,1.0,1.742038882307853
47045,Tennessee,Dyer County,36320.0,19.32544052863436,51.88601321585903,6.0517621145374445,39.6,1.0,2.7533039647577096
47119,Tennessee,Maury County,118131.0,19.328542042308964,51.49029467286318,6.469089400750015,39.1,3.0,2.5395535464865278
47155,Tennessee,Sevier County,101342.0,22.399400051311403,50.90288330603304,5.539657792425648,43.6,1.0,0.9867577115115155
47123,Tennessee,Monroe County,49730.0,24.184596822843353,50.46048662779007,5.117635230243314,45.8,1.0,2.0108586366378445
47065,Tennessee,Hamilton County,390833.0,19.4392489886985,51.68473491235387,5.828320535881054,39.4,5.0,1.2793187883315893
47103,Tennessee,Lincoln County,36853.0,22.0551922502917,51.05961522806827,5.877404824573305,43.1,1.0,2.713483298510298
47071,Tennessee,Hardin County,27983.0,25.322517242611585,51.141764642818856,5.249615838187471,46.5,1.0,3.5735982560840514
47105,Tennessee,Loudon County,63764.0,30.169060912113416,51.23737532149802,4.871087133805909,50.8,1.0,1.5682830437237314
47131,Tennessee,Obion County,30067.0,22.795756144610372,51.588119865633416,5.767120098446802,43.2,1.0,3.325905477766322
47167,Tennessee,Tipton County,62287.0,18.06637018960618,50.88862844574309,5.436126318493425,39.9,1.0,1.6054714466903208
47079,Tennessee,Henry County,32896.0,25.750851167315176,51.57769941634241,4.854693579766537,46.8,1.0,3.03988326848249
47003,Tennessee,Bedford County,55273.0,16.456497747544006,50.21258118792177,6.692236715937256,37.4,1.0,1.8092015993342137
47041,Tennessee,DeKalb County,21873.0,20.705893110227223,49.96571115073378,5.989119005166186,42.7,1.0,4.57184656882915
47177,Tennessee,Warren County,43717.0,19.953336230756914,50.662213784111444,5.897019466111582,40.9,1.0,2.287439668778736
47029,Tennessee,Cocke County,37889.0,23.513420781757237,51.225949484019104,5.099105281216184,46.0,1.0,2.639288447834464
47099,Tennessee,Lawrence County,46914.0,19.43129982521209,51.12120049452189,6.172997399496952,39.7,1.0,2.131559875516903
47011,Tennessee,Bradley County,115465.0,18.948599142597324,51.78105919542718,5.541073052440133,39.9,1.0,0.8660633092279045
47133,Tennessee,Overton County,23787.0,22.78555513515786,50.15344515912052,5.254971202757809,44.8,1.0,4.203976962206247
47185,Tennessee,White County,29612.0,22.143050114818315,50.56733756585168,5.197217344319871,43.5,1.0,3.3770093205457243
47189,Tennessee,Wilson County,175033.0,17.003650740146146,51.21891300497621,5.877748767375295,39.3,1.0,0.5713208366422332
47015,Tennessee,Cannon County,15296.0,20.855125523012553,50.44456066945606,6.040794979079498,42.9,1.0,6.53765690376569
47075,Tennessee,Haywood County,17042.0,23.800023471423543,53.051285060438914,5.674216641239291,44.2,1.0,5.867855885459453
47021,Tennessee,Cheatham County,42778.0,19.32301650381037,50.41376408434242,5.493477955958671,41.9,1.0,2.337650194024966
47181,Tennessee,Wayne County,16416.0,22.337962962962962,44.596734892787524,4.5626218323586745,45.2,1.0,6.091617933723197
47081,Tennessee,Hickman County,26219.0,19.314237766505208,47.61432548914909,5.427361836835883,41.7,1.0,3.814027994965483
47169,Tennessee,Trousdale County,12623.0,14.99643507882437,39.99841559058861,4.8641368929731446,39.0,1.0,7.922047056959519
47085,Tennessee,Humphreys County,19646.0,21.561641046523466,49.98981981064848,5.008653160948794,43.7,1.0,5.0900946757609695
47091,Tennessee,Johnson County,18718.0,25.659792712896678,46.31370872956512,4.0228656907789295,48.3,1.0,5.342451116572284
47111,Tennessee,Macon County,27663.0,17.142030871561293,50.66695586162021,6.680403426960199,38.5,1.0,3.6149369193507574
47007,Tennessee,Bledsoe County,15920.0,21.821608040201003,43.86306532663317,4.277638190954773,44.6,1.0,6.28140703517588
47159,Tennessee,Smith County,20981.0,18.89805061722511,51.093846813783905,5.619369906105524,41.1,1.0,4.766217053524618
47117,Tennessee,Marshall County,38071.0,17.948044443277034,50.73940794830711,6.057103832313309,39.5,1.0,2.6266712195634474
47143,Tennessee,Rhea County,34844.0,21.269085064860523,50.611296062449775,5.47870508552405,42.2,1.0,2.869934565491907
47067,Tennessee,Hancock County,7075.0,23.2226148409894,50.07773851590106,4.381625441696113,45.8,1.0,14.13427561837456
47097,Tennessee,Lauderdale County,24617.0,18.76751838160621,52.313441930373315,5.5286996790835605,40.4,1.0,4.06223341593208
47005,Tennessee,Benton County,16183.0,25.458814805660264,50.38002842489032,4.727182846196626,47.8,1.0,6.179323981956374
47069,Tennessee,Hardeman County,25274.0,20.285669067025403,44.92363693914695,5.266281554166337,41.5,2.0,7.913270554720265
47083,Tennessee,Houston County,8479.0,23.21028423163109,50.90222903644298,4.953414317726147,44.6,1.0,11.793843613633683
47151,Tennessee,Scott County,22671.0,18.54351374002029,51.021128313704736,6.042962374840104,40.9,1.0,4.410921441489127
48141,Texas,El Paso County,877858.0,15.57005802760811,51.06691515028626,6.177878426807069,35.0,12.0,1.3669636774968161
48265,Texas,Kerr County,54037.0,32.20386031793031,51.50359938560616,4.463608268408683,49.9,1.0,1.8505838592075798
48485,Texas,Wichita County,129555.0,17.639612519779245,48.43348384855853,5.85774381536799,36.5,5.0,3.859364748562387
48041,Texas,Brazos County,249088.0,11.839992291880781,49.844231757451176,5.4860129753340185,26.9,3.0,1.204393627954779
48113,Texas,Dallas County,2661397.0,13.010084553337965,50.45166128916505,6.7528068905165215,34.5,30.0,1.1272275425274771
48167,Texas,Galveston County,372207.0,18.13480133366648,51.28920197631963,5.469805780116978,39.9,2.0,0.5373354074480061
48469,Texas,Victoria County,92656.0,19.521671559316182,51.227119668451046,6.374115006043861,38.0,2.0,2.1585218442410636
48061,Texas,Cameron County,433946.0,15.690201084927619,51.40224820599798,6.787250026500994,34.3,6.0,1.3826605153636629
48479,Texas,Webb County,281224.0,11.324424657923933,50.981424060535375,7.780985975592411,31.1,2.0,0.711176855460416
48183,Texas,Gregg County,126095.0,18.603433918870692,51.92037749315992,6.522859748602245,37.4,3.0,2.3791585709187517
48245,Texas,Jefferson County,254321.0,17.23648460017065,48.65937142430236,6.459946288352122,38.0,3.0,1.1796115932227382
48201,Texas,Harris County,5045026.0,13.095710507735738,50.86566451788356,6.640302745714294,35.0,50.0,0.9910751698801948
48439,Texas,Tarrant County,2248466.0,13.878929012046434,51.11800667655192,6.2250885714971895,35.7,30.0,1.334242990554449
48303,Texas,Lubbock County,328906.0,15.100363021653603,51.048323837205764,6.16954388183858,33.3,8.0,2.4323058867883227
48309,Texas,McLennan County,272020.0,16.84692302036615,51.28299389750753,6.163517388427322,35.2,3.0,1.1028600838173663
48355,Texas,Nueces County,352992.0,17.712582721421448,50.58783201885595,5.92166394705829,38.0,4.0,1.1331701568307497
48027,Texas,Bell County,402248.0,13.792983433105945,51.06650623495953,7.390714186273145,33.6,7.0,1.7402199638034248
48353,Texas,Nolan County,14117.0,20.39385138485514,50.16646596302331,6.226535382871715,40.0,1.0,7.083658000991712
48453,Texas,Travis County,1389670.0,11.587715069045169,49.18095662999129,5.699770449099426,35.2,14.0,1.0074334194449042
48029,Texas,Bexar County,2160088.0,14.33561965993978,50.92417531137621,6.20766376184674,35.3,20.0,0.9258882045546293
48039,Texas,Brazoria County,419080.0,14.544478381215997,50.21141548153098,5.992650567910662,37.5,3.0,0.7158537749355731
48449,Texas,Titus County,31563.0,16.636568133574123,51.319583056110005,6.640686880207839,35.9,1.0,3.168266641320533
48025,Texas,Bee County,32515.0,14.780870367522681,35.87267415039213,4.4994617868676,38.0,1.0,3.075503613716746
48423,Texas,Smith County,252549.0,19.15905428253527,51.97724006034472,6.161180602576134,37.9,4.0,1.583851054646821
48097,Texas,Cooke County,44461.0,20.842985987719576,50.64663412878703,5.719619441757945,40.7,2.0,4.498324374170622
48323,Texas,Maverick County,58823.0,15.295037655338897,51.78246604219437,8.362375261377352,32.4,1.0,1.7000153001377014
48187,Texas,Guadalupe County,201111.0,16.190064193405632,50.683453416272606,5.645638478253303,38.2,1.0,0.49723784377781427
48493,Texas,Wilson County,56139.0,19.205899641960134,49.99020288925703,5.201375158089742,41.9,1.0,1.7812928623595004
48215,Texas,Hidalgo County,921549.0,12.879944528180271,51.13661888841505,7.536224335331057,31.7,7.0,0.7595906457497106
48135,Texas,Ector County,173801.0,11.354365049683258,48.84206650134349,8.652999695053538,32.4,2.0,1.1507413651244816
48329,Texas,Midland County,187855.0,11.510473503500041,49.0830693886242,8.302680258710176,33.1,2.0,1.0646509275771208
48003,Texas,Andrews County,18914.0,12.377075182404567,50.211483557153436,7.460082478587291,33.0,1.0,5.287088928835783
48251,Texas,Johnson County,218048.0,15.015042559436454,50.151801438215436,6.333009245670677,36.8,2.0,0.9172292339301438
48465,Texas,Val Verde County,47835.0,15.624542698860665,49.442876554823876,7.563499529633114,32.8,1.0,2.0905194940942824
48117,Texas,Deaf Smith County,18626.0,14.860947063244925,49.785246429721894,8.643831203693761,32.2,1.0,5.368839256952646
48273,Texas,Kleberg County,30315.0,15.955797460003298,50.62840178129638,6.557809665182253,29.6,1.0,3.2986970146792016
48013,Texas,Atascosa County,53590.0,16.488150774398207,50.246314610934874,6.615040119425266,36.7,1.0,1.8660197798096658
48073,Texas,Cherokee County,53337.0,19.9261300785571,49.22474079907006,6.695164707426364,39.1,3.0,5.624613307835086
48277,Texas,Lamar County,51503.0,20.90557831582626,51.90571423023902,6.4598178746869115,39.9,1.0,1.941634467895074
48037,Texas,Bowie County,92696.0,18.93285578665746,49.72274963320963,6.03478035729697,39.3,2.0,2.1575904030378874
48367,Texas,Parker County,184767.0,17.122646360010172,50.216218264083956,5.838704963548685,39.8,1.0,0.541222187944817
48375,Texas,Potter County,114453.0,16.534297921417526,48.87595781674574,6.597467956278996,36.6,5.0,4.3686054537670485
48365,Texas,Panola County,23018.0,22.22608393431228,50.53436441046137,5.6651316361108695,41.7,1.0,4.344426101312017
48005,Texas,Angelina County,88154.0,19.92989541030469,51.404360550854186,6.256097284297933,39.4,3.0,3.40313542210223
48339,Texas,Montgomery County,781194.0,14.923949748717988,50.955460487407734,6.290626912137062,37.1,8.0,1.0240734055817122
48441,Texas,Taylor County,150077.0,16.850016991277812,50.90053772396836,6.4773416312959355,34.3,2.0,1.3326492400567709
48177,Texas,Gonzales County,20159.0,21.132000595267623,50.59774790416191,7.207698794583065,39.9,1.0,4.9605635200158735
48223,Texas,Hopkins County,39063.0,20.21350126718378,51.40414202698206,6.01080306172081,39.7,1.0,2.559967232419425
48237,Texas,Jack County,9563.0,18.19512705218028,43.61602007738157,4.569695702185507,40.1,1.0,10.45696957021855
48015,Texas,Austin County,33625.0,22.328624535315985,50.4267657992565,5.98364312267658,41.9,1.0,2.9739776951672865
48209,Texas,Hays County,304390.0,13.45215020204343,50.83248464141398,5.860245080324584,34.2,4.0,1.314103617070206
48257,Texas,Kaufman County,209235.0,11.064114512390374,51.698807560876524,7.784548474203647,33.4,2.0,0.955863024828542
48181,Texas,Grayson County,153613.0,19.240559067266442,51.28797692903595,6.246867127131167,39.4,4.0,2.6039462805882314
48157,Texas,Fort Bend County,975191.0,14.1524070669233,51.39085574005503,5.538299676678722,38.2,10.0,1.0254401445460428
48471,Texas,Walker County,83842.0,16.615777295388945,41.19892178144605,3.950287445433077,38.9,1.0,1.192719639321581
48143,Texas,Erath County,43911.0,17.353282776525244,51.337933547402706,4.973696795791487,33.6,1.0,2.277333697706725
48231,Texas,Hunt County,123336.0,15.59804112343517,50.9202503729649,6.806609586819744,35.9,2.0,1.6215865602905883
48075,Texas,Childress County,6643.0,18.049074213457775,41.47222640373325,4.90742134577751,34.5,1.0,15.053439710973958
48089,Texas,Colorado County,21439.0,26.344512337329167,51.009841876953224,5.872475395307617,44.2,2.0,9.328793320583982
48139,Texas,Ellis County,240867.0,14.119825463845192,51.26356038809799,6.4952857801193185,36.5,3.0,1.2455006289778177
48213,Texas,Henderson County,88595.0,23.983294768327784,51.13606862689768,5.665105254246853,43.8,1.0,1.1287318697443423
48373,Texas,Polk County,53434.0,22.753303140322643,46.82973387730659,4.9949470374667815,45.5,1.0,1.8714676048957593
48445,Texas,Terry County,11720.0,16.22013651877133,48.64334470989761,7.80716723549488,35.0,1.0,8.532423208191126
48293,Texas,Limestone County,22849.0,21.895925423432097,49.87526806424789,5.72016280800035,41.2,2.0,8.753118298393803
48085,Texas,Collin County,1297179.0,12.41625095688413,50.61483419019272,5.709851917121692,37.1,15.0,1.1563554451621556
48349,Texas,Navarro County,57181.0,18.019971668911,50.82282576380266,6.503908640982145,37.2,1.0,1.7488326542033192
48425,Texas,Somervell County,10261.0,23.009453269661826,50.31673326186532,5.096969106324919,43.5,1.0,9.745638826625084
48457,Texas,Tyler County,20443.0,24.64413246588074,45.658660666242724,4.358460108594629,44.8,1.0,4.891649953529326
48321,Texas,Matagorda County,36463.0,20.291802649260894,50.68425527246798,6.853522749088118,39.0,2.0,5.485012204152154
48401,Texas,Rusk County,54854.0,19.309439603310608,47.07222809640136,5.201079228497466,39.7,1.0,1.8230211105844605
48115,Texas,Dawson County,11776.0,17.35733695652174,43.99626358695652,6.895380434782608,36.7,1.0,8.491847826086957
48347,Texas,Nacogdoches County,66035.0,17.46952373741198,52.14658893011281,6.010449004315893,33.1,2.0,3.0286969031574165
48189,Texas,Hale County,31819.0,16.838995568685377,47.591061944121435,6.169269933058865,36.1,2.0,6.285552657217385
48363,Texas,Palo Pinto County,30791.0,21.94147640544315,50.70637523951804,6.167386573998896,41.6,1.0,3.24770225065766
48451,Texas,Tom Green County,120602.0,19.104160793353344,50.69235999402994,6.001558846453625,37.1,2.0,1.6583472910897
48241,Texas,Jasper County,33075.0,23.180650037792894,50.48526077097506,5.944066515495087,43.1,1.0,3.023431594860166
48487,Texas,Wilbarger County,12481.0,20.038458456854418,50.324493229709155,6.321608845445076,40.1,1.0,8.012178511337233
48049,Texas,Brown County,38711.0,23.4119500917052,50.56443904833251,5.29565239854305,43.0,1.0,2.5832450724600244
48221,Texas,Hood County,70501.0,27.56272960667225,51.37515779918015,4.9091502248195065,46.3,1.0,1.4184195968851507
48123,Texas,DeWitt County,20309.0,22.487567088482937,46.69850805061795,5.411393963267517,42.4,1.0,4.9239253532916445
48171,Texas,Gillespie County,28527.0,33.498089529217935,51.83510358607635,5.061871209731132,52.0,1.0,3.5054509762680968
48121,Texas,Denton County,1069346.0,12.554589440648769,50.78954800410719,5.6859987319352205,36.9,16.0,1.4962416280605155
48337,Texas,Montague County,21966.0,23.732131475917324,51.283802239825185,5.076026586542839,44.5,1.0,4.5524902121460435
48227,Texas,Howard County,30504.0,16.850249147652764,47.426567007605556,6.048387096774194,37.4,2.0,6.556517178075007
48427,Texas,Starr County,66319.0,13.801474690511014,51.811698005096574,8.231426891237806,31.7,1.0,1.507863508195238
48161,Texas,Freestone County,20811.0,22.70433905146317,48.277353322762,5.261640478593052,43.7,1.0,4.805151122002787
48481,Texas,Wharton County,42060.0,20.211602472658107,50.55397051830718,6.564431764146457,39.3,1.0,2.377555872563005
48279,Texas,Lamb County,12579.0,19.953891406312106,50.13117099928452,6.3677557834486045,38.1,1.0,7.949757532395262
48491,Texas,Williamson County,752827.0,13.665556628548126,50.40440898108065,6.077226241885586,37.0,9.0,1.1954937854248053
48001,Texas,Anderson County,59805.0,17.82961290861968,39.48666499456567,4.7437505225315615,40.6,1.0,1.672100994900092
48219,Texas,Hockley County,21600.0,17.962962962962965,51.51851851851852,6.643518518518518,37.0,1.0,4.62962962962963
48249,Texas,Jim Wells County,38804.0,18.99546438511494,50.925162354396456,6.705494278940316,37.7,1.0,2.5770539119678384
48369,Texas,Parmer County,9678.0,15.251084934903906,47.73713577185369,7.387890059929737,34.5,1.0,10.332713370531103
48383,Texas,Reagan County,3166.0,15.445356917245737,48.862918509159826,6.096020214782059,35.9,1.0,31.58559696778269
48413,Texas,Schleicher County,2245.0,27.037861915367483,49.755011135857465,4.721603563474387,45.5,1.0,44.543429844098
48051,Texas,Burleson County,20549.0,23.446396418317192,50.86378899216507,5.649909971288141,43.6,1.0,4.866416857267994
48267,Texas,Kimble County,4438.0,33.46101847679135,51.14916629112213,4.844524560612888,53.4,1.0,22.53267237494367
48371,Texas,Pecos County,14560.0,15.618131868131869,43.74313186813187,6.236263736263736,38.0,2.0,13.736263736263735
48501,Texas,Yoakum County,7438.0,14.977144393654207,49.78488841086314,9.10190911535359,32.5,1.0,13.444474321054047
48461,Texas,Upton County,3131.0,19.099329287767485,50.52698818268924,5.461513893324817,38.7,2.0,63.877355477483235
48399,Texas,Runnels County,9693.0,24.130816052821626,50.23212627669452,5.746414938615495,43.6,2.0,20.633446817290828
48151,Texas,Fisher County,3692.0,25.812567713976165,50.24377031419285,4.2795232936078005,44.7,1.0,27.085590465872155
48495,Texas,Winkler County,7540.0,13.806366047745358,48.222811671087534,7.771883289124669,36.6,1.0,13.26259946949602
48313,Texas,Madison County,14226.0,16.490932096161956,42.555883593420496,6.143680584844651,35.3,1.0,7.0293828201883874
48391,Texas,Refugio County,6657.0,23.899654499023583,50.80366531470632,5.287667117320114,43.5,1.0,15.021781583295779
48433,Texas,Stonewall County,1186.0,33.895446880269816,52.360876897133224,5.311973018549747,52.5,1.0,84.31703204047217
48071,Texas,Chambers County,57594.0,13.211445636698269,49.98784595617599,6.3947633434038265,35.2,2.0,3.4725839497169844
48185,Texas,Grimes County,34252.0,21.195842578535558,46.33014130561719,5.84491416559617,41.2,1.0,2.9195375452528323
48281,Texas,Lampasas County,23657.0,23.409561651942344,50.50090882191317,4.958363275140551,45.0,1.0,4.227078665933973
48435,Texas,Sutton County,3203.0,23.91507961286294,50.73368716827974,5.151420543240712,42.6,1.0,31.220730565095224
48095,Texas,Concho County,3607.0,20.04435819240366,31.632935957859715,2.2179096201829775,40.5,1.0,27.72387025228722
48325,Texas,Medina County,56881.0,19.702536875230745,48.29908053655878,5.4376681141330145,40.6,1.0,1.7580562929625008
48111,Texas,Dallam County,7508.0,11.041555673947789,46.830047948854556,11.48108684070325,31.4,1.0,13.319126265316994
48317,Texas,Martin County,5284.0,14.061317183951552,49.58364875094625,7.437547312641938,35.7,1.0,18.925056775170326
48483,Texas,Wheeler County,4773.0,24.5757385292269,50.09428032683847,5.237795935470354,43.1,2.0,41.90236748376283
48153,Texas,Floyd County,4881.0,21.675886088916204,51.30096291743496,5.879942634706003,40.2,1.0,20.48760499897562
48109,Texas,Culberson County,2267.0,19.14424349360388,48.34583149536833,6.131451257168063,40.3,1.0,44.11116012351125
48447,Texas,Throckmorton County,1554.0,26.126126126126124,52.702702702702695,6.435006435006435,44.3,1.0,64.35006435006434
48207,Texas,Haskell County,5499.0,24.204400800145482,47.93598836152027,4.819058010547373,42.7,1.0,18.18512456810329
48335,Texas,Mitchell County,8947.0,16.385380574494242,38.4262881412764,4.034872024142171,37.1,1.0,11.176930814798256
48195,Texas,Hansford County,4944.0,17.111650485436893,50.950647249190936,6.917475728155339,37.7,1.0,20.22653721682848
48285,Texas,Lavaca County,20651.0,26.47813665197811,51.08711442545155,5.694639484770713,45.1,2.0,9.684761028521622
48083,Texas,Coleman County,7915.0,28.85660138976627,50.54958938723942,4.914718888186987,48.9,1.0,12.634238787113077
48307,Texas,McCulloch County,7472.0,27.93094218415418,50.97698072805139,5.326552462526767,47.4,1.0,13.383297644539615
48437,Texas,Swisher County,6703.0,18.84230941369536,45.11412800238699,5.251379979113829,38.7,1.0,14.91869312248247
48069,Texas,Castro County,7295.0,17.957505140507195,48.44413982179575,6.634681288553804,36.2,1.0,13.708019191226866
48305,Texas,Lynn County,6017.0,16.253947149742395,48.94465680571714,7.229516370284195,36.9,1.0,16.619577862722288
48197,Texas,Hardeman County,3292.0,24.179829890643987,51.275820170109355,5.89307411907655,42.4,1.0,30.376670716889425
48103,Texas,Crane County,4554.0,15.371102327624067,49.538866930171274,7.905138339920949,34.3,1.0,21.958717610891526
48503,Texas,Young County,18154.0,22.176930703977085,50.44067423157431,6.009694833094635,41.0,2.0,11.016855789357717
48087,Texas,Collingsworth County,2487.0,24.44712505026136,52.55327704061118,4.9859268194611985,42.8,1.0,40.20908725371934
48057,Texas,Calhoun County,19599.0,21.812337364151233,49.56885555385479,5.643145058421347,42.0,1.0,5.1023011378131535
48165,Texas,Gaines County,23956.0,9.671898480547672,49.06495241275672,11.04107530472533,27.4,1.0,4.174319585907497
48357,Texas,Ochiltree County,9284.0,15.45669969840586,49.903059026281774,6.775096940973718,35.6,1.0,10.771219302024988
48403,Texas,Sabine County,10012.0,32.670795045944864,49.48062325209748,5.133839392728726,54.4,1.0,9.988014382740712
48077,Texas,Clay County,10764.0,24.693422519509475,49.563359345968045,5.109624674842066,45.9,1.0,9.29022668153103
48239,Texas,Jackson County,15393.0,21.945039953225493,50.82829857727539,6.840771779380238,40.3,1.0,6.496459429610862
48255,Texas,Karnes County,15018.0,17.71207883872686,41.623385271008125,4.754294846184578,39.1,1.0,6.658676255160474
48053,Texas,Burnet County,57015.0,25.167061299657984,51.23914759273875,5.502060861176884,44.5,2.0,3.507848811716215
48079,Texas,Cochran County,2546.0,17.085624509033778,49.7643362136685,9.03377847604085,35.9,1.0,39.27729772191673
48063,Texas,Camp County,13380.0,18.998505231689087,51.53213751868461,7.354260089686099,38.9,1.0,7.473841554559044
48233,Texas,Hutchinson County,19633.0,20.0376916416238,49.7580604084959,5.393979524270361,40.0,1.0,5.093465084296847
48147,Texas,Fannin County,39265.0,20.05857634025213,46.512160957595825,4.973895326626767,41.2,1.0,2.5467974022666495
48055,Texas,Caldwell County,55150.0,15.245693563009974,51.18223028105168,6.879419764279239,35.6,1.0,1.813236627379873
48017,Texas,Bailey County,6963.0,15.28076978313945,48.62846474220881,9.90952175786299,31.5,1.0,14.361625736033318
48475,Texas,Ward County,11125.0,15.36179775280899,49.204494382022474,7.676404494382022,35.0,1.0,8.98876404494382
48291,Texas,Liberty County,121364.0,11.816518901816025,50.5982004548301,7.688441382947167,32.5,1.0,0.8239675686364984
48389,Texas,Reeves County,12138.0,15.570934256055363,46.23496457406492,7.26643598615917,35.6,1.0,8.238589553468445
48043,Texas,Brewster County,9458.0,24.75153309367731,48.83696341721294,4.19750475787693,43.5,1.0,10.573059843518713
48099,Texas,Coryell County,85592.0,13.071315076175344,50.294420039256,5.998224133096551,34.0,1.0,1.1683334891111319
48499,Texas,Wood County,49688.0,29.427628401223636,50.26968282080181,4.488005152149412,48.8,2.0,4.0251167283851235
48093,Texas,Comanche County,14432.0,25.561252771618626,49.96535476718403,5.55709534368071,45.0,1.0,6.929046563192904
48415,Texas,Scurry County,16162.0,18.15369384977107,48.508847914862024,6.113104813760673,37.0,1.0,6.187353050365054
48035,Texas,Bosque County,18918.0,27.835923459139444,50.86161327835923,4.715086161327836,47.7,1.0,5.28597103287874
48341,Texas,Moore County,21891.0,12.128271892558585,48.75976428669316,8.418984970992645,32.0,1.0,4.568087341829976
48463,Texas,Uvalde County,24963.0,18.178904779073026,51.25986459960742,7.879661899611425,35.2,1.0,4.005928774586388
48127,Texas,Dimmit County,8024.0,19.304586241276173,51.90677966101694,7.32801595214357,36.4,1.0,12.46261216350947
48163,Texas,Frio County,18823.0,13.786325240397387,44.61562981458854,7.16145141582107,32.1,1.0,5.312649418264889
48193,Texas,Hamilton County,8680.0,25.887096774193548,50.633640552995395,5.046082949308755,45.8,1.0,11.52073732718894
48225,Texas,Houston County,22316.0,23.933500627352572,46.52267431439326,5.068112564975802,44.6,1.0,4.481089801039612
48275,Texas,Knox County,3192.0,24.3734335839599,49.27944862155388,5.545112781954887,43.8,1.0,31.32832080200501
48217,Texas,Hill County,39503.0,22.06920993342278,50.28225704376883,6.037516138014834,41.5,1.0,2.531453307343746
48299,Texas,Llano County,23353.0,37.335674217445295,52.036140966899325,4.337772448935897,57.0,1.0,4.282105082858734
48477,Texas,Washington County,38288.0,25.313414124529878,51.24582114500627,5.087755954868366,42.8,2.0,5.223568742164647
48179,Texas,Gray County,20919.0,18.33739662507768,46.83780295425212,5.554758831684115,38.5,1.0,4.780343228643817
48023,Texas,Baylor County,3472.0,25.460829493087555,51.1520737327189,5.817972350230415,43.4,1.0,28.80184331797235
49049,Utah,Utah County,759859.0,8.83045407108424,49.528662554500244,7.935156390856725,26.8,8.0,1.0528269060444109
49035,Utah,Salt Lake County,1220916.0,13.000648693276196,49.68990495660635,5.832342274161367,34.4,13.0,1.0647743169882287
49057,Utah,Weber County,278174.0,13.810420815748417,49.72535175825203,6.200076211292213,34.3,2.0,0.7189744548376197
49021,Utah,Iron County,67141.0,15.336381644598681,50.13628036520159,6.124424718130501,31.2,1.0,1.4894028983780403
49007,Utah,Carbon County,20680.0,20.60928433268859,50.04352030947775,5.507736943907156,39.0,1.0,4.835589941972921
49045,Utah,Tooele County,87461.0,10.063914201758498,49.57409588273631,7.045425961285602,32.2,1.0,1.1433667577548852
49005,Utah,Cache County,145000.0,11.162068965517241,49.8448275862069,6.891034482758621,27.2,2.0,1.379310344827586
49003,Utah,Box Elder County,65320.0,14.37844458052664,49.06307409675444,6.693202694427434,33.5,2.0,3.061849357011635
49013,Utah,Duchesne County,20856.0,15.328922132719603,49.03145377828922,6.822976601457614,34.5,1.0,4.794783275795933
49053,Utah,Washington County,213670.0,22.42476716431881,50.54055318949783,5.733607900032761,38.1,1.0,0.46801141947863534
49041,Utah,Sevier County,22827.0,18.57011433828361,49.5772550050379,6.531738730450782,36.6,1.0,4.380777149866387
49047,Utah,Uintah County,38278.0,13.556089659856838,49.99738753330895,6.653952662103559,33.6,1.0,2.612466691049689
49011,Utah,Davis County,381227.0,12.333596518609648,49.64679836422919,6.381762047284164,33.0,4.0,1.0492436265007463
49043,Utah,Summit County,43141.0,18.244825108365593,49.15509608029485,4.955842470040102,42.4,1.0,2.3179805753227787
49027,Utah,Millard County,14057.0,18.730881411396457,49.06452301344526,6.76531265561642,36.6,2.0,14.227786867752721
49019,Utah,Grand County,9790.0,21.53217568947906,50.53115423901941,4.586312563840654,41.8,1.0,10.21450459652707
49039,Utah,Sanpete County,31453.0,16.68203351031698,46.17047658410963,6.466791720980511,33.8,2.0,6.358693924267956
49023,Utah,Juab County,13567.0,13.636028598805927,48.71379081595047,8.181617159283554,30.9,1.0,7.370826269624825
49001,Utah,Beaver County,7301.0,17.504451445007533,47.10313655663608,6.971647719490481,34.7,2.0,27.393507738665935
49051,Utah,Wasatch County,38514.0,16.45116061691852,49.14836163473023,5.221477904138755,38.1,1.0,2.5964584307005243
49037,Utah,San Juan County,14542.0,17.301609132168892,50.797689451244665,6.243982945949663,36.4,2.0,13.753266400770181
49025,Utah,Kane County,8597.0,26.706990810747932,49.86623240665348,5.199488193555892,44.8,1.0,11.6319646388275
49017,Utah,Garfield County,5256.0,26.38888888888889,48.55403348554033,5.5936073059360725,44.0,1.0,19.025875190258752
50023,Vermont,Washington County,59652.0,24.091396767920607,50.56326694830015,3.885871387380138,45.0,2.0,3.352779454167505
50007,Vermont,Chittenden County,169115.0,19.473730893179198,51.549537297105516,3.9783579221239984,39.1,1.0,0.5913136031694409
50021,Vermont,Rutland County,59653.0,27.98518096323739,50.66132466095586,3.9025698623707106,48.4,1.0,1.6763616247296866
50025,Vermont,Windham County,45204.0,28.125829572604193,50.35616317140076,3.417839129280595,48.4,3.0,6.636580833554553
50003,Vermont,Bennington County,36630.0,27.933387933387934,51.16025116025116,3.600873600873601,48.7,1.0,2.73000273000273
50027,Vermont,Windsor County,57312.0,27.969709659408153,51.09924623115578,3.9014517029592404,48.4,3.0,5.234505862646566
50011,Vermont,Franklin County,51177.0,20.018758426636964,49.8231627488911,5.396955663677042,42.0,1.0,1.9540027746839401
50017,Vermont,Orange County,30002.0,26.218252116525566,50.22331844543697,4.196386907539497,46.7,1.0,3.333111125924938
50005,Vermont,Caledonia County,30414.0,25.481686065627674,50.54908923522062,3.866640362990728,46.6,1.0,3.2879594923390543
50019,Vermont,Orleans County,27600.0,26.0,49.9963768115942,4.778985507246377,46.4,1.0,3.6231884057971016
50015,Vermont,Lamoille County,26294.0,22.058264242793033,50.57047235110672,4.118810374990492,44.0,1.0,3.803149007378109
50001,Vermont,Addison County,38048.0,25.01839781328848,50.33641715727503,3.8346299411269977,44.8,1.0,2.6282590412111015
51167,Virginia,Russell County,25332.0,25.343439128375177,51.10926890888994,5.254223906521395,46.2,1.0,3.9475761882204328
51660,Virginia,Harrisonburg city,50839.0,11.062373374771337,51.788980900489776,5.7750939239560175,24.0,1.0,1.9669938433092704
51840,Virginia,Winchester city,28272.0,17.540322580645164,51.23797396717601,6.525891341256367,36.6,1.0,3.5370684776457275
51710,Virginia,Norfolk city,231013.0,14.863232805080234,49.96125759156411,5.983645942003264,33.3,3.0,1.298628215728119
51540,Virginia,Charlottesville city,44388.0,13.819050193746058,52.52771019194377,5.632152834099307,31.4,1.0,2.252861133639722
51083,Virginia,Halifax County,33447.0,27.6945615451311,51.95981702394834,4.756779382306335,47.3,1.0,2.9898047657487967
51740,Virginia,Portsmouth city,96777.0,17.43286111369437,52.09398927431105,6.449879620157682,36.9,2.0,2.0666067350713497
51015,Virginia,Augusta County,78940.0,24.31466936914112,49.733975171015956,3.4203192297947806,45.5,1.0,1.2667848999239928
51047,Virginia,Culpeper County,57666.0,18.378247147365865,50.10231332154129,6.187354767107134,39.5,1.0,1.734124093920161
51059,Virginia,Fairfax County,1167873.0,16.214948029451833,50.711764035986796,5.351352415887686,39.4,7.0,0.5993802408309807
51670,Virginia,Hopewell city,23261.0,17.69055500623361,53.66063367868965,6.955848845707408,37.0,1.0,4.299041313787026
51680,Virginia,Lynchburg city,81347.0,16.73817104502932,53.47339176613766,6.671419966317135,29.5,1.0,1.2293016337418714
51630,Virginia,Fredericksburg city,30393.0,13.70381337808048,52.281775408811235,6.067186523212582,32.0,1.0,3.2902313032606196
51061,Virginia,Fauquier County,76503.0,19.21623988601754,50.74180097512516,5.130517757473563,41.7,1.0,1.3071382821588697
51770,Virginia,Roanoke city,99111.0,19.209774898850785,52.36048470906357,6.341374822169084,38.8,1.0,1.0089697409974674
51760,Virginia,Richmond city,237257.0,14.472070370947959,53.12298478021723,5.662214391988434,34.3,5.0,2.107419380671592
51187,Virginia,Warren County,42740.0,19.024333177351426,49.56715021057557,5.84932147870847,40.3,1.0,2.3397285914833876
51001,Virginia,Accomack County,33859.0,28.279039546353996,51.47818896009924,5.0326353406775155,48.4,1.0,2.9534244957027673
51173,Virginia,Smyth County,28882.0,23.561387715532163,51.114881240911295,4.8715462918080465,45.6,2.0,6.924728204417977
51510,Virginia,Alexandria city,160662.0,13.65973285531115,51.94632209234293,6.318233309681194,37.6,1.0,0.6224247177303905
51700,Virginia,Newport News city,183230.0,16.18239371281995,51.54341537957758,6.406156197129291,35.4,2.0,1.0915243137040878
51121,Virginia,Montgomery County,98434.0,14.494991567954163,48.40705447304793,3.476441067110957,29.4,2.0,2.031818274173558
51107,Virginia,Loudoun County,449749.0,12.554335862892414,50.747194546291375,5.643814661066506,38.9,2.0,0.4446924840299812
51800,Virginia,Suffolk city,104699.0,17.402267452411195,51.93936904841499,5.958032072894679,39.1,2.0,1.9102379201329525
51683,Virginia,Manassas city,44332.0,11.69809618334386,50.23910493548678,7.8882071641252365,34.4,1.0,2.255706938554543
51775,Virginia,Salem city,25816.0,22.14905484970561,53.15695692593741,5.63603966532383,40.1,2.0,7.747133560582585
51013,Virginia,Arlington County,243931.0,12.19402208001443,50.37572100307054,4.615239555448057,34.8,1.0,0.4099519946214298
51191,Virginia,Washington County,53898.0,26.010241567405103,50.977772830160674,4.449144680693161,46.8,1.0,1.855356413967123
51810,Virginia,Virginia Beach city,453737.0,18.197105371613954,51.556518423668344,5.371834344565244,39.0,3.0,0.6611759675759306
51185,Virginia,Tazewell County,38635.0,24.366507053190112,50.221301928303355,4.0352012423967905,45.7,2.0,5.176653293645658
51095,Virginia,James City County,83326.0,28.968149197129346,52.10858555552888,4.790821592300122,47.8,3.0,3.600316827880854
51730,Virginia,Petersburg city,33734.0,18.02335922214976,54.686666271417565,8.60259678662477,37.4,3.0,8.893104879350211
51085,Virginia,Hanover County,116423.0,21.629746699535314,51.08612559374007,4.97066730800615,43.1,1.0,0.858936808019034
51650,Virginia,Hampton city,137315.0,18.9717073881222,52.65411644758402,5.58132760441321,37.8,2.0,1.45650511597422
51590,Virginia,Danville city,41647.0,23.029269815352844,54.21278843614186,6.3582010709054675,41.1,2.0,4.802266669868178
51003,Virginia,Albemarle County,118356.0,22.022542160938187,52.58035080604279,4.443374226908649,40.3,1.0,0.8449085808915476
51057,Virginia,Essex County,10654.0,27.62342782053689,52.693823915900126,5.096677304298855,48.0,1.0,9.386146048432513
51019,Virginia,Bedford County,83059.0,25.955044004864014,51.06129377912087,4.460684573616345,47.3,1.0,1.2039634476697287
51067,Virginia,Franklin County,55526.0,27.68792997874869,50.736591866873184,4.486186651298491,49.3,1.0,1.800958109714368
51147,Virginia,Prince Edward County,22391.0,20.20901254968514,48.85445044884105,4.801036130588183,34.0,1.0,4.466080121477379
51620,Virginia,Franklin city,8478.0,21.337579617834397,54.47039396083982,9.070535503656522,38.5,1.0,11.795234725171031
51595,Virginia,Emporia city,5447.0,22.067192950247843,54.02974114191298,6.664218836056544,39.9,1.0,18.358729575913348
51117,Virginia,Mecklenburg County,30747.0,29.111783263407816,51.29606140436466,4.8492535857156795,49.4,1.0,3.2523498227469347
51197,Virginia,Wythe County,27983.0,24.32190973090805,51.409784512025155,4.870814423042562,46.2,1.0,3.5735982560840514
51153,Virginia,Prince William County,502966.0,12.970061594620711,50.763272268900884,6.415145357737899,36.8,2.0,0.39764119244640794
51195,Virginia,Wise County,34824.0,21.98483804272915,48.21674707098553,4.738111647139903,42.6,1.0,2.8715828164484263
51640,Virginia,Galax city,6670.0,22.083958020989506,52.41379310344828,7.316341829085457,41.3,1.0,14.992503748125936
51155,Virginia,Pulaski County,33586.0,24.358363603882573,50.05954862144941,4.3887334008217715,46.4,1.0,2.9774310724706723
51087,Virginia,Henrico County,342775.0,18.789293268178834,52.92334621836482,5.42513310480636,39.9,1.0,0.2917365618846182
51550,Virginia,Chesapeake city,255332.0,17.311578650541257,51.18042391866277,5.629141666536118,39.1,1.0,0.3916469537699936
51005,Virginia,Alleghany County,14546.0,28.81891929052661,51.285576790870344,3.512993262752647,50.5,1.0,6.874742197167606
51027,Virginia,Buchanan County,18492.0,25.173047804455983,48.73458792991564,4.515466147523253,47.4,1.0,5.407743889249406
51073,Virginia,Gloucester County,40097.0,24.630271591390876,50.74693867371624,4.586378033269322,45.6,1.0,2.4939521659974564
51041,Virginia,Chesterfield County,397148.0,17.866639137047148,52.28831569087594,5.605718774864786,39.5,1.0,0.2517953004925116
51179,Virginia,Stafford County,170803.0,12.898485389600886,50.07523287061703,5.91207414389677,36.8,1.0,0.5854698102492345
51177,Virginia,Spotsylvania County,155388.0,16.74517980796458,51.01423533348779,5.701855999176256,38.7,1.0,0.6435503385074781
51017,Virginia,Bath County,4076.0,29.34249263984298,50.441609421000976,5.593719332679097,50.4,1.0,24.53385672227674
51071,Virginia,Giles County,16564.0,23.611446510504706,50.92368992996861,4.890123158657329,45.4,1.0,6.037189084762135
51051,Virginia,Dickenson County,13236.0,25.75551526140828,49.652462979752194,4.245995769114536,46.7,1.0,7.555152614082805
51678,Virginia,Lexington city,7769.0,15.67769339683357,43.853777834985195,6.3457330415754925,22.1,1.0,12.871669455528384
51171,Virginia,Shenandoah County,45839.0,23.874866380156632,51.107135845022796,5.25753179606885,44.4,1.0,2.1815484630991078
51139,Virginia,Page County,23762.0,24.61913980304688,50.33246359734029,4.439861964481104,46.3,1.0,4.2083999663328004
51103,Virginia,Lancaster County,10995.0,41.53706230104593,53.560709413369715,3.0559345156889495,60.3,1.0,9.095043201455207
51105,Virginia,Lee County,21642.0,23.12632843544959,47.81905554015341,4.431198595323907,43.9,1.0,4.62064504204787
51127,Virginia,New Kent County,28022.0,21.836414245949612,49.15066733280993,5.52779958603954,43.2,1.0,3.5686246520590967
51790,Virginia,Staunton city,26801.0,22.428267601955152,53.63605835603149,6.0445505764710274,41.1,1.0,3.7312040595500164
51161,Virginia,Roanoke County,97150.0,24.23777663407102,52.3345342254246,4.171899125064334,44.4,1.0,1.029336078229542
53071,Washington,Walla Walla County,62361.0,22.07309055339074,49.04828338224211,4.836356055868251,40.1,1.0,1.6035663315213033
53057,Washington,Skagit County,132975.0,24.962586952434666,50.86294416243655,5.265651438240271,43.3,3.0,2.2560631697687534
53033,Washington,King County,2344939.0,15.16180165027747,49.827564810854355,4.928273187490165,37.5,20.0,0.8529006511470021
53061,Washington,Snohomish County,870656.0,16.416127609526608,50.00551308438694,5.827215341076155,38.8,5.0,0.5742796236401059
53007,Washington,Chelan County,81941.0,22.718785467592536,49.90297897267546,5.213507279628025,41.4,3.0,3.661170842435411
53041,Washington,Lewis County,88062.0,22.76237196520633,50.08516726851536,5.572210488065227,42.2,2.0,2.271127160409711
53053,Washington,Pierce County,946288.0,16.695551460020628,50.367435706677036,5.729016958896235,37.9,8.0,0.8454085859695991
53067,Washington,Thurston County,304261.0,20.60007690765494,51.472584393004695,4.904341995852246,40.7,3.0,0.9859955761665149
53073,Washington,Whatcom County,236392.0,20.868303495888185,51.06264171376358,4.29456157568784,39.1,1.0,0.4230261599377306
53027,Washington,Grays Harbor County,78144.0,25.496519246519245,49.41518222768222,4.590243652743653,45.2,2.0,2.5593775593775594
53025,Washington,Grant County,105727.0,15.848364183226613,48.33580826089835,6.79202095964134,34.6,4.0,3.7833287618110796
53077,Washington,Yakima County,259185.0,15.92569014410556,50.06231070470899,6.604548874356155,34.6,3.0,1.1574743908791019
53035,Washington,Kitsap County,283374.0,21.927205742234644,49.44878499791795,4.905531206109241,41.1,1.0,0.35289052630093093
53015,Washington,Cowlitz County,114885.0,21.432737084910997,50.634982808895856,5.599512556034295,41.2,1.0,0.8704356530443488
53063,Washington,Spokane County,558344.0,19.354376513403924,50.3959924347714,5.3164357457051565,39.1,8.0,1.4328084478386085
53011,Washington,Clark County,532119.0,18.457149622546837,50.701252915231365,5.34880355709907,39.8,3.0,0.5637836649320923
53005,Washington,Benton County,221722.0,17.31763198960861,49.91295405958813,5.941223694536402,36.9,4.0,1.804060941178593
53009,Washington,Clallam County,78202.0,35.17173473824199,51.017876780645,3.616275798572927,53.6,2.0,2.557479348354262
53023,Washington,Garfield County,2416.0,28.269867549668877,48.4271523178808,5.380794701986755,46.5,1.0,41.390728476821195
53013,Washington,Columbia County,4141.0,31.103598164694517,50.22941318522096,4.539966191741125,50.6,1.0,24.14875633904854
53049,Washington,Pacific County,24357.0,34.630701646343965,50.396190006979516,3.567762860779242,54.4,2.0,8.211191854497681
53043,Washington,Lincoln County,11982.0,28.476047404439992,48.94007678183942,5.132699048572859,46.8,2.0,16.691704223001167
53065,Washington,Stevens County,49668.0,27.790529113312395,49.7785294354514,4.983087702343561,47.4,2.0,4.026737537247322
53051,Washington,Pend Oreille County,14457.0,29.273016531783913,49.8305319222522,4.226326347098292,50.0,1.0,6.917064397869544
53001,Washington,Adams County,21488.0,12.225428145941923,49.422933730454204,8.767684288905436,30.0,2.0,9.307520476545049
53039,Washington,Klickitat County,24331.0,26.439521597961445,47.66758456290329,4.882659981094077,46.3,2.0,8.219966298138178
53047,Washington,Okanogan County,45230.0,25.193455671014814,46.72783550740659,5.032058368339597,43.4,3.0,6.632765863365023
53019,Washington,Ferry County,7517.0,29.998669682054015,49.035519489157906,4.190501529865638,49.7,1.0,13.303179459890915
53031,Washington,Jefferson County,33970.0,44.19487783338239,51.857521342360904,2.1931115690314984,61.7,1.0,2.9437739181630853
53075,Washington,Whitman County,48512.0,13.43585092348285,50.13604881266491,3.9928265171503954,25.9,2.0,4.122691292875989
53003,Washington,Asotin County,22545.0,27.31426036815258,51.32401862940785,5.588822355289421,45.9,1.0,4.435573297848746
53037,Washington,Kittitas County,48803.0,20.443415363809603,50.33706944245231,4.143187918775485,36.5,1.0,2.049054361412208
53045,Washington,Mason County,71165.0,25.77812126747699,48.7458722686714,5.294737581676386,45.1,1.0,1.4051851331412915
53021,Washington,Franklin County,102612.0,11.253069816395742,48.40661910887615,7.373406619108875,31.7,1.0,0.97454488753752
53029,Washington,Island County,85657.0,30.413159461573485,50.65668888707287,4.1269248280934425,47.5,1.0,1.1674469103517517
53055,Washington,San Juan County,18577.0,38.61226247510362,51.09544059858966,2.750713247564192,57.0,1.0,5.383000484470044
54061,West Virginia,Monongalia County,107991.0,14.940133900047226,49.6467298200776,4.392958672481966,32.8,2.0,1.8520061857006604
54025,West Virginia,Greenbrier County,31578.0,27.192982456140353,51.304705807840904,4.550636519095573,47.4,1.0,3.166761669516752
54033,West Virginia,Harrison County,64221.0,22.34627302595724,51.0736363494807,4.996807897728157,43.3,3.0,4.671369178306161
54011,West Virginia,Cabell County,91183.0,20.62665189783183,51.28258556967856,4.743208712150291,39.6,4.0,4.386782623954026
54003,West Virginia,Berkeley County,139522.0,16.837487994724846,50.63932569773942,6.076461059904531,38.7,2.0,1.43346568999871
54053,West Virginia,Mason County,24707.0,24.22390415671672,51.95693528149917,5.484275711336868,44.9,1.0,4.047435949326102
54051,West Virginia,Marshall County,29159.0,26.142871840598097,50.080592612915396,4.581775781062451,46.8,1.0,3.429472890016804
54039,West Virginia,Kanawha County,172381.0,23.88662323573944,51.773107244997995,4.733700349806534,44.4,4.0,2.320441347944379
54029,West Virginia,Hancock County,27729.0,26.272133867070576,50.87814201738252,4.305961267986584,47.7,1.0,3.606332720256771
54081,West Virginia,Raleigh County,71775.0,23.095785440613025,49.86415882967607,4.863810518982933,43.2,3.0,4.179728317659352
54083,West Virginia,Randolph County,26882.0,24.33226694442378,47.83498251618183,4.609032066066513,44.6,1.0,3.719961312402351
54041,West Virginia,Lewis County,16394.0,22.526534097840674,50.16469440039039,4.971330974746858,44.7,2.0,12.19958521410272
54055,West Virginia,Mercer County,57503.0,23.489209258647374,51.81468792932543,5.309288211049858,43.6,1.0,1.739039702276403
54045,West Virginia,Logan County,30375.0,23.275720164609055,50.26831275720165,5.191769547325102,44.9,1.0,3.292181069958848
54099,West Virginia,Wayne County,37309.0,23.05341874614704,51.10563134900426,5.122088504114289,44.4,1.0,2.680318421828513
54069,West Virginia,Ohio County,40496.0,24.31845120505729,51.22975108652707,4.281904385618333,43.6,1.0,2.4693796918214144
54107,West Virginia,Wood County,82385.0,23.198397766583724,51.113673605632094,4.90016386478121,44.2,1.0,1.2138131941494203
54103,West Virginia,Wetzel County,13734.0,25.00364059997088,50.80093199359255,5.897771952817824,45.7,1.0,7.2811999417504
54047,West Virginia,McDowell County,16878.0,22.952956511435005,44.987557767507994,4.2362839198957225,44.3,1.0,5.9248726152387725
54049,West Virginia,Marion County,55584.0,21.889392630972942,50.859959700633276,4.630829015544041,41.6,1.0,1.799078871617732
54059,West Virginia,Mingo County,21455.0,22.959683057562337,51.26077837333954,5.835469587508739,45.4,1.0,4.6609182008855745
54001,West Virginia,Barbour County,15414.0,22.661217075386013,50.311405216037365,5.203062151291034,43.0,1.0,6.48760866744518
54101,West Virginia,Webster County,7760.0,27.97680412371134,49.78092783505155,3.8530927835051547,49.8,1.0,12.88659793814433
54013,West Virginia,Calhoun County,5978.0,27.032452325192374,49.73235195717631,5.018400802944129,48.5,1.0,16.72800267648043
54095,West Virginia,Tyler County,7881.0,26.34183479253902,50.34894048978556,4.85978936683162,48.4,1.0,12.688745083111279
54087,West Virginia,Roane County,13317.0,25.52376661410228,49.93617181046782,4.039948937448374,48.0,1.0,7.509198768491402
54091,West Virginia,Taylor County,16287.0,22.699085159943515,49.794314483944255,4.537361085528335,45.3,1.0,6.13986615091791
54007,West Virginia,Braxton County,11885.0,27.421119057635675,48.82625157761885,4.047118216238957,48.5,1.0,8.413967185527977
54065,West Virginia,Morgan County,18027.0,26.87080490375548,49.692128473955734,4.121595384700727,49.4,1.0,5.547234703500305
54089,West Virginia,Summers County,11532.0,28.139091224419012,54.699965313909125,3.8414845646895595,48.9,1.0,8.671522719389525
54027,West Virginia,Hampshire County,24105.0,25.83696328562539,49.26778676623107,4.774942957892554,47.9,1.0,4.148516905206389
54077,West Virginia,Preston County,34004.0,22.53852487942595,47.26502764380661,4.402423244324197,44.2,1.0,2.940830490530526
54005,West Virginia,Boone County,20251.0,24.319786677201126,50.204928151696215,4.597303836847563,46.0,1.0,4.938027751715965
54075,West Virginia,Pocahontas County,7602.0,29.11076032622994,48.658247829518544,4.262036306235202,49.6,1.0,13.154433043935807
54057,West Virginia,Mineral County,26792.0,23.96984174380412,50.787548521946846,5.068677217079726,44.2,1.0,3.7324574499850702
54023,West Virginia,Grant County,11041.0,26.229508196721312,50.14038583461643,5.271261661081423,47.6,1.0,9.057150620414818
54019,West Virginia,Fayette County,38165.0,24.569631861653345,49.55063539892572,4.656098519586008,45.5,2.0,5.240403511070353
54037,West Virginia,Jefferson County,63102.0,18.93759310322969,50.31536242908308,5.0822477892935245,41.8,1.0,1.5847358245380496
54035,West Virginia,Jackson County,27450.0,22.688524590163933,50.48451730418944,5.344262295081967,44.0,1.0,3.6429872495446265
54097,West Virginia,Upshur County,23758.0,23.124842158430845,50.36198333193029,4.933075174678003,42.8,1.0,4.209108510817409
54067,West Virginia,Nicholas County,23848.0,26.17410265011741,51.02314659510232,4.423851056692385,47.6,1.0,4.193223750419322
55097,Wisconsin,Portage County,71943.0,20.819259691700374,50.12440404208888,3.961469496684875,39.5,2.0,2.7799785941648247
55063,Wisconsin,La Crosse County,121339.0,20.319930113154054,50.97206998574242,4.516272591664675,38.4,2.0,1.6482746684907572
55133,Wisconsin,Waukesha County,417210.0,23.156204309580307,50.814218259389754,4.676302102058915,44.3,8.0,1.9174995805469668
55087,Wisconsin,Outagamie County,195894.0,18.593729261743597,50.052579456236536,5.345237730609411,39.8,2.0,1.0209603152725455
55005,Wisconsin,Barron County,46484.0,26.144479821013682,50.225884175200065,4.786593236382411,46.0,3.0,6.453833577144824
55085,Wisconsin,Oneida County,38131.0,32.49062442631979,49.23553014607538,3.566651805617477,54.6,2.0,5.245076184731583
55059,Wisconsin,Kenosha County,168448.0,18.419334156534955,50.75037993920972,5.040131079027356,40.1,2.0,1.1873100303951367
55045,Wisconsin,Green County,37227.0,23.46415236253257,49.571547532704756,4.886238482821608,44.9,1.0,2.686222365487415
55081,Wisconsin,Monroe County,46572.0,20.31048698788972,49.64570986859057,6.278450571158636,40.4,3.0,6.441638752898737
55073,Wisconsin,Marathon County,139432.0,21.387486373285903,49.700929485340524,5.203970394170635,42.1,3.0,2.151586436399105
55141,Wisconsin,Wood County,74060.0,24.557115852011883,50.56035646772887,5.0432082095598165,44.4,3.0,4.0507696462327845
55071,Wisconsin,Manitowoc County,81710.0,24.836617305103413,49.74666503487945,4.519642638599927,45.6,2.0,2.447680822420756
55117,Wisconsin,Sheboygan County,118047.0,22.1064491261955,49.93350106313587,4.810795700017789,42.9,2.0,1.694240429659373
55131,Wisconsin,Washington County,139238.0,22.96068601962108,50.44528074232609,4.751576437466784,45.0,2.0,1.4363894913744812
55079,Wisconsin,Milwaukee County,924216.0,16.168731119132325,51.725462446008294,6.095436564612601,35.9,13.0,1.4065975919049227
55021,Wisconsin,Columbia County,58132.0,22.192596160462397,49.69552053946191,4.973164522122067,43.9,2.0,3.4404458817862795
55139,Wisconsin,Winnebago County,174218.0,19.65181554144807,49.6533079245543,4.839339218680045,39.8,4.0,2.2959740095742114
55009,Wisconsin,Brown County,275803.0,18.36165668973869,50.47842119193773,5.44446579623862,39.1,6.0,2.175465821619054
55025,Wisconsin,Dane County,590375.0,16.896718187592633,50.36730891382596,4.666864281177218,36.6,7.0,1.18568706330722
55111,Wisconsin,Sauk County,66652.0,22.2859028986377,50.475604633019266,5.486707075556622,42.5,3.0,4.500990217847926
55101,Wisconsin,Racine County,198919.0,20.18308959928413,50.38935446086096,5.407728774023598,41.4,2.0,1.0054343727849024
55105,Wisconsin,Rock County,166472.0,20.01357585660051,50.51420058628479,5.478398769763084,40.8,4.0,2.402806477966265
55035,Wisconsin,Eau Claire County,109033.0,18.87043372190071,50.765364614382804,4.636211055368558,36.7,3.0,2.7514605669843077
55055,Wisconsin,Jefferson County,86505.0,20.62424137333102,49.823709612161146,4.636726200797642,42.4,1.0,1.1560025432055951
55027,Wisconsin,Dodge County,89097.0,22.12195696824809,47.25860578919605,4.423269021403638,43.9,2.0,2.244744491958203
55039,Wisconsin,Fond du Lac County,104669.0,21.86893922746945,50.61766138971424,4.904030801861105,42.5,4.0,3.821570856700647
55125,Wisconsin,Vilas County,23761.0,37.06914692142587,49.387652034847015,3.24481292874879,58.8,2.0,8.417154160178443
55127,Wisconsin,Walworth County,106127.0,23.090259783090072,50.04664223053511,4.300507882065826,43.1,2.0,1.8845345670752967
55057,Wisconsin,Juneau County,26649.0,24.391159142932192,47.138729408232955,4.045179931704754,47.0,1.0,3.752486021989568
55075,Wisconsin,Marinette County,42574.0,28.30600836191103,48.85376051111007,4.343026260158783,49.4,1.0,2.3488514116596986
55089,Wisconsin,Ozaukee County,94346.0,24.428168655798867,51.02813049837831,4.536493333050686,44.8,1.0,1.0599283488436182
55121,Wisconsin,Trempealeau County,31171.0,20.602483077219212,49.07766834557762,6.586250040101377,40.9,2.0,6.416220204677425
55137,Wisconsin,Waushara County,25223.0,28.196487332989733,46.91749593624866,3.7664036791816993,50.5,1.0,3.96463545177021
55123,Wisconsin,Vernon County,31443.0,23.490124988073656,49.48955252361416,6.910918169385873,42.6,2.0,6.360716216645994
55091,Wisconsin,Pepin County,7513.0,27.352588846000263,49.07493677625449,5.297484360441901,46.6,1.0,13.31026221216558
55095,Wisconsin,Polk County,45803.0,25.651158221077218,49.50330764360413,4.593585572997402,47.5,3.0,6.549789315110364
55001,Wisconsin,Adams County,21752.0,33.22453107760206,45.926811327694004,2.6388378080176538,56.1,1.0,4.597278411180581
55083,Wisconsin,Oconto County,40195.0,25.786789401666876,48.55330264958328,4.4433387237218565,48.1,2.0,4.975743251648215
55017,Wisconsin,Chippewa County,67614.0,22.011713550448132,48.24888336734996,4.950158251249741,42.8,2.0,2.9579672848818293
55065,Wisconsin,Lafayette County,17478.0,21.524201853759013,49.130335278636004,7.638173704085135,40.6,1.0,5.721478430026319
55069,Wisconsin,Lincoln County,28403.0,26.757736858782522,49.74474527338661,4.587543569341267,49.3,2.0,7.041509699679612
55015,Wisconsin,Calumet County,53982.0,19.57689600237116,49.57763699010781,4.501500500166722,42.8,1.0,1.852469341632396
55043,Wisconsin,Grant County,52446.0,20.895778515044043,48.5280097624223,5.573351637875148,37.4,3.0,5.720169317011784
55019,Wisconsin,Clark County,35052.0,19.371219901860094,48.99007189318726,8.475978546159991,37.1,1.0,2.8529042565331504
55119,Wisconsin,Taylor County,20118.0,23.173277661795407,49.18480962322299,5.2937667760214735,44.3,1.0,4.970673029128144
55099,Wisconsin,Price County,13988.0,32.120388904775524,48.42007434944237,3.3886188161281097,54.4,1.0,7.148984844152131
55135,Wisconsin,Waupaca County,51461.0,24.488447562231595,49.072112862167465,4.782262295719089,46.1,2.0,3.8864382736441185
55107,Wisconsin,Rusk County,14146.0,29.181394033649088,48.50841227202036,4.269758235543616,49.9,1.0,7.0691361515622795
55031,Wisconsin,Douglas County,43990.0,23.02796090020459,49.56353716753807,4.53512161854967,43.4,1.0,2.2732439190725167
55023,Wisconsin,Crawford County,15910.0,26.461345065996227,47.95725958516656,5.172847265870522,46.7,1.0,6.285355122564424
55013,Wisconsin,Burnett County,17223.0,35.493235789351445,49.19584276839111,3.129536085467108,57.5,1.0,5.80618939789816
55129,Wisconsin,Washburn County,17087.0,32.18236085913267,49.78638731199157,3.786504360039796,54.3,2.0,11.704804822379588
55053,Wisconsin,Jackson County,20999.0,22.89156626506024,46.968903281108624,5.371684365922187,44.4,1.0,4.76213153007286
55109,Wisconsin,St. Croix County,98276.0,18.53046522039969,49.79242134397005,5.281045219585657,41.5,3.0,3.0526272945581834
55113,Wisconsin,Sawyer County,18846.0,32.43659131911281,48.84325586331317,3.8628886766422585,54.4,1.0,5.306165764618487
55033,Wisconsin,Dunn County,46223.0,19.105207364299158,48.471540142353376,4.618912662527314,37.0,1.0,2.163425134673215
55103,Wisconsin,Richland County,17036.0,26.361822023949284,49.61258511387649,4.913125146748063,45.9,1.0,5.869922517022776
55115,Wisconsin,Shawano County,41560.0,24.153031761308952,49.36958614051973,5.387391722810395,45.4,1.0,2.4061597690086622
55093,Wisconsin,Pierce County,43519.0,19.453572003033155,50.364208736413985,4.8668397711344475,39.5,1.0,2.2978469174383602
55067,Wisconsin,Langlade County,19534.0,28.78570697245828,49.58021910515,4.622709122555544,49.9,1.0,5.119279205487867
55049,Wisconsin,Iowa County,23951.0,24.19105674084589,49.86430629201286,5.273266251931026,45.1,1.0,4.175191014988935
55047,Wisconsin,Green Lake County,19305.0,26.495726495726498,49.836829836829835,5.236985236985237,46.5,1.0,5.18000518000518
55029,Wisconsin,Door County,30616.0,36.09223935197283,50.473608570681996,3.432845570943298,55.9,1.0,3.266266004703423
55003,Wisconsin,Ashland County,16203.0,24.53866567919521,50.15120656668518,5.011417638708881,43.7,1.0,6.171696599395174
56005,Wyoming,Campbell County,48145.0,15.104372208952125,49.17644615224842,6.3204901858967695,36.7,1.0,2.077058884619379
56033,Wyoming,Sheridan County,33241.0,25.179747901687676,50.236154146987154,5.21644956529587,44.2,2.0,6.01666616527782
56013,Wyoming,Fremont County,39464.0,22.225319278329618,49.59710115548348,5.2503547536995745,41.0,1.0,2.533954996959254
56025,Wyoming,Natrona County,80526.0,18.88955120085438,49.94039192310558,5.379628939721332,39.3,3.0,3.7255048059012
56021,Wyoming,Laramie County,102938.0,19.332025102488874,49.48318405253648,5.474168917212303,39.2,2.0,1.9429170957275252
56039,Wyoming,Teton County,23333.0,19.624566065229505,48.716410234431926,4.058629408991557,41.9,1.0,4.28577551107873
56001,Wyoming,Albany County,38558.0,14.824420353752787,48.14565070802427,3.9083977384719124,28.7,1.0,2.593495513252762
56003,Wyoming,Big Horn County,12024.0,23.902195608782435,48.727544910179645,4.940119760479042,42.8,2.0,16.633399866932802
56009,Wyoming,Converse County,13824.0,21.49884259259259,50.11574074074075,5.3891782407407405,41.6,1.0,7.233796296296296
56045,Wyoming,Weston County,6840.0,26.476608187134502,45.760233918128655,4.576023391812865,47.1,1.0,14.619883040935672
56017,Wyoming,Hot Springs County,4600.0,30.91304347826087,49.73913043478261,4.326086956521739,49.4,1.0,21.73913043478261
56031,Wyoming,Platte County,8634.0,29.23326384063007,50.30113504748668,5.154042158906648,49.2,1.0,11.582117211026175
56043,Wyoming,Washakie County,7597.0,27.194945373173624,49.1114913781756,4.593918652099513,46.1,1.0,13.163090693694878
56015,Wyoming,Goshen County,12640.0,26.95411392405063,47.52373417721519,4.833860759493671,44.3,1.0,7.9113924050632916
56019,Wyoming,Johnson County,8908.0,29.71486304445442,49.84283789851819,5.163897620116749,49.0,1.0,11.225864391558149
56029,Wyoming,Park County,31171.0,27.65070097205736,50.489236790606654,4.542683904911617,45.9,2.0,6.416220204677425
56011,Wyoming,Crook County,7852.0,26.668364747834943,50.0,5.731023942944473,44.8,1.0,12.735608762098828
56023,Wyoming,Lincoln County,21180.0,22.06798866855524,48.83380547686497,5.311614730878187,42.5,2.0,9.442870632672332
56027,Wyoming,Niobrara County,2341.0,31.65313968389577,53.69500213583939,4.186245194361384,48.9,1.0,42.716787697565145
56007,Wyoming,Carbon County,14013.0,21.929636765860273,47.59865838863912,5.138086062941554,42.3,2.0,14.272461285948763
56037,Wyoming,Sweetwater County,41267.0,16.870623015969176,48.69992972593113,5.512879540552984,38.4,1.0,2.4232437540892238
56041,Wyoming,Uinta County,20728.0,18.94538788112698,49.797375530683134,5.456387495175608,39.3,1.0,4.824392126592049
48397,Texas,Rockwall County,140738.0,14.181670906222909,50.935070840853214,5.890377865253166,37.8,1.0,0.7105401526240248
48091,Texas,Comal County,209166.0,20.838950881118347,50.740560129275316,5.182486637407609,42.4,1.0,0.4780891731925839
48199,Texas,Hardin County,58723.0,19.820172675101748,51.03111217069972,5.8494967900141335,40.0,1.0,1.7029102736576809
48455,Texas,Trinity County,14384.0,27.906006674082313,51.03587319243604,4.838709677419355,48.9,1.0,6.952169076751947
48107,Texas,Crosby County,4852.0,21.74361088211047,51.05111294311624,5.6471558120362735,40.6,1.0,20.610057708161584
48145,Texas,Falls County,17869.0,20.381666573395265,55.90128154905143,5.355643852481952,40.7,1.0,5.59628406737926
48253,Texas,Jones County,20861.0,16.351085758113225,36.55145966156944,4.074588945879872,38.7,1.0,4.793634053976319
48405,Texas,San Augustine County,7722.0,28.554778554778554,52.14970214970215,5.115255115255115,49.0,1.0,12.950012950012951
48211,Texas,Hemphill County,3083.0,21.083360363282516,48.913396042815435,5.124878365228673,41.1,1.0,32.43593902043464
48429,Texas,Stephens County,9380.0,23.30490405117271,46.417910447761194,4.680170575692964,42.3,1.0,10.660980810234541
48133,Texas,Eastland County,18143.0,24.499807088133164,50.41613845560271,5.54483822962024,42.8,1.0,5.5117676238769775
