Facility ID,cleanliness_pct,nurse_communication_pct,doctor_communication_pct,medication_communication_pct,discharge_information_pct,high_hospital_rating_pct,quietness_pct,definitely_recommend_pct,Number of Completed Surveys,Survey Response Rate Percent,Start Date,End Date
010001,71.0,76.0,80.0,60.0,87.0,73.0,64.0,77.0,952.0,17.0,2024-07-01,2025-06-30
010005,66.0,77.0,82.0,55.0,86.0,68.0,67.0,63.0,705.0,17.0,2024-07-01,2025-06-30
010006,63.0,75.0,73.0,53.0,83.0,61.0,62.0,56.0,1814.0,18.0,2024-07-01,2025-06-30
010007,59.0,79.0,86.0,60.0,89.0,63.0,70.0,68.0,97.0,17.0,2024-07-01,2025-06-30
010011,63.0,78.0,79.0,57.0,85.0,70.0,61.0,69.0,887.0,21.0,2024-07-01,2025-06-30
010012,59.0,80.0,80.0,60.0,86.0,61.0,59.0,60.0,265.0,15.0,2024-07-01,2025-06-30
010016,62.0,75.0,77.0,58.0,83.0,64.0,60.0,62.0,881.0,19.0,2024-07-01,2025-06-30
010018,73.0,85.0,84.0,85.0,82.0,95.0,85.0,91.0,52.0,28.0,2024-07-01,2025-06-30
010019,72.0,82.0,80.0,65.0,88.0,74.0,72.0,79.0,413.0,18.0,2024-07-01,2025-06-30
010021,89.0,84.0,86.0,63.0,87.0,74.0,75.0,78.0,69.0,16.0,2024-07-01,2025-06-30
010022,69.0,87.0,87.0,74.0,87.0,78.0,82.0,72.0,49.0,20.0,2024-07-01,2025-06-30
010023,68.0,75.0,76.0,62.0,84.0,68.0,58.0,67.0,1512.0,19.0,2024-07-01,2025-06-30
010024,59.0,80.0,80.0,59.0,83.0,67.0,69.0,68.0,660.0,16.0,2024-07-01,2025-06-30
010029,70.0,80.0,82.0,66.0,86.0,73.0,65.0,72.0,386.0,17.0,2024-07-01,2025-06-30
010033,62.0,78.0,80.0,61.0,89.0,74.0,58.0,79.0,6973.0,19.0,2024-07-01,2025-06-30
010034,78.0,85.0,81.0,72.0,89.0,66.0,75.0,66.0,40.0,21.0,2024-07-01,2025-06-30
010035,69.0,81.0,78.0,59.0,83.0,69.0,68.0,64.0,236.0,17.0,2024-07-01,2025-06-30
010036,62.0,79.0,80.0,64.0,78.0,62.0,57.0,58.0,260.0,16.0,2024-07-01,2025-06-30
010039,68.0,79.0,81.0,61.0,88.0,70.0,62.0,76.0,1278.0,20.0,2024-07-01,2025-06-30
010040,61.0,73.0,74.0,57.0,82.0,54.0,59.0,56.0,502.0,17.0,2024-07-01,2025-06-30
010044,91.0,90.0,86.0,76.0,91.0,83.0,73.0,86.0,97.0,26.0,2024-07-01,2025-06-30
010045,84.0,87.0,90.0,66.0,90.0,86.0,77.0,82.0,138.0,33.0,2024-07-01,2025-06-30
010046,69.0,77.0,73.0,61.0,87.0,66.0,62.0,74.0,411.0,27.0,2024-07-01,2025-06-30
010049,66.0,82.0,82.0,63.0,85.0,68.0,68.0,60.0,374.0,17.0,2024-07-01,2025-06-30
010051,,,,,,,,,,,2024-07-01,2025-06-30
010052,80.0,82.0,86.0,73.0,93.0,79.0,68.0,76.0,102.0,20.0,2024-07-01,2025-06-30
010055,68.0,77.0,78.0,62.0,84.0,68.0,62.0,68.0,981.0,20.0,2024-07-01,2025-06-30
010056,55.0,73.0,78.0,54.0,84.0,66.0,65.0,71.0,1198.0,22.0,2024-07-01,2025-06-30
010058,71.0,88.0,87.0,62.0,89.0,67.0,60.0,69.0,35.0,14.0,2024-07-01,2025-06-30
010061,83.0,85.0,86.0,68.0,85.0,71.0,75.0,64.0,201.0,15.0,2024-07-01,2025-06-30
010062,58.0,79.0,82.0,67.0,86.0,79.0,56.0,88.0,26.0,18.0,2024-07-01,2025-06-30
010065,78.0,78.0,74.0,55.0,88.0,69.0,67.0,69.0,220.0,22.0,2024-07-01,2025-06-30
010073,71.0,82.0,87.0,34.0,84.0,84.0,74.0,75.0,28.0,24.0,2024-07-01,2025-06-30
010078,61.0,71.0,73.0,53.0,83.0,58.0,61.0,53.0,736.0,19.0,2024-07-01,2025-06-30
010079,70.0,85.0,84.0,65.0,89.0,78.0,68.0,74.0,421.0,18.0,2024-07-01,2025-06-30
010083,64.0,80.0,79.0,61.0,83.0,66.0,63.0,68.0,743.0,22.0,2024-07-01,2025-06-30
010085,74.0,79.0,81.0,61.0,88.0,68.0,61.0,62.0,966.0,17.0,2024-07-01,2025-06-30
010086,76.0,67.0,81.0,51.0,92.0,61.0,72.0,70.0,87.0,18.0,2024-07-01,2025-06-30
010087,63.0,76.0,78.0,59.0,85.0,67.0,55.0,71.0,1260.0,17.0,2024-07-01,2025-06-30
010089,54.0,76.0,77.0,58.0,82.0,58.0,51.0,53.0,580.0,14.0,2024-07-01,2025-06-30
010090,61.0,72.0,76.0,56.0,84.0,63.0,55.0,60.0,1521.0,17.0,2024-07-01,2025-06-30
010091,,,,,,,,,,,2024-07-01,2025-06-30
010092,61.0,74.0,77.0,58.0,84.0,65.0,56.0,63.0,1364.0,33.0,2024-07-01,2025-06-30
010095,85.0,87.0,86.0,81.0,89.0,82.0,77.0,83.0,43.0,21.0,2024-07-01,2025-06-30
010097,79.0,84.0,84.0,68.0,84.0,66.0,81.0,70.0,70.0,19.0,2024-07-01,2025-06-30
010099,77.0,74.0,77.0,58.0,85.0,64.0,59.0,61.0,108.0,15.0,2024-07-01,2025-06-30
010100,65.0,81.0,80.0,62.0,86.0,71.0,61.0,73.0,573.0,24.0,2024-07-01,2025-06-30
010101,79.0,89.0,84.0,73.0,87.0,81.0,76.0,73.0,153.0,12.0,2024-07-01,2025-06-30
010103,59.0,78.0,82.0,61.0,81.0,64.0,63.0,61.0,930.0,16.0,2024-07-01,2025-06-30
010104,58.0,78.0,80.0,58.0,85.0,73.0,66.0,74.0,2132.0,20.0,2024-07-01,2025-06-30
010108,69.0,79.0,79.0,63.0,87.0,74.0,59.0,70.0,398.0,23.0,2024-07-01,2025-06-30
010110,,,,,,,,,,,2024-07-01,2025-06-30
010112,72.0,74.0,82.0,49.0,81.0,62.0,62.0,59.0,119.0,14.0,2024-07-01,2025-06-30
010113,64.0,77.0,79.0,62.0,86.0,65.0,57.0,64.0,1002.0,19.0,2024-07-01,2025-06-30
010114,70.0,72.0,80.0,57.0,80.0,70.0,69.0,69.0,795.0,13.0,2024-07-01,2025-06-30
010118,71.0,77.0,80.0,59.0,75.0,53.0,70.0,46.0,275.0,11.0,2024-07-01,2025-06-30
010120,76.0,82.0,81.0,61.0,81.0,63.0,72.0,60.0,47.0,17.0,2024-07-01,2025-06-30
010125,84.0,85.0,83.0,64.0,90.0,75.0,76.0,73.0,81.0,18.0,2024-07-01,2025-06-30
010126,74.0,81.0,83.0,59.0,84.0,72.0,70.0,71.0,155.0,36.0,2024-07-01,2025-06-30
010128,94.0,89.0,80.0,77.0,90.0,86.0,84.0,86.0,30.0,17.0,2024-07-01,2025-06-30
010129,87.0,87.0,89.0,71.0,89.0,82.0,71.0,80.0,219.0,17.0,2024-07-01,2025-06-30
010130,71.0,82.0,77.0,61.0,88.0,75.0,62.0,73.0,335.0,22.0,2024-07-01,2025-06-30
010131,62.0,77.0,77.0,56.0,80.0,62.0,63.0,68.0,863.0,20.0,2024-07-01,2025-06-30
010138,,,,,,,,,,,2024-07-01,2025-06-30
010139,62.0,72.0,79.0,54.0,82.0,60.0,55.0,58.0,963.0,14.0,2024-07-01,2025-06-30
010144,55.0,71.0,77.0,54.0,87.0,68.0,58.0,72.0,1481.0,20.0,2024-07-01,2025-06-30
010148,75.0,79.0,91.0,65.0,86.0,69.0,71.0,72.0,116.0,20.0,2024-07-01,2025-06-30
010149,68.0,77.0,78.0,60.0,87.0,74.0,62.0,76.0,1141.0,18.0,2024-07-01,2025-06-30
01014F,71.0,81.0,84.0,73.0,88.0,78.0,63.0,71.0,703.0,23.0,2024-07-01,2025-06-30
010150,72.0,81.0,79.0,61.0,77.0,66.0,61.0,57.0,59.0,12.0,2024-07-01,2025-06-30
010157,82.0,92.0,88.0,74.0,88.0,89.0,90.0,90.0,34.0,13.0,2024-07-01,2025-06-30
010158,72.0,70.0,80.0,66.0,82.0,68.0,61.0,65.0,95.0,18.0,2024-07-01,2025-06-30
010164,66.0,77.0,84.0,58.0,87.0,69.0,68.0,66.0,350.0,18.0,2024-07-01,2025-06-30
010168,76.0,86.0,84.0,71.0,86.0,86.0,77.0,88.0,567.0,33.0,2024-07-01,2025-06-30
010169,75.0,81.0,88.0,66.0,87.0,68.0,75.0,63.0,66.0,20.0,2024-07-01,2025-06-30
010173,59.0,90.0,82.0,71.0,92.0,86.0,76.0,87.0,79.0,22.0,2024-07-01,2025-06-30
01019F,78.0,85.0,86.0,66.0,85.0,80.0,69.0,70.0,138.0,20.0,2024-07-01,2025-06-30
01021F,,,,,,,,,,,2024-07-01,2025-06-30
010779,,,,,,,,,,,2024-07-01,2025-06-30
010780,,,,,,,,,,,2024-07-01,2025-06-30
010781,,,,,,,,,,,2024-07-01,2025-06-30
011300,79.0,82.0,78.0,56.0,92.0,80.0,62.0,87.0,37.0,24.0,2024-07-01,2025-06-30
011302,93.0,92.0,91.0,62.0,94.0,76.0,70.0,84.0,68.0,30.0,2024-07-01,2025-06-30
011304,89.0,92.0,95.0,80.0,82.0,72.0,76.0,67.0,36.0,24.0,2024-07-01,2025-06-30
011305,,,,,,,,,,,2024-07-01,2025-06-30
011306,92.0,91.0,91.0,77.0,90.0,81.0,93.0,88.0,31.0,23.0,2024-07-01,2025-06-30
011307,,,,,,,,,,,2024-07-01,2025-06-30
011308,,,,,,,,,,,2024-07-01,2025-06-30
011309,,,,,,,,,,,2024-07-01,2025-06-30
013300,,,,,,,,,,,2024-07-01,2025-06-30
013301,,,,,,,,,,,2024-07-01,2025-06-30
020001,72.0,76.0,76.0,58.0,90.0,71.0,47.0,77.0,372.0,17.0,2024-07-01,2025-06-30
020006,71.0,80.0,78.0,62.0,90.0,71.0,59.0,69.0,407.0,15.0,2024-07-01,2025-06-30
020008,74.0,83.0,87.0,71.0,89.0,82.0,68.0,80.0,167.0,18.0,2024-07-01,2025-06-30
020012,74.0,78.0,76.0,55.0,87.0,69.0,51.0,69.0,400.0,12.0,2024-07-01,2025-06-30
020017,70.0,77.0,76.0,58.0,85.0,68.0,61.0,68.0,636.0,19.0,2024-07-01,2025-06-30
020018,58.0,74.0,76.0,57.0,81.0,59.0,59.0,65.0,144.0,21.0,2024-07-01,2025-06-30
020024,74.0,79.0,78.0,60.0,89.0,74.0,55.0,77.0,340.0,16.0,2024-07-01,2025-06-30
020026,67.0,72.0,73.0,63.0,85.0,59.0,46.0,62.0,325.0,11.0,2024-07-01,2025-06-30
02013F,67.0,88.0,84.0,73.0,89.0,72.0,69.0,81.0,134.0,22.0,2024-07-01,2025-06-30
02014F,85.0,83.0,86.0,67.0,90.0,82.0,73.0,83.0,113.0,19.0,2024-07-01,2025-06-30
021301,,,,,,,,,,,2024-07-01,2025-06-30
021302,,,,,,,,,,,2024-07-01,2025-06-30
021304,,,,,,,,,,,2024-07-01,2025-06-30
021305,,,,,,,,,,,2024-07-01,2025-06-30
021306,77.0,86.0,83.0,74.0,94.0,74.0,67.0,73.0,60.0,17.0,2024-07-01,2025-06-30
021307,,,,,,,,,,,2024-07-01,2025-06-30
021308,,,,,,,,,,,2024-07-01,2025-06-30
021309,,,,,,,,,,,2024-07-01,2025-06-30
021310,,,,,,,,,,,2024-07-01,2025-06-30
021311,79.0,82.0,82.0,64.0,83.0,72.0,72.0,74.0,133.0,21.0,2024-07-01,2025-06-30
021312,,,,,,,,,,,2024-07-01,2025-06-30
021313,89.0,87.0,86.0,68.0,91.0,80.0,54.0,80.0,97.0,19.0,2024-07-01,2025-06-30
021314,,,,,,,,,,,2024-07-01,2025-06-30
030002,65.0,76.0,75.0,56.0,82.0,68.0,52.0,68.0,565.0,18.0,2024-07-01,2025-06-30
030006,59.0,73.0,72.0,55.0,84.0,63.0,40.0,70.0,2894.0,23.0,2024-07-01,2025-06-30
030007,76.0,78.0,76.0,58.0,86.0,65.0,56.0,61.0,803.0,26.0,2024-07-01,2025-06-30
030010,64.0,70.0,70.0,54.0,81.0,56.0,45.0,54.0,1079.0,20.0,2024-07-01,2025-06-30
030011,59.0,67.0,68.0,48.0,79.0,51.0,46.0,51.0,922.0,18.0,2024-07-01,2025-06-30
030012,69.0,80.0,73.0,60.0,83.0,67.0,44.0,65.0,500.0,25.0,2024-07-01,2025-06-30
030013,74.0,73.0,73.0,56.0,82.0,62.0,55.0,64.0,1066.0,22.0,2024-07-01,2025-06-30
030014,69.0,78.0,76.0,60.0,89.0,70.0,46.0,71.0,566.0,20.0,2024-07-01,2025-06-30
030016,68.0,72.0,70.0,54.0,83.0,60.0,51.0,57.0,437.0,17.0,2024-07-01,2025-06-30
030022,62.0,75.0,76.0,57.0,81.0,74.0,62.0,72.0,687.0,7.0,2024-07-01,2025-06-30
030023,60.0,78.0,77.0,61.0,88.0,68.0,53.0,67.0,783.0,20.0,2024-07-01,2025-06-30
030024,70.0,78.0,77.0,59.0,87.0,73.0,57.0,76.0,722.0,13.0,2024-07-01,2025-06-30
030030,60.0,69.0,66.0,54.0,77.0,60.0,54.0,55.0,317.0,9.0,2024-07-01,2025-06-30
030036,67.0,82.0,75.0,59.0,88.0,72.0,50.0,72.0,485.0,18.0,2024-07-01,2025-06-30
030037,70.0,71.0,75.0,59.0,73.0,51.0,57.0,51.0,102.0,10.0,2024-07-01,2025-06-30
030038,64.0,80.0,78.0,61.0,84.0,76.0,48.0,76.0,430.0,24.0,2024-07-01,2025-06-30
030043,79.0,73.0,73.0,55.0,83.0,61.0,57.0,57.0,734.0,22.0,2024-07-01,2025-06-30
030055,71.0,77.0,74.0,61.0,83.0,58.0,55.0,56.0,512.0,18.0,2024-07-01,2025-06-30
030061,63.0,70.0,67.0,54.0,83.0,60.0,36.0,63.0,459.0,23.0,2024-07-01,2025-06-30
030062,75.0,76.0,72.0,60.0,82.0,65.0,56.0,60.0,505.0,17.0,2024-07-01,2025-06-30
030064,63.0,71.0,72.0,57.0,83.0,68.0,50.0,68.0,564.0,19.0,2024-07-01,2025-06-30
030065,50.0,70.0,68.0,47.0,81.0,59.0,49.0,59.0,583.0,18.0,2024-07-01,2025-06-30
030069,64.0,75.0,68.0,55.0,84.0,58.0,50.0,53.0,1183.0,28.0,2024-07-01,2025-06-30
030071,72.0,77.0,78.0,54.0,83.0,75.0,64.0,62.0,172.0,11.0,2024-07-01,2025-06-30
030073,74.0,76.0,79.0,59.0,85.0,63.0,54.0,61.0,226.0,17.0,2024-07-01,2025-06-30
030074,,,,,,,,,,,2024-07-01,2025-06-30
030078,74.0,83.0,84.0,64.0,88.0,77.0,64.0,74.0,193.0,24.0,2024-07-01,2025-06-30
030083,62.0,70.0,71.0,51.0,82.0,59.0,57.0,52.0,525.0,16.0,2024-07-01,2025-06-30
030084,61.0,67.0,74.0,63.0,72.0,55.0,57.0,45.0,82.0,9.0,2024-07-01,2025-06-30
030085,56.0,69.0,67.0,50.0,78.0,50.0,38.0,48.0,1230.0,22.0,2024-07-01,2025-06-30
030087,65.0,77.0,75.0,57.0,85.0,71.0,50.0,73.0,535.0,21.0,2024-07-01,2025-06-30
030088,66.0,71.0,69.0,51.0,83.0,60.0,54.0,57.0,399.0,21.0,2024-07-01,2025-06-30
030089,62.0,68.0,66.0,47.0,80.0,54.0,52.0,56.0,547.0,18.0,2024-07-01,2025-06-30
030092,68.0,79.0,73.0,62.0,88.0,73.0,52.0,73.0,539.0,21.0,2024-07-01,2025-06-30
030093,62.0,69.0,69.0,45.0,83.0,59.0,44.0,58.0,455.0,18.0,2024-07-01,2025-06-30
030094,60.0,73.0,73.0,53.0,81.0,61.0,49.0,61.0,1513.0,17.0,2024-07-01,2025-06-30
030101,62.0,73.0,67.0,54.0,76.0,58.0,49.0,56.0,755.0,22.0,2024-07-01,2025-06-30
030103,80.0,87.0,86.0,69.0,92.0,91.0,71.0,93.0,1747.0,33.0,2024-07-01,2025-06-30
030105,66.0,78.0,73.0,56.0,83.0,71.0,48.0,72.0,776.0,28.0,2024-07-01,2025-06-30
030107,71.0,84.0,82.0,65.0,89.0,77.0,64.0,81.0,157.0,46.0,2024-07-01,2025-06-30
030108,77.0,85.0,80.0,69.0,90.0,78.0,64.0,79.0,258.0,42.0,2024-07-01,2025-06-30
030110,55.0,68.0,67.0,50.0,77.0,50.0,42.0,49.0,956.0,13.0,2024-07-01,2025-06-30
030111,59.0,73.0,76.0,51.0,82.0,62.0,40.0,60.0,442.0,18.0,2024-07-01,2025-06-30
030112,79.0,83.0,83.0,68.0,89.0,80.0,69.0,81.0,399.0,42.0,2024-07-01,2025-06-30
030113,72.0,78.0,80.0,59.0,82.0,65.0,55.0,71.0,150.0,15.0,2024-07-01,2025-06-30
030114,63.0,74.0,75.0,56.0,85.0,61.0,48.0,64.0,707.0,31.0,2024-07-01,2025-06-30
030115,66.0,75.0,74.0,54.0,84.0,69.0,68.0,69.0,552.0,17.0,2024-07-01,2025-06-30
030117,78.0,78.0,74.0,58.0,83.0,66.0,56.0,69.0,358.0,18.0,2024-07-01,2025-06-30
030119,71.0,80.0,73.0,58.0,90.0,75.0,57.0,77.0,560.0,15.0,2024-07-01,2025-06-30
030121,62.0,70.0,75.0,53.0,80.0,60.0,56.0,59.0,622.0,18.0,2024-07-01,2025-06-30
030122,65.0,76.0,74.0,56.0,86.0,69.0,62.0,73.0,500.0,18.0,2024-07-01,2025-06-30
030123,70.0,82.0,75.0,61.0,86.0,83.0,64.0,84.0,395.0,33.0,2024-07-01,2025-06-30
03012F,69.0,79.0,79.0,67.0,87.0,67.0,48.0,67.0,452.0,28.0,2024-07-01,2025-06-30
030130,69.0,77.0,73.0,59.0,84.0,69.0,67.0,70.0,418.0,16.0,2024-07-01,2025-06-30
030134,71.0,79.0,77.0,66.0,84.0,70.0,66.0,73.0,120.0,27.0,2024-07-01,2025-06-30
030136,82.0,87.0,84.0,75.0,84.0,79.0,67.0,75.0,65.0,8.0,2024-07-01,2025-06-30
030138,79.0,84.0,85.0,60.0,91.0,82.0,62.0,85.0,203.0,28.0,2024-07-01,2025-06-30
030139,74.0,81.0,76.0,64.0,87.0,78.0,63.0,80.0,584.0,17.0,2024-07-01,2025-06-30
03013F,73.0,80.0,80.0,71.0,86.0,77.0,49.0,78.0,442.0,37.0,2024-07-01,2025-06-30
030146,74.0,86.0,83.0,62.0,88.0,85.0,67.0,83.0,443.0,21.0,2024-07-01,2025-06-30
030147,68.0,76.0,72.0,57.0,85.0,73.0,63.0,74.0,402.0,16.0,2024-07-01,2025-06-30
030148,60.0,74.0,74.0,57.0,81.0,67.0,58.0,67.0,920.0,28.0,2024-07-01,2025-06-30
030152,70.0,83.0,76.0,55.0,76.0,81.0,72.0,79.0,74.0,16.0,2024-07-01,2025-06-30
030153,,,,,,,,,,,2024-07-01,2025-06-30
030154,88.0,83.0,80.0,77.0,86.0,79.0,82.0,76.0,48.0,20.0,2024-07-01,2025-06-30
030155,,,,,,,,,,,2024-07-01,2025-06-30
030195,,,,,,,,,,,2024-07-01,2025-06-30
03033F,80.0,84.0,80.0,72.0,86.0,77.0,58.0,76.0,283.0,39.0,2024-07-01,2025-06-30
031300,88.0,83.0,85.0,63.0,84.0,85.0,53.0,83.0,55.0,32.0,2024-07-01,2025-06-30
031301,69.0,92.0,92.0,76.0,83.0,80.0,64.0,80.0,72.0,26.0,2024-07-01,2025-06-30
031302,,,,,,,,,,,2024-07-01,2025-06-30
031304,94.0,78.0,85.0,87.0,83.0,69.0,63.0,76.0,39.0,19.0,2024-07-01,2025-06-30
031305,,,,,,,,,,,2024-07-01,2025-06-30
031307,,,,,,,,,,,2024-07-01,2025-06-30
031308,,,,,,,,,,,2024-07-01,2025-06-30
031309,75.0,72.0,73.0,61.0,86.0,76.0,63.0,68.0,46.0,15.0,2024-07-01,2025-06-30
031311,77.0,76.0,73.0,58.0,83.0,65.0,66.0,64.0,53.0,10.0,2024-07-01,2025-06-30
031312,87.0,86.0,85.0,69.0,93.0,80.0,70.0,78.0,58.0,26.0,2024-07-01,2025-06-30
031313,92.0,84.0,86.0,80.0,90.0,70.0,51.0,72.0,55.0,7.0,2024-07-01,2025-06-30
031314,80.0,74.0,75.0,52.0,83.0,70.0,63.0,66.0,350.0,30.0,2024-07-01,2025-06-30
031315,85.0,87.0,85.0,73.0,85.0,79.0,62.0,79.0,131.0,16.0,2024-07-01,2025-06-30
031317,73.0,75.0,71.0,51.0,86.0,59.0,63.0,68.0,112.0,30.0,2024-07-01,2025-06-30
031318,75.0,80.0,77.0,60.0,85.0,73.0,65.0,68.0,204.0,23.0,2024-07-01,2025-06-30
031319,75.0,80.0,82.0,69.0,91.0,72.0,59.0,68.0,293.0,38.0,2024-07-01,2025-06-30
031320,,,,,,,,,,,2024-07-01,2025-06-30
033302,,,,,,,,,,,2024-07-01,2025-06-30
040001,76.0,79.0,80.0,62.0,86.0,69.0,66.0,68.0,225.0,21.0,2024-07-01,2025-06-30
040002,76.0,81.0,84.0,65.0,85.0,73.0,73.0,65.0,218.0,17.0,2024-07-01,2025-06-30
040004,68.0,76.0,80.0,60.0,87.0,71.0,62.0,75.0,583.0,22.0,2024-07-01,2025-06-30
040007,57.0,74.0,79.0,56.0,85.0,65.0,58.0,65.0,640.0,22.0,2024-07-01,2025-06-30
040010,83.0,77.0,79.0,58.0,88.0,78.0,54.0,77.0,470.0,21.0,2024-07-01,2025-06-30
040011,69.0,78.0,83.0,63.0,79.0,78.0,72.0,66.0,173.0,19.0,2024-07-01,2025-06-30
040014,69.0,76.0,76.0,56.0,86.0,66.0,59.0,60.0,668.0,31.0,2024-07-01,2025-06-30
040016,69.0,75.0,77.0,58.0,86.0,70.0,57.0,76.0,1373.0,21.0,2024-07-01,2025-06-30
040017,80.0,78.0,78.0,64.0,87.0,64.0,62.0,58.0,292.0,21.0,2024-07-01,2025-06-30
040018,,,,,,,,,,,2024-07-01,2025-06-30
040019,81.0,83.0,84.0,79.0,78.0,70.0,79.0,60.0,104.0,9.0,2024-07-01,2025-06-30
040020,62.0,82.0,82.0,59.0,87.0,74.0,62.0,75.0,403.0,16.0,2024-07-01,2025-06-30
040022,72.0,76.0,77.0,59.0,84.0,66.0,58.0,66.0,1140.0,13.0,2024-07-01,2025-06-30
040026,71.0,77.0,76.0,64.0,85.0,67.0,62.0,72.0,609.0,20.0,2024-07-01,2025-06-30
040027,62.0,80.0,79.0,61.0,89.0,72.0,57.0,72.0,538.0,25.0,2024-07-01,2025-06-30
040029,69.0,78.0,81.0,57.0,85.0,72.0,59.0,73.0,1339.0,21.0,2024-07-01,2025-06-30
040036,53.0,68.0,73.0,48.0,83.0,59.0,45.0,58.0,941.0,17.0,2024-07-01,2025-06-30
040039,69.0,76.0,82.0,57.0,86.0,65.0,60.0,60.0,326.0,14.0,2024-07-01,2025-06-30
040041,68.0,77.0,74.0,55.0,85.0,61.0,56.0,54.0,616.0,18.0,2024-07-01,2025-06-30
040050,65.0,82.0,91.0,62.0,83.0,68.0,69.0,58.0,56.0,13.0,2024-07-01,2025-06-30
040051,65.0,80.0,90.0,57.0,83.0,65.0,66.0,60.0,177.0,13.0,2024-07-01,2025-06-30
040055,66.0,71.0,74.0,55.0,85.0,65.0,58.0,68.0,824.0,19.0,2024-07-01,2025-06-30
040062,73.0,76.0,74.0,54.0,83.0,70.0,56.0,74.0,481.0,21.0,2024-07-01,2025-06-30
040067,78.0,76.0,83.0,68.0,88.0,72.0,71.0,67.0,74.0,17.0,2024-07-01,2025-06-30
040069,61.0,75.0,75.0,59.0,84.0,60.0,49.0,55.0,92.0,16.0,2024-07-01,2025-06-30
040071,70.0,73.0,79.0,55.0,82.0,59.0,68.0,59.0,792.0,17.0,2024-07-01,2025-06-30
040072,66.0,89.0,96.0,74.0,88.0,88.0,73.0,82.0,57.0,18.0,2024-07-01,2025-06-30
040076,97.0,93.0,91.0,58.0,95.0,89.0,68.0,74.0,35.0,20.0,2024-07-01,2025-06-30
040078,63.0,72.0,71.0,53.0,81.0,61.0,53.0,60.0,706.0,19.0,2024-07-01,2025-06-30
040084,71.0,78.0,80.0,58.0,83.0,68.0,60.0,65.0,497.0,15.0,2024-07-01,2025-06-30
040088,72.0,81.0,84.0,64.0,83.0,66.0,68.0,64.0,297.0,19.0,2024-07-01,2025-06-30
04009F,85.0,88.0,88.0,73.0,89.0,84.0,70.0,84.0,359.0,33.0,2024-07-01,2025-06-30
04010F,66.0,80.0,80.0,68.0,84.0,73.0,56.0,68.0,531.0,32.0,2024-07-01,2025-06-30
040114,56.0,72.0,73.0,53.0,84.0,65.0,56.0,68.0,1432.0,18.0,2024-07-01,2025-06-30
040118,67.0,80.0,81.0,58.0,87.0,78.0,69.0,78.0,844.0,18.0,2024-07-01,2025-06-30
040119,68.0,75.0,77.0,55.0,84.0,60.0,55.0,60.0,355.0,20.0,2024-07-01,2025-06-30
040132,,,,,,,,,,,2024-07-01,2025-06-30
040134,80.0,86.0,85.0,69.0,84.0,88.0,69.0,88.0,470.0,34.0,2024-07-01,2025-06-30
040137,65.0,81.0,79.0,62.0,85.0,73.0,61.0,74.0,568.0,22.0,2024-07-01,2025-06-30
040147,82.0,88.0,84.0,73.0,88.0,85.0,83.0,87.0,463.0,41.0,2024-07-01,2025-06-30
040153,,,,,,,,,,,2024-07-01,2025-06-30
040154,74.0,82.0,81.0,62.0,81.0,77.0,74.0,77.0,564.0,19.0,2024-07-01,2025-06-30
040156,72.0,87.0,81.0,88.0,84.0,84.0,78.0,72.0,56.0,16.0,2024-07-01,2025-06-30
040161,83.0,85.0,85.0,67.0,87.0,85.0,75.0,85.0,209.0,22.0,2024-07-01,2025-06-30
040164,81.0,89.0,88.0,88.0,90.0,85.0,83.0,85.0,38.0,29.0,2024-07-01,2025-06-30
040779,,,,,,,,,,,2024-07-01,2025-06-30
040780,,,,,,,,,,,2024-07-01,2025-06-30
040781,,,,,,,,,,,2024-07-01,2025-06-30
040782,,,,,,,,,,,2024-07-01,2025-06-30
040783,,,,,,,,,,,2024-07-01,2025-06-30
041300,86.0,86.0,87.0,75.0,90.0,87.0,75.0,88.0,79.0,25.0,2024-07-01,2025-06-30
041302,,,,,,,,,,,2024-07-01,2025-06-30
041303,59.0,84.0,86.0,57.0,88.0,73.0,64.0,70.0,73.0,25.0,2024-07-01,2025-06-30
041305,89.0,81.0,79.0,79.0,90.0,77.0,66.0,84.0,51.0,19.0,2024-07-01,2025-06-30
041306,,,,,,,,,,,2024-07-01,2025-06-30
041307,80.0,90.0,91.0,74.0,80.0,75.0,78.0,72.0,48.0,26.0,2024-07-01,2025-06-30
041308,,,,,,,,,,,2024-07-01,2025-06-30
041309,,,,,,,,,,,2024-07-01,2025-06-30
041310,72.0,80.0,79.0,53.0,81.0,73.0,64.0,68.0,46.0,29.0,2024-07-01,2025-06-30
041311,89.0,92.0,93.0,83.0,90.0,89.0,77.0,87.0,124.0,24.0,2024-07-01,2025-06-30
041312,69.0,90.0,95.0,73.0,82.0,82.0,68.0,79.0,70.0,24.0,2024-07-01,2025-06-30
041313,72.0,79.0,83.0,56.0,88.0,64.0,67.0,74.0,54.0,33.0,2024-07-01,2025-06-30
041317,,,,,,,,,,,2024-07-01,2025-06-30
041318,81.0,81.0,77.0,63.0,87.0,77.0,78.0,71.0,77.0,23.0,2024-07-01,2025-06-30
041320,,,,,,,,,,,2024-07-01,2025-06-30
041321,90.0,79.0,74.0,71.0,87.0,81.0,79.0,66.0,45.0,12.0,2024-07-01,2025-06-30
041322,,,,,,,,,,,2024-07-01,2025-06-30
041323,82.0,87.0,84.0,73.0,88.0,68.0,68.0,62.0,57.0,16.0,2024-07-01,2025-06-30
041324,85.0,84.0,84.0,77.0,91.0,77.0,73.0,72.0,67.0,21.0,2024-07-01,2025-06-30
041326,,,,,,,,,,,2024-07-01,2025-06-30
041327,76.0,69.0,83.0,61.0,87.0,76.0,61.0,70.0,39.0,28.0,2024-07-01,2025-06-30
041328,88.0,92.0,87.0,65.0,83.0,70.0,73.0,79.0,35.0,18.0,2024-07-01,2025-06-30
041329,88.0,86.0,86.0,71.0,90.0,78.0,73.0,84.0,72.0,23.0,2024-07-01,2025-06-30
041330,79.0,86.0,87.0,63.0,88.0,75.0,66.0,76.0,145.0,23.0,2024-07-01,2025-06-30
041331,87.0,91.0,90.0,80.0,95.0,80.0,66.0,89.0,32.0,19.0,2024-07-01,2025-06-30
041332,82.0,84.0,88.0,80.0,93.0,78.0,75.0,72.0,77.0,26.0,2024-07-01,2025-06-30
041333,,,,,,,,,,,2024-07-01,2025-06-30
041334,,,,,,,,,,,2024-07-01,2025-06-30
041335,,,,,,,,,,,2024-07-01,2025-06-30
043300,,,,,,,,,,,2024-07-01,2025-06-30
043301,,,,,,,,,,,2024-07-01,2025-06-30
050002,77.0,71.0,71.0,53.0,83.0,62.0,53.0,66.0,395.0,22.0,2024-07-01,2025-06-30
050006,72.0,73.0,74.0,55.0,86.0,62.0,37.0,63.0,441.0,18.0,2024-07-01,2025-06-30
050007,76.0,81.0,80.0,58.0,88.0,75.0,53.0,78.0,528.0,25.0,2024-07-01,2025-06-30
050008,72.0,75.0,79.0,57.0,88.0,69.0,44.0,72.0,495.0,21.0,2024-07-01,2025-06-30
050009,72.0,79.0,76.0,56.0,83.0,68.0,41.0,72.0,410.0,19.0,2024-07-01,2025-06-30
050013,76.0,80.0,78.0,60.0,86.0,74.0,34.0,77.0,542.0,27.0,2024-07-01,2025-06-30
050014,83.0,83.0,80.0,66.0,89.0,79.0,59.0,78.0,335.0,20.0,2024-07-01,2025-06-30
050017,71.0,81.0,80.0,62.0,88.0,79.0,54.0,78.0,498.0,21.0,2024-07-01,2025-06-30
050022,66.0,73.0,72.0,54.0,81.0,62.0,41.0,63.0,544.0,14.0,2024-07-01,2025-06-30
050024,67.0,72.0,74.0,54.0,80.0,63.0,51.0,59.0,408.0,20.0,2024-07-01,2025-06-30
050025,66.0,78.0,79.0,60.0,88.0,73.0,49.0,74.0,3650.0,16.0,2024-07-01,2025-06-30
050026,75.0,77.0,76.0,59.0,86.0,69.0,48.0,69.0,3201.0,17.0,2024-07-01,2025-06-30
050028,72.0,79.0,81.0,69.0,89.0,71.0,54.0,70.0,143.0,22.0,2024-07-01,2025-06-30
050030,45.0,64.0,67.0,46.0,78.0,35.0,31.0,34.0,747.0,13.0,2024-07-01,2025-06-30
050036,75.0,74.0,73.0,60.0,85.0,70.0,48.0,72.0,520.0,12.0,2024-07-01,2025-06-30
050038,69.0,73.0,75.0,57.0,83.0,67.0,43.0,68.0,3890.0,29.0,2024-07-01,2025-06-30
050039,59.0,77.0,74.0,55.0,85.0,70.0,41.0,73.0,1212.0,17.0,2024-07-01,2025-06-30
050040,68.0,75.0,78.0,59.0,86.0,72.0,43.0,73.0,458.0,13.0,2024-07-01,2025-06-30
050042,76.0,81.0,79.0,67.0,91.0,70.0,43.0,67.0,350.0,19.0,2024-07-01,2025-06-30
050043,74.0,74.0,80.0,57.0,86.0,75.0,54.0,77.0,716.0,18.0,2024-07-01,2025-06-30
050045,69.0,66.0,69.0,52.0,84.0,53.0,33.0,50.0,248.0,11.0,2024-07-01,2025-06-30
050047,75.0,74.0,77.0,58.0,87.0,75.0,52.0,79.0,540.0,19.0,2024-07-01,2025-06-30
050054,78.0,70.0,68.0,54.0,85.0,68.0,49.0,66.0,235.0,15.0,2024-07-01,2025-06-30
050055,79.0,79.0,82.0,61.0,88.0,76.0,57.0,78.0,471.0,18.0,2024-07-01,2025-06-30
050056,71.0,68.0,68.0,49.0,79.0,52.0,41.0,49.0,341.0,10.0,2024-07-01,2025-06-30
050057,65.0,74.0,75.0,59.0,85.0,66.0,49.0,64.0,411.0,22.0,2024-07-01,2025-06-30
050058,71.0,77.0,75.0,60.0,84.0,69.0,52.0,67.0,584.0,11.0,2024-07-01,2025-06-30
050060,73.0,74.0,76.0,55.0,87.0,67.0,42.0,71.0,473.0,27.0,2024-07-01,2025-06-30
050063,63.0,66.0,68.0,50.0,79.0,59.0,40.0,59.0,1283.0,25.0,2024-07-01,2025-06-30
050067,,,,,,,,,,,2024-07-01,2025-06-30
050069,67.0,72.0,71.0,58.0,81.0,63.0,52.0,70.0,396.0,16.0,2024-07-01,2025-06-30
050070,74.0,78.0,81.0,60.0,87.0,72.0,40.0,71.0,539.0,26.0,2024-07-01,2025-06-30
050071,71.0,74.0,81.0,56.0,88.0,70.0,45.0,74.0,546.0,25.0,2024-07-01,2025-06-30
050072,69.0,73.0,78.0,54.0,86.0,64.0,34.0,68.0,595.0,25.0,2024-07-01,2025-06-30
050073,70.0,78.0,81.0,60.0,88.0,74.0,56.0,74.0,1056.0,20.0,2024-07-01,2025-06-30
050075,70.0,72.0,78.0,56.0,85.0,69.0,47.0,71.0,2915.0,22.0,2024-07-01,2025-06-30
050076,64.0,75.0,81.0,57.0,86.0,68.0,40.0,71.0,2387.0,27.0,2024-07-01,2025-06-30
050077,69.0,77.0,78.0,60.0,87.0,67.0,45.0,68.0,2872.0,17.0,2024-07-01,2025-06-30
050078,81.0,79.0,82.0,63.0,87.0,78.0,46.0,74.0,393.0,16.0,2024-07-01,2025-06-30
050082,69.0,77.0,75.0,61.0,86.0,69.0,46.0,67.0,996.0,17.0,2024-07-01,2025-06-30
050084,66.0,76.0,75.0,61.0,88.0,62.0,41.0,66.0,559.0,14.0,2024-07-01,2025-06-30
050089,72.0,74.0,74.0,61.0,82.0,69.0,54.0,66.0,342.0,7.0,2024-07-01,2025-06-30
050090,75.0,84.0,88.0,65.0,90.0,73.0,56.0,77.0,149.0,31.0,2024-07-01,2025-06-30
050091,69.0,71.0,66.0,48.0,81.0,59.0,36.0,56.0,238.0,9.0,2024-07-01,2025-06-30
050093,72.0,72.0,73.0,56.0,84.0,69.0,50.0,73.0,840.0,31.0,2024-07-01,2025-06-30
050099,66.0,71.0,71.0,51.0,83.0,65.0,49.0,67.0,1834.0,16.0,2024-07-01,2025-06-30
050100,72.0,81.0,79.0,62.0,88.0,78.0,59.0,81.0,4983.0,20.0,2024-07-01,2025-06-30
050101,63.0,77.0,78.0,60.0,86.0,66.0,43.0,64.0,361.0,16.0,2024-07-01,2025-06-30
050102,75.0,75.0,72.0,56.0,83.0,65.0,50.0,59.0,358.0,12.0,2024-07-01,2025-06-30
050103,71.0,76.0,74.0,59.0,85.0,62.0,50.0,64.0,922.0,9.0,2024-07-01,2025-06-30
050104,74.0,70.0,71.0,53.0,82.0,64.0,51.0,62.0,530.0,31.0,2024-07-01,2025-06-30
050107,76.0,79.0,77.0,65.0,88.0,70.0,50.0,69.0,699.0,17.0,2024-07-01,2025-06-30
050108,76.0,80.0,79.0,60.0,87.0,79.0,49.0,79.0,732.0,20.0,2024-07-01,2025-06-30
050110,74.0,69.0,71.0,48.0,89.0,53.0,41.0,51.0,195.0,14.0,2024-07-01,2025-06-30
050112,74.0,75.0,80.0,57.0,85.0,73.0,55.0,77.0,663.0,17.0,2024-07-01,2025-06-30
050113,79.0,76.0,77.0,60.0,87.0,71.0,53.0,66.0,192.0,15.0,2024-07-01,2025-06-30
050115,64.0,75.0,73.0,55.0,85.0,67.0,48.0,67.0,2367.0,16.0,2024-07-01,2025-06-30
050116,69.0,74.0,72.0,61.0,87.0,66.0,40.0,66.0,643.0,14.0,2024-07-01,2025-06-30
050118,68.0,70.0,69.0,57.0,82.0,58.0,37.0,57.0,309.0,14.0,2024-07-01,2025-06-30
050121,80.0,77.0,74.0,59.0,86.0,66.0,53.0,65.0,869.0,12.0,2024-07-01,2025-06-30
050122,70.0,71.0,69.0,50.0,77.0,55.0,43.0,59.0,350.0,15.0,2024-07-01,2025-06-30
050124,75.0,76.0,76.0,60.0,84.0,64.0,38.0,68.0,398.0,21.0,2024-07-01,2025-06-30
050125,,,,,,,,,,,2024-07-01,2025-06-30
050126,76.0,71.0,66.0,54.0,80.0,63.0,44.0,62.0,354.0,12.0,2024-07-01,2025-06-30
050127,70.0,80.0,81.0,66.0,88.0,72.0,43.0,72.0,304.0,16.0,2024-07-01,2025-06-30
050128,66.0,71.0,73.0,60.0,84.0,55.0,41.0,54.0,385.0,22.0,2024-07-01,2025-06-30
050129,68.0,76.0,73.0,60.0,83.0,70.0,50.0,67.0,572.0,11.0,2024-07-01,2025-06-30
050131,78.0,82.0,86.0,64.0,89.0,79.0,54.0,83.0,323.0,30.0,2024-07-01,2025-06-30
050132,73.0,75.0,72.0,60.0,86.0,66.0,49.0,64.0,469.0,17.0,2024-07-01,2025-06-30
050133,67.0,76.0,74.0,58.0,85.0,58.0,47.0,51.0,552.0,14.0,2024-07-01,2025-06-30
050135,63.0,60.0,58.0,45.0,70.0,41.0,39.0,39.0,398.0,9.0,2024-07-01,2025-06-30
050136,81.0,76.0,74.0,56.0,86.0,65.0,44.0,69.0,251.0,23.0,2024-07-01,2025-06-30
050137,78.0,76.0,80.0,61.0,87.0,73.0,53.0,72.0,546.0,19.0,2024-07-01,2025-06-30
050138,73.0,78.0,80.0,59.0,86.0,73.0,55.0,75.0,1107.0,24.0,2024-07-01,2025-06-30
050139,64.0,75.0,79.0,58.0,86.0,71.0,58.0,71.0,580.0,17.0,2024-07-01,2025-06-30
050140,74.0,82.0,81.0,67.0,89.0,79.0,63.0,78.0,1471.0,18.0,2024-07-01,2025-06-30
050145,75.0,80.0,80.0,61.0,85.0,80.0,53.0,82.0,507.0,28.0,2024-07-01,2025-06-30
050149,68.0,71.0,68.0,57.0,80.0,66.0,46.0,63.0,567.0,8.0,2024-07-01,2025-06-30
050150,78.0,81.0,77.0,66.0,87.0,71.0,48.0,71.0,451.0,21.0,2024-07-01,2025-06-30
050152,67.0,68.0,70.0,55.0,84.0,62.0,44.0,58.0,202.0,13.0,2024-07-01,2025-06-30
050158,73.0,62.0,69.0,46.0,77.0,53.0,43.0,53.0,152.0,17.0,2024-07-01,2025-06-30
050159,71.0,72.0,76.0,61.0,85.0,68.0,50.0,69.0,858.0,20.0,2024-07-01,2025-06-30
05015F,78.0,84.0,88.0,71.0,93.0,83.0,56.0,84.0,358.0,32.0,2024-07-01,2025-06-30
050167,65.0,70.0,72.0,51.0,85.0,59.0,34.0,60.0,773.0,29.0,2024-07-01,2025-06-30
050168,78.0,79.0,78.0,58.0,87.0,77.0,54.0,77.0,497.0,22.0,2024-07-01,2025-06-30
050169,78.0,77.0,77.0,60.0,86.0,76.0,52.0,78.0,2039.0,17.0,2024-07-01,2025-06-30
050174,68.0,75.0,73.0,54.0,86.0,64.0,38.0,67.0,505.0,23.0,2024-07-01,2025-06-30
050179,73.0,71.0,72.0,54.0,81.0,59.0,39.0,57.0,676.0,14.0,2024-07-01,2025-06-30
050180,65.0,75.0,75.0,55.0,87.0,69.0,54.0,77.0,686.0,23.0,2024-07-01,2025-06-30
050191,70.0,71.0,72.0,59.0,82.0,64.0,44.0,62.0,509.0,10.0,2024-07-01,2025-06-30
050192,74.0,83.0,79.0,53.0,85.0,64.0,61.0,73.0,109.0,8.0,2024-07-01,2025-06-30
050194,81.0,79.0,74.0,66.0,87.0,67.0,52.0,68.0,270.0,12.0,2024-07-01,2025-06-30
050195,75.0,75.0,75.0,53.0,84.0,69.0,46.0,68.0,639.0,18.0,2024-07-01,2025-06-30
050197,78.0,79.0,83.0,58.0,88.0,77.0,56.0,80.0,651.0,26.0,2024-07-01,2025-06-30
050204,73.0,76.0,70.0,56.0,82.0,70.0,57.0,68.0,506.0,14.0,2024-07-01,2025-06-30
05020F,68.0,85.0,84.0,68.0,91.0,72.0,78.0,74.0,292.0,19.0,2024-07-01,2025-06-30
050211,74.0,68.0,75.0,52.0,84.0,64.0,40.0,61.0,350.0,20.0,2024-07-01,2025-06-30
050222,72.0,78.0,76.0,59.0,86.0,70.0,55.0,73.0,2297.0,15.0,2024-07-01,2025-06-30
050224,78.0,80.0,81.0,59.0,87.0,81.0,53.0,84.0,2270.0,20.0,2024-07-01,2025-06-30
050226,75.0,73.0,70.0,53.0,79.0,61.0,46.0,52.0,333.0,14.0,2024-07-01,2025-06-30
050228,70.0,73.0,75.0,56.0,84.0,71.0,55.0,70.0,1545.0,15.0,2024-07-01,2025-06-30
05022F,70.0,85.0,85.0,69.0,89.0,74.0,62.0,77.0,1206.0,23.0,2024-07-01,2025-06-30
050230,72.0,62.0,63.0,44.0,78.0,57.0,31.0,57.0,404.0,20.0,2024-07-01,2025-06-30
050231,68.0,74.0,73.0,58.0,83.0,67.0,44.0,68.0,1894.0,12.0,2024-07-01,2025-06-30
050232,68.0,80.0,79.0,62.0,89.0,71.0,34.0,78.0,728.0,27.0,2024-07-01,2025-06-30
050234,84.0,85.0,79.0,64.0,90.0,80.0,63.0,85.0,402.0,18.0,2024-07-01,2025-06-30
050235,79.0,77.0,74.0,58.0,84.0,71.0,57.0,76.0,356.0,17.0,2024-07-01,2025-06-30
050236,81.0,77.0,70.0,57.0,88.0,67.0,50.0,68.0,482.0,23.0,2024-07-01,2025-06-30
050238,68.0,68.0,71.0,49.0,83.0,58.0,45.0,60.0,552.0,19.0,2024-07-01,2025-06-30
050239,78.0,75.0,76.0,61.0,85.0,68.0,52.0,69.0,708.0,14.0,2024-07-01,2025-06-30
050242,73.0,78.0,80.0,60.0,87.0,64.0,33.0,67.0,829.0,22.0,2024-07-01,2025-06-30
050243,66.0,73.0,70.0,56.0,83.0,63.0,39.0,62.0,990.0,13.0,2024-07-01,2025-06-30
050245,64.0,75.0,78.0,62.0,84.0,71.0,48.0,71.0,334.0,43.0,2024-07-01,2025-06-30
050248,73.0,73.0,77.0,59.0,85.0,71.0,39.0,70.0,838.0,54.0,2024-07-01,2025-06-30
050254,75.0,79.0,71.0,59.0,87.0,70.0,44.0,69.0,515.0,20.0,2024-07-01,2025-06-30
050257,,,,,,,,,,,2024-07-01,2025-06-30
05025F,73.0,76.0,80.0,63.0,88.0,71.0,48.0,72.0,485.0,29.0,2024-07-01,2025-06-30
050261,68.0,76.0,75.0,58.0,86.0,58.0,44.0,52.0,331.0,13.0,2024-07-01,2025-06-30
050262,73.0,77.0,78.0,58.0,86.0,74.0,46.0,78.0,909.0,16.0,2024-07-01,2025-06-30
050272,72.0,76.0,75.0,58.0,85.0,73.0,48.0,75.0,1239.0,21.0,2024-07-01,2025-06-30
050276,78.0,76.0,79.0,63.0,85.0,75.0,48.0,73.0,516.0,10.0,2024-07-01,2025-06-30
050278,75.0,78.0,79.0,60.0,87.0,76.0,51.0,78.0,414.0,15.0,2024-07-01,2025-06-30
050279,73.0,72.0,71.0,52.0,83.0,50.0,53.0,50.0,194.0,12.0,2024-07-01,2025-06-30
05027F,69.0,76.0,81.0,65.0,86.0,68.0,44.0,72.0,476.0,23.0,2024-07-01,2025-06-30
050280,65.0,77.0,77.0,60.0,88.0,66.0,35.0,71.0,669.0,19.0,2024-07-01,2025-06-30
050281,79.0,76.0,75.0,61.0,84.0,72.0,50.0,67.0,429.0,17.0,2024-07-01,2025-06-30
050283,64.0,77.0,79.0,58.0,88.0,69.0,41.0,74.0,1116.0,24.0,2024-07-01,2025-06-30
050289,60.0,77.0,78.0,60.0,84.0,57.0,45.0,56.0,275.0,21.0,2024-07-01,2025-06-30
050290,75.0,73.0,77.0,57.0,80.0,72.0,60.0,74.0,394.0,23.0,2024-07-01,2025-06-30
050291,69.0,79.0,76.0,57.0,89.0,76.0,55.0,80.0,810.0,20.0,2024-07-01,2025-06-30
050292,61.0,72.0,73.0,56.0,86.0,64.0,43.0,62.0,479.0,10.0,2024-07-01,2025-06-30
050295,66.0,76.0,70.0,61.0,82.0,64.0,43.0,65.0,477.0,11.0,2024-07-01,2025-06-30
050298,78.0,80.0,76.0,62.0,89.0,70.0,64.0,65.0,232.0,17.0,2024-07-01,2025-06-30
050300,62.0,68.0,68.0,53.0,81.0,54.0,35.0,53.0,456.0,13.0,2024-07-01,2025-06-30
050301,72.0,77.0,79.0,61.0,88.0,64.0,33.0,65.0,329.0,15.0,2024-07-01,2025-06-30
050305,64.0,70.0,74.0,50.0,83.0,57.0,46.0,63.0,599.0,13.0,2024-07-01,2025-06-30
050308,76.0,79.0,81.0,63.0,86.0,76.0,48.0,80.0,1118.0,20.0,2024-07-01,2025-06-30
050309,75.0,80.0,78.0,64.0,89.0,78.0,52.0,80.0,612.0,22.0,2024-07-01,2025-06-30
05030F,74.0,75.0,80.0,64.0,86.0,73.0,57.0,72.0,485.0,27.0,2024-07-01,2025-06-30
050313,76.0,74.0,78.0,60.0,86.0,69.0,49.0,69.0,425.0,15.0,2024-07-01,2025-06-30
050315,66.0,66.0,69.0,52.0,86.0,61.0,32.0,57.0,310.0,7.0,2024-07-01,2025-06-30
05031F,78.0,84.0,85.0,76.0,89.0,80.0,55.0,83.0,484.0,33.0,2024-07-01,2025-06-30
050320,68.0,70.0,76.0,54.0,83.0,67.0,50.0,68.0,1985.0,27.0,2024-07-01,2025-06-30
050324,74.0,82.0,82.0,63.0,88.0,80.0,59.0,83.0,3959.0,28.0,2024-07-01,2025-06-30
050327,74.0,77.0,77.0,57.0,86.0,77.0,54.0,78.0,2995.0,18.0,2024-07-01,2025-06-30
050329,58.0,70.0,71.0,49.0,81.0,53.0,35.0,48.0,468.0,12.0,2024-07-01,2025-06-30
050334,78.0,81.0,79.0,64.0,87.0,73.0,45.0,74.0,1419.0,16.0,2024-07-01,2025-06-30
050335,70.0,78.0,74.0,59.0,89.0,65.0,44.0,65.0,328.0,21.0,2024-07-01,2025-06-30
050336,78.0,78.0,74.0,54.0,87.0,69.0,54.0,68.0,426.0,16.0,2024-07-01,2025-06-30
050342,76.0,74.0,74.0,56.0,81.0,60.0,43.0,61.0,343.0,7.0,2024-07-01,2025-06-30
050348,62.0,71.0,78.0,56.0,87.0,65.0,43.0,69.0,480.0,16.0,2024-07-01,2025-06-30
050350,,,,,,,,,,,2024-07-01,2025-06-30
050351,75.0,78.0,78.0,60.0,86.0,78.0,53.0,81.0,2550.0,24.0,2024-07-01,2025-06-30
050352,75.0,81.0,83.0,68.0,90.0,77.0,60.0,75.0,324.0,25.0,2024-07-01,2025-06-30
050353,71.0,77.0,74.0,60.0,85.0,67.0,46.0,69.0,368.0,17.0,2024-07-01,2025-06-30
050357,87.0,86.0,81.0,68.0,90.0,85.0,63.0,88.0,247.0,35.0,2024-07-01,2025-06-30
050360,68.0,73.0,74.0,55.0,85.0,73.0,48.0,76.0,1189.0,18.0,2024-07-01,2025-06-30
050367,69.0,72.0,74.0,53.0,86.0,65.0,44.0,67.0,1032.0,21.0,2024-07-01,2025-06-30
050373,69.0,72.0,74.0,56.0,85.0,67.0,50.0,70.0,589.0,12.0,2024-07-01,2025-06-30
050376,54.0,69.0,75.0,54.0,83.0,62.0,32.0,64.0,1211.0,14.0,2024-07-01,2025-06-30
050378,,,,,,,,,,,2024-07-01,2025-06-30
050380,69.0,76.0,72.0,55.0,84.0,62.0,38.0,66.0,650.0,22.0,2024-07-01,2025-06-30
050382,63.0,71.0,71.0,54.0,80.0,61.0,38.0,60.0,900.0,12.0,2024-07-01,2025-06-30
050390,52.0,65.0,65.0,48.0,80.0,43.0,34.0,38.0,458.0,12.0,2024-07-01,2025-06-30
050393,77.0,75.0,75.0,56.0,83.0,69.0,44.0,69.0,978.0,19.0,2024-07-01,2025-06-30
050394,78.0,79.0,79.0,63.0,86.0,78.0,59.0,80.0,922.0,20.0,2024-07-01,2025-06-30
050396,80.0,79.0,80.0,62.0,86.0,82.0,58.0,85.0,3185.0,28.0,2024-07-01,2025-06-30
05039F,70.0,86.0,90.0,37.0,98.0,56.0,69.0,62.0,26.0,11.0,2024-07-01,2025-06-30
050407,70.0,74.0,72.0,61.0,86.0,58.0,51.0,58.0,154.0,20.0,2024-07-01,2025-06-30
050411,74.0,76.0,78.0,61.0,90.0,71.0,52.0,72.0,514.0,18.0,2024-07-01,2025-06-30
050414,69.0,78.0,78.0,61.0,89.0,71.0,47.0,74.0,692.0,18.0,2024-07-01,2025-06-30
050417,74.0,80.0,76.0,62.0,86.0,66.0,58.0,62.0,259.0,18.0,2024-07-01,2025-06-30
05041F,,,,,,,,,,,2024-07-01,2025-06-30
050424,77.0,84.0,87.0,70.0,91.0,84.0,62.0,86.0,1492.0,33.0,2024-07-01,2025-06-30
050425,63.0,75.0,78.0,58.0,86.0,61.0,33.0,62.0,2110.0,22.0,2024-07-01,2025-06-30
050426,66.0,66.0,66.0,48.0,78.0,58.0,37.0,57.0,388.0,13.0,2024-07-01,2025-06-30
050438,72.0,74.0,74.0,57.0,84.0,71.0,49.0,75.0,1094.0,21.0,2024-07-01,2025-06-30
050441,76.0,82.0,81.0,64.0,90.0,80.0,54.0,83.0,6250.0,23.0,2024-07-01,2025-06-30
050444,73.0,76.0,73.0,59.0,85.0,63.0,46.0,59.0,412.0,11.0,2024-07-01,2025-06-30
050454,72.0,80.0,80.0,61.0,88.0,76.0,53.0,82.0,2294.0,25.0,2024-07-01,2025-06-30
050455,70.0,74.0,73.0,57.0,85.0,65.0,49.0,67.0,1051.0,16.0,2024-07-01,2025-06-30
050457,70.0,75.0,77.0,58.0,86.0,59.0,43.0,61.0,561.0,21.0,2024-07-01,2025-06-30
050464,63.0,71.0,70.0,56.0,84.0,58.0,38.0,61.0,1026.0,15.0,2024-07-01,2025-06-30
050468,64.0,65.0,67.0,49.0,76.0,46.0,42.0,43.0,230.0,7.0,2024-07-01,2025-06-30
050471,70.0,70.0,72.0,50.0,79.0,65.0,42.0,66.0,1175.0,18.0,2024-07-01,2025-06-30
050481,65.0,70.0,66.0,48.0,79.0,50.0,42.0,52.0,484.0,17.0,2024-07-01,2025-06-30
050485,71.0,75.0,73.0,56.0,84.0,68.0,46.0,70.0,2066.0,17.0,2024-07-01,2025-06-30
050488,71.0,73.0,74.0,56.0,85.0,68.0,58.0,74.0,495.0,16.0,2024-07-01,2025-06-30
050492,79.0,76.0,74.0,57.0,87.0,71.0,52.0,79.0,507.0,28.0,2024-07-01,2025-06-30
050496,70.0,77.0,79.0,54.0,86.0,72.0,49.0,75.0,504.0,22.0,2024-07-01,2025-06-30
050498,80.0,82.0,82.0,66.0,90.0,78.0,51.0,79.0,560.0,26.0,2024-07-01,2025-06-30
050503,75.0,81.0,81.0,64.0,89.0,75.0,48.0,79.0,2168.0,26.0,2024-07-01,2025-06-30
050506,61.0,73.0,73.0,59.0,87.0,53.0,36.0,56.0,546.0,18.0,2024-07-01,2025-06-30
050510,72.0,75.0,82.0,60.0,88.0,67.0,33.0,72.0,1092.0,32.0,2024-07-01,2025-06-30
050512,70.0,72.0,77.0,58.0,87.0,66.0,46.0,67.0,726.0,23.0,2024-07-01,2025-06-30
050515,72.0,79.0,82.0,65.0,90.0,77.0,58.0,78.0,1428.0,25.0,2024-07-01,2025-06-30
050516,64.0,76.0,76.0,61.0,85.0,67.0,41.0,65.0,600.0,17.0,2024-07-01,2025-06-30
050517,64.0,65.0,60.0,47.0,74.0,50.0,48.0,45.0,281.0,8.0,2024-07-01,2025-06-30
050523,68.0,70.0,72.0,52.0,83.0,60.0,44.0,60.0,567.0,12.0,2024-07-01,2025-06-30
050526,57.0,60.0,60.0,46.0,69.0,45.0,26.0,50.0,263.0,16.0,2024-07-01,2025-06-30
050528,79.0,79.0,76.0,56.0,82.0,72.0,50.0,61.0,170.0,12.0,2024-07-01,2025-06-30
050534,68.0,71.0,69.0,52.0,78.0,54.0,43.0,52.0,515.0,10.0,2024-07-01,2025-06-30
050537,79.0,77.0,80.0,64.0,89.0,78.0,51.0,80.0,444.0,17.0,2024-07-01,2025-06-30
050541,77.0,79.0,82.0,61.0,89.0,80.0,57.0,80.0,1556.0,25.0,2024-07-01,2025-06-30
050543,,,,,,,,,,,2024-07-01,2025-06-30
050546,,,,,,,,,,,2024-07-01,2025-06-30
050549,73.0,74.0,73.0,54.0,81.0,62.0,51.0,63.0,649.0,26.0,2024-07-01,2025-06-30
050551,65.0,73.0,68.0,49.0,78.0,53.0,22.0,52.0,516.0,23.0,2024-07-01,2025-06-30
050557,73.0,78.0,76.0,59.0,88.0,69.0,44.0,73.0,671.0,18.0,2024-07-01,2025-06-30
050561,72.0,77.0,82.0,59.0,87.0,72.0,52.0,71.0,392.0,16.0,2024-07-01,2025-06-30
050567,71.0,77.0,75.0,53.0,86.0,73.0,48.0,73.0,443.0,24.0,2024-07-01,2025-06-30
050570,,,,,,,,,,,2024-07-01,2025-06-30
050573,69.0,75.0,74.0,56.0,85.0,73.0,47.0,78.0,3239.0,25.0,2024-07-01,2025-06-30
050580,72.0,69.0,66.0,50.0,75.0,60.0,40.0,57.0,396.0,18.0,2024-07-01,2025-06-30
050581,64.0,65.0,66.0,49.0,79.0,45.0,32.0,45.0,380.0,15.0,2024-07-01,2025-06-30
050586,77.0,68.0,70.0,54.0,79.0,59.0,50.0,61.0,397.0,27.0,2024-07-01,2025-06-30
050588,74.0,69.0,65.0,48.0,78.0,51.0,39.0,54.0,385.0,27.0,2024-07-01,2025-06-30
050590,69.0,79.0,79.0,62.0,88.0,67.0,47.0,63.0,589.0,12.0,2024-07-01,2025-06-30
050597,65.0,72.0,73.0,54.0,83.0,63.0,38.0,62.0,562.0,15.0,2024-07-01,2025-06-30
050599,60.0,75.0,77.0,58.0,89.0,68.0,38.0,72.0,2706.0,18.0,2024-07-01,2025-06-30
050603,74.0,77.0,77.0,57.0,88.0,73.0,44.0,74.0,1812.0,25.0,2024-07-01,2025-06-30
050604,70.0,70.0,79.0,53.0,84.0,61.0,37.0,66.0,1300.0,21.0,2024-07-01,2025-06-30
050608,85.0,73.0,70.0,55.0,84.0,59.0,52.0,55.0,136.0,10.0,2024-07-01,2025-06-30
050609,71.0,81.0,81.0,62.0,87.0,79.0,63.0,80.0,1782.0,23.0,2024-07-01,2025-06-30
050624,72.0,77.0,78.0,61.0,86.0,68.0,48.0,65.0,566.0,19.0,2024-07-01,2025-06-30
050625,67.0,76.0,76.0,57.0,85.0,75.0,51.0,78.0,1020.0,18.0,2024-07-01,2025-06-30
050633,65.0,74.0,74.0,60.0,87.0,59.0,36.0,57.0,533.0,19.0,2024-07-01,2025-06-30
050636,62.0,75.0,73.0,57.0,82.0,59.0,36.0,60.0,643.0,18.0,2024-07-01,2025-06-30
050641,71.0,62.0,60.0,56.0,75.0,43.0,34.0,42.0,146.0,7.0,2024-07-01,2025-06-30
050663,60.0,58.0,55.0,42.0,68.0,43.0,31.0,42.0,329.0,7.0,2024-07-01,2025-06-30
050668,,,,,,,,,,,2024-07-01,2025-06-30
050674,72.0,76.0,78.0,62.0,89.0,67.0,41.0,69.0,493.0,19.0,2024-07-01,2025-06-30
050677,70.0,78.0,77.0,61.0,86.0,70.0,42.0,71.0,539.0,26.0,2024-07-01,2025-06-30
050678,72.0,75.0,75.0,58.0,87.0,69.0,44.0,72.0,1989.0,24.0,2024-07-01,2025-06-30
050684,62.0,69.0,71.0,51.0,77.0,57.0,41.0,56.0,157.0,12.0,2024-07-01,2025-06-30
050686,73.0,80.0,79.0,62.0,87.0,71.0,42.0,74.0,440.0,16.0,2024-07-01,2025-06-30
050689,69.0,75.0,76.0,56.0,84.0,64.0,43.0,65.0,614.0,25.0,2024-07-01,2025-06-30
050690,72.0,76.0,78.0,59.0,86.0,70.0,40.0,74.0,1865.0,25.0,2024-07-01,2025-06-30
050696,74.0,81.0,82.0,64.0,89.0,80.0,60.0,82.0,692.0,26.0,2024-07-01,2025-06-30
050697,,,,,,,,,,,2024-07-01,2025-06-30
050701,70.0,76.0,72.0,56.0,84.0,64.0,43.0,66.0,1005.0,14.0,2024-07-01,2025-06-30
050704,69.0,67.0,67.0,54.0,76.0,55.0,34.0,51.0,265.0,12.0,2024-07-01,2025-06-30
050708,83.0,85.0,81.0,73.0,90.0,85.0,68.0,86.0,399.0,45.0,2024-07-01,2025-06-30
050709,75.0,70.0,69.0,52.0,79.0,57.0,44.0,62.0,417.0,34.0,2024-07-01,2025-06-30
050710,74.0,74.0,79.0,54.0,88.0,73.0,52.0,73.0,990.0,17.0,2024-07-01,2025-06-30
050714,83.0,82.0,85.0,63.0,93.0,87.0,66.0,86.0,170.0,21.0,2024-07-01,2025-06-30
050717,73.0,79.0,79.0,63.0,85.0,81.0,57.0,74.0,146.0,14.0,2024-07-01,2025-06-30
050723,77.0,75.0,80.0,57.0,85.0,71.0,48.0,74.0,514.0,19.0,2024-07-01,2025-06-30
050726,,,,,,,,,,,2024-07-01,2025-06-30
050735,73.0,75.0,74.0,64.0,82.0,62.0,53.0,59.0,511.0,15.0,2024-07-01,2025-06-30
050736,73.0,72.0,68.0,60.0,79.0,58.0,45.0,58.0,309.0,12.0,2024-07-01,2025-06-30
050737,74.0,77.0,75.0,66.0,84.0,69.0,49.0,63.0,616.0,20.0,2024-07-01,2025-06-30
050738,75.0,78.0,76.0,67.0,83.0,68.0,54.0,66.0,176.0,13.0,2024-07-01,2025-06-30
050739,65.0,62.0,62.0,50.0,71.0,51.0,34.0,47.0,615.0,23.0,2024-07-01,2025-06-30
050740,68.0,72.0,75.0,57.0,82.0,60.0,45.0,62.0,663.0,19.0,2024-07-01,2025-06-30
050744,66.0,68.0,65.0,58.0,66.0,56.0,44.0,54.0,52.0,6.0,2024-07-01,2025-06-30
050745,67.0,72.0,68.0,50.0,79.0,58.0,51.0,48.0,88.0,11.0,2024-07-01,2025-06-30
050746,63.0,70.0,69.0,52.0,81.0,49.0,35.0,46.0,520.0,9.0,2024-07-01,2025-06-30
050747,69.0,66.0,63.0,42.0,72.0,52.0,40.0,35.0,70.0,5.0,2024-07-01,2025-06-30
050748,71.0,75.0,76.0,59.0,87.0,71.0,50.0,72.0,1784.0,16.0,2024-07-01,2025-06-30
050755,68.0,61.0,61.0,39.0,69.0,50.0,36.0,52.0,349.0,17.0,2024-07-01,2025-06-30
050758,71.0,65.0,68.0,48.0,75.0,56.0,35.0,58.0,359.0,28.0,2024-07-01,2025-06-30
050760,70.0,73.0,78.0,56.0,86.0,70.0,45.0,72.0,1175.0,17.0,2024-07-01,2025-06-30
050761,72.0,76.0,72.0,57.0,81.0,74.0,55.0,76.0,482.0,18.0,2024-07-01,2025-06-30
050763,,,,,,,,,,,2024-07-01,2025-06-30
050764,67.0,71.0,64.0,46.0,80.0,53.0,36.0,60.0,437.0,39.0,2024-07-01,2025-06-30
050765,66.0,77.0,77.0,61.0,87.0,71.0,46.0,72.0,538.0,14.0,2024-07-01,2025-06-30
050766,83.0,85.0,85.0,76.0,90.0,88.0,80.0,90.0,82.0,35.0,2024-07-01,2025-06-30
050767,75.0,75.0,79.0,58.0,88.0,73.0,51.0,74.0,976.0,21.0,2024-07-01,2025-06-30
050769,82.0,86.0,84.0,66.0,93.0,86.0,62.0,89.0,565.0,43.0,2024-07-01,2025-06-30
050770,72.0,70.0,71.0,54.0,81.0,62.0,52.0,69.0,1074.0,16.0,2024-07-01,2025-06-30
050771,59.0,51.0,52.0,36.0,70.0,36.0,25.0,35.0,110.0,9.0,2024-07-01,2025-06-30
050772,60.0,74.0,77.0,58.0,85.0,64.0,39.0,68.0,705.0,22.0,2024-07-01,2025-06-30
050775,72.0,78.0,76.0,59.0,84.0,73.0,49.0,73.0,902.0,23.0,2024-07-01,2025-06-30
050776,70.0,70.0,63.0,49.0,75.0,58.0,39.0,53.0,87.0,6.0,2024-07-01,2025-06-30
050777,71.0,75.0,78.0,57.0,87.0,72.0,46.0,72.0,615.0,19.0,2024-07-01,2025-06-30
050778,67.0,74.0,77.0,58.0,85.0,76.0,57.0,75.0,754.0,17.0,2024-07-01,2025-06-30
050779,72.0,71.0,76.0,55.0,85.0,65.0,48.0,69.0,546.0,7.0,2024-07-01,2025-06-30
050780,69.0,66.0,65.0,53.0,76.0,48.0,34.0,44.0,338.0,13.0,2024-07-01,2025-06-30
050782,83.0,73.0,78.0,64.0,90.0,79.0,56.0,82.0,93.0,22.0,2024-07-01,2025-06-30
050783,58.0,54.0,49.0,20.0,60.0,22.0,30.0,27.0,37.0,10.0,2024-07-01,2025-06-30
050784,80.0,77.0,79.0,58.0,90.0,63.0,43.0,66.0,220.0,15.0,2024-07-01,2025-06-30
050785,81.0,92.0,85.0,71.0,89.0,80.0,69.0,75.0,45.0,30.0,2024-07-01,2025-06-30
050854,,,,,,,,,,,2024-07-01,2025-06-30
050855,79.0,83.0,84.0,65.0,91.0,85.0,65.0,88.0,549.0,25.0,2024-07-01,2025-06-30
050856,,,,,,,,,,,2024-07-01,2025-06-30
05114F,67.0,81.0,84.0,69.0,89.0,72.0,45.0,72.0,506.0,27.0,2024-07-01,2025-06-30
05127F,71.0,78.0,80.0,66.0,86.0,77.0,53.0,77.0,466.0,28.0,2024-07-01,2025-06-30
05128F,68.0,75.0,79.0,66.0,86.0,69.0,50.0,66.0,543.0,24.0,2024-07-01,2025-06-30
051300,,,,,,,,,,,2024-07-01,2025-06-30
051301,88.0,88.0,83.0,71.0,93.0,87.0,66.0,85.0,153.0,17.0,2024-07-01,2025-06-30
051302,,,,,,,,,,,2024-07-01,2025-06-30
051303,75.0,90.0,89.0,80.0,92.0,84.0,62.0,86.0,102.0,28.0,2024-07-01,2025-06-30
051304,87.0,70.0,72.0,54.0,95.0,51.0,34.0,53.0,28.0,16.0,2024-07-01,2025-06-30
051305,78.0,81.0,80.0,75.0,87.0,84.0,61.0,82.0,45.0,28.0,2024-07-01,2025-06-30
051306,68.0,86.0,80.0,59.0,85.0,66.0,26.0,60.0,36.0,18.0,2024-07-01,2025-06-30
051307,,,,,,,,,,,2024-07-01,2025-06-30
051308,,,,,,,,,,,2024-07-01,2025-06-30
051309,,,,,,,,,,,2024-07-01,2025-06-30
05130F,80.0,82.0,84.0,69.0,90.0,77.0,53.0,78.0,512.0,33.0,2024-07-01,2025-06-30
051310,87.0,80.0,79.0,65.0,88.0,79.0,59.0,83.0,180.0,22.0,2024-07-01,2025-06-30
051311,92.0,77.0,78.0,58.0,90.0,74.0,53.0,77.0,33.0,16.0,2024-07-01,2025-06-30
051312,,,,,,,,,,,2024-07-01,2025-06-30
051314,75.0,73.0,79.0,62.0,75.0,55.0,62.0,58.0,30.0,14.0,2024-07-01,2025-06-30
051315,,,,,,,,,,,2024-07-01,2025-06-30
051316,83.0,86.0,82.0,60.0,86.0,72.0,47.0,68.0,223.0,22.0,2024-07-01,2025-06-30
051317,83.0,81.0,70.0,65.0,85.0,62.0,55.0,61.0,162.0,17.0,2024-07-01,2025-06-30
051318,84.0,83.0,85.0,73.0,86.0,76.0,54.0,78.0,127.0,25.0,2024-07-01,2025-06-30
051319,72.0,84.0,86.0,71.0,89.0,78.0,73.0,83.0,107.0,25.0,2024-07-01,2025-06-30
051320,83.0,78.0,81.0,69.0,88.0,65.0,56.0,60.0,82.0,18.0,2024-07-01,2025-06-30
051321,80.0,81.0,77.0,66.0,87.0,74.0,54.0,78.0,52.0,19.0,2024-07-01,2025-06-30
051323,,,,,,,,,,,2024-07-01,2025-06-30
051324,78.0,81.0,83.0,67.0,92.0,81.0,61.0,64.0,117.0,18.0,2024-07-01,2025-06-30
051325,89.0,85.0,90.0,66.0,95.0,81.0,59.0,70.0,109.0,21.0,2024-07-01,2025-06-30
051326,83.0,85.0,85.0,62.0,94.0,74.0,60.0,75.0,50.0,22.0,2024-07-01,2025-06-30
051327,,,,,,,,,,,2024-07-01,2025-06-30
051328,83.0,87.0,87.0,72.0,92.0,88.0,72.0,87.0,253.0,21.0,2024-07-01,2025-06-30
051329,79.0,76.0,78.0,66.0,87.0,76.0,59.0,76.0,195.0,17.0,2024-07-01,2025-06-30
051330,69.0,75.0,85.0,62.0,83.0,72.0,45.0,69.0,54.0,37.0,2024-07-01,2025-06-30
051331,83.0,92.0,88.0,65.0,87.0,89.0,83.0,94.0,41.0,39.0,2024-07-01,2025-06-30
051332,87.0,89.0,84.0,69.0,90.0,79.0,56.0,73.0,134.0,20.0,2024-07-01,2025-06-30
051333,,,,,,,,,,,2024-07-01,2025-06-30
051334,85.0,81.0,80.0,64.0,87.0,75.0,53.0,84.0,82.0,26.0,2024-07-01,2025-06-30
051335,69.0,92.0,88.0,77.0,88.0,88.0,58.0,83.0,32.0,21.0,2024-07-01,2025-06-30
051336,85.0,87.0,82.0,64.0,91.0,60.0,52.0,63.0,32.0,14.0,2024-07-01,2025-06-30
051337,,,,,,,,,,,2024-07-01,2025-06-30
051338,,,,,,,,,,,2024-07-01,2025-06-30
051339,,,,,,,,,,,2024-07-01,2025-06-30
053300,,,,,,,,,,,2024-07-01,2025-06-30
053301,,,,,,,,,,,2024-07-01,2025-06-30
053302,,,,,,,,,,,2024-07-01,2025-06-30
053303,,,,,,,,,,,2024-07-01,2025-06-30
053304,,,,,,,,,,,2024-07-01,2025-06-30
053305,,,,,,,,,,,2024-07-01,2025-06-30
053306,,,,,,,,,,,2024-07-01,2025-06-30
053308,,,,,,,,,,,2024-07-01,2025-06-30
053309,,,,,,,,,,,2024-07-01,2025-06-30
053311,,,,,,,,,,,2024-07-01,2025-06-30
060001,73.0,75.0,76.0,61.0,87.0,70.0,53.0,67.0,475.0,23.0,2024-07-01,2025-06-30
060003,72.0,77.0,73.0,52.0,83.0,67.0,62.0,66.0,193.0,16.0,2024-07-01,2025-06-30
060004,78.0,78.0,79.0,63.0,88.0,76.0,63.0,73.0,493.0,16.0,2024-07-01,2025-06-30
060006,86.0,80.0,80.0,61.0,90.0,76.0,59.0,74.0,356.0,24.0,2024-07-01,2025-06-30
060008,74.0,82.0,81.0,66.0,84.0,62.0,63.0,61.0,209.0,17.0,2024-07-01,2025-06-30
060009,76.0,79.0,80.0,63.0,87.0,76.0,68.0,78.0,1211.0,24.0,2024-07-01,2025-06-30
060010,72.0,80.0,80.0,62.0,90.0,77.0,53.0,79.0,1542.0,21.0,2024-07-01,2025-06-30
060011,67.0,76.0,78.0,59.0,84.0,71.0,57.0,71.0,3158.0,24.0,2024-07-01,2025-06-30
060012,75.0,81.0,82.0,67.0,88.0,78.0,67.0,80.0,295.0,19.0,2024-07-01,2025-06-30
060013,65.0,80.0,80.0,63.0,88.0,74.0,59.0,73.0,510.0,18.0,2024-07-01,2025-06-30
060014,72.0,78.0,78.0,62.0,89.0,74.0,68.0,73.0,670.0,18.0,2024-07-01,2025-06-30
060015,70.0,73.0,74.0,55.0,86.0,68.0,51.0,67.0,405.0,20.0,2024-07-01,2025-06-30
060020,60.0,73.0,73.0,53.0,83.0,61.0,49.0,61.0,1761.0,18.0,2024-07-01,2025-06-30
060022,69.0,76.0,77.0,59.0,87.0,71.0,53.0,72.0,4133.0,19.0,2024-07-01,2025-06-30
060023,77.0,77.0,78.0,59.0,87.0,73.0,58.0,71.0,1026.0,25.0,2024-07-01,2025-06-30
060024,65.0,76.0,77.0,58.0,87.0,74.0,59.0,76.0,5157.0,17.0,2024-07-01,2025-06-30
060027,78.0,79.0,79.0,64.0,88.0,78.0,65.0,80.0,1073.0,27.0,2024-07-01,2025-06-30
060028,75.0,81.0,82.0,64.0,88.0,79.0,65.0,80.0,1302.0,21.0,2024-07-01,2025-06-30
060030,81.0,75.0,74.0,52.0,84.0,65.0,49.0,67.0,314.0,27.0,2024-07-01,2025-06-30
060031,65.0,73.0,76.0,54.0,84.0,68.0,56.0,67.0,1694.0,20.0,2024-07-01,2025-06-30
060032,80.0,77.0,78.0,63.0,81.0,75.0,64.0,76.0,626.0,19.0,2024-07-01,2025-06-30
060034,67.0,70.0,70.0,55.0,80.0,61.0,50.0,64.0,521.0,19.0,2024-07-01,2025-06-30
06003F,78.0,84.0,82.0,73.0,91.0,78.0,75.0,74.0,366.0,19.0,2024-07-01,2025-06-30
060044,84.0,77.0,83.0,61.0,91.0,71.0,62.0,66.0,122.0,18.0,2024-07-01,2025-06-30
060049,77.0,82.0,80.0,64.0,92.0,82.0,60.0,84.0,173.0,20.0,2024-07-01,2025-06-30
060054,74.0,80.0,84.0,64.0,89.0,80.0,56.0,83.0,411.0,21.0,2024-07-01,2025-06-30
06005F,75.0,82.0,84.0,71.0,89.0,81.0,72.0,80.0,474.0,33.0,2024-07-01,2025-06-30
060064,72.0,77.0,80.0,57.0,85.0,70.0,59.0,68.0,682.0,21.0,2024-07-01,2025-06-30
060065,71.0,67.0,67.0,49.0,77.0,55.0,49.0,51.0,524.0,11.0,2024-07-01,2025-06-30
060071,75.0,79.0,79.0,63.0,85.0,70.0,53.0,66.0,222.0,24.0,2024-07-01,2025-06-30
060075,77.0,78.0,80.0,63.0,89.0,76.0,59.0,79.0,412.0,20.0,2024-07-01,2025-06-30
060076,68.0,76.0,82.0,66.0,90.0,70.0,60.0,57.0,129.0,22.0,2024-07-01,2025-06-30
06007F,83.0,85.0,87.0,77.0,91.0,86.0,64.0,81.0,203.0,42.0,2024-07-01,2025-06-30
060096,85.0,82.0,86.0,64.0,92.0,81.0,75.0,82.0,291.0,23.0,2024-07-01,2025-06-30
060100,64.0,68.0,74.0,54.0,82.0,59.0,53.0,58.0,773.0,19.0,2024-07-01,2025-06-30
060103,69.0,81.0,82.0,64.0,89.0,80.0,67.0,78.0,332.0,13.0,2024-07-01,2025-06-30
060104,73.0,75.0,76.0,57.0,84.0,70.0,64.0,70.0,843.0,16.0,2024-07-01,2025-06-30
060107,,,,,,,,,,,2024-07-01,2025-06-30
060112,71.0,74.0,74.0,54.0,82.0,70.0,56.0,70.0,570.0,22.0,2024-07-01,2025-06-30
060113,75.0,80.0,78.0,62.0,87.0,77.0,55.0,77.0,1045.0,22.0,2024-07-01,2025-06-30
060114,72.0,79.0,80.0,62.0,87.0,77.0,61.0,74.0,815.0,18.0,2024-07-01,2025-06-30
060116,70.0,80.0,79.0,60.0,88.0,76.0,63.0,75.0,951.0,25.0,2024-07-01,2025-06-30
060117,86.0,91.0,87.0,73.0,92.0,88.0,55.0,91.0,190.0,66.0,2024-07-01,2025-06-30
060118,75.0,86.0,83.0,68.0,89.0,82.0,69.0,85.0,185.0,16.0,2024-07-01,2025-06-30
060119,71.0,80.0,80.0,60.0,89.0,80.0,58.0,82.0,2368.0,27.0,2024-07-01,2025-06-30
060124,81.0,82.0,82.0,69.0,92.0,80.0,69.0,80.0,307.0,43.0,2024-07-01,2025-06-30
060125,69.0,79.0,79.0,62.0,85.0,77.0,65.0,77.0,490.0,21.0,2024-07-01,2025-06-30
060126,76.0,81.0,82.0,68.0,91.0,80.0,67.0,80.0,199.0,19.0,2024-07-01,2025-06-30
060128,71.0,76.0,76.0,56.0,86.0,76.0,60.0,78.0,839.0,19.0,2024-07-01,2025-06-30
060129,70.0,80.0,78.0,65.0,88.0,74.0,71.0,76.0,117.0,22.0,2024-07-01,2025-06-30
060130,85.0,85.0,88.0,70.0,92.0,83.0,76.0,86.0,66.0,25.0,2024-07-01,2025-06-30
060131,79.0,78.0,78.0,58.0,88.0,79.0,65.0,79.0,688.0,17.0,2024-07-01,2025-06-30
060132,68.0,79.0,78.0,61.0,86.0,78.0,65.0,80.0,1453.0,23.0,2024-07-01,2025-06-30
060133,79.0,86.0,82.0,72.0,87.0,78.0,72.0,80.0,127.0,35.0,2024-07-01,2025-06-30
061300,,,,,,,,,,,2024-07-01,2025-06-30
061301,79.0,83.0,81.0,73.0,93.0,84.0,76.0,84.0,86.0,23.0,2024-07-01,2025-06-30
061302,83.0,82.0,81.0,67.0,92.0,77.0,57.0,88.0,68.0,32.0,2024-07-01,2025-06-30
061303,73.0,83.0,86.0,67.0,92.0,83.0,75.0,84.0,61.0,19.0,2024-07-01,2025-06-30
061304,,,,,,,,,,,2024-07-01,2025-06-30
061305,,,,,,,,,,,2024-07-01,2025-06-30
061306,81.0,80.0,79.0,63.0,77.0,79.0,82.0,83.0,27.0,13.0,2024-07-01,2025-06-30
061307,,,,,,,,,,,2024-07-01,2025-06-30
061308,77.0,81.0,80.0,63.0,88.0,71.0,63.0,76.0,48.0,27.0,2024-07-01,2025-06-30
061309,81.0,82.0,82.0,63.0,89.0,69.0,72.0,72.0,47.0,18.0,2024-07-01,2025-06-30
061310,,,,,,,,,,,2024-07-01,2025-06-30
061311,,,,,,,,,,,2024-07-01,2025-06-30
061312,86.0,89.0,85.0,65.0,91.0,77.0,66.0,77.0,54.0,42.0,2024-07-01,2025-06-30
061313,86.0,81.0,75.0,68.0,81.0,80.0,68.0,72.0,29.0,26.0,2024-07-01,2025-06-30
061314,73.0,84.0,85.0,77.0,90.0,74.0,66.0,71.0,54.0,21.0,2024-07-01,2025-06-30
061315,,,,,,,,,,,2024-07-01,2025-06-30
061316,67.0,77.0,80.0,64.0,87.0,74.0,53.0,68.0,49.0,27.0,2024-07-01,2025-06-30
061317,80.0,89.0,86.0,70.0,85.0,80.0,76.0,77.0,95.0,27.0,2024-07-01,2025-06-30
061318,,,,,,,,,,,2024-07-01,2025-06-30
061319,,,,,,,,,,,2024-07-01,2025-06-30
061320,71.0,80.0,83.0,61.0,94.0,75.0,66.0,82.0,75.0,25.0,2024-07-01,2025-06-30
061321,77.0,87.0,81.0,61.0,84.0,78.0,77.0,78.0,44.0,15.0,2024-07-01,2025-06-30
061322,74.0,76.0,74.0,59.0,90.0,72.0,67.0,69.0,138.0,25.0,2024-07-01,2025-06-30
061323,,,,,,,,,,,2024-07-01,2025-06-30
061324,78.0,82.0,79.0,63.0,85.0,80.0,70.0,81.0,148.0,25.0,2024-07-01,2025-06-30
061325,74.0,82.0,86.0,55.0,86.0,65.0,67.0,83.0,31.0,23.0,2024-07-01,2025-06-30
061326,89.0,88.0,86.0,73.0,93.0,92.0,74.0,94.0,59.0,32.0,2024-07-01,2025-06-30
061327,84.0,85.0,87.0,63.0,90.0,75.0,62.0,73.0,100.0,16.0,2024-07-01,2025-06-30
061328,,,,,,,,,,,2024-07-01,2025-06-30
061336,,,,,,,,,,,2024-07-01,2025-06-30
061343,,,,,,,,,,,2024-07-01,2025-06-30
061344,71.0,81.0,82.0,66.0,85.0,69.0,61.0,62.0,182.0,19.0,2024-07-01,2025-06-30
063301,,,,,,,,,,,2024-07-01,2025-06-30
063303,,,,,,,,,,,2024-07-01,2025-06-30
070002,58.0,68.0,73.0,53.0,82.0,57.0,47.0,63.0,396.0,18.0,2024-07-01,2025-06-30
070003,76.0,76.0,72.0,55.0,85.0,61.0,47.0,60.0,403.0,23.0,2024-07-01,2025-06-30
070004,76.0,80.0,81.0,55.0,89.0,73.0,59.0,77.0,295.0,40.0,2024-07-01,2025-06-30
070005,76.0,75.0,76.0,56.0,88.0,57.0,44.0,58.0,453.0,17.0,2024-07-01,2025-06-30
070006,72.0,78.0,79.0,60.0,84.0,71.0,69.0,76.0,1022.0,17.0,2024-07-01,2025-06-30
070007,70.0,79.0,76.0,57.0,86.0,61.0,48.0,65.0,863.0,23.0,2024-07-01,2025-06-30
070008,72.0,80.0,78.0,62.0,88.0,66.0,65.0,65.0,201.0,26.0,2024-07-01,2025-06-30
070010,71.0,77.0,77.0,55.0,86.0,64.0,48.0,65.0,923.0,20.0,2024-07-01,2025-06-30
070011,63.0,79.0,76.0,56.0,89.0,63.0,43.0,62.0,517.0,22.0,2024-07-01,2025-06-30
070016,63.0,73.0,76.0,55.0,84.0,58.0,40.0,59.0,478.0,16.0,2024-07-01,2025-06-30
070017,75.0,83.0,81.0,63.0,88.0,76.0,58.0,75.0,1057.0,24.0,2024-07-01,2025-06-30
070018,75.0,79.0,78.0,59.0,86.0,74.0,55.0,76.0,420.0,22.0,2024-07-01,2025-06-30
070020,71.0,82.0,81.0,64.0,89.0,75.0,48.0,76.0,1345.0,26.0,2024-07-01,2025-06-30
070021,69.0,79.0,76.0,58.0,90.0,63.0,42.0,65.0,359.0,24.0,2024-07-01,2025-06-30
070022,67.0,76.0,76.0,57.0,87.0,64.0,45.0,68.0,812.0,22.0,2024-07-01,2025-06-30
070024,71.0,76.0,77.0,58.0,87.0,59.0,35.0,61.0,928.0,20.0,2024-07-01,2025-06-30
070025,68.0,74.0,76.0,54.0,87.0,62.0,37.0,68.0,2018.0,22.0,2024-07-01,2025-06-30
070027,68.0,73.0,72.0,55.0,83.0,59.0,44.0,59.0,389.0,20.0,2024-07-01,2025-06-30
070028,75.0,76.0,80.0,56.0,86.0,70.0,50.0,71.0,1031.0,20.0,2024-07-01,2025-06-30
070029,72.0,78.0,78.0,58.0,89.0,66.0,47.0,64.0,419.0,19.0,2024-07-01,2025-06-30
070031,78.0,81.0,76.0,58.0,86.0,74.0,52.0,75.0,672.0,21.0,2024-07-01,2025-06-30
070033,74.0,76.0,76.0,57.0,88.0,66.0,47.0,70.0,2223.0,44.0,2024-07-01,2025-06-30
070034,74.0,75.0,77.0,54.0,88.0,64.0,48.0,66.0,1930.0,37.0,2024-07-01,2025-06-30
070035,66.0,77.0,79.0,57.0,86.0,64.0,45.0,64.0,1023.0,19.0,2024-07-01,2025-06-30
070036,79.0,82.0,81.0,63.0,90.0,77.0,57.0,80.0,839.0,24.0,2024-07-01,2025-06-30
070038,,,,,,,,,,,2024-07-01,2025-06-30
07003F,69.0,81.0,84.0,68.0,90.0,76.0,50.0,74.0,466.0,36.0,2024-07-01,2025-06-30
073300,,,,,,,,,,,2024-07-01,2025-06-30
080001,60.0,75.0,75.0,55.0,87.0,63.0,49.0,67.0,10377.0,26.0,2024-07-01,2025-06-30
080003,63.0,76.0,77.0,53.0,79.0,66.0,57.0,65.0,322.0,13.0,2024-07-01,2025-06-30
080004,64.0,75.0,75.0,56.0,86.0,59.0,46.0,55.0,839.0,18.0,2024-07-01,2025-06-30
080006,75.0,78.0,77.0,56.0,88.0,69.0,55.0,65.0,438.0,19.0,2024-07-01,2025-06-30
080007,60.0,79.0,76.0,57.0,87.0,61.0,38.0,60.0,1050.0,28.0,2024-07-01,2025-06-30
080009,74.0,81.0,78.0,59.0,86.0,74.0,63.0,74.0,1103.0,21.0,2024-07-01,2025-06-30
08002F,62.0,77.0,78.0,64.0,88.0,67.0,50.0,65.0,431.0,29.0,2024-07-01,2025-06-30
083300,,,,,,,,,,,2024-07-01,2025-06-30
090001,58.0,68.0,77.0,51.0,78.0,61.0,45.0,61.0,583.0,12.0,2024-07-01,2025-06-30
090003,66.0,64.0,74.0,50.0,81.0,53.0,58.0,52.0,522.0,13.0,2024-07-01,2025-06-30
090004,67.0,76.0,80.0,57.0,86.0,70.0,58.0,71.0,1748.0,16.0,2024-07-01,2025-06-30
090005,77.0,73.0,79.0,55.0,85.0,75.0,62.0,79.0,1809.0,19.0,2024-07-01,2025-06-30
090008,51.0,65.0,65.0,54.0,74.0,42.0,53.0,34.0,55.0,4.0,2024-07-01,2025-06-30
090011,59.0,70.0,76.0,53.0,83.0,61.0,43.0,60.0,2300.0,13.0,2024-07-01,2025-06-30
09002F,64.0,75.0,81.0,60.0,85.0,60.0,55.0,58.0,489.0,22.0,2024-07-01,2025-06-30
093300,,,,,,,,,,,2024-07-01,2025-06-30
100001,70.0,75.0,77.0,56.0,84.0,69.0,61.0,70.0,3730.0,18.0,2024-07-01,2025-06-30
100002,66.0,67.0,68.0,52.0,79.0,59.0,55.0,60.0,1044.0,20.0,2024-07-01,2025-06-30
100006,72.0,77.0,77.0,59.0,86.0,74.0,63.0,74.0,9333.0,18.0,2024-07-01,2025-06-30
100007,75.0,78.0,75.0,61.0,88.0,74.0,64.0,74.0,11713.0,14.0,2024-07-01,2025-06-30
100008,70.0,77.0,79.0,60.0,84.0,71.0,61.0,74.0,1090.0,17.0,2024-07-01,2025-06-30
100012,67.0,76.0,76.0,58.0,86.0,68.0,53.0,72.0,4095.0,39.0,2024-07-01,2025-06-30
100014,72.0,79.0,79.0,61.0,86.0,68.0,45.0,69.0,1435.0,24.0,2024-07-01,2025-06-30
100017,69.0,77.0,76.0,59.0,82.0,66.0,54.0,66.0,1942.0,19.0,2024-07-01,2025-06-30
100018,68.0,69.0,73.0,49.0,81.0,62.0,46.0,66.0,3096.0,31.0,2024-07-01,2025-06-30
100019,70.0,71.0,70.0,55.0,82.0,60.0,50.0,64.0,624.0,23.0,2024-07-01,2025-06-30
100022,76.0,77.0,78.0,60.0,82.0,68.0,61.0,69.0,4229.0,9.0,2024-07-01,2025-06-30
100023,73.0,74.0,71.0,57.0,85.0,63.0,43.0,63.0,545.0,30.0,2024-07-01,2025-06-30
100025,56.0,73.0,73.0,56.0,85.0,64.0,50.0,64.0,315.0,14.0,2024-07-01,2025-06-30
100026,66.0,77.0,76.0,56.0,86.0,68.0,56.0,72.0,358.0,18.0,2024-07-01,2025-06-30
100028,63.0,72.0,75.0,53.0,84.0,60.0,49.0,61.0,515.0,18.0,2024-07-01,2025-06-30
100029,65.0,66.0,70.0,47.0,71.0,47.0,54.0,46.0,450.0,7.0,2024-07-01,2025-06-30
100030,70.0,79.0,78.0,61.0,83.0,73.0,64.0,73.0,1596.0,15.0,2024-07-01,2025-06-30
100032,66.0,75.0,74.0,53.0,84.0,65.0,51.0,67.0,1324.0,15.0,2024-07-01,2025-06-30
100034,72.0,77.0,78.0,57.0,82.0,70.0,63.0,74.0,4150.0,24.0,2024-07-01,2025-06-30
100035,63.0,73.0,70.0,49.0,82.0,60.0,42.0,58.0,583.0,18.0,2024-07-01,2025-06-30
100038,72.0,74.0,76.0,57.0,82.0,68.0,50.0,71.0,3109.0,15.0,2024-07-01,2025-06-30
100039,61.0,71.0,71.0,55.0,81.0,63.0,53.0,63.0,857.0,12.0,2024-07-01,2025-06-30
100040,64.0,74.0,75.0,49.0,85.0,63.0,59.0,72.0,266.0,17.0,2024-07-01,2025-06-30
100043,84.0,84.0,81.0,66.0,88.0,81.0,64.0,81.0,743.0,22.0,2024-07-01,2025-06-30
100044,68.0,73.0,74.0,54.0,84.0,60.0,46.0,61.0,2331.0,19.0,2024-07-01,2025-06-30
100045,75.0,79.0,76.0,65.0,89.0,71.0,53.0,68.0,1453.0,20.0,2024-07-01,2025-06-30
100046,73.0,81.0,76.0,64.0,87.0,75.0,53.0,71.0,1655.0,20.0,2024-07-01,2025-06-30
100049,74.0,75.0,70.0,55.0,80.0,64.0,62.0,66.0,452.0,23.0,2024-07-01,2025-06-30
100050,86.0,76.0,78.0,62.0,77.0,59.0,57.0,61.0,375.0,16.0,2024-07-01,2025-06-30
100051,74.0,78.0,77.0,58.0,87.0,73.0,56.0,75.0,2142.0,22.0,2024-07-01,2025-06-30
100052,75.0,77.0,72.0,61.0,85.0,66.0,51.0,65.0,2263.0,17.0,2024-07-01,2025-06-30
100053,79.0,78.0,77.0,61.0,81.0,53.0,58.0,55.0,384.0,8.0,2024-07-01,2025-06-30
100054,86.0,84.0,82.0,63.0,87.0,80.0,58.0,83.0,386.0,27.0,2024-07-01,2025-06-30
100055,71.0,81.0,77.0,61.0,86.0,74.0,52.0,74.0,883.0,20.0,2024-07-01,2025-06-30
100057,75.0,79.0,74.0,62.0,88.0,73.0,57.0,73.0,2771.0,21.0,2024-07-01,2025-06-30
100062,63.0,76.0,72.0,59.0,85.0,68.0,48.0,68.0,2492.0,19.0,2024-07-01,2025-06-30
100063,72.0,83.0,78.0,61.0,87.0,76.0,54.0,80.0,1327.0,20.0,2024-07-01,2025-06-30
100067,74.0,80.0,77.0,60.0,87.0,78.0,63.0,81.0,2335.0,20.0,2024-07-01,2025-06-30
100068,68.0,78.0,74.0,60.0,86.0,73.0,58.0,75.0,2686.0,22.0,2024-07-01,2025-06-30
100069,72.0,79.0,77.0,60.0,86.0,70.0,65.0,71.0,1041.0,17.0,2024-07-01,2025-06-30
100071,60.0,70.0,62.0,49.0,78.0,52.0,45.0,54.0,869.0,19.0,2024-07-01,2025-06-30
100072,74.0,84.0,77.0,67.0,89.0,74.0,67.0,74.0,1770.0,18.0,2024-07-01,2025-06-30
100073,65.0,70.0,72.0,48.0,80.0,63.0,41.0,70.0,1115.0,26.0,2024-07-01,2025-06-30
100075,78.0,80.0,77.0,61.0,86.0,77.0,66.0,77.0,5938.0,15.0,2024-07-01,2025-06-30
100077,54.0,70.0,66.0,51.0,82.0,51.0,39.0,52.0,845.0,24.0,2024-07-01,2025-06-30
100080,62.0,67.0,70.0,49.0,74.0,58.0,48.0,58.0,872.0,14.0,2024-07-01,2025-06-30
100084,75.0,79.0,68.0,62.0,87.0,68.0,55.0,67.0,2822.0,30.0,2024-07-01,2025-06-30
100086,65.0,72.0,71.0,55.0,80.0,66.0,47.0,65.0,659.0,16.0,2024-07-01,2025-06-30
100087,65.0,77.0,75.0,58.0,86.0,72.0,49.0,77.0,5444.0,29.0,2024-07-01,2025-06-30
100088,77.0,78.0,75.0,58.0,86.0,76.0,61.0,77.0,651.0,19.0,2024-07-01,2025-06-30
100090,63.0,77.0,77.0,55.0,83.0,66.0,48.0,66.0,423.0,21.0,2024-07-01,2025-06-30
100093,73.0,78.0,74.0,60.0,87.0,76.0,68.0,78.0,670.0,21.0,2024-07-01,2025-06-30
100099,75.0,78.0,76.0,64.0,86.0,68.0,54.0,66.0,495.0,18.0,2024-07-01,2025-06-30
10009F,73.0,85.0,79.0,70.0,86.0,78.0,65.0,77.0,486.0,36.0,2024-07-01,2025-06-30
100105,58.0,74.0,75.0,52.0,83.0,57.0,45.0,58.0,1745.0,23.0,2024-07-01,2025-06-30
100107,70.0,70.0,71.0,52.0,74.0,54.0,55.0,55.0,371.0,20.0,2024-07-01,2025-06-30
100109,65.0,74.0,72.0,54.0,85.0,65.0,52.0,65.0,1690.0,20.0,2024-07-01,2025-06-30
100110,74.0,72.0,72.0,51.0,78.0,61.0,56.0,60.0,713.0,15.0,2024-07-01,2025-06-30
100113,71.0,77.0,77.0,60.0,88.0,75.0,56.0,78.0,2931.0,19.0,2024-07-01,2025-06-30
100117,79.0,81.0,79.0,64.0,86.0,79.0,63.0,83.0,593.0,23.0,2024-07-01,2025-06-30
100118,75.0,81.0,76.0,64.0,88.0,74.0,56.0,72.0,1469.0,25.0,2024-07-01,2025-06-30
100121,77.0,77.0,71.0,62.0,84.0,70.0,59.0,67.0,561.0,17.0,2024-07-01,2025-06-30
100122,72.0,73.0,70.0,53.0,80.0,57.0,54.0,53.0,409.0,13.0,2024-07-01,2025-06-30
100124,77.0,75.0,76.0,60.0,84.0,66.0,54.0,61.0,414.0,17.0,2024-07-01,2025-06-30
100125,75.0,78.0,78.0,56.0,87.0,69.0,69.0,67.0,438.0,10.0,2024-07-01,2025-06-30
100126,73.0,77.0,77.0,59.0,85.0,73.0,50.0,73.0,393.0,26.0,2024-07-01,2025-06-30
100127,73.0,80.0,77.0,61.0,87.0,78.0,49.0,81.0,4477.0,23.0,2024-07-01,2025-06-30
100128,60.0,78.0,75.0,59.0,84.0,68.0,52.0,71.0,1241.0,15.0,2024-07-01,2025-06-30
100130,92.0,76.0,82.0,63.0,82.0,63.0,76.0,61.0,64.0,20.0,2024-07-01,2025-06-30
100131,71.0,72.0,75.0,54.0,78.0,64.0,66.0,64.0,612.0,16.0,2024-07-01,2025-06-30
100132,81.0,79.0,74.0,61.0,86.0,76.0,65.0,75.0,839.0,14.0,2024-07-01,2025-06-30
100134,93.0,81.0,84.0,75.0,92.0,75.0,76.0,76.0,65.0,20.0,2024-07-01,2025-06-30
100135,67.0,72.0,75.0,54.0,81.0,62.0,52.0,66.0,1159.0,15.0,2024-07-01,2025-06-30
100137,73.0,75.0,73.0,55.0,85.0,64.0,51.0,63.0,1390.0,16.0,2024-07-01,2025-06-30
10013F,80.0,82.0,81.0,63.0,88.0,67.0,76.0,66.0,218.0,23.0,2024-07-01,2025-06-30
100140,76.0,78.0,79.0,58.0,83.0,79.0,61.0,77.0,387.0,24.0,2024-07-01,2025-06-30
100142,82.0,81.0,86.0,70.0,93.0,74.0,67.0,70.0,263.0,17.0,2024-07-01,2025-06-30
100150,75.0,78.0,79.0,56.0,80.0,60.0,54.0,63.0,319.0,17.0,2024-07-01,2025-06-30
100151,80.0,84.0,83.0,66.0,91.0,87.0,67.0,89.0,1510.0,29.0,2024-07-01,2025-06-30
100154,76.0,78.0,79.0,63.0,84.0,75.0,61.0,77.0,705.0,18.0,2024-07-01,2025-06-30
100156,75.0,77.0,74.0,56.0,83.0,62.0,50.0,61.0,468.0,15.0,2024-07-01,2025-06-30
100157,65.0,77.0,74.0,59.0,81.0,66.0,53.0,66.0,4204.0,18.0,2024-07-01,2025-06-30
10015F,,,,,,,,,,,2024-07-01,2025-06-30
100161,64.0,68.0,67.0,50.0,78.0,59.0,51.0,54.0,665.0,18.0,2024-07-01,2025-06-30
100166,74.0,78.0,75.0,59.0,82.0,70.0,53.0,68.0,518.0,29.0,2024-07-01,2025-06-30
100167,68.0,77.0,75.0,57.0,76.0,65.0,64.0,67.0,653.0,12.0,2024-07-01,2025-06-30
100168,59.0,70.0,73.0,50.0,82.0,61.0,38.0,64.0,1004.0,24.0,2024-07-01,2025-06-30
100173,60.0,76.0,75.0,56.0,85.0,66.0,53.0,66.0,2755.0,13.0,2024-07-01,2025-06-30
100175,79.0,80.0,83.0,64.0,88.0,64.0,61.0,67.0,125.0,21.0,2024-07-01,2025-06-30
100176,57.0,65.0,70.0,45.0,79.0,52.0,42.0,55.0,1065.0,21.0,2024-07-01,2025-06-30
100177,75.0,77.0,74.0,60.0,82.0,66.0,50.0,70.0,523.0,26.0,2024-07-01,2025-06-30
100179,65.0,74.0,71.0,57.0,80.0,64.0,61.0,62.0,659.0,13.0,2024-07-01,2025-06-30
100180,70.0,76.0,74.0,55.0,81.0,65.0,61.0,66.0,431.0,14.0,2024-07-01,2025-06-30
100181,89.0,84.0,88.0,65.0,84.0,70.0,68.0,68.0,27.0,3.0,2024-07-01,2025-06-30
100183,81.0,77.0,76.0,63.0,85.0,56.0,61.0,64.0,179.0,10.0,2024-07-01,2025-06-30
100187,75.0,76.0,78.0,63.0,77.0,54.0,54.0,56.0,693.0,9.0,2024-07-01,2025-06-30
100189,62.0,65.0,66.0,47.0,70.0,57.0,45.0,56.0,641.0,15.0,2024-07-01,2025-06-30
100191,74.0,72.0,71.0,53.0,80.0,65.0,58.0,64.0,599.0,20.0,2024-07-01,2025-06-30
100200,61.0,71.0,75.0,52.0,77.0,68.0,59.0,72.0,415.0,15.0,2024-07-01,2025-06-30
100204,64.0,70.0,72.0,53.0,82.0,59.0,43.0,59.0,574.0,18.0,2024-07-01,2025-06-30
100206,78.0,79.0,80.0,61.0,83.0,74.0,73.0,75.0,779.0,21.0,2024-07-01,2025-06-30
100209,72.0,74.0,75.0,60.0,80.0,60.0,59.0,60.0,749.0,14.0,2024-07-01,2025-06-30
100211,82.0,84.0,79.0,66.0,88.0,77.0,58.0,77.0,580.0,17.0,2024-07-01,2025-06-30
100212,75.0,73.0,69.0,54.0,83.0,67.0,50.0,67.0,1103.0,27.0,2024-07-01,2025-06-30
100213,67.0,71.0,70.0,53.0,81.0,58.0,40.0,56.0,583.0,22.0,2024-07-01,2025-06-30
100217,71.0,71.0,75.0,56.0,82.0,56.0,54.0,56.0,544.0,27.0,2024-07-01,2025-06-30
10021F,73.0,84.0,83.0,68.0,91.0,78.0,74.0,80.0,273.0,24.0,2024-07-01,2025-06-30
100220,72.0,76.0,75.0,56.0,87.0,68.0,52.0,73.0,2078.0,41.0,2024-07-01,2025-06-30
100223,82.0,77.0,75.0,57.0,86.0,66.0,62.0,64.0,631.0,21.0,2024-07-01,2025-06-30
100224,72.0,69.0,67.0,51.0,72.0,55.0,49.0,56.0,674.0,16.0,2024-07-01,2025-06-30
100226,75.0,73.0,72.0,55.0,83.0,65.0,59.0,63.0,661.0,14.0,2024-07-01,2025-06-30
100228,67.0,71.0,72.0,51.0,76.0,64.0,56.0,64.0,607.0,16.0,2024-07-01,2025-06-30
100230,78.0,81.0,80.0,66.0,83.0,76.0,64.0,75.0,981.0,18.0,2024-07-01,2025-06-30
100231,71.0,81.0,76.0,62.0,86.0,70.0,60.0,72.0,651.0,19.0,2024-07-01,2025-06-30
100232,79.0,76.0,73.0,58.0,80.0,62.0,52.0,57.0,487.0,17.0,2024-07-01,2025-06-30
100236,51.0,63.0,62.0,45.0,80.0,48.0,34.0,49.0,591.0,28.0,2024-07-01,2025-06-30
100238,62.0,72.0,68.0,51.0,79.0,57.0,46.0,53.0,574.0,18.0,2024-07-01,2025-06-30
100242,72.0,70.0,73.0,51.0,83.0,61.0,49.0,61.0,695.0,17.0,2024-07-01,2025-06-30
100243,70.0,72.0,71.0,50.0,83.0,59.0,55.0,56.0,671.0,16.0,2024-07-01,2025-06-30
100244,72.0,77.0,74.0,55.0,87.0,68.0,52.0,70.0,2008.0,40.0,2024-07-01,2025-06-30
100246,62.0,74.0,69.0,46.0,80.0,59.0,45.0,61.0,695.0,18.0,2024-07-01,2025-06-30
100248,65.0,67.0,69.0,46.0,76.0,56.0,44.0,58.0,678.0,22.0,2024-07-01,2025-06-30
100249,63.0,74.0,67.0,54.0,79.0,54.0,42.0,56.0,613.0,29.0,2024-07-01,2025-06-30
100252,76.0,78.0,70.0,64.0,83.0,69.0,52.0,66.0,440.0,16.0,2024-07-01,2025-06-30
100253,68.0,77.0,78.0,58.0,84.0,75.0,49.0,79.0,1830.0,24.0,2024-07-01,2025-06-30
100254,73.0,70.0,69.0,53.0,78.0,59.0,57.0,60.0,634.0,16.0,2024-07-01,2025-06-30
100256,67.0,73.0,66.0,54.0,80.0,60.0,48.0,58.0,658.0,25.0,2024-07-01,2025-06-30
100258,53.0,60.0,62.0,45.0,70.0,46.0,42.0,45.0,1728.0,23.0,2024-07-01,2025-06-30
100259,64.0,70.0,68.0,50.0,80.0,62.0,51.0,58.0,527.0,27.0,2024-07-01,2025-06-30
100260,74.0,74.0,68.0,56.0,82.0,63.0,50.0,67.0,572.0,21.0,2024-07-01,2025-06-30
100264,67.0,73.0,69.0,53.0,82.0,61.0,45.0,59.0,693.0,25.0,2024-07-01,2025-06-30
100265,72.0,81.0,76.0,64.0,87.0,79.0,57.0,80.0,3210.0,23.0,2024-07-01,2025-06-30
100266,78.0,84.0,83.0,67.0,89.0,81.0,64.0,83.0,528.0,27.0,2024-07-01,2025-06-30
100267,67.0,77.0,76.0,55.0,82.0,69.0,44.0,66.0,483.0,33.0,2024-07-01,2025-06-30
100268,56.0,64.0,64.0,48.0,72.0,51.0,40.0,52.0,646.0,13.0,2024-07-01,2025-06-30
100269,72.0,71.0,71.0,49.0,79.0,63.0,49.0,61.0,599.0,13.0,2024-07-01,2025-06-30
100275,65.0,67.0,68.0,50.0,78.0,59.0,51.0,57.0,641.0,13.0,2024-07-01,2025-06-30
100276,74.0,74.0,75.0,54.0,80.0,71.0,58.0,72.0,648.0,16.0,2024-07-01,2025-06-30
100277,,,,,,,,,,,2024-07-01,2025-06-30
100281,74.0,79.0,80.0,60.0,86.0,73.0,66.0,75.0,3447.0,18.0,2024-07-01,2025-06-30
100284,86.0,75.0,79.0,49.0,72.0,63.0,57.0,67.0,76.0,8.0,2024-07-01,2025-06-30
100285,77.0,80.0,80.0,63.0,87.0,75.0,67.0,78.0,1329.0,15.0,2024-07-01,2025-06-30
100286,66.0,72.0,76.0,51.0,80.0,62.0,53.0,64.0,2672.0,27.0,2024-07-01,2025-06-30
100287,59.0,70.0,72.0,54.0,78.0,60.0,58.0,60.0,878.0,16.0,2024-07-01,2025-06-30
100288,57.0,65.0,69.0,49.0,80.0,55.0,47.0,56.0,574.0,9.0,2024-07-01,2025-06-30
100289,74.0,77.0,80.0,59.0,86.0,77.0,59.0,80.0,1098.0,19.0,2024-07-01,2025-06-30
100290,75.0,78.0,68.0,60.0,88.0,66.0,51.0,64.0,3445.0,37.0,2024-07-01,2025-06-30
100291,71.0,74.0,77.0,58.0,83.0,62.0,54.0,63.0,798.0,24.0,2024-07-01,2025-06-30
100292,73.0,81.0,82.0,66.0,84.0,72.0,60.0,73.0,279.0,16.0,2024-07-01,2025-06-30
100296,72.0,77.0,81.0,61.0,85.0,73.0,58.0,73.0,530.0,24.0,2024-07-01,2025-06-30
100298,,,,,,,,,,,2024-07-01,2025-06-30
100299,70.0,76.0,74.0,56.0,83.0,67.0,50.0,67.0,1441.0,25.0,2024-07-01,2025-06-30
100302,66.0,76.0,76.0,59.0,85.0,65.0,46.0,65.0,635.0,18.0,2024-07-01,2025-06-30
100307,63.0,74.0,74.0,53.0,83.0,67.0,52.0,66.0,314.0,13.0,2024-07-01,2025-06-30
100313,80.0,90.0,92.0,77.0,87.0,90.0,88.0,98.0,57.0,27.0,2024-07-01,2025-06-30
100314,75.0,77.0,77.0,59.0,83.0,72.0,66.0,75.0,713.0,14.0,2024-07-01,2025-06-30
100315,79.0,78.0,75.0,60.0,85.0,72.0,60.0,74.0,472.0,27.0,2024-07-01,2025-06-30
100316,73.0,74.0,75.0,59.0,80.0,62.0,54.0,67.0,437.0,21.0,2024-07-01,2025-06-30
100319,75.0,82.0,76.0,64.0,89.0,78.0,69.0,78.0,1835.0,18.0,2024-07-01,2025-06-30
100320,78.0,75.0,73.0,55.0,79.0,65.0,64.0,64.0,576.0,16.0,2024-07-01,2025-06-30
100321,79.0,77.0,74.0,50.0,85.0,70.0,55.0,72.0,322.0,15.0,2024-07-01,2025-06-30
100329,84.0,81.0,79.0,61.0,86.0,77.0,66.0,74.0,563.0,18.0,2024-07-01,2025-06-30
100330,71.0,74.0,75.0,61.0,83.0,73.0,73.0,73.0,295.0,15.0,2024-07-01,2025-06-30
100350,78.0,79.0,77.0,60.0,82.0,74.0,70.0,76.0,447.0,13.0,2024-07-01,2025-06-30
100359,77.0,82.0,75.0,61.0,89.0,83.0,65.0,86.0,2390.0,35.0,2024-07-01,2025-06-30
100360,78.0,71.0,73.0,54.0,81.0,71.0,62.0,69.0,621.0,15.0,2024-07-01,2025-06-30
100361,74.0,78.0,76.0,58.0,87.0,78.0,64.0,76.0,312.0,24.0,2024-07-01,2025-06-30
100362,86.0,81.0,78.0,59.0,85.0,82.0,71.0,82.0,389.0,16.0,2024-07-01,2025-06-30
100363,76.0,80.0,75.0,61.0,88.0,78.0,66.0,75.0,1219.0,26.0,2024-07-01,2025-06-30
100364,,,,,,,,,,,2024-07-01,2025-06-30
100365,,,,,,,,,,,2024-07-01,2025-06-30
10057F,72.0,81.0,81.0,67.0,86.0,75.0,60.0,78.0,468.0,35.0,2024-07-01,2025-06-30
10063F,74.0,82.0,83.0,66.0,89.0,78.0,68.0,78.0,463.0,32.0,2024-07-01,2025-06-30
10064F,77.0,78.0,83.0,67.0,83.0,75.0,67.0,74.0,514.0,25.0,2024-07-01,2025-06-30
10065F,73.0,75.0,81.0,63.0,86.0,75.0,58.0,75.0,499.0,31.0,2024-07-01,2025-06-30
10099F,76.0,85.0,88.0,72.0,88.0,82.0,65.0,80.0,391.0,31.0,2024-07-01,2025-06-30
101300,,,,,,,,,,,2024-07-01,2025-06-30
101303,92.0,93.0,94.0,75.0,95.0,94.0,76.0,95.0,53.0,29.0,2024-07-01,2025-06-30
101304,,,,,,,,,,,2024-07-01,2025-06-30
101305,,,,,,,,,,,2024-07-01,2025-06-30
101307,,,,,,,,,,,2024-07-01,2025-06-30
101308,58.0,67.0,76.0,53.0,74.0,61.0,53.0,61.0,86.0,19.0,2024-07-01,2025-06-30
101309,,,,,,,,,,,2024-07-01,2025-06-30
101311,,,,,,,,,,,2024-07-01,2025-06-30
101312,,,,,,,,,,,2024-07-01,2025-06-30
101313,82.0,90.0,89.0,80.0,90.0,90.0,69.0,89.0,79.0,28.0,2024-07-01,2025-06-30
101314,,,,,,,,,,,2024-07-01,2025-06-30
101315,90.0,97.0,91.0,78.0,93.0,91.0,79.0,90.0,44.0,18.0,2024-07-01,2025-06-30
103300,,,,,,,,,,,2024-07-01,2025-06-30
103301,,,,,,,,,,,2024-07-01,2025-06-30
103304,,,,,,,,,,,2024-07-01,2025-06-30
110001,68.0,80.0,76.0,58.0,85.0,68.0,62.0,66.0,634.0,16.0,2024-07-01,2025-06-30
110002,78.0,87.0,82.0,66.0,90.0,79.0,67.0,72.0,291.0,17.0,2024-07-01,2025-06-30
110003,79.0,80.0,79.0,61.0,84.0,72.0,62.0,63.0,459.0,14.0,2024-07-01,2025-06-30
110005,85.0,77.0,76.0,58.0,88.0,78.0,62.0,81.0,3273.0,20.0,2024-07-01,2025-06-30
110006,59.0,77.0,78.0,57.0,81.0,70.0,59.0,73.0,495.0,15.0,2024-07-01,2025-06-30
110007,61.0,73.0,77.0,55.0,84.0,59.0,61.0,55.0,808.0,12.0,2024-07-01,2025-06-30
110008,86.0,83.0,79.0,63.0,91.0,85.0,64.0,87.0,3142.0,22.0,2024-07-01,2025-06-30
110010,77.0,76.0,82.0,58.0,85.0,77.0,65.0,76.0,486.0,22.0,2024-07-01,2025-06-30
110011,73.0,82.0,79.0,62.0,87.0,72.0,60.0,69.0,993.0,18.0,2024-07-01,2025-06-30
110015,78.0,82.0,78.0,61.0,86.0,77.0,61.0,76.0,440.0,13.0,2024-07-01,2025-06-30
110016,81.0,85.0,85.0,65.0,89.0,78.0,65.0,76.0,565.0,19.0,2024-07-01,2025-06-30
110018,66.0,72.0,76.0,59.0,83.0,60.0,53.0,61.0,379.0,13.0,2024-07-01,2025-06-30
110023,75.0,82.0,84.0,64.0,85.0,79.0,73.0,74.0,508.0,12.0,2024-07-01,2025-06-30
110024,62.0,74.0,77.0,56.0,83.0,67.0,55.0,69.0,1650.0,19.0,2024-07-01,2025-06-30
110025,66.0,76.0,79.0,62.0,84.0,64.0,62.0,57.0,394.0,15.0,2024-07-01,2025-06-30
110027,83.0,78.0,78.0,65.0,87.0,70.0,67.0,70.0,228.0,14.0,2024-07-01,2025-06-30
110028,62.0,75.0,78.0,55.0,81.0,65.0,61.0,67.0,1544.0,17.0,2024-07-01,2025-06-30
110029,63.0,73.0,76.0,56.0,85.0,68.0,52.0,69.0,2252.0,18.0,2024-07-01,2025-06-30
110030,69.0,79.0,75.0,59.0,81.0,68.0,62.0,67.0,667.0,13.0,2024-07-01,2025-06-30
110031,64.0,74.0,75.0,53.0,85.0,62.0,60.0,57.0,449.0,23.0,2024-07-01,2025-06-30
110032,75.0,83.0,82.0,63.0,85.0,72.0,71.0,74.0,270.0,18.0,2024-07-01,2025-06-30
110034,65.0,74.0,78.0,59.0,84.0,63.0,49.0,64.0,778.0,13.0,2024-07-01,2025-06-30
110035,66.0,72.0,74.0,51.0,81.0,65.0,53.0,67.0,1253.0,19.0,2024-07-01,2025-06-30
110036,64.0,72.0,75.0,55.0,79.0,61.0,52.0,64.0,590.0,15.0,2024-07-01,2025-06-30
110038,70.0,78.0,79.0,63.0,84.0,68.0,62.0,67.0,418.0,15.0,2024-07-01,2025-06-30
110041,76.0,80.0,80.0,60.0,83.0,67.0,56.0,70.0,309.0,17.0,2024-07-01,2025-06-30
110042,73.0,78.0,77.0,58.0,84.0,76.0,64.0,79.0,572.0,20.0,2024-07-01,2025-06-30
110043,67.0,75.0,78.0,60.0,85.0,70.0,54.0,74.0,574.0,24.0,2024-07-01,2025-06-30
110044,70.0,75.0,77.0,58.0,86.0,71.0,69.0,68.0,281.0,12.0,2024-07-01,2025-06-30
110045,74.0,74.0,74.0,61.0,87.0,69.0,63.0,63.0,152.0,13.0,2024-07-01,2025-06-30
110046,70.0,76.0,79.0,55.0,85.0,68.0,63.0,66.0,607.0,16.0,2024-07-01,2025-06-30
110050,81.0,90.0,90.0,77.0,91.0,80.0,74.0,85.0,137.0,19.0,2024-07-01,2025-06-30
110051,74.0,75.0,78.0,53.0,88.0,72.0,59.0,77.0,427.0,22.0,2024-07-01,2025-06-30
110054,67.0,79.0,76.0,57.0,84.0,72.0,60.0,73.0,792.0,13.0,2024-07-01,2025-06-30
110064,70.0,75.0,78.0,56.0,81.0,64.0,57.0,67.0,468.0,9.0,2024-07-01,2025-06-30
110069,60.0,73.0,70.0,52.0,83.0,59.0,59.0,56.0,870.0,14.0,2024-07-01,2025-06-30
110071,,,,,,,,,,,2024-07-01,2025-06-30
110073,81.0,73.0,74.0,60.0,83.0,68.0,57.0,60.0,65.0,16.0,2024-07-01,2025-06-30
110074,61.0,80.0,79.0,60.0,85.0,75.0,63.0,78.0,1444.0,17.0,2024-07-01,2025-06-30
110075,74.0,82.0,84.0,66.0,86.0,73.0,65.0,68.0,488.0,12.0,2024-07-01,2025-06-30
110076,65.0,75.0,77.0,54.0,82.0,63.0,59.0,61.0,532.0,13.0,2024-07-01,2025-06-30
110078,65.0,73.0,79.0,53.0,82.0,69.0,63.0,71.0,491.0,12.0,2024-07-01,2025-06-30
110079,65.0,73.0,77.0,56.0,80.0,67.0,50.0,68.0,733.0,8.0,2024-07-01,2025-06-30
110082,71.0,75.0,80.0,60.0,85.0,71.0,56.0,76.0,502.0,24.0,2024-07-01,2025-06-30
110083,66.0,74.0,80.0,58.0,82.0,72.0,60.0,74.0,1834.0,17.0,2024-07-01,2025-06-30
110086,87.0,75.0,88.0,64.0,85.0,78.0,63.0,60.0,36.0,18.0,2024-07-01,2025-06-30
110087,77.0,73.0,74.0,54.0,87.0,68.0,61.0,70.0,3112.0,15.0,2024-07-01,2025-06-30
110089,71.0,75.0,75.0,62.0,83.0,66.0,64.0,62.0,359.0,16.0,2024-07-01,2025-06-30
110091,67.0,72.0,77.0,56.0,78.0,61.0,61.0,57.0,483.0,11.0,2024-07-01,2025-06-30
110092,78.0,78.0,81.0,73.0,90.0,70.0,70.0,76.0,94.0,20.0,2024-07-01,2025-06-30
110095,63.0,79.0,77.0,57.0,81.0,67.0,66.0,66.0,735.0,11.0,2024-07-01,2025-06-30
110100,66.0,81.0,89.0,65.0,74.0,65.0,76.0,57.0,104.0,16.0,2024-07-01,2025-06-30
110101,99.0,97.0,96.0,74.0,94.0,92.0,93.0,93.0,25.0,36.0,2024-07-01,2025-06-30
110104,77.0,78.0,79.0,65.0,81.0,66.0,65.0,63.0,219.0,13.0,2024-07-01,2025-06-30
110105,78.0,85.0,87.0,66.0,87.0,82.0,68.0,79.0,425.0,15.0,2024-07-01,2025-06-30
110107,57.0,72.0,72.0,54.0,81.0,59.0,60.0,59.0,1342.0,15.0,2024-07-01,2025-06-30
110109,80.0,81.0,81.0,69.0,86.0,70.0,72.0,65.0,115.0,20.0,2024-07-01,2025-06-30
110111,69.0,82.0,84.0,59.0,86.0,78.0,77.0,72.0,124.0,19.0,2024-07-01,2025-06-30
110113,70.0,84.0,83.0,65.0,88.0,82.0,83.0,86.0,187.0,37.0,2024-07-01,2025-06-30
110121,75.0,78.0,85.0,62.0,87.0,73.0,63.0,69.0,81.0,14.0,2024-07-01,2025-06-30
110122,66.0,77.0,79.0,60.0,86.0,67.0,65.0,67.0,1392.0,20.0,2024-07-01,2025-06-30
110124,78.0,81.0,78.0,63.0,86.0,72.0,68.0,68.0,174.0,12.0,2024-07-01,2025-06-30
110125,73.0,81.0,80.0,63.0,86.0,77.0,69.0,74.0,639.0,16.0,2024-07-01,2025-06-30
110128,82.0,86.0,85.0,70.0,86.0,80.0,70.0,76.0,460.0,16.0,2024-07-01,2025-06-30
110129,69.0,76.0,78.0,54.0,84.0,68.0,59.0,68.0,1221.0,17.0,2024-07-01,2025-06-30
110132,73.0,76.0,85.0,61.0,89.0,60.0,65.0,52.0,102.0,11.0,2024-07-01,2025-06-30
110142,78.0,87.0,89.0,65.0,84.0,77.0,71.0,77.0,132.0,17.0,2024-07-01,2025-06-30
110143,74.0,75.0,76.0,54.0,82.0,67.0,60.0,68.0,815.0,17.0,2024-07-01,2025-06-30
110146,77.0,85.0,77.0,71.0,85.0,69.0,67.0,64.0,159.0,13.0,2024-07-01,2025-06-30
110150,62.0,73.0,73.0,55.0,80.0,61.0,57.0,56.0,262.0,12.0,2024-07-01,2025-06-30
110161,77.0,76.0,77.0,58.0,86.0,73.0,60.0,75.0,4499.0,15.0,2024-07-01,2025-06-30
110164,63.0,74.0,75.0,56.0,85.0,64.0,60.0,69.0,408.0,15.0,2024-07-01,2025-06-30
110165,55.0,64.0,69.0,53.0,77.0,52.0,54.0,48.0,534.0,20.0,2024-07-01,2025-06-30
110168,69.0,81.0,79.0,58.0,84.0,76.0,63.0,78.0,1062.0,18.0,2024-07-01,2025-06-30
110177,67.0,75.0,76.0,55.0,83.0,70.0,54.0,73.0,569.0,14.0,2024-07-01,2025-06-30
110184,72.0,74.0,79.0,56.0,82.0,67.0,60.0,69.0,541.0,15.0,2024-07-01,2025-06-30
110190,,,,,,,,,,,2024-07-01,2025-06-30
110191,64.0,71.0,71.0,54.0,79.0,61.0,53.0,57.0,674.0,10.0,2024-07-01,2025-06-30
110192,69.0,70.0,73.0,49.0,78.0,60.0,55.0,56.0,564.0,11.0,2024-07-01,2025-06-30
110194,84.0,85.0,87.0,71.0,87.0,76.0,73.0,69.0,46.0,15.0,2024-07-01,2025-06-30
110198,63.0,69.0,73.0,48.0,78.0,62.0,50.0,64.0,551.0,17.0,2024-07-01,2025-06-30
110200,73.0,80.0,83.0,60.0,84.0,78.0,61.0,79.0,651.0,19.0,2024-07-01,2025-06-30
110201,74.0,77.0,77.0,57.0,81.0,70.0,62.0,70.0,316.0,16.0,2024-07-01,2025-06-30
110209,,,,,,,,,,,2024-07-01,2025-06-30
110215,58.0,77.0,78.0,56.0,80.0,72.0,59.0,73.0,1081.0,15.0,2024-07-01,2025-06-30
110225,74.0,79.0,77.0,61.0,86.0,72.0,58.0,70.0,708.0,19.0,2024-07-01,2025-06-30
110226,77.0,75.0,78.0,55.0,80.0,69.0,68.0,64.0,464.0,10.0,2024-07-01,2025-06-30
110229,61.0,77.0,78.0,56.0,82.0,69.0,65.0,70.0,774.0,16.0,2024-07-01,2025-06-30
110230,68.0,71.0,77.0,52.0,81.0,70.0,60.0,72.0,666.0,17.0,2024-07-01,2025-06-30
110233,87.0,87.0,87.0,74.0,93.0,90.0,78.0,95.0,261.0,29.0,2024-07-01,2025-06-30
110234,,,,,,,,,,,2024-07-01,2025-06-30
110236,84.0,88.0,85.0,62.0,90.0,79.0,77.0,76.0,84.0,21.0,2024-07-01,2025-06-30
110237,69.0,83.0,84.0,67.0,88.0,84.0,70.0,86.0,145.0,18.0,2024-07-01,2025-06-30
110252,83.0,72.0,77.0,54.0,84.0,70.0,60.0,71.0,592.0,12.0,2024-07-01,2025-06-30
110253,,,,,,,,,,,2024-07-01,2025-06-30
110256,,,,,,,,,,,2024-07-01,2025-06-30
11029F,65.0,73.0,82.0,61.0,82.0,65.0,56.0,57.0,551.0,17.0,2024-07-01,2025-06-30
11030F,71.0,83.0,86.0,71.0,85.0,74.0,66.0,72.0,229.0,21.0,2024-07-01,2025-06-30
11031F,,,,,,,,,,,2024-07-01,2025-06-30
11032F,86.0,86.0,85.0,74.0,92.0,81.0,87.0,82.0,272.0,23.0,2024-07-01,2025-06-30
11033F,78.0,86.0,87.0,74.0,90.0,82.0,67.0,81.0,537.0,32.0,2024-07-01,2025-06-30
11035F,82.0,83.0,81.0,62.0,92.0,72.0,71.0,71.0,200.0,19.0,2024-07-01,2025-06-30
110779,,,,,,,,,,,2024-07-01,2025-06-30
111302,,,,,,,,,,,2024-07-01,2025-06-30
111303,,,,,,,,,,,2024-07-01,2025-06-30
111304,78.0,83.0,90.0,64.0,85.0,80.0,76.0,85.0,108.0,18.0,2024-07-01,2025-06-30
111305,,,,,,,,,,,2024-07-01,2025-06-30
111306,58.0,80.0,80.0,57.0,84.0,69.0,58.0,73.0,28.0,16.0,2024-07-01,2025-06-30
111308,85.0,89.0,83.0,76.0,97.0,82.0,81.0,79.0,25.0,17.0,2024-07-01,2025-06-30
111310,75.0,81.0,78.0,63.0,82.0,74.0,73.0,74.0,216.0,18.0,2024-07-01,2025-06-30
111311,,,,,,,,,,,2024-07-01,2025-06-30
111312,,,,,,,,,,,2024-07-01,2025-06-30
111313,,,,,,,,,,,2024-07-01,2025-06-30
111314,,,,,,,,,,,2024-07-01,2025-06-30
111316,,,,,,,,,,,2024-07-01,2025-06-30
111318,73.0,86.0,89.0,47.0,73.0,77.0,60.0,72.0,37.0,23.0,2024-07-01,2025-06-30
111319,83.0,82.0,74.0,60.0,89.0,79.0,53.0,76.0,76.0,27.0,2024-07-01,2025-06-30
111320,90.0,93.0,87.0,77.0,97.0,85.0,79.0,86.0,110.0,28.0,2024-07-01,2025-06-30
111323,78.0,85.0,86.0,69.0,92.0,84.0,79.0,86.0,166.0,31.0,2024-07-01,2025-06-30
111324,73.0,75.0,80.0,55.0,87.0,68.0,61.0,70.0,41.0,21.0,2024-07-01,2025-06-30
111325,79.0,86.0,85.0,56.0,87.0,86.0,82.0,77.0,35.0,24.0,2024-07-01,2025-06-30
111326,77.0,81.0,75.0,67.0,89.0,80.0,72.0,80.0,50.0,23.0,2024-07-01,2025-06-30
111327,70.0,77.0,80.0,59.0,86.0,75.0,63.0,77.0,200.0,33.0,2024-07-01,2025-06-30
111328,,,,,,,,,,,2024-07-01,2025-06-30
111329,85.0,88.0,94.0,70.0,85.0,87.0,73.0,87.0,187.0,22.0,2024-07-01,2025-06-30
111330,,,,,,,,,,,2024-07-01,2025-06-30
111331,91.0,82.0,86.0,74.0,86.0,75.0,74.0,75.0,38.0,20.0,2024-07-01,2025-06-30
111332,,,,,,,,,,,2024-07-01,2025-06-30
111333,91.0,82.0,84.0,69.0,88.0,80.0,82.0,72.0,43.0,18.0,2024-07-01,2025-06-30
111334,,,,,,,,,,,2024-07-01,2025-06-30
111335,73.0,76.0,78.0,48.0,80.0,68.0,63.0,62.0,78.0,16.0,2024-07-01,2025-06-30
111336,,,,,,,,,,,2024-07-01,2025-06-30
111337,61.0,75.0,81.0,58.0,86.0,68.0,64.0,72.0,59.0,26.0,2024-07-01,2025-06-30
111338,,,,,,,,,,,2024-07-01,2025-06-30
113300,,,,,,,,,,,2024-07-01,2025-06-30
113301,,,,,,,,,,,2024-07-01,2025-06-30
120001,74.0,80.0,79.0,63.0,86.0,74.0,52.0,76.0,2927.0,23.0,2024-07-01,2025-06-30
120002,69.0,76.0,75.0,59.0,85.0,61.0,47.0,63.0,1308.0,20.0,2024-07-01,2025-06-30
120005,74.0,79.0,78.0,58.0,85.0,64.0,36.0,64.0,705.0,22.0,2024-07-01,2025-06-30
120006,81.0,85.0,81.0,66.0,90.0,80.0,60.0,77.0,691.0,24.0,2024-07-01,2025-06-30
120007,76.0,75.0,78.0,56.0,82.0,60.0,45.0,57.0,407.0,27.0,2024-07-01,2025-06-30
120011,74.0,80.0,85.0,65.0,88.0,80.0,54.0,80.0,426.0,26.0,2024-07-01,2025-06-30
120014,75.0,80.0,81.0,63.0,84.0,70.0,59.0,69.0,458.0,24.0,2024-07-01,2025-06-30
120019,76.0,76.0,78.0,59.0,88.0,63.0,43.0,63.0,449.0,20.0,2024-07-01,2025-06-30
12001F,74.0,85.0,85.0,64.0,90.0,67.0,59.0,71.0,569.0,22.0,2024-07-01,2025-06-30
120022,68.0,81.0,83.0,64.0,84.0,74.0,54.0,76.0,491.0,32.0,2024-07-01,2025-06-30
120026,78.0,81.0,80.0,67.0,88.0,76.0,61.0,79.0,442.0,29.0,2024-07-01,2025-06-30
120028,77.0,81.0,77.0,59.0,85.0,74.0,58.0,78.0,315.0,21.0,2024-07-01,2025-06-30
121300,79.0,84.0,84.0,64.0,88.0,81.0,63.0,86.0,103.0,18.0,2024-07-01,2025-06-30
121301,,,,,,,,,,,2024-07-01,2025-06-30
121302,,,,,,,,,,,2024-07-01,2025-06-30
121303,,,,,,,,,,,2024-07-01,2025-06-30
121304,77.0,70.0,69.0,63.0,85.0,71.0,59.0,64.0,40.0,14.0,2024-07-01,2025-06-30
121305,,,,,,,,,,,2024-07-01,2025-06-30
121306,,,,,,,,,,,2024-07-01,2025-06-30
121307,,,,,,,,,,,2024-07-01,2025-06-30
121308,,,,,,,,,,,2024-07-01,2025-06-30
123300,,,,,,,,,,,2024-07-01,2025-06-30
123301,,,,,,,,,,,2024-07-01,2025-06-30
130002,81.0,77.0,79.0,59.0,90.0,66.0,54.0,61.0,662.0,23.0,2024-07-01,2025-06-30
130003,72.0,78.0,77.0,59.0,87.0,60.0,51.0,58.0,671.0,27.0,2024-07-01,2025-06-30
130006,75.0,82.0,82.0,65.0,92.0,78.0,60.0,81.0,2042.0,27.0,2024-07-01,2025-06-30
130007,69.0,76.0,79.0,58.0,88.0,76.0,55.0,77.0,945.0,22.0,2024-07-01,2025-06-30
130013,77.0,76.0,78.0,57.0,89.0,75.0,61.0,78.0,763.0,22.0,2024-07-01,2025-06-30
130014,75.0,82.0,81.0,63.0,89.0,75.0,66.0,74.0,364.0,23.0,2024-07-01,2025-06-30
130018,70.0,74.0,73.0,53.0,86.0,68.0,56.0,66.0,555.0,23.0,2024-07-01,2025-06-30
130025,71.0,75.0,80.0,49.0,86.0,67.0,54.0,63.0,272.0,16.0,2024-07-01,2025-06-30
130028,70.0,74.0,74.0,53.0,90.0,62.0,51.0,58.0,450.0,21.0,2024-07-01,2025-06-30
13003F,83.0,88.0,88.0,79.0,91.0,86.0,72.0,89.0,513.0,45.0,2024-07-01,2025-06-30
130049,65.0,78.0,79.0,58.0,88.0,70.0,48.0,72.0,2341.0,26.0,2024-07-01,2025-06-30
130063,82.0,92.0,88.0,79.0,91.0,91.0,77.0,90.0,329.0,56.0,2024-07-01,2025-06-30
130065,76.0,78.0,84.0,61.0,83.0,75.0,51.0,81.0,344.0,20.0,2024-07-01,2025-06-30
130066,72.0,82.0,84.0,67.0,92.0,80.0,61.0,85.0,413.0,46.0,2024-07-01,2025-06-30
130071,77.0,80.0,79.0,62.0,91.0,78.0,64.0,81.0,560.0,23.0,2024-07-01,2025-06-30
130073,86.0,77.0,85.0,63.0,90.0,89.0,65.0,88.0,31.0,11.0,2024-07-01,2025-06-30
130074,77.0,78.0,78.0,58.0,90.0,76.0,69.0,80.0,369.0,28.0,2024-07-01,2025-06-30
130779,,,,,,,,,,,2024-07-01,2025-06-30
131301,,,,,,,,,,,2024-07-01,2025-06-30
131302,86.0,87.0,92.0,75.0,97.0,91.0,73.0,93.0,69.0,36.0,2024-07-01,2025-06-30
131303,,,,,,,,,,,2024-07-01,2025-06-30
131304,,,,,,,,,,,2024-07-01,2025-06-30
131305,78.0,89.0,87.0,80.0,92.0,74.0,76.0,75.0,84.0,32.0,2024-07-01,2025-06-30
131307,93.0,84.0,78.0,78.0,92.0,84.0,66.0,73.0,38.0,22.0,2024-07-01,2025-06-30
131309,61.0,82.0,81.0,59.0,85.0,81.0,62.0,76.0,41.0,26.0,2024-07-01,2025-06-30
131310,88.0,72.0,79.0,54.0,95.0,56.0,54.0,60.0,61.0,22.0,2024-07-01,2025-06-30
131311,83.0,88.0,86.0,75.0,94.0,75.0,63.0,79.0,137.0,24.0,2024-07-01,2025-06-30
131312,68.0,87.0,87.0,69.0,94.0,86.0,75.0,84.0,110.0,29.0,2024-07-01,2025-06-30
131313,,,,,,,,,,,2024-07-01,2025-06-30
131314,76.0,84.0,85.0,63.0,91.0,87.0,59.0,84.0,31.0,24.0,2024-07-01,2025-06-30
131315,72.0,81.0,89.0,62.0,86.0,66.0,64.0,80.0,43.0,23.0,2024-07-01,2025-06-30
131316,76.0,87.0,87.0,62.0,92.0,80.0,76.0,76.0,42.0,28.0,2024-07-01,2025-06-30
131317,,,,,,,,,,,2024-07-01,2025-06-30
131318,,,,,,,,,,,2024-07-01,2025-06-30
131319,82.0,85.0,87.0,70.0,86.0,69.0,69.0,70.0,62.0,26.0,2024-07-01,2025-06-30
131320,82.0,84.0,87.0,65.0,86.0,69.0,50.0,58.0,102.0,24.0,2024-07-01,2025-06-30
131321,70.0,80.0,89.0,64.0,82.0,73.0,65.0,75.0,63.0,26.0,2024-07-01,2025-06-30
131322,74.0,84.0,90.0,74.0,89.0,85.0,76.0,77.0,95.0,28.0,2024-07-01,2025-06-30
131323,81.0,86.0,87.0,72.0,91.0,84.0,63.0,81.0,191.0,29.0,2024-07-01,2025-06-30
131324,,,,,,,,,,,2024-07-01,2025-06-30
131325,75.0,73.0,78.0,59.0,88.0,71.0,60.0,68.0,224.0,25.0,2024-07-01,2025-06-30
131326,81.0,83.0,81.0,64.0,89.0,76.0,65.0,67.0,211.0,20.0,2024-07-01,2025-06-30
131327,78.0,85.0,84.0,78.0,90.0,71.0,69.0,73.0,169.0,24.0,2024-07-01,2025-06-30
131328,81.0,88.0,84.0,62.0,90.0,74.0,67.0,72.0,231.0,32.0,2024-07-01,2025-06-30
140001,72.0,77.0,80.0,53.0,85.0,67.0,48.0,63.0,173.0,20.0,2024-07-01,2025-06-30
140002,69.0,82.0,83.0,60.0,89.0,73.0,59.0,75.0,913.0,32.0,2024-07-01,2025-06-30
140007,56.0,68.0,68.0,45.0,80.0,51.0,58.0,49.0,1089.0,28.0,2024-07-01,2025-06-30
140008,70.0,78.0,78.0,56.0,82.0,66.0,58.0,62.0,496.0,18.0,2024-07-01,2025-06-30
140010,70.0,77.0,77.0,56.0,88.0,68.0,60.0,70.0,3748.0,25.0,2024-07-01,2025-06-30
140011,78.0,75.0,76.0,56.0,83.0,70.0,57.0,71.0,373.0,19.0,2024-07-01,2025-06-30
140012,80.0,75.0,74.0,54.0,84.0,66.0,56.0,64.0,346.0,21.0,2024-07-01,2025-06-30
140013,54.0,74.0,75.0,53.0,84.0,59.0,42.0,61.0,456.0,24.0,2024-07-01,2025-06-30
140015,75.0,79.0,76.0,57.0,89.0,71.0,57.0,68.0,430.0,27.0,2024-07-01,2025-06-30
140018,54.0,68.0,72.0,52.0,76.0,54.0,46.0,47.0,441.0,6.0,2024-07-01,2025-06-30
140029,66.0,79.0,78.0,57.0,88.0,68.0,48.0,69.0,1006.0,16.0,2024-07-01,2025-06-30
140030,79.0,80.0,77.0,61.0,91.0,73.0,58.0,74.0,1360.0,23.0,2024-07-01,2025-06-30
140032,74.0,83.0,80.0,67.0,89.0,73.0,63.0,67.0,389.0,24.0,2024-07-01,2025-06-30
140034,74.0,83.0,79.0,63.0,86.0,69.0,61.0,61.0,317.0,19.0,2024-07-01,2025-06-30
14003F,71.0,78.0,81.0,59.0,88.0,69.0,60.0,69.0,505.0,21.0,2024-07-01,2025-06-30
140043,74.0,81.0,79.0,61.0,85.0,71.0,58.0,65.0,545.0,24.0,2024-07-01,2025-06-30
140046,68.0,78.0,74.0,62.0,86.0,70.0,59.0,67.0,532.0,22.0,2024-07-01,2025-06-30
140048,65.0,74.0,77.0,56.0,85.0,60.0,58.0,56.0,950.0,13.0,2024-07-01,2025-06-30
140049,66.0,66.0,71.0,50.0,76.0,52.0,57.0,48.0,376.0,17.0,2024-07-01,2025-06-30
14004F,79.0,87.0,84.0,85.0,96.0,82.0,74.0,73.0,44.0,40.0,2024-07-01,2025-06-30
140052,76.0,82.0,77.0,64.0,85.0,76.0,51.0,76.0,323.0,20.0,2024-07-01,2025-06-30
140053,56.0,73.0,75.0,50.0,85.0,63.0,55.0,63.0,349.0,20.0,2024-07-01,2025-06-30
140054,65.0,74.0,74.0,53.0,81.0,61.0,51.0,58.0,417.0,12.0,2024-07-01,2025-06-30
140059,80.0,84.0,83.0,68.0,91.0,81.0,70.0,82.0,97.0,32.0,2024-07-01,2025-06-30
140062,62.0,79.0,76.0,56.0,85.0,67.0,53.0,67.0,979.0,26.0,2024-07-01,2025-06-30
140063,60.0,77.0,77.0,57.0,78.0,60.0,52.0,64.0,577.0,14.0,2024-07-01,2025-06-30
140064,61.0,75.0,77.0,56.0,86.0,64.0,50.0,62.0,532.0,22.0,2024-07-01,2025-06-30
140065,76.0,82.0,79.0,65.0,88.0,75.0,66.0,73.0,1254.0,25.0,2024-07-01,2025-06-30
140067,56.0,75.0,74.0,54.0,87.0,63.0,43.0,65.0,3360.0,23.0,2024-07-01,2025-06-30
140068,64.0,62.0,72.0,57.0,72.0,47.0,52.0,44.0,217.0,20.0,2024-07-01,2025-06-30
140077,,,,,,,,,,,2024-07-01,2025-06-30
14007F,70.0,81.0,81.0,67.0,87.0,73.0,55.0,76.0,670.0,33.0,2024-07-01,2025-06-30
140080,73.0,72.0,73.0,52.0,80.0,60.0,50.0,64.0,497.0,27.0,2024-07-01,2025-06-30
140082,,,,,,,,,,,2024-07-01,2025-06-30
140083,,,,,,,,,,,2024-07-01,2025-06-30
140084,56.0,65.0,69.0,55.0,76.0,32.0,49.0,30.0,208.0,9.0,2024-07-01,2025-06-30
140088,63.0,77.0,80.0,57.0,86.0,70.0,63.0,73.0,1798.0,15.0,2024-07-01,2025-06-30
140089,71.0,74.0,78.0,62.0,90.0,68.0,54.0,58.0,154.0,21.0,2024-07-01,2025-06-30
14008F,80.0,86.0,81.0,70.0,90.0,80.0,62.0,78.0,366.0,34.0,2024-07-01,2025-06-30
140091,63.0,79.0,76.0,58.0,82.0,71.0,50.0,69.0,415.0,20.0,2024-07-01,2025-06-30
140093,67.0,77.0,73.0,55.0,81.0,58.0,55.0,54.0,315.0,17.0,2024-07-01,2025-06-30
140095,68.0,74.0,77.0,58.0,83.0,71.0,49.0,69.0,569.0,33.0,2024-07-01,2025-06-30
140100,86.0,90.0,88.0,68.0,92.0,87.0,75.0,89.0,133.0,26.0,2024-07-01,2025-06-30
140101,76.0,80.0,78.0,58.0,91.0,76.0,55.0,77.0,661.0,34.0,2024-07-01,2025-06-30
140103,71.0,74.0,77.0,63.0,83.0,49.0,64.0,44.0,82.0,6.0,2024-07-01,2025-06-30
140110,66.0,79.0,79.0,59.0,87.0,62.0,49.0,57.0,670.0,23.0,2024-07-01,2025-06-30
140113,75.0,79.0,75.0,60.0,89.0,71.0,55.0,74.0,373.0,26.0,2024-07-01,2025-06-30
140114,69.0,74.0,75.0,56.0,80.0,59.0,50.0,58.0,886.0,13.0,2024-07-01,2025-06-30
140115,82.0,76.0,83.0,70.0,79.0,71.0,71.0,71.0,83.0,16.0,2024-07-01,2025-06-30
140116,77.0,81.0,77.0,62.0,88.0,75.0,64.0,75.0,1080.0,26.0,2024-07-01,2025-06-30
140117,66.0,70.0,74.0,50.0,82.0,60.0,52.0,67.0,917.0,25.0,2024-07-01,2025-06-30
140119,68.0,80.0,80.0,61.0,86.0,75.0,66.0,78.0,3109.0,15.0,2024-07-01,2025-06-30
140120,68.0,74.0,76.0,55.0,87.0,61.0,54.0,54.0,269.0,21.0,2024-07-01,2025-06-30
140122,78.0,81.0,79.0,59.0,88.0,72.0,59.0,73.0,1439.0,20.0,2024-07-01,2025-06-30
140124,58.0,71.0,80.0,53.0,80.0,66.0,49.0,68.0,1105.0,9.0,2024-07-01,2025-06-30
140125,54.0,67.0,73.0,55.0,81.0,41.0,49.0,38.0,89.0,11.0,2024-07-01,2025-06-30
140127,73.0,84.0,81.0,62.0,92.0,76.0,54.0,77.0,357.0,21.0,2024-07-01,2025-06-30
140130,72.0,77.0,79.0,62.0,86.0,75.0,64.0,78.0,643.0,23.0,2024-07-01,2025-06-30
140133,60.0,66.0,67.0,56.0,76.0,49.0,46.0,46.0,184.0,6.0,2024-07-01,2025-06-30
140135,62.0,72.0,73.0,51.0,82.0,62.0,54.0,58.0,748.0,19.0,2024-07-01,2025-06-30
140137,83.0,87.0,91.0,63.0,96.0,84.0,56.0,67.0,38.0,27.0,2024-07-01,2025-06-30
140145,67.0,84.0,83.0,71.0,88.0,73.0,73.0,68.0,193.0,19.0,2024-07-01,2025-06-30
140148,65.0,73.0,73.0,54.0,87.0,65.0,53.0,70.0,1453.0,21.0,2024-07-01,2025-06-30
140150,63.0,77.0,78.0,57.0,84.0,64.0,52.0,65.0,884.0,9.0,2024-07-01,2025-06-30
140155,67.0,72.0,75.0,57.0,82.0,64.0,57.0,69.0,413.0,29.0,2024-07-01,2025-06-30
140158,65.0,68.0,74.0,55.0,76.0,47.0,58.0,51.0,235.0,15.0,2024-07-01,2025-06-30
140160,70.0,82.0,80.0,62.0,89.0,70.0,60.0,63.0,395.0,28.0,2024-07-01,2025-06-30
140161,75.0,80.0,79.0,61.0,89.0,67.0,54.0,61.0,225.0,27.0,2024-07-01,2025-06-30
140162,63.0,77.0,75.0,58.0,85.0,65.0,54.0,65.0,1170.0,26.0,2024-07-01,2025-06-30
140164,76.0,76.0,77.0,53.0,81.0,67.0,54.0,64.0,409.0,17.0,2024-07-01,2025-06-30
140166,61.0,77.0,77.0,52.0,83.0,64.0,58.0,60.0,333.0,25.0,2024-07-01,2025-06-30
140172,65.0,72.0,71.0,52.0,84.0,62.0,57.0,59.0,489.0,13.0,2024-07-01,2025-06-30
140174,71.0,72.0,67.0,52.0,82.0,62.0,54.0,58.0,430.0,28.0,2024-07-01,2025-06-30
140177,62.0,50.0,56.0,58.0,71.0,32.0,44.0,29.0,47.0,5.0,2024-07-01,2025-06-30
140179,72.0,81.0,77.0,59.0,80.0,69.0,63.0,70.0,506.0,13.0,2024-07-01,2025-06-30
140180,65.0,74.0,78.0,53.0,82.0,65.0,57.0,67.0,796.0,30.0,2024-07-01,2025-06-30
140181,62.0,66.0,68.0,50.0,62.0,47.0,55.0,31.0,47.0,5.0,2024-07-01,2025-06-30
140182,67.0,79.0,77.0,60.0,88.0,68.0,51.0,70.0,1075.0,16.0,2024-07-01,2025-06-30
140184,73.0,80.0,80.0,63.0,85.0,69.0,54.0,68.0,486.0,26.0,2024-07-01,2025-06-30
140185,69.0,80.0,79.0,60.0,89.0,73.0,66.0,75.0,2396.0,32.0,2024-07-01,2025-06-30
140186,72.0,76.0,79.0,59.0,87.0,68.0,58.0,68.0,1277.0,24.0,2024-07-01,2025-06-30
140187,59.0,81.0,81.0,63.0,89.0,79.0,68.0,79.0,411.0,23.0,2024-07-01,2025-06-30
140189,72.0,82.0,80.0,63.0,89.0,76.0,57.0,73.0,1311.0,24.0,2024-07-01,2025-06-30
140191,60.0,72.0,73.0,51.0,79.0,53.0,52.0,49.0,685.0,13.0,2024-07-01,2025-06-30
140197,,,,,,,,,,,2024-07-01,2025-06-30
140200,67.0,81.0,77.0,59.0,84.0,75.0,68.0,76.0,1238.0,21.0,2024-07-01,2025-06-30
140202,77.0,77.0,74.0,55.0,88.0,67.0,60.0,66.0,977.0,22.0,2024-07-01,2025-06-30
140206,67.0,65.0,70.0,45.0,75.0,55.0,48.0,53.0,438.0,20.0,2024-07-01,2025-06-30
140208,59.0,77.0,75.0,55.0,87.0,61.0,48.0,61.0,1045.0,16.0,2024-07-01,2025-06-30
140209,60.0,75.0,72.0,54.0,82.0,62.0,43.0,61.0,601.0,21.0,2024-07-01,2025-06-30
140210,86.0,83.0,76.0,62.0,85.0,59.0,58.0,50.0,88.0,19.0,2024-07-01,2025-06-30
140211,74.0,80.0,83.0,67.0,88.0,79.0,66.0,76.0,667.0,28.0,2024-07-01,2025-06-30
140213,69.0,80.0,75.0,62.0,86.0,74.0,57.0,73.0,330.0,24.0,2024-07-01,2025-06-30
140217,72.0,72.0,70.0,52.0,83.0,63.0,58.0,64.0,337.0,27.0,2024-07-01,2025-06-30
140223,66.0,79.0,77.0,59.0,87.0,71.0,46.0,72.0,1052.0,22.0,2024-07-01,2025-06-30
140224,68.0,75.0,78.0,57.0,85.0,65.0,58.0,69.0,702.0,25.0,2024-07-01,2025-06-30
140228,73.0,76.0,73.0,56.0,83.0,66.0,52.0,64.0,1449.0,18.0,2024-07-01,2025-06-30
140231,58.0,80.0,78.0,59.0,84.0,71.0,58.0,74.0,2833.0,23.0,2024-07-01,2025-06-30
140233,59.0,77.0,76.0,60.0,86.0,67.0,51.0,68.0,1606.0,25.0,2024-07-01,2025-06-30
140239,75.0,78.0,78.0,56.0,87.0,71.0,59.0,67.0,495.0,26.0,2024-07-01,2025-06-30
140242,75.0,79.0,79.0,61.0,86.0,79.0,61.0,82.0,1372.0,28.0,2024-07-01,2025-06-30
140251,,,,,,,,,,,2024-07-01,2025-06-30
140252,67.0,72.0,76.0,57.0,81.0,65.0,54.0,64.0,412.0,23.0,2024-07-01,2025-06-30
140258,72.0,73.0,70.0,52.0,87.0,63.0,48.0,63.0,361.0,20.0,2024-07-01,2025-06-30
140275,67.0,73.0,76.0,56.0,85.0,64.0,50.0,58.0,352.0,20.0,2024-07-01,2025-06-30
140276,56.0,77.0,76.0,58.0,86.0,62.0,49.0,63.0,512.0,17.0,2024-07-01,2025-06-30
140280,56.0,72.0,70.0,50.0,86.0,59.0,49.0,60.0,641.0,23.0,2024-07-01,2025-06-30
140281,66.0,80.0,80.0,61.0,88.0,79.0,65.0,82.0,2501.0,21.0,2024-07-01,2025-06-30
140286,68.0,78.0,74.0,58.0,90.0,69.0,55.0,67.0,540.0,25.0,2024-07-01,2025-06-30
140288,69.0,80.0,78.0,58.0,87.0,72.0,59.0,71.0,1151.0,25.0,2024-07-01,2025-06-30
140289,77.0,78.0,76.0,52.0,87.0,70.0,60.0,67.0,326.0,31.0,2024-07-01,2025-06-30
140290,71.0,71.0,69.0,51.0,81.0,59.0,48.0,55.0,327.0,13.0,2024-07-01,2025-06-30
140291,76.0,82.0,77.0,61.0,89.0,74.0,60.0,76.0,1457.0,29.0,2024-07-01,2025-06-30
140292,77.0,72.0,68.0,53.0,88.0,62.0,54.0,57.0,265.0,14.0,2024-07-01,2025-06-30
140294,78.0,86.0,85.0,70.0,86.0,76.0,62.0,77.0,179.0,27.0,2024-07-01,2025-06-30
140300,59.0,77.0,82.0,77.0,74.0,59.0,77.0,58.0,60.0,9.0,2024-07-01,2025-06-30
140304,76.0,78.0,77.0,59.0,86.0,66.0,59.0,63.0,567.0,12.0,2024-07-01,2025-06-30
140308,83.0,84.0,84.0,69.0,91.0,73.0,73.0,78.0,76.0,25.0,2024-07-01,2025-06-30
14034F,77.0,78.0,73.0,64.0,86.0,74.0,54.0,74.0,288.0,20.0,2024-07-01,2025-06-30
141300,,,,,,,,,,,2024-07-01,2025-06-30
141301,89.0,91.0,86.0,79.0,96.0,89.0,71.0,91.0,90.0,45.0,2024-07-01,2025-06-30
141302,88.0,91.0,94.0,83.0,95.0,93.0,75.0,91.0,118.0,41.0,2024-07-01,2025-06-30
141303,,,,,,,,,,,2024-07-01,2025-06-30
141304,,,,,,,,,,,2024-07-01,2025-06-30
141305,87.0,95.0,88.0,76.0,94.0,86.0,76.0,86.0,121.0,32.0,2024-07-01,2025-06-30
141306,70.0,77.0,63.0,55.0,87.0,76.0,65.0,79.0,46.0,36.0,2024-07-01,2025-06-30
141307,90.0,85.0,90.0,71.0,93.0,87.0,76.0,74.0,80.0,39.0,2024-07-01,2025-06-30
141308,80.0,89.0,75.0,73.0,77.0,78.0,70.0,70.0,31.0,37.0,2024-07-01,2025-06-30
141309,83.0,88.0,79.0,66.0,84.0,87.0,76.0,89.0,50.0,39.0,2024-07-01,2025-06-30
141310,84.0,85.0,87.0,64.0,93.0,79.0,74.0,73.0,83.0,27.0,2024-07-01,2025-06-30
141311,76.0,81.0,83.0,63.0,83.0,65.0,77.0,65.0,59.0,26.0,2024-07-01,2025-06-30
141312,91.0,90.0,85.0,72.0,91.0,85.0,75.0,76.0,50.0,29.0,2024-07-01,2025-06-30
141313,,,,,,,,,,,2024-07-01,2025-06-30
141315,81.0,92.0,88.0,77.0,92.0,85.0,60.0,81.0,76.0,36.0,2024-07-01,2025-06-30
141316,85.0,81.0,86.0,72.0,88.0,78.0,61.0,76.0,107.0,31.0,2024-07-01,2025-06-30
141317,82.0,68.0,80.0,65.0,92.0,78.0,63.0,77.0,89.0,14.0,2024-07-01,2025-06-30
141318,92.0,88.0,89.0,73.0,93.0,86.0,71.0,83.0,99.0,31.0,2024-07-01,2025-06-30
141319,86.0,90.0,90.0,71.0,92.0,86.0,61.0,80.0,174.0,40.0,2024-07-01,2025-06-30
141320,81.0,86.0,91.0,66.0,93.0,84.0,66.0,86.0,88.0,27.0,2024-07-01,2025-06-30
141321,,,,,,,,,,,2024-07-01,2025-06-30
141322,79.0,83.0,78.0,64.0,93.0,78.0,57.0,76.0,139.0,30.0,2024-07-01,2025-06-30
141323,95.0,94.0,83.0,74.0,88.0,94.0,73.0,85.0,65.0,33.0,2024-07-01,2025-06-30
141324,69.0,86.0,91.0,70.0,87.0,76.0,67.0,80.0,71.0,26.0,2024-07-01,2025-06-30
141325,85.0,82.0,85.0,64.0,98.0,83.0,68.0,71.0,74.0,32.0,2024-07-01,2025-06-30
141326,83.0,82.0,84.0,64.0,90.0,66.0,67.0,61.0,94.0,27.0,2024-07-01,2025-06-30
141327,88.0,86.0,81.0,56.0,87.0,78.0,70.0,80.0,123.0,36.0,2024-07-01,2025-06-30
141328,70.0,80.0,86.0,47.0,79.0,77.0,62.0,84.0,39.0,25.0,2024-07-01,2025-06-30
141329,,,,,,,,,,,2024-07-01,2025-06-30
141330,98.0,95.0,99.0,90.0,94.0,99.0,72.0,99.0,48.0,38.0,2024-07-01,2025-06-30
141331,80.0,87.0,84.0,64.0,91.0,87.0,59.0,83.0,72.0,31.0,2024-07-01,2025-06-30
141332,85.0,94.0,80.0,71.0,82.0,81.0,61.0,76.0,32.0,28.0,2024-07-01,2025-06-30
141333,,,,,,,,,,,2024-07-01,2025-06-30
141334,82.0,81.0,85.0,62.0,90.0,85.0,68.0,86.0,107.0,26.0,2024-07-01,2025-06-30
141335,75.0,86.0,82.0,73.0,96.0,77.0,85.0,67.0,30.0,26.0,2024-07-01,2025-06-30
141336,76.0,88.0,82.0,72.0,93.0,82.0,72.0,75.0,132.0,27.0,2024-07-01,2025-06-30
141337,83.0,84.0,79.0,65.0,90.0,75.0,65.0,72.0,120.0,29.0,2024-07-01,2025-06-30
141338,75.0,90.0,94.0,69.0,95.0,81.0,64.0,84.0,29.0,32.0,2024-07-01,2025-06-30
141339,92.0,85.0,76.0,67.0,96.0,81.0,69.0,87.0,185.0,28.0,2024-07-01,2025-06-30
141340,84.0,86.0,82.0,67.0,92.0,80.0,68.0,79.0,107.0,30.0,2024-07-01,2025-06-30
141341,81.0,93.0,93.0,74.0,93.0,87.0,74.0,90.0,33.0,25.0,2024-07-01,2025-06-30
141342,,,,,,,,,,,2024-07-01,2025-06-30
141343,78.0,87.0,85.0,68.0,92.0,79.0,66.0,76.0,146.0,29.0,2024-07-01,2025-06-30
141344,91.0,86.0,84.0,74.0,85.0,74.0,52.0,72.0,39.0,26.0,2024-07-01,2025-06-30
141345,89.0,81.0,84.0,71.0,87.0,78.0,72.0,69.0,63.0,28.0,2024-07-01,2025-06-30
141346,79.0,89.0,86.0,70.0,89.0,76.0,73.0,78.0,48.0,31.0,2024-07-01,2025-06-30
141347,90.0,91.0,85.0,78.0,94.0,83.0,58.0,87.0,57.0,37.0,2024-07-01,2025-06-30
141348,85.0,81.0,75.0,66.0,85.0,75.0,71.0,71.0,146.0,31.0,2024-07-01,2025-06-30
141349,77.0,87.0,92.0,61.0,79.0,61.0,78.0,64.0,35.0,24.0,2024-07-01,2025-06-30
141350,75.0,88.0,85.0,66.0,92.0,85.0,59.0,76.0,95.0,23.0,2024-07-01,2025-06-30
141351,84.0,88.0,88.0,72.0,93.0,86.0,62.0,78.0,65.0,36.0,2024-07-01,2025-06-30
141352,,,,,,,,,,,2024-07-01,2025-06-30
141353,,,,,,,,,,,2024-07-01,2025-06-30
141354,,,,,,,,,,,2024-07-01,2025-06-30
141355,66.0,77.0,85.0,60.0,87.0,59.0,62.0,60.0,161.0,20.0,2024-07-01,2025-06-30
143300,,,,,,,,,,,2024-07-01,2025-06-30
143301,,,,,,,,,,,2024-07-01,2025-06-30
143302,,,,,,,,,,,2024-07-01,2025-06-30
150001,76.0,75.0,78.0,59.0,90.0,71.0,56.0,72.0,359.0,34.0,2024-07-01,2025-06-30
150002,64.0,70.0,73.0,57.0,83.0,59.0,54.0,53.0,927.0,12.0,2024-07-01,2025-06-30
150005,82.0,85.0,82.0,63.0,90.0,84.0,61.0,86.0,673.0,29.0,2024-07-01,2025-06-30
150006,79.0,80.0,75.0,64.0,88.0,74.0,61.0,65.0,468.0,20.0,2024-07-01,2025-06-30
150007,78.0,81.0,78.0,65.0,87.0,74.0,65.0,78.0,315.0,20.0,2024-07-01,2025-06-30
150008,75.0,80.0,76.0,56.0,84.0,70.0,57.0,69.0,378.0,16.0,2024-07-01,2025-06-30
150009,58.0,70.0,71.0,52.0,80.0,54.0,51.0,50.0,812.0,16.0,2024-07-01,2025-06-30
150010,76.0,78.0,79.0,54.0,86.0,71.0,49.0,76.0,276.0,19.0,2024-07-01,2025-06-30
150011,74.0,78.0,75.0,54.0,86.0,65.0,54.0,58.0,550.0,18.0,2024-07-01,2025-06-30
150012,71.0,76.0,74.0,52.0,87.0,65.0,53.0,67.0,527.0,20.0,2024-07-01,2025-06-30
150015,65.0,81.0,76.0,59.0,89.0,78.0,62.0,74.0,449.0,21.0,2024-07-01,2025-06-30
150017,62.0,76.0,75.0,52.0,84.0,63.0,50.0,59.0,1589.0,26.0,2024-07-01,2025-06-30
150018,68.0,74.0,76.0,55.0,87.0,67.0,52.0,63.0,577.0,25.0,2024-07-01,2025-06-30
150021,75.0,76.0,74.0,52.0,89.0,73.0,62.0,80.0,391.0,20.0,2024-07-01,2025-06-30
150022,82.0,86.0,83.0,68.0,94.0,74.0,69.0,70.0,175.0,24.0,2024-07-01,2025-06-30
150023,71.0,76.0,71.0,52.0,84.0,65.0,57.0,64.0,828.0,18.0,2024-07-01,2025-06-30
150024,70.0,75.0,77.0,56.0,83.0,76.0,62.0,75.0,1286.0,11.0,2024-07-01,2025-06-30
150026,72.0,80.0,82.0,56.0,90.0,75.0,63.0,75.0,746.0,22.0,2024-07-01,2025-06-30
150030,71.0,81.0,83.0,66.0,89.0,70.0,58.0,66.0,249.0,23.0,2024-07-01,2025-06-30
150034,72.0,78.0,73.0,55.0,85.0,74.0,56.0,72.0,523.0,21.0,2024-07-01,2025-06-30
150035,63.0,75.0,72.0,52.0,84.0,56.0,48.0,49.0,846.0,21.0,2024-07-01,2025-06-30
150037,83.0,80.0,81.0,61.0,91.0,76.0,60.0,76.0,599.0,34.0,2024-07-01,2025-06-30
15003F,64.0,74.0,80.0,65.0,89.0,73.0,49.0,70.0,544.0,31.0,2024-07-01,2025-06-30
150042,77.0,75.0,77.0,57.0,88.0,69.0,64.0,66.0,505.0,20.0,2024-07-01,2025-06-30
150044,67.0,79.0,76.0,58.0,86.0,71.0,54.0,72.0,1252.0,22.0,2024-07-01,2025-06-30
150045,81.0,77.0,74.0,58.0,85.0,70.0,63.0,62.0,187.0,20.0,2024-07-01,2025-06-30
150046,70.0,79.0,74.0,55.0,85.0,69.0,50.0,66.0,423.0,21.0,2024-07-01,2025-06-30
150047,78.0,75.0,78.0,59.0,85.0,74.0,67.0,72.0,249.0,17.0,2024-07-01,2025-06-30
150048,71.0,76.0,75.0,55.0,86.0,69.0,51.0,65.0,1352.0,17.0,2024-07-01,2025-06-30
15004F,80.0,82.0,81.0,67.0,90.0,80.0,61.0,76.0,238.0,46.0,2024-07-01,2025-06-30
150051,50.0,70.0,72.0,50.0,83.0,59.0,50.0,58.0,377.0,20.0,2024-07-01,2025-06-30
150056,58.0,72.0,78.0,50.0,85.0,61.0,48.0,64.0,738.0,16.0,2024-07-01,2025-06-30
150057,68.0,80.0,85.0,63.0,88.0,80.0,65.0,79.0,427.0,24.0,2024-07-01,2025-06-30
150058,65.0,80.0,79.0,58.0,85.0,69.0,49.0,70.0,542.0,24.0,2024-07-01,2025-06-30
150059,72.0,75.0,78.0,54.0,89.0,72.0,59.0,73.0,848.0,32.0,2024-07-01,2025-06-30
150061,81.0,81.0,77.0,57.0,86.0,68.0,60.0,64.0,174.0,19.0,2024-07-01,2025-06-30
150065,72.0,74.0,77.0,65.0,89.0,75.0,51.0,71.0,304.0,27.0,2024-07-01,2025-06-30
150069,76.0,80.0,83.0,63.0,92.0,69.0,63.0,61.0,257.0,20.0,2024-07-01,2025-06-30
150072,74.0,76.0,79.0,63.0,89.0,72.0,58.0,68.0,301.0,36.0,2024-07-01,2025-06-30
150074,64.0,83.0,81.0,64.0,86.0,79.0,62.0,79.0,377.0,19.0,2024-07-01,2025-06-30
150075,87.0,87.0,85.0,71.0,94.0,77.0,67.0,65.0,99.0,24.0,2024-07-01,2025-06-30
150076,80.0,83.0,77.0,60.0,85.0,75.0,53.0,63.0,186.0,26.0,2024-07-01,2025-06-30
150082,62.0,79.0,77.0,55.0,81.0,70.0,59.0,73.0,2119.0,27.0,2024-07-01,2025-06-30
150084,56.0,67.0,71.0,49.0,81.0,59.0,46.0,62.0,297.0,17.0,2024-07-01,2025-06-30
150086,89.0,82.0,78.0,62.0,89.0,76.0,60.0,71.0,402.0,25.0,2024-07-01,2025-06-30
150088,69.0,74.0,77.0,56.0,80.0,65.0,49.0,67.0,294.0,17.0,2024-07-01,2025-06-30
150089,66.0,73.0,74.0,54.0,85.0,56.0,54.0,49.0,401.0,19.0,2024-07-01,2025-06-30
150090,68.0,75.0,75.0,53.0,85.0,63.0,51.0,57.0,449.0,19.0,2024-07-01,2025-06-30
150091,79.0,78.0,79.0,52.0,92.0,73.0,64.0,70.0,230.0,19.0,2024-07-01,2025-06-30
150097,80.0,80.0,83.0,60.0,87.0,76.0,69.0,72.0,332.0,19.0,2024-07-01,2025-06-30
150100,72.0,78.0,79.0,54.0,85.0,73.0,56.0,72.0,310.0,22.0,2024-07-01,2025-06-30
150101,83.0,78.0,75.0,51.0,90.0,75.0,61.0,76.0,352.0,20.0,2024-07-01,2025-06-30
150102,96.0,89.0,78.0,71.0,84.0,86.0,65.0,76.0,65.0,24.0,2024-07-01,2025-06-30
150104,59.0,75.0,78.0,51.0,84.0,65.0,52.0,62.0,344.0,21.0,2024-07-01,2025-06-30
150109,74.0,79.0,75.0,60.0,88.0,77.0,58.0,76.0,446.0,22.0,2024-07-01,2025-06-30
150112,70.0,76.0,78.0,57.0,90.0,65.0,46.0,65.0,921.0,35.0,2024-07-01,2025-06-30
150113,64.0,82.0,79.0,61.0,89.0,75.0,53.0,77.0,320.0,20.0,2024-07-01,2025-06-30
150115,76.0,84.0,81.0,68.0,90.0,78.0,73.0,75.0,441.0,29.0,2024-07-01,2025-06-30
150125,65.0,80.0,76.0,57.0,85.0,75.0,56.0,75.0,565.0,21.0,2024-07-01,2025-06-30
150126,69.0,78.0,76.0,56.0,87.0,70.0,65.0,69.0,461.0,24.0,2024-07-01,2025-06-30
150128,73.0,81.0,77.0,61.0,90.0,74.0,61.0,79.0,310.0,18.0,2024-07-01,2025-06-30
150133,76.0,76.0,79.0,62.0,86.0,69.0,55.0,63.0,575.0,25.0,2024-07-01,2025-06-30
150146,79.0,76.0,73.0,52.0,89.0,69.0,59.0,68.0,276.0,19.0,2024-07-01,2025-06-30
150149,83.0,82.0,82.0,61.0,89.0,81.0,62.0,82.0,443.0,14.0,2024-07-01,2025-06-30
150150,72.0,74.0,74.0,49.0,85.0,67.0,49.0,69.0,801.0,20.0,2024-07-01,2025-06-30
150153,62.0,84.0,85.0,57.0,90.0,81.0,50.0,85.0,384.0,39.0,2024-07-01,2025-06-30
150157,69.0,74.0,81.0,57.0,83.0,71.0,50.0,69.0,310.0,18.0,2024-07-01,2025-06-30
150158,66.0,74.0,79.0,58.0,89.0,72.0,55.0,70.0,374.0,18.0,2024-07-01,2025-06-30
150160,83.0,88.0,86.0,71.0,90.0,87.0,77.0,86.0,440.0,50.0,2024-07-01,2025-06-30
150161,63.0,75.0,80.0,60.0,89.0,75.0,52.0,77.0,426.0,21.0,2024-07-01,2025-06-30
150162,61.0,75.0,73.0,50.0,87.0,74.0,46.0,76.0,454.0,24.0,2024-07-01,2025-06-30
150165,74.0,79.0,78.0,62.0,87.0,74.0,65.0,74.0,490.0,21.0,2024-07-01,2025-06-30
150166,79.0,85.0,80.0,69.0,83.0,82.0,72.0,75.0,98.0,30.0,2024-07-01,2025-06-30
150167,78.0,77.0,76.0,64.0,90.0,80.0,67.0,82.0,150.0,30.0,2024-07-01,2025-06-30
150168,76.0,80.0,83.0,62.0,91.0,73.0,67.0,72.0,434.0,37.0,2024-07-01,2025-06-30
150169,55.0,72.0,77.0,57.0,87.0,73.0,50.0,71.0,331.0,17.0,2024-07-01,2025-06-30
150172,77.0,84.0,75.0,56.0,90.0,82.0,71.0,83.0,68.0,22.0,2024-07-01,2025-06-30
150173,66.0,75.0,79.0,57.0,88.0,69.0,55.0,73.0,435.0,21.0,2024-07-01,2025-06-30
150177,75.0,88.0,86.0,68.0,89.0,83.0,84.0,84.0,141.0,41.0,2024-07-01,2025-06-30
150179,,,,,,,,,,,2024-07-01,2025-06-30
150181,55.0,76.0,82.0,57.0,81.0,72.0,57.0,77.0,134.0,18.0,2024-07-01,2025-06-30
150183,83.0,80.0,82.0,58.0,86.0,79.0,72.0,82.0,311.0,36.0,2024-07-01,2025-06-30
150193,79.0,89.0,90.0,71.0,91.0,88.0,79.0,91.0,147.0,51.0,2024-07-01,2025-06-30
150195,74.0,89.0,95.0,83.0,90.0,89.0,87.0,93.0,31.0,24.0,2024-07-01,2025-06-30
151300,75.0,86.0,83.0,65.0,89.0,82.0,71.0,83.0,138.0,34.0,2024-07-01,2025-06-30
151301,,,,,,,,,,,2024-07-01,2025-06-30
151303,,,,,,,,,,,2024-07-01,2025-06-30
151304,85.0,88.0,94.0,68.0,94.0,85.0,79.0,61.0,41.0,26.0,2024-07-01,2025-06-30
151305,89.0,84.0,81.0,54.0,95.0,77.0,59.0,80.0,58.0,31.0,2024-07-01,2025-06-30
151306,,,,,,,,,,,2024-07-01,2025-06-30
151307,,,,,,,,,,,2024-07-01,2025-06-30
151308,,,,,,,,,,,2024-07-01,2025-06-30
151309,,,,,,,,,,,2024-07-01,2025-06-30
151310,83.0,83.0,80.0,58.0,88.0,81.0,61.0,73.0,140.0,18.0,2024-07-01,2025-06-30
151311,,,,,,,,,,,2024-07-01,2025-06-30
151312,,,,,,,,,,,2024-07-01,2025-06-30
151313,82.0,80.0,84.0,65.0,90.0,75.0,61.0,75.0,68.0,18.0,2024-07-01,2025-06-30
151314,,,,,,,,,,,2024-07-01,2025-06-30
151315,89.0,81.0,78.0,64.0,84.0,79.0,68.0,73.0,188.0,25.0,2024-07-01,2025-06-30
151316,,,,,,,,,,,2024-07-01,2025-06-30
151317,77.0,90.0,87.0,74.0,93.0,83.0,61.0,80.0,119.0,27.0,2024-07-01,2025-06-30
151318,84.0,83.0,85.0,48.0,85.0,75.0,60.0,55.0,86.0,23.0,2024-07-01,2025-06-30
151319,63.0,84.0,75.0,61.0,89.0,78.0,61.0,74.0,159.0,30.0,2024-07-01,2025-06-30
151320,,,,,,,,,,,2024-07-01,2025-06-30
151322,82.0,83.0,77.0,62.0,90.0,74.0,62.0,66.0,124.0,24.0,2024-07-01,2025-06-30
151323,85.0,83.0,82.0,63.0,89.0,78.0,69.0,80.0,113.0,23.0,2024-07-01,2025-06-30
151324,77.0,84.0,80.0,57.0,89.0,73.0,70.0,73.0,68.0,31.0,2024-07-01,2025-06-30
151325,,,,,,,,,,,2024-07-01,2025-06-30
151326,,,,,,,,,,,2024-07-01,2025-06-30
151327,90.0,86.0,84.0,77.0,91.0,82.0,69.0,72.0,55.0,21.0,2024-07-01,2025-06-30
151328,,,,,,,,,,,2024-07-01,2025-06-30
151329,79.0,79.0,83.0,60.0,90.0,74.0,55.0,73.0,152.0,19.0,2024-07-01,2025-06-30
151330,71.0,80.0,78.0,55.0,92.0,73.0,58.0,64.0,248.0,30.0,2024-07-01,2025-06-30
151331,75.0,82.0,83.0,65.0,91.0,69.0,66.0,69.0,92.0,20.0,2024-07-01,2025-06-30
151332,72.0,88.0,85.0,68.0,93.0,79.0,64.0,70.0,92.0,16.0,2024-07-01,2025-06-30
151333,80.0,89.0,85.0,58.0,91.0,81.0,53.0,77.0,82.0,33.0,2024-07-01,2025-06-30
151334,75.0,85.0,79.0,63.0,83.0,77.0,51.0,68.0,46.0,22.0,2024-07-01,2025-06-30
160001,81.0,75.0,78.0,59.0,86.0,71.0,62.0,65.0,197.0,28.0,2024-07-01,2025-06-30
160013,68.0,79.0,65.0,55.0,83.0,61.0,61.0,57.0,168.0,22.0,2024-07-01,2025-06-30
160016,72.0,80.0,74.0,58.0,85.0,65.0,51.0,54.0,563.0,21.0,2024-07-01,2025-06-30
160028,65.0,75.0,74.0,59.0,86.0,66.0,61.0,66.0,587.0,18.0,2024-07-01,2025-06-30
160029,58.0,75.0,76.0,56.0,84.0,66.0,69.0,72.0,458.0,29.0,2024-07-01,2025-06-30
160030,74.0,81.0,80.0,64.0,88.0,81.0,74.0,82.0,1201.0,35.0,2024-07-01,2025-06-30
160032,71.0,83.0,80.0,59.0,91.0,62.0,55.0,58.0,83.0,26.0,2024-07-01,2025-06-30
160033,59.0,74.0,74.0,55.0,85.0,63.0,54.0,63.0,850.0,22.0,2024-07-01,2025-06-30
16003F,81.0,83.0,82.0,71.0,85.0,73.0,61.0,72.0,361.0,35.0,2024-07-01,2025-06-30
160040,75.0,81.0,80.0,58.0,90.0,78.0,70.0,80.0,97.0,37.0,2024-07-01,2025-06-30
160045,73.0,81.0,79.0,57.0,88.0,77.0,62.0,78.0,565.0,25.0,2024-07-01,2025-06-30
160047,78.0,82.0,78.0,61.0,89.0,72.0,56.0,73.0,917.0,23.0,2024-07-01,2025-06-30
16004F,78.0,82.0,82.0,74.0,90.0,78.0,67.0,79.0,513.0,43.0,2024-07-01,2025-06-30
160057,68.0,73.0,70.0,51.0,87.0,62.0,51.0,56.0,714.0,28.0,2024-07-01,2025-06-30
160058,62.0,74.0,76.0,55.0,88.0,67.0,43.0,74.0,2718.0,27.0,2024-07-01,2025-06-30
160064,70.0,74.0,74.0,54.0,87.0,61.0,50.0,58.0,912.0,31.0,2024-07-01,2025-06-30
160067,70.0,75.0,76.0,55.0,88.0,65.0,58.0,65.0,709.0,23.0,2024-07-01,2025-06-30
160069,65.0,82.0,82.0,62.0,89.0,74.0,54.0,76.0,1025.0,35.0,2024-07-01,2025-06-30
160079,68.0,80.0,76.0,60.0,88.0,77.0,66.0,81.0,943.0,30.0,2024-07-01,2025-06-30
160080,73.0,85.0,81.0,62.0,87.0,69.0,57.0,65.0,390.0,23.0,2024-07-01,2025-06-30
160082,67.0,76.0,77.0,54.0,85.0,68.0,56.0,71.0,1218.0,22.0,2024-07-01,2025-06-30
160083,60.0,68.0,71.0,49.0,83.0,58.0,51.0,59.0,738.0,21.0,2024-07-01,2025-06-30
160089,62.0,69.0,65.0,49.0,85.0,49.0,46.0,41.0,191.0,18.0,2024-07-01,2025-06-30
160101,73.0,77.0,82.0,58.0,86.0,75.0,64.0,78.0,274.0,14.0,2024-07-01,2025-06-30
160104,65.0,75.0,75.0,54.0,87.0,67.0,60.0,68.0,550.0,19.0,2024-07-01,2025-06-30
160110,56.0,73.0,72.0,54.0,87.0,69.0,51.0,69.0,455.0,25.0,2024-07-01,2025-06-30
160112,75.0,81.0,81.0,69.0,92.0,81.0,70.0,79.0,285.0,33.0,2024-07-01,2025-06-30
160117,66.0,82.0,79.0,60.0,87.0,74.0,59.0,74.0,507.0,28.0,2024-07-01,2025-06-30
160124,77.0,84.0,85.0,62.0,93.0,79.0,62.0,78.0,243.0,33.0,2024-07-01,2025-06-30
160146,60.0,74.0,74.0,49.0,87.0,66.0,43.0,70.0,613.0,18.0,2024-07-01,2025-06-30
160147,77.0,82.0,80.0,65.0,84.0,75.0,68.0,72.0,244.0,20.0,2024-07-01,2025-06-30
160153,64.0,71.0,72.0,49.0,85.0,60.0,50.0,54.0,669.0,23.0,2024-07-01,2025-06-30
161301,79.0,88.0,88.0,69.0,89.0,89.0,83.0,82.0,95.0,41.0,2024-07-01,2025-06-30
161302,83.0,83.0,81.0,65.0,91.0,84.0,71.0,84.0,292.0,26.0,2024-07-01,2025-06-30
161303,87.0,86.0,85.0,73.0,94.0,97.0,80.0,93.0,39.0,39.0,2024-07-01,2025-06-30
161304,85.0,89.0,86.0,83.0,90.0,89.0,75.0,82.0,47.0,31.0,2024-07-01,2025-06-30
161305,,,,,,,,,,,2024-07-01,2025-06-30
161306,87.0,91.0,85.0,64.0,89.0,85.0,73.0,79.0,77.0,39.0,2024-07-01,2025-06-30
161307,90.0,83.0,86.0,66.0,93.0,92.0,77.0,88.0,52.0,53.0,2024-07-01,2025-06-30
161308,83.0,81.0,78.0,68.0,89.0,75.0,48.0,79.0,29.0,45.0,2024-07-01,2025-06-30
161309,82.0,85.0,79.0,59.0,89.0,74.0,62.0,64.0,96.0,37.0,2024-07-01,2025-06-30
161310,85.0,89.0,86.0,78.0,88.0,82.0,65.0,84.0,36.0,41.0,2024-07-01,2025-06-30
161311,86.0,93.0,87.0,94.0,87.0,81.0,76.0,82.0,34.0,37.0,2024-07-01,2025-06-30
161312,82.0,91.0,85.0,62.0,88.0,83.0,63.0,71.0,46.0,29.0,2024-07-01,2025-06-30
161313,70.0,80.0,92.0,67.0,83.0,80.0,47.0,92.0,28.0,34.0,2024-07-01,2025-06-30
161314,79.0,90.0,86.0,69.0,87.0,79.0,89.0,73.0,40.0,44.0,2024-07-01,2025-06-30
161315,,,,,,,,,,,2024-07-01,2025-06-30
161316,81.0,87.0,85.0,66.0,86.0,77.0,69.0,78.0,71.0,31.0,2024-07-01,2025-06-30
161317,84.0,87.0,91.0,65.0,91.0,83.0,73.0,80.0,122.0,43.0,2024-07-01,2025-06-30
161318,90.0,84.0,90.0,77.0,88.0,83.0,66.0,83.0,107.0,35.0,2024-07-01,2025-06-30
161319,,,,,,,,,,,2024-07-01,2025-06-30
161320,,,,,,,,,,,2024-07-01,2025-06-30
161321,,,,,,,,,,,2024-07-01,2025-06-30
161322,,,,,,,,,,,2024-07-01,2025-06-30
161323,86.0,82.0,91.0,68.0,93.0,85.0,78.0,84.0,74.0,40.0,2024-07-01,2025-06-30
161324,93.0,97.0,96.0,84.0,99.0,87.0,64.0,92.0,27.0,36.0,2024-07-01,2025-06-30
161325,69.0,74.0,71.0,65.0,94.0,71.0,67.0,76.0,28.0,42.0,2024-07-01,2025-06-30
161326,94.0,91.0,89.0,71.0,95.0,95.0,74.0,91.0,71.0,45.0,2024-07-01,2025-06-30
161327,97.0,91.0,88.0,75.0,94.0,90.0,87.0,87.0,32.0,37.0,2024-07-01,2025-06-30
161328,80.0,83.0,80.0,60.0,88.0,74.0,73.0,67.0,58.0,37.0,2024-07-01,2025-06-30
161329,,,,,,,,,,,2024-07-01,2025-06-30
161330,,,,,,,,,,,2024-07-01,2025-06-30
161331,,,,,,,,,,,2024-07-01,2025-06-30
161332,,,,,,,,,,,2024-07-01,2025-06-30
161333,,,,,,,,,,,2024-07-01,2025-06-30
161334,79.0,76.0,72.0,68.0,88.0,74.0,67.0,61.0,37.0,30.0,2024-07-01,2025-06-30
161335,85.0,92.0,93.0,53.0,87.0,81.0,67.0,87.0,34.0,32.0,2024-07-01,2025-06-30
161336,85.0,82.0,74.0,49.0,82.0,79.0,69.0,70.0,36.0,42.0,2024-07-01,2025-06-30
161337,78.0,81.0,73.0,71.0,89.0,73.0,42.0,88.0,25.0,23.0,2024-07-01,2025-06-30
161338,,,,,,,,,,,2024-07-01,2025-06-30
161339,84.0,83.0,81.0,63.0,91.0,84.0,79.0,81.0,118.0,26.0,2024-07-01,2025-06-30
161340,82.0,88.0,88.0,66.0,92.0,73.0,68.0,74.0,47.0,45.0,2024-07-01,2025-06-30
161341,96.0,85.0,82.0,64.0,78.0,81.0,73.0,78.0,32.0,32.0,2024-07-01,2025-06-30
161342,,,,,,,,,,,2024-07-01,2025-06-30
161343,72.0,82.0,81.0,64.0,89.0,81.0,62.0,75.0,175.0,32.0,2024-07-01,2025-06-30
161344,88.0,85.0,84.0,69.0,92.0,89.0,77.0,83.0,73.0,31.0,2024-07-01,2025-06-30
161345,100.0,89.0,96.0,78.0,78.0,83.0,82.0,67.0,26.0,34.0,2024-07-01,2025-06-30
161346,73.0,87.0,88.0,62.0,91.0,85.0,74.0,82.0,112.0,26.0,2024-07-01,2025-06-30
161347,81.0,82.0,91.0,74.0,91.0,86.0,59.0,85.0,94.0,39.0,2024-07-01,2025-06-30
161348,80.0,87.0,84.0,73.0,85.0,82.0,66.0,85.0,54.0,28.0,2024-07-01,2025-06-30
161349,87.0,87.0,92.0,66.0,86.0,83.0,65.0,77.0,84.0,39.0,2024-07-01,2025-06-30
161350,79.0,88.0,87.0,71.0,92.0,83.0,67.0,79.0,71.0,28.0,2024-07-01,2025-06-30
161351,75.0,84.0,86.0,72.0,93.0,85.0,65.0,80.0,61.0,36.0,2024-07-01,2025-06-30
161352,79.0,83.0,67.0,40.0,84.0,73.0,75.0,76.0,41.0,22.0,2024-07-01,2025-06-30
161353,94.0,90.0,94.0,80.0,87.0,92.0,75.0,82.0,93.0,39.0,2024-07-01,2025-06-30
161354,,,,,,,,,,,2024-07-01,2025-06-30
161355,84.0,86.0,91.0,65.0,93.0,85.0,62.0,86.0,91.0,32.0,2024-07-01,2025-06-30
161356,83.0,87.0,80.0,65.0,81.0,76.0,70.0,70.0,66.0,38.0,2024-07-01,2025-06-30
161357,66.0,81.0,82.0,51.0,78.0,87.0,77.0,84.0,36.0,36.0,2024-07-01,2025-06-30
161358,86.0,89.0,87.0,73.0,90.0,90.0,69.0,91.0,86.0,21.0,2024-07-01,2025-06-30
161359,83.0,85.0,90.0,66.0,95.0,80.0,69.0,78.0,102.0,32.0,2024-07-01,2025-06-30
161360,83.0,85.0,88.0,61.0,91.0,87.0,68.0,89.0,159.0,34.0,2024-07-01,2025-06-30
161361,86.0,87.0,91.0,73.0,93.0,89.0,73.0,84.0,117.0,38.0,2024-07-01,2025-06-30
161362,81.0,83.0,87.0,66.0,89.0,78.0,60.0,70.0,85.0,30.0,2024-07-01,2025-06-30
161363,87.0,80.0,78.0,58.0,90.0,73.0,58.0,66.0,70.0,35.0,2024-07-01,2025-06-30
161364,85.0,83.0,73.0,63.0,88.0,79.0,67.0,72.0,123.0,34.0,2024-07-01,2025-06-30
161365,81.0,82.0,82.0,63.0,86.0,82.0,70.0,67.0,148.0,27.0,2024-07-01,2025-06-30
161366,78.0,84.0,80.0,69.0,91.0,70.0,47.0,70.0,53.0,18.0,2024-07-01,2025-06-30
161367,68.0,80.0,81.0,64.0,90.0,78.0,63.0,77.0,269.0,25.0,2024-07-01,2025-06-30
161368,77.0,76.0,87.0,62.0,92.0,75.0,72.0,67.0,112.0,32.0,2024-07-01,2025-06-30
161369,86.0,75.0,83.0,65.0,86.0,74.0,60.0,68.0,67.0,26.0,2024-07-01,2025-06-30
161370,,,,,,,,,,,2024-07-01,2025-06-30
161371,83.0,84.0,84.0,66.0,88.0,76.0,65.0,78.0,232.0,38.0,2024-07-01,2025-06-30
161372,71.0,82.0,78.0,65.0,86.0,77.0,65.0,69.0,71.0,22.0,2024-07-01,2025-06-30
161373,85.0,92.0,94.0,78.0,92.0,91.0,76.0,79.0,35.0,32.0,2024-07-01,2025-06-30
161374,83.0,83.0,86.0,68.0,89.0,83.0,70.0,79.0,101.0,30.0,2024-07-01,2025-06-30
161375,81.0,82.0,88.0,72.0,91.0,83.0,71.0,78.0,113.0,19.0,2024-07-01,2025-06-30
161376,78.0,82.0,80.0,69.0,90.0,82.0,68.0,80.0,238.0,35.0,2024-07-01,2025-06-30
161377,79.0,75.0,73.0,59.0,90.0,66.0,59.0,72.0,56.0,21.0,2024-07-01,2025-06-30
161378,76.0,89.0,80.0,66.0,96.0,73.0,81.0,85.0,27.0,46.0,2024-07-01,2025-06-30
161379,81.0,82.0,86.0,64.0,86.0,85.0,63.0,79.0,245.0,26.0,2024-07-01,2025-06-30
161380,,,,,,,,,,,2024-07-01,2025-06-30
161381,57.0,78.0,89.0,66.0,83.0,69.0,53.0,69.0,63.0,23.0,2024-07-01,2025-06-30
161382,83.0,84.0,88.0,62.0,92.0,81.0,71.0,78.0,258.0,28.0,2024-07-01,2025-06-30
170006,85.0,78.0,81.0,57.0,89.0,73.0,64.0,67.0,243.0,22.0,2024-07-01,2025-06-30
170009,73.0,78.0,77.0,60.0,87.0,65.0,63.0,64.0,315.0,26.0,2024-07-01,2025-06-30
170012,67.0,78.0,81.0,59.0,89.0,68.0,58.0,66.0,598.0,25.0,2024-07-01,2025-06-30
170013,69.0,77.0,77.0,62.0,88.0,68.0,61.0,65.0,739.0,26.0,2024-07-01,2025-06-30
170014,74.0,81.0,84.0,60.0,87.0,70.0,62.0,67.0,165.0,22.0,2024-07-01,2025-06-30
170016,70.0,72.0,74.0,55.0,84.0,65.0,53.0,65.0,458.0,19.0,2024-07-01,2025-06-30
170017,66.0,84.0,85.0,68.0,88.0,75.0,72.0,76.0,97.0,20.0,2024-07-01,2025-06-30
170020,66.0,80.0,78.0,56.0,86.0,67.0,53.0,64.0,416.0,27.0,2024-07-01,2025-06-30
170023,74.0,72.0,75.0,48.0,77.0,57.0,61.0,53.0,240.0,13.0,2024-07-01,2025-06-30
170027,80.0,82.0,86.0,64.0,91.0,81.0,68.0,81.0,315.0,53.0,2024-07-01,2025-06-30
17002F,76.0,81.0,83.0,64.0,89.0,68.0,76.0,72.0,171.0,20.0,2024-07-01,2025-06-30
170040,73.0,82.0,81.0,62.0,89.0,80.0,60.0,83.0,2908.0,21.0,2024-07-01,2025-06-30
170049,77.0,77.0,75.0,59.0,87.0,70.0,59.0,69.0,1531.0,24.0,2024-07-01,2025-06-30
17005F,83.0,88.0,79.0,69.0,83.0,82.0,71.0,74.0,251.0,31.0,2024-07-01,2025-06-30
170068,79.0,75.0,74.0,65.0,85.0,67.0,62.0,56.0,261.0,15.0,2024-07-01,2025-06-30
170074,82.0,81.0,85.0,65.0,88.0,74.0,68.0,72.0,190.0,20.0,2024-07-01,2025-06-30
170086,72.0,76.0,76.0,55.0,88.0,72.0,67.0,76.0,763.0,24.0,2024-07-01,2025-06-30
17008F,80.0,84.0,80.0,71.0,90.0,83.0,71.0,83.0,425.0,32.0,2024-07-01,2025-06-30
170103,76.0,82.0,86.0,58.0,92.0,77.0,65.0,77.0,321.0,28.0,2024-07-01,2025-06-30
170104,76.0,79.0,78.0,58.0,87.0,75.0,62.0,75.0,2076.0,19.0,2024-07-01,2025-06-30
170105,68.0,79.0,82.0,58.0,90.0,74.0,60.0,66.0,178.0,32.0,2024-07-01,2025-06-30
170109,74.0,81.0,77.0,70.0,92.0,77.0,73.0,68.0,76.0,23.0,2024-07-01,2025-06-30
170120,79.0,83.0,78.0,64.0,84.0,74.0,70.0,69.0,190.0,26.0,2024-07-01,2025-06-30
170122,57.0,72.0,73.0,48.0,82.0,63.0,53.0,61.0,327.0,18.0,2024-07-01,2025-06-30
170123,57.0,71.0,71.0,52.0,82.0,63.0,54.0,65.0,1142.0,20.0,2024-07-01,2025-06-30
170137,81.0,77.0,80.0,62.0,90.0,71.0,60.0,69.0,686.0,22.0,2024-07-01,2025-06-30
170142,81.0,79.0,82.0,62.0,88.0,71.0,66.0,70.0,335.0,25.0,2024-07-01,2025-06-30
170146,69.0,71.0,73.0,58.0,79.0,59.0,57.0,56.0,445.0,30.0,2024-07-01,2025-06-30
170175,76.0,77.0,77.0,60.0,88.0,65.0,68.0,58.0,74.0,10.0,2024-07-01,2025-06-30
170176,68.0,74.0,73.0,53.0,84.0,65.0,57.0,67.0,705.0,21.0,2024-07-01,2025-06-30
170182,68.0,78.0,77.0,60.0,86.0,71.0,62.0,73.0,688.0,28.0,2024-07-01,2025-06-30
170183,88.0,84.0,86.0,71.0,91.0,86.0,81.0,86.0,123.0,44.0,2024-07-01,2025-06-30
170185,79.0,82.0,79.0,58.0,88.0,75.0,64.0,78.0,1110.0,31.0,2024-07-01,2025-06-30
170186,84.0,86.0,87.0,66.0,89.0,89.0,62.0,89.0,517.0,45.0,2024-07-01,2025-06-30
170187,78.0,88.0,88.0,76.0,93.0,86.0,62.0,89.0,332.0,67.0,2024-07-01,2025-06-30
170188,83.0,92.0,87.0,75.0,92.0,91.0,88.0,90.0,328.0,57.0,2024-07-01,2025-06-30
170190,87.0,87.0,86.0,71.0,92.0,85.0,80.0,83.0,94.0,44.0,2024-07-01,2025-06-30
170191,71.0,78.0,76.0,59.0,94.0,60.0,54.0,57.0,162.0,22.0,2024-07-01,2025-06-30
170194,78.0,80.0,85.0,59.0,88.0,79.0,72.0,82.0,100.0,44.0,2024-07-01,2025-06-30
170196,78.0,84.0,80.0,71.0,91.0,83.0,70.0,83.0,358.0,49.0,2024-07-01,2025-06-30
170197,70.0,75.0,78.0,52.0,83.0,73.0,63.0,76.0,347.0,36.0,2024-07-01,2025-06-30
170198,80.0,88.0,83.0,73.0,92.0,85.0,81.0,87.0,171.0,51.0,2024-07-01,2025-06-30
170199,74.0,77.0,61.0,63.0,93.0,70.0,68.0,52.0,25.0,22.0,2024-07-01,2025-06-30
170200,73.0,79.0,79.0,64.0,84.0,79.0,60.0,79.0,340.0,30.0,2024-07-01,2025-06-30
170203,83.0,78.0,83.0,57.0,89.0,80.0,76.0,84.0,79.0,26.0,2024-07-01,2025-06-30
170204,69.0,83.0,87.0,61.0,83.0,85.0,66.0,90.0,189.0,38.0,2024-07-01,2025-06-30
170208,83.0,83.0,81.0,63.0,87.0,84.0,72.0,83.0,437.0,21.0,2024-07-01,2025-06-30
170779,,,,,,,,,,,2024-07-01,2025-06-30
170780,,,,,,,,,,,2024-07-01,2025-06-30
170781,,,,,,,,,,,2024-07-01,2025-06-30
171300,,,,,,,,,,,2024-07-01,2025-06-30
171301,,,,,,,,,,,2024-07-01,2025-06-30
171303,,,,,,,,,,,2024-07-01,2025-06-30
171304,,,,,,,,,,,2024-07-01,2025-06-30
171306,,,,,,,,,,,2024-07-01,2025-06-30
171307,81.0,82.0,85.0,49.0,82.0,79.0,75.0,82.0,26.0,37.0,2024-07-01,2025-06-30
171308,,,,,,,,,,,2024-07-01,2025-06-30
171309,,,,,,,,,,,2024-07-01,2025-06-30
171310,,,,,,,,,,,2024-07-01,2025-06-30
171311,76.0,90.0,87.0,81.0,87.0,89.0,75.0,84.0,49.0,35.0,2024-07-01,2025-06-30
171312,82.0,84.0,91.0,90.0,94.0,86.0,84.0,83.0,26.0,51.0,2024-07-01,2025-06-30
171313,71.0,78.0,91.0,71.0,85.0,73.0,68.0,88.0,41.0,13.0,2024-07-01,2025-06-30
171314,,,,,,,,,,,2024-07-01,2025-06-30
171315,84.0,91.0,92.0,77.0,94.0,92.0,72.0,91.0,91.0,43.0,2024-07-01,2025-06-30
171316,88.0,88.0,83.0,75.0,93.0,89.0,78.0,84.0,36.0,31.0,2024-07-01,2025-06-30
171317,,,,,,,,,,,2024-07-01,2025-06-30
171318,,,,,,,,,,,2024-07-01,2025-06-30
171319,83.0,88.0,90.0,70.0,94.0,91.0,68.0,93.0,62.0,34.0,2024-07-01,2025-06-30
171321,,,,,,,,,,,2024-07-01,2025-06-30
171322,,,,,,,,,,,2024-07-01,2025-06-30
171323,,,,,,,,,,,2024-07-01,2025-06-30
171324,,,,,,,,,,,2024-07-01,2025-06-30
171325,83.0,79.0,85.0,72.0,88.0,81.0,52.0,85.0,34.0,26.0,2024-07-01,2025-06-30
171326,74.0,88.0,96.0,55.0,96.0,78.0,70.0,83.0,40.0,38.0,2024-07-01,2025-06-30
171327,91.0,79.0,81.0,68.0,89.0,76.0,78.0,76.0,34.0,32.0,2024-07-01,2025-06-30
171328,86.0,75.0,88.0,73.0,94.0,79.0,53.0,93.0,32.0,38.0,2024-07-01,2025-06-30
171329,,,,,,,,,,,2024-07-01,2025-06-30
171330,87.0,92.0,92.0,85.0,83.0,92.0,77.0,95.0,58.0,26.0,2024-07-01,2025-06-30
171331,,,,,,,,,,,2024-07-01,2025-06-30
171332,82.0,90.0,94.0,75.0,87.0,92.0,69.0,94.0,28.0,38.0,2024-07-01,2025-06-30
171333,82.0,89.0,87.0,69.0,91.0,89.0,61.0,87.0,98.0,30.0,2024-07-01,2025-06-30
171334,,,,,,,,,,,2024-07-01,2025-06-30
171335,,,,,,,,,,,2024-07-01,2025-06-30
171336,,,,,,,,,,,2024-07-01,2025-06-30
171337,,,,,,,,,,,2024-07-01,2025-06-30
171338,81.0,89.0,96.0,75.0,94.0,86.0,78.0,87.0,76.0,46.0,2024-07-01,2025-06-30
171339,90.0,90.0,84.0,80.0,92.0,79.0,77.0,89.0,64.0,40.0,2024-07-01,2025-06-30
171341,71.0,82.0,79.0,65.0,84.0,72.0,62.0,68.0,105.0,28.0,2024-07-01,2025-06-30
171343,,,,,,,,,,,2024-07-01,2025-06-30
171344,,,,,,,,,,,2024-07-01,2025-06-30
171345,84.0,87.0,81.0,59.0,91.0,77.0,79.0,76.0,39.0,29.0,2024-07-01,2025-06-30
171346,95.0,87.0,83.0,63.0,85.0,99.0,86.0,86.0,34.0,30.0,2024-07-01,2025-06-30
171347,75.0,93.0,98.0,72.0,91.0,91.0,86.0,87.0,32.0,33.0,2024-07-01,2025-06-30
171348,87.0,74.0,79.0,72.0,84.0,60.0,56.0,76.0,27.0,25.0,2024-07-01,2025-06-30
171349,87.0,89.0,91.0,72.0,89.0,91.0,64.0,85.0,77.0,42.0,2024-07-01,2025-06-30
171350,74.0,71.0,88.0,68.0,91.0,73.0,65.0,75.0,38.0,23.0,2024-07-01,2025-06-30
171351,,,,,,,,,,,2024-07-01,2025-06-30
171352,73.0,89.0,85.0,68.0,94.0,89.0,56.0,73.0,29.0,48.0,2024-07-01,2025-06-30
171353,89.0,82.0,65.0,68.0,85.0,77.0,52.0,76.0,30.0,44.0,2024-07-01,2025-06-30
171354,89.0,85.0,85.0,79.0,95.0,82.0,61.0,83.0,73.0,23.0,2024-07-01,2025-06-30
171355,,,,,,,,,,,2024-07-01,2025-06-30
171356,,,,,,,,,,,2024-07-01,2025-06-30
171357,,,,,,,,,,,2024-07-01,2025-06-30
171358,93.0,80.0,90.0,64.0,87.0,90.0,64.0,92.0,52.0,44.0,2024-07-01,2025-06-30
171359,,,,,,,,,,,2024-07-01,2025-06-30
171360,,,,,,,,,,,2024-07-01,2025-06-30
171361,90.0,89.0,90.0,69.0,92.0,88.0,65.0,86.0,102.0,35.0,2024-07-01,2025-06-30
171362,79.0,83.0,88.0,64.0,89.0,79.0,62.0,77.0,152.0,27.0,2024-07-01,2025-06-30
171363,82.0,83.0,91.0,69.0,89.0,75.0,63.0,70.0,129.0,32.0,2024-07-01,2025-06-30
171364,73.0,87.0,92.0,74.0,90.0,85.0,64.0,85.0,71.0,45.0,2024-07-01,2025-06-30
171365,,,,,,,,,,,2024-07-01,2025-06-30
171367,84.0,90.0,90.0,73.0,85.0,91.0,87.0,92.0,28.0,21.0,2024-07-01,2025-06-30
171368,,,,,,,,,,,2024-07-01,2025-06-30
171369,83.0,87.0,87.0,70.0,90.0,83.0,65.0,85.0,41.0,45.0,2024-07-01,2025-06-30
171370,81.0,79.0,83.0,55.0,75.0,64.0,77.0,45.0,60.0,29.0,2024-07-01,2025-06-30
171371,92.0,86.0,88.0,69.0,90.0,87.0,72.0,86.0,99.0,30.0,2024-07-01,2025-06-30
171372,,,,,,,,,,,2024-07-01,2025-06-30
171373,92.0,87.0,84.0,77.0,88.0,83.0,79.0,71.0,58.0,28.0,2024-07-01,2025-06-30
171374,70.0,78.0,82.0,81.0,92.0,80.0,64.0,72.0,26.0,29.0,2024-07-01,2025-06-30
171375,90.0,89.0,92.0,69.0,88.0,89.0,76.0,90.0,128.0,36.0,2024-07-01,2025-06-30
171376,92.0,92.0,94.0,74.0,86.0,94.0,87.0,93.0,39.0,34.0,2024-07-01,2025-06-30
171377,83.0,86.0,93.0,59.0,86.0,91.0,66.0,83.0,101.0,32.0,2024-07-01,2025-06-30
171378,92.0,92.0,90.0,70.0,87.0,93.0,75.0,92.0,61.0,37.0,2024-07-01,2025-06-30
171379,,,,,,,,,,,2024-07-01,2025-06-30
171380,80.0,84.0,86.0,69.0,92.0,82.0,60.0,79.0,169.0,22.0,2024-07-01,2025-06-30
171381,91.0,82.0,83.0,69.0,88.0,89.0,72.0,82.0,60.0,32.0,2024-07-01,2025-06-30
171382,62.0,83.0,83.0,67.0,88.0,73.0,65.0,71.0,178.0,27.0,2024-07-01,2025-06-30
171383,,,,,,,,,,,2024-07-01,2025-06-30
171384,77.0,80.0,79.0,52.0,89.0,73.0,61.0,65.0,211.0,29.0,2024-07-01,2025-06-30
171385,75.0,84.0,91.0,65.0,91.0,90.0,77.0,88.0,60.0,33.0,2024-07-01,2025-06-30
171386,,,,,,,,,,,2024-07-01,2025-06-30
171388,,,,,,,,,,,2024-07-01,2025-06-30
173300,,,,,,,,,,,2024-07-01,2025-06-30
180001,65.0,82.0,81.0,65.0,89.0,71.0,57.0,68.0,580.0,19.0,2024-07-01,2025-06-30
180002,60.0,82.0,85.0,62.0,90.0,65.0,62.0,65.0,134.0,15.0,2024-07-01,2025-06-30
180004,80.0,80.0,84.0,58.0,88.0,79.0,67.0,71.0,137.0,21.0,2024-07-01,2025-06-30
180005,68.0,80.0,81.0,58.0,85.0,65.0,66.0,64.0,196.0,14.0,2024-07-01,2025-06-30
180009,69.0,81.0,79.0,57.0,86.0,70.0,67.0,68.0,441.0,17.0,2024-07-01,2025-06-30
180010,61.0,75.0,77.0,57.0,84.0,64.0,58.0,64.0,721.0,22.0,2024-07-01,2025-06-30
180011,71.0,84.0,83.0,65.0,86.0,77.0,68.0,73.0,589.0,14.0,2024-07-01,2025-06-30
180012,71.0,82.0,81.0,64.0,87.0,69.0,58.0,69.0,937.0,21.0,2024-07-01,2025-06-30
180013,69.0,74.0,72.0,54.0,87.0,64.0,54.0,70.0,523.0,16.0,2024-07-01,2025-06-30
180016,70.0,77.0,79.0,51.0,88.0,64.0,65.0,64.0,121.0,18.0,2024-07-01,2025-06-30
180017,79.0,83.0,79.0,60.0,89.0,71.0,64.0,68.0,357.0,18.0,2024-07-01,2025-06-30
180018,72.0,83.0,81.0,65.0,87.0,69.0,54.0,68.0,640.0,19.0,2024-07-01,2025-06-30
180019,71.0,80.0,80.0,62.0,92.0,63.0,61.0,55.0,198.0,16.0,2024-07-01,2025-06-30
180020,66.0,85.0,80.0,61.0,80.0,69.0,59.0,56.0,121.0,16.0,2024-07-01,2025-06-30
180024,69.0,85.0,88.0,68.0,89.0,74.0,66.0,64.0,155.0,19.0,2024-07-01,2025-06-30
180025,61.0,82.0,84.0,63.0,84.0,70.0,58.0,61.0,261.0,17.0,2024-07-01,2025-06-30
180027,76.0,83.0,81.0,59.0,86.0,77.0,58.0,74.0,342.0,17.0,2024-07-01,2025-06-30
180029,62.0,78.0,79.0,64.0,83.0,59.0,55.0,55.0,193.0,17.0,2024-07-01,2025-06-30
180035,76.0,80.0,80.0,63.0,89.0,76.0,63.0,74.0,2900.0,21.0,2024-07-01,2025-06-30
180038,61.0,80.0,75.0,59.0,85.0,75.0,63.0,68.0,356.0,23.0,2024-07-01,2025-06-30
18003F,74.0,80.0,82.0,70.0,91.0,77.0,72.0,74.0,320.0,19.0,2024-07-01,2025-06-30
180040,67.0,72.0,72.0,50.0,83.0,64.0,56.0,65.0,3399.0,18.0,2024-07-01,2025-06-30
180043,79.0,85.0,84.0,74.0,89.0,77.0,69.0,75.0,133.0,10.0,2024-07-01,2025-06-30
180044,65.0,74.0,77.0,58.0,81.0,66.0,52.0,66.0,870.0,15.0,2024-07-01,2025-06-30
180045,75.0,78.0,77.0,60.0,89.0,73.0,64.0,69.0,898.0,19.0,2024-07-01,2025-06-30
180046,80.0,88.0,87.0,65.0,83.0,74.0,64.0,73.0,57.0,19.0,2024-07-01,2025-06-30
180048,71.0,80.0,79.0,60.0,84.0,68.0,59.0,64.0,915.0,23.0,2024-07-01,2025-06-30
180049,72.0,85.0,85.0,66.0,90.0,76.0,60.0,78.0,508.0,17.0,2024-07-01,2025-06-30
180050,67.0,78.0,77.0,58.0,74.0,61.0,63.0,59.0,141.0,13.0,2024-07-01,2025-06-30
180051,73.0,77.0,79.0,61.0,85.0,64.0,62.0,57.0,408.0,16.0,2024-07-01,2025-06-30
180056,69.0,78.0,76.0,58.0,83.0,65.0,65.0,61.0,545.0,18.0,2024-07-01,2025-06-30
180064,84.0,89.0,83.0,66.0,90.0,74.0,62.0,73.0,229.0,16.0,2024-07-01,2025-06-30
180066,70.0,81.0,80.0,61.0,87.0,76.0,70.0,67.0,94.0,29.0,2024-07-01,2025-06-30
180067,68.0,81.0,80.0,62.0,87.0,74.0,59.0,76.0,1377.0,18.0,2024-07-01,2025-06-30
180069,76.0,76.0,83.0,60.0,75.0,61.0,53.0,54.0,126.0,12.0,2024-07-01,2025-06-30
18006F,67.0,79.0,78.0,65.0,89.0,74.0,51.0,76.0,447.0,30.0,2024-07-01,2025-06-30
180070,81.0,79.0,79.0,55.0,87.0,76.0,64.0,71.0,188.0,20.0,2024-07-01,2025-06-30
180078,68.0,77.0,83.0,62.0,86.0,62.0,61.0,58.0,115.0,16.0,2024-07-01,2025-06-30
180079,85.0,90.0,87.0,74.0,88.0,84.0,71.0,82.0,225.0,23.0,2024-07-01,2025-06-30
18007F,72.0,85.0,85.0,71.0,91.0,82.0,64.0,80.0,453.0,38.0,2024-07-01,2025-06-30
180080,73.0,84.0,86.0,69.0,87.0,74.0,55.0,75.0,612.0,13.0,2024-07-01,2025-06-30
180087,74.0,81.0,84.0,62.0,88.0,72.0,62.0,69.0,270.0,22.0,2024-07-01,2025-06-30
180088,67.0,77.0,77.0,59.0,88.0,71.0,57.0,73.0,1743.0,17.0,2024-07-01,2025-06-30
180092,78.0,80.0,79.0,63.0,87.0,70.0,64.0,70.0,554.0,18.0,2024-07-01,2025-06-30
180093,70.0,79.0,76.0,58.0,84.0,66.0,56.0,62.0,536.0,17.0,2024-07-01,2025-06-30
180101,63.0,79.0,79.0,65.0,89.0,68.0,57.0,65.0,319.0,17.0,2024-07-01,2025-06-30
180102,61.0,77.0,78.0,56.0,83.0,66.0,50.0,68.0,637.0,21.0,2024-07-01,2025-06-30
180103,72.0,83.0,83.0,63.0,89.0,82.0,63.0,84.0,1597.0,21.0,2024-07-01,2025-06-30
180104,73.0,82.0,81.0,60.0,87.0,75.0,64.0,79.0,845.0,24.0,2024-07-01,2025-06-30
180105,82.0,83.0,93.0,72.0,83.0,76.0,73.0,67.0,169.0,23.0,2024-07-01,2025-06-30
180115,86.0,88.0,85.0,71.0,88.0,87.0,74.0,85.0,83.0,17.0,2024-07-01,2025-06-30
180116,80.0,77.0,78.0,58.0,81.0,62.0,53.0,60.0,348.0,18.0,2024-07-01,2025-06-30
180124,80.0,79.0,78.0,59.0,84.0,69.0,57.0,71.0,483.0,22.0,2024-07-01,2025-06-30
180127,68.0,73.0,75.0,55.0,82.0,59.0,49.0,51.0,480.0,18.0,2024-07-01,2025-06-30
180128,92.0,88.0,86.0,65.0,87.0,78.0,67.0,79.0,121.0,17.0,2024-07-01,2025-06-30
180130,63.0,79.0,78.0,59.0,86.0,73.0,55.0,75.0,1913.0,23.0,2024-07-01,2025-06-30
180132,59.0,76.0,77.0,57.0,84.0,59.0,57.0,53.0,1108.0,18.0,2024-07-01,2025-06-30
180138,74.0,84.0,83.0,65.0,91.0,78.0,63.0,80.0,293.0,24.0,2024-07-01,2025-06-30
180141,71.0,72.0,73.0,53.0,84.0,65.0,46.0,66.0,2078.0,18.0,2024-07-01,2025-06-30
180143,71.0,77.0,76.0,60.0,84.0,65.0,61.0,65.0,328.0,11.0,2024-07-01,2025-06-30
180149,77.0,81.0,80.0,60.0,92.0,66.0,77.0,59.0,62.0,26.0,2024-07-01,2025-06-30
180154,,,,,,,,,,,2024-07-01,2025-06-30
180779,,,,,,,,,,,2024-07-01,2025-06-30
180780,,,,,,,,,,,2024-07-01,2025-06-30
181301,89.0,92.0,92.0,70.0,88.0,72.0,72.0,81.0,96.0,19.0,2024-07-01,2025-06-30
181302,74.0,85.0,79.0,62.0,85.0,72.0,66.0,72.0,85.0,28.0,2024-07-01,2025-06-30
181304,,,,,,,,,,,2024-07-01,2025-06-30
181305,81.0,90.0,91.0,73.0,89.0,81.0,63.0,78.0,74.0,19.0,2024-07-01,2025-06-30
181306,78.0,84.0,79.0,62.0,83.0,75.0,64.0,71.0,137.0,22.0,2024-07-01,2025-06-30
181307,74.0,81.0,76.0,65.0,77.0,73.0,76.0,64.0,31.0,16.0,2024-07-01,2025-06-30
181308,76.0,80.0,80.0,55.0,88.0,73.0,58.0,65.0,82.0,25.0,2024-07-01,2025-06-30
181309,86.0,88.0,89.0,76.0,88.0,83.0,71.0,86.0,30.0,11.0,2024-07-01,2025-06-30
181310,,,,,,,,,,,2024-07-01,2025-06-30
181311,,,,,,,,,,,2024-07-01,2025-06-30
181314,,,,,,,,,,,2024-07-01,2025-06-30
181315,80.0,88.0,87.0,71.0,89.0,85.0,58.0,83.0,141.0,21.0,2024-07-01,2025-06-30
181316,88.0,93.0,94.0,70.0,96.0,90.0,69.0,88.0,33.0,11.0,2024-07-01,2025-06-30
181317,98.0,87.0,91.0,72.0,87.0,86.0,56.0,86.0,28.0,24.0,2024-07-01,2025-06-30
181318,,,,,,,,,,,2024-07-01,2025-06-30
181319,82.0,92.0,91.0,58.0,93.0,86.0,67.0,82.0,62.0,27.0,2024-07-01,2025-06-30
181320,75.0,79.0,87.0,50.0,81.0,71.0,52.0,84.0,90.0,27.0,2024-07-01,2025-06-30
181321,,,,,,,,,,,2024-07-01,2025-06-30
181322,,,,,,,,,,,2024-07-01,2025-06-30
181323,,,,,,,,,,,2024-07-01,2025-06-30
181324,,,,,,,,,,,2024-07-01,2025-06-30
181325,,,,,,,,,,,2024-07-01,2025-06-30
181327,71.0,78.0,75.0,59.0,86.0,81.0,67.0,78.0,50.0,21.0,2024-07-01,2025-06-30
181328,81.0,83.0,91.0,66.0,89.0,76.0,54.0,75.0,63.0,14.0,2024-07-01,2025-06-30
181329,88.0,93.0,95.0,78.0,97.0,87.0,59.0,81.0,116.0,18.0,2024-07-01,2025-06-30
181330,86.0,89.0,89.0,69.0,92.0,83.0,68.0,86.0,87.0,30.0,2024-07-01,2025-06-30
181331,86.0,86.0,79.0,74.0,83.0,82.0,85.0,90.0,43.0,15.0,2024-07-01,2025-06-30
181333,,,,,,,,,,,2024-07-01,2025-06-30
181334,,,,,,,,,,,2024-07-01,2025-06-30
190002,79.0,81.0,81.0,63.0,86.0,74.0,71.0,74.0,739.0,20.0,2024-07-01,2025-06-30
190004,73.0,81.0,85.0,67.0,90.0,78.0,72.0,80.0,984.0,36.0,2024-07-01,2025-06-30
190005,72.0,76.0,82.0,60.0,84.0,73.0,71.0,75.0,1577.0,19.0,2024-07-01,2025-06-30
190006,82.0,85.0,85.0,64.0,90.0,80.0,68.0,75.0,268.0,12.0,2024-07-01,2025-06-30
190007,72.0,83.0,85.0,65.0,88.0,72.0,65.0,65.0,193.0,14.0,2024-07-01,2025-06-30
190008,81.0,84.0,84.0,68.0,88.0,74.0,67.0,72.0,863.0,21.0,2024-07-01,2025-06-30
190011,68.0,82.0,83.0,63.0,83.0,75.0,70.0,77.0,334.0,11.0,2024-07-01,2025-06-30
190013,77.0,83.0,87.0,66.0,86.0,75.0,66.0,75.0,228.0,17.0,2024-07-01,2025-06-30
190014,70.0,81.0,88.0,66.0,90.0,65.0,60.0,63.0,140.0,18.0,2024-07-01,2025-06-30
190015,73.0,79.0,80.0,60.0,83.0,68.0,69.0,63.0,983.0,12.0,2024-07-01,2025-06-30
190017,74.0,83.0,84.0,66.0,89.0,68.0,69.0,66.0,373.0,15.0,2024-07-01,2025-06-30
190019,73.0,77.0,79.0,58.0,81.0,69.0,61.0,70.0,493.0,17.0,2024-07-01,2025-06-30
190020,80.0,84.0,81.0,67.0,85.0,71.0,72.0,69.0,488.0,16.0,2024-07-01,2025-06-30
190025,92.0,94.0,97.0,78.0,90.0,89.0,74.0,88.0,80.0,19.0,2024-07-01,2025-06-30
190026,62.0,72.0,72.0,55.0,78.0,62.0,60.0,60.0,629.0,16.0,2024-07-01,2025-06-30
190027,65.0,77.0,80.0,63.0,85.0,67.0,52.0,67.0,390.0,18.0,2024-07-01,2025-06-30
190034,89.0,91.0,90.0,74.0,89.0,81.0,81.0,74.0,160.0,16.0,2024-07-01,2025-06-30
190036,69.0,78.0,80.0,60.0,88.0,72.0,63.0,73.0,1844.0,17.0,2024-07-01,2025-06-30
190039,67.0,76.0,81.0,59.0,85.0,71.0,67.0,72.0,1189.0,22.0,2024-07-01,2025-06-30
190040,62.0,77.0,76.0,57.0,88.0,63.0,62.0,63.0,1366.0,18.0,2024-07-01,2025-06-30
190041,70.0,76.0,77.0,57.0,80.0,70.0,58.0,71.0,447.0,20.0,2024-07-01,2025-06-30
190044,81.0,80.0,85.0,65.0,85.0,69.0,65.0,68.0,248.0,19.0,2024-07-01,2025-06-30
190045,71.0,84.0,83.0,64.0,91.0,80.0,67.0,80.0,1245.0,21.0,2024-07-01,2025-06-30
190046,69.0,77.0,80.0,62.0,86.0,72.0,65.0,73.0,1060.0,22.0,2024-07-01,2025-06-30
190050,73.0,89.0,85.0,69.0,87.0,74.0,67.0,72.0,136.0,15.0,2024-07-01,2025-06-30
190053,82.0,86.0,82.0,68.0,90.0,77.0,76.0,70.0,283.0,17.0,2024-07-01,2025-06-30
190054,83.0,83.0,83.0,67.0,87.0,68.0,67.0,62.0,420.0,18.0,2024-07-01,2025-06-30
190060,68.0,76.0,82.0,62.0,85.0,68.0,63.0,68.0,324.0,15.0,2024-07-01,2025-06-30
190064,65.0,79.0,83.0,57.0,86.0,70.0,66.0,72.0,583.0,19.0,2024-07-01,2025-06-30
190065,67.0,78.0,81.0,59.0,87.0,72.0,65.0,74.0,1633.0,17.0,2024-07-01,2025-06-30
190079,77.0,86.0,87.0,67.0,93.0,78.0,72.0,75.0,178.0,17.0,2024-07-01,2025-06-30
190086,56.0,72.0,79.0,52.0,75.0,51.0,61.0,47.0,264.0,14.0,2024-07-01,2025-06-30
190088,78.0,90.0,91.0,60.0,80.0,76.0,61.0,68.0,50.0,15.0,2024-07-01,2025-06-30
190090,79.0,77.0,86.0,53.0,81.0,64.0,72.0,58.0,31.0,12.0,2024-07-01,2025-06-30
190098,69.0,77.0,78.0,59.0,82.0,69.0,69.0,68.0,527.0,14.0,2024-07-01,2025-06-30
190099,78.0,81.0,81.0,63.0,78.0,70.0,76.0,66.0,68.0,18.0,2024-07-01,2025-06-30
190102,78.0,83.0,85.0,69.0,87.0,81.0,73.0,82.0,768.0,23.0,2024-07-01,2025-06-30
190106,76.0,94.0,90.0,68.0,92.0,80.0,81.0,82.0,49.0,18.0,2024-07-01,2025-06-30
190111,67.0,79.0,80.0,61.0,83.0,72.0,62.0,70.0,1443.0,17.0,2024-07-01,2025-06-30
190114,67.0,84.0,89.0,64.0,86.0,77.0,68.0,75.0,134.0,21.0,2024-07-01,2025-06-30
190116,67.0,79.0,78.0,68.0,75.0,61.0,78.0,54.0,53.0,11.0,2024-07-01,2025-06-30
190118,82.0,87.0,86.0,79.0,81.0,72.0,78.0,73.0,43.0,21.0,2024-07-01,2025-06-30
190125,70.0,81.0,81.0,62.0,85.0,75.0,63.0,76.0,554.0,20.0,2024-07-01,2025-06-30
190128,73.0,81.0,84.0,58.0,90.0,83.0,68.0,83.0,358.0,8.0,2024-07-01,2025-06-30
190133,76.0,91.0,92.0,83.0,91.0,79.0,80.0,87.0,46.0,21.0,2024-07-01,2025-06-30
190140,71.0,88.0,90.0,64.0,85.0,70.0,76.0,69.0,80.0,21.0,2024-07-01,2025-06-30
190144,73.0,76.0,78.0,61.0,85.0,68.0,66.0,67.0,215.0,16.0,2024-07-01,2025-06-30
190145,,,,,,,,,,,2024-07-01,2025-06-30
190151,,,,,,,,,,,2024-07-01,2025-06-30
190160,69.0,85.0,86.0,66.0,81.0,76.0,69.0,72.0,404.0,17.0,2024-07-01,2025-06-30
190164,73.0,76.0,76.0,65.0,86.0,69.0,64.0,64.0,197.0,19.0,2024-07-01,2025-06-30
190167,70.0,83.0,92.0,66.0,89.0,73.0,59.0,79.0,93.0,14.0,2024-07-01,2025-06-30
190176,69.0,78.0,80.0,58.0,86.0,72.0,61.0,74.0,2985.0,21.0,2024-07-01,2025-06-30
190183,72.0,82.0,85.0,62.0,91.0,73.0,72.0,75.0,177.0,12.0,2024-07-01,2025-06-30
190184,93.0,96.0,97.0,90.0,95.0,98.0,91.0,88.0,128.0,37.0,2024-07-01,2025-06-30
190190,91.0,91.0,92.0,81.0,91.0,91.0,77.0,91.0,60.0,22.0,2024-07-01,2025-06-30
190201,72.0,78.0,85.0,65.0,89.0,74.0,67.0,79.0,147.0,9.0,2024-07-01,2025-06-30
190202,77.0,78.0,79.0,61.0,87.0,68.0,64.0,66.0,506.0,14.0,2024-07-01,2025-06-30
190208,,,,,,,,,,,2024-07-01,2025-06-30
190218,75.0,80.0,83.0,46.0,86.0,68.0,73.0,61.0,29.0,15.0,2024-07-01,2025-06-30
190241,82.0,84.0,83.0,79.0,91.0,78.0,76.0,81.0,33.0,23.0,2024-07-01,2025-06-30
190245,,,,,,,,,,,2024-07-01,2025-06-30
190251,81.0,85.0,88.0,72.0,91.0,86.0,86.0,89.0,89.0,44.0,2024-07-01,2025-06-30
190255,88.0,90.0,85.0,82.0,91.0,89.0,83.0,86.0,87.0,36.0,2024-07-01,2025-06-30
190256,90.0,87.0,86.0,74.0,91.0,92.0,86.0,91.0,93.0,28.0,2024-07-01,2025-06-30
190259,91.0,87.0,86.0,64.0,93.0,91.0,88.0,87.0,105.0,31.0,2024-07-01,2025-06-30
190266,83.0,90.0,86.0,74.0,88.0,87.0,86.0,87.0,333.0,39.0,2024-07-01,2025-06-30
190267,82.0,92.0,89.0,78.0,92.0,90.0,82.0,90.0,343.0,43.0,2024-07-01,2025-06-30
190270,82.0,86.0,87.0,70.0,88.0,88.0,85.0,89.0,93.0,23.0,2024-07-01,2025-06-30
190274,72.0,77.0,80.0,64.0,90.0,69.0,59.0,67.0,571.0,17.0,2024-07-01,2025-06-30
190278,69.0,80.0,83.0,70.0,91.0,79.0,78.0,83.0,396.0,40.0,2024-07-01,2025-06-30
190298,89.0,92.0,82.0,77.0,86.0,87.0,86.0,88.0,99.0,40.0,2024-07-01,2025-06-30
190300,,,,,,,,,,,2024-07-01,2025-06-30
190302,,,,,,,,,,,2024-07-01,2025-06-30
190303,85.0,89.0,83.0,77.0,89.0,87.0,88.0,86.0,119.0,38.0,2024-07-01,2025-06-30
190308,74.0,83.0,80.0,63.0,89.0,74.0,77.0,69.0,157.0,12.0,2024-07-01,2025-06-30
190312,78.0,88.0,88.0,73.0,90.0,77.0,81.0,74.0,138.0,13.0,2024-07-01,2025-06-30
190313,70.0,80.0,85.0,70.0,80.0,72.0,81.0,74.0,98.0,21.0,2024-07-01,2025-06-30
190316,69.0,83.0,84.0,63.0,77.0,77.0,75.0,67.0,34.0,5.0,2024-07-01,2025-06-30
190317,78.0,80.0,79.0,61.0,87.0,74.0,65.0,73.0,202.0,8.0,2024-07-01,2025-06-30
190318,69.0,72.0,78.0,53.0,81.0,62.0,70.0,63.0,133.0,13.0,2024-07-01,2025-06-30
190319,,,,,,,,,,,2024-07-01,2025-06-30
19043F,85.0,93.0,94.0,73.0,94.0,76.0,77.0,70.0,51.0,39.0,2024-07-01,2025-06-30
19047F,73.0,81.0,87.0,72.0,86.0,83.0,71.0,77.0,460.0,26.0,2024-07-01,2025-06-30
19048F,71.0,78.0,77.0,59.0,81.0,70.0,66.0,66.0,457.0,26.0,2024-07-01,2025-06-30
19050F,85.0,92.0,87.0,70.0,94.0,95.0,79.0,95.0,47.0,17.0,2024-07-01,2025-06-30
190779,,,,,,,,,,,2024-07-01,2025-06-30
191300,,,,,,,,,,,2024-07-01,2025-06-30
191301,97.0,98.0,100.0,90.0,88.0,83.0,80.0,89.0,25.0,23.0,2024-07-01,2025-06-30
191302,87.0,89.0,90.0,73.0,89.0,83.0,80.0,82.0,118.0,22.0,2024-07-01,2025-06-30
191304,83.0,86.0,89.0,63.0,88.0,82.0,61.0,75.0,41.0,21.0,2024-07-01,2025-06-30
191305,81.0,92.0,89.0,69.0,92.0,80.0,76.0,75.0,51.0,24.0,2024-07-01,2025-06-30
191306,,,,,,,,,,,2024-07-01,2025-06-30
191307,,,,,,,,,,,2024-07-01,2025-06-30
191308,,,,,,,,,,,2024-07-01,2025-06-30
191309,,,,,,,,,,,2024-07-01,2025-06-30
191310,73.0,80.0,83.0,66.0,84.0,74.0,66.0,69.0,97.0,36.0,2024-07-01,2025-06-30
191311,,,,,,,,,,,2024-07-01,2025-06-30
191312,,,,,,,,,,,2024-07-01,2025-06-30
191313,,,,,,,,,,,2024-07-01,2025-06-30
191314,,,,,,,,,,,2024-07-01,2025-06-30
191315,98.0,92.0,85.0,77.0,86.0,86.0,82.0,89.0,41.0,16.0,2024-07-01,2025-06-30
191316,,,,,,,,,,,2024-07-01,2025-06-30
191317,82.0,92.0,76.0,74.0,89.0,87.0,89.0,81.0,27.0,23.0,2024-07-01,2025-06-30
191318,,,,,,,,,,,2024-07-01,2025-06-30
191319,,,,,,,,,,,2024-07-01,2025-06-30
191320,,,,,,,,,,,2024-07-01,2025-06-30
191321,88.0,82.0,89.0,58.0,86.0,86.0,79.0,83.0,54.0,28.0,2024-07-01,2025-06-30
191322,85.0,85.0,86.0,58.0,91.0,80.0,84.0,85.0,63.0,24.0,2024-07-01,2025-06-30
191323,,,,,,,,,,,2024-07-01,2025-06-30
191324,86.0,91.0,89.0,74.0,91.0,85.0,76.0,86.0,225.0,20.0,2024-07-01,2025-06-30
191325,,,,,,,,,,,2024-07-01,2025-06-30
191326,96.0,95.0,98.0,82.0,93.0,90.0,73.0,95.0,40.0,27.0,2024-07-01,2025-06-30
191327,84.0,86.0,89.0,70.0,74.0,80.0,71.0,84.0,40.0,14.0,2024-07-01,2025-06-30
193300,,,,,,,,,,,2024-07-01,2025-06-30
200001,78.0,85.0,82.0,67.0,86.0,77.0,49.0,84.0,1046.0,28.0,2024-07-01,2025-06-30
200008,67.0,86.0,84.0,68.0,91.0,83.0,71.0,86.0,796.0,29.0,2024-07-01,2025-06-30
200009,61.0,82.0,80.0,61.0,87.0,69.0,48.0,74.0,1375.0,29.0,2024-07-01,2025-06-30
200018,72.0,81.0,81.0,59.0,87.0,66.0,49.0,61.0,307.0,23.0,2024-07-01,2025-06-30
200020,80.0,87.0,87.0,67.0,91.0,81.0,64.0,77.0,515.0,36.0,2024-07-01,2025-06-30
200021,64.0,80.0,83.0,62.0,85.0,69.0,47.0,74.0,431.0,30.0,2024-07-01,2025-06-30
200024,65.0,78.0,79.0,62.0,87.0,62.0,44.0,66.0,624.0,22.0,2024-07-01,2025-06-30
200031,70.0,82.0,84.0,72.0,89.0,81.0,53.0,80.0,205.0,21.0,2024-07-01,2025-06-30
200033,66.0,73.0,76.0,55.0,86.0,59.0,45.0,59.0,1711.0,26.0,2024-07-01,2025-06-30
200034,69.0,81.0,89.0,62.0,87.0,72.0,60.0,78.0,304.0,26.0,2024-07-01,2025-06-30
200039,80.0,83.0,82.0,65.0,88.0,74.0,66.0,73.0,555.0,24.0,2024-07-01,2025-06-30
20003F,84.0,89.0,90.0,79.0,91.0,81.0,57.0,85.0,465.0,41.0,2024-07-01,2025-06-30
200050,80.0,79.0,79.0,65.0,85.0,60.0,54.0,58.0,389.0,22.0,2024-07-01,2025-06-30
200063,63.0,83.0,85.0,64.0,87.0,73.0,55.0,69.0,400.0,28.0,2024-07-01,2025-06-30
201300,80.0,87.0,84.0,60.0,85.0,77.0,65.0,72.0,72.0,30.0,2024-07-01,2025-06-30
201301,84.0,100.0,97.0,90.0,97.0,94.0,93.0,96.0,26.0,40.0,2024-07-01,2025-06-30
201302,76.0,86.0,86.0,65.0,89.0,81.0,57.0,82.0,332.0,30.0,2024-07-01,2025-06-30
201303,70.0,80.0,79.0,70.0,88.0,74.0,64.0,77.0,31.0,23.0,2024-07-01,2025-06-30
201304,72.0,92.0,95.0,70.0,95.0,88.0,70.0,92.0,118.0,27.0,2024-07-01,2025-06-30
201305,81.0,88.0,83.0,65.0,77.0,64.0,64.0,72.0,37.0,20.0,2024-07-01,2025-06-30
201306,71.0,86.0,85.0,72.0,87.0,74.0,73.0,66.0,85.0,24.0,2024-07-01,2025-06-30
201307,86.0,95.0,86.0,77.0,91.0,85.0,64.0,72.0,81.0,32.0,2024-07-01,2025-06-30
201308,74.0,87.0,88.0,78.0,90.0,72.0,45.0,61.0,106.0,21.0,2024-07-01,2025-06-30
201309,66.0,76.0,76.0,51.0,87.0,64.0,43.0,64.0,157.0,23.0,2024-07-01,2025-06-30
201310,75.0,77.0,79.0,65.0,91.0,66.0,56.0,65.0,113.0,24.0,2024-07-01,2025-06-30
201311,82.0,84.0,79.0,68.0,88.0,71.0,62.0,70.0,93.0,22.0,2024-07-01,2025-06-30
201312,76.0,85.0,84.0,66.0,90.0,76.0,59.0,77.0,278.0,30.0,2024-07-01,2025-06-30
201313,72.0,80.0,68.0,57.0,87.0,71.0,58.0,62.0,145.0,24.0,2024-07-01,2025-06-30
201314,84.0,84.0,81.0,70.0,91.0,80.0,65.0,78.0,198.0,27.0,2024-07-01,2025-06-30
201315,83.0,85.0,86.0,73.0,95.0,78.0,63.0,76.0,318.0,25.0,2024-07-01,2025-06-30
201316,75.0,83.0,81.0,67.0,88.0,70.0,51.0,70.0,409.0,27.0,2024-07-01,2025-06-30
201317,77.0,87.0,87.0,70.0,88.0,81.0,57.0,77.0,143.0,35.0,2024-07-01,2025-06-30
210001,66.0,76.0,75.0,58.0,87.0,66.0,52.0,64.0,541.0,17.0,2024-07-01,2025-06-30
210002,63.0,75.0,79.0,55.0,87.0,68.0,52.0,70.0,1433.0,17.0,2024-07-01,2025-06-30
210003,65.0,66.0,72.0,48.0,79.0,58.0,57.0,55.0,742.0,11.0,2024-07-01,2025-06-30
210004,66.0,71.0,76.0,53.0,83.0,61.0,56.0,65.0,3887.0,35.0,2024-07-01,2025-06-30
210005,62.0,75.0,72.0,57.0,86.0,60.0,61.0,59.0,1070.0,24.0,2024-07-01,2025-06-30
210008,72.0,78.0,77.0,57.0,87.0,74.0,61.0,79.0,609.0,23.0,2024-07-01,2025-06-30
210009,70.0,80.0,81.0,62.0,89.0,80.0,64.0,82.0,3133.0,17.0,2024-07-01,2025-06-30
210011,53.0,66.0,74.0,47.0,81.0,55.0,48.0,55.0,247.0,15.0,2024-07-01,2025-06-30
210012,64.0,72.0,76.0,50.0,86.0,62.0,50.0,59.0,661.0,15.0,2024-07-01,2025-06-30
210015,63.0,72.0,76.0,52.0,84.0,60.0,51.0,58.0,930.0,16.0,2024-07-01,2025-06-30
210016,78.0,76.0,75.0,62.0,85.0,74.0,62.0,76.0,1244.0,14.0,2024-07-01,2025-06-30
210017,90.0,83.0,85.0,67.0,88.0,82.0,55.0,78.0,267.0,24.0,2024-07-01,2025-06-30
210018,69.0,68.0,77.0,52.0,84.0,61.0,51.0,61.0,543.0,18.0,2024-07-01,2025-06-30
210019,65.0,78.0,76.0,56.0,88.0,67.0,47.0,67.0,591.0,20.0,2024-07-01,2025-06-30
210022,82.0,77.0,81.0,59.0,86.0,77.0,62.0,81.0,1792.0,26.0,2024-07-01,2025-06-30
210023,67.0,75.0,75.0,57.0,84.0,66.0,57.0,70.0,1243.0,20.0,2024-07-01,2025-06-30
210024,68.0,74.0,79.0,55.0,86.0,67.0,49.0,69.0,1042.0,18.0,2024-07-01,2025-06-30
210027,79.0,78.0,75.0,59.0,88.0,63.0,54.0,56.0,353.0,22.0,2024-07-01,2025-06-30
210028,65.0,80.0,80.0,59.0,87.0,63.0,55.0,58.0,476.0,16.0,2024-07-01,2025-06-30
210029,67.0,76.0,78.0,60.0,90.0,67.0,48.0,67.0,1028.0,15.0,2024-07-01,2025-06-30
210030,64.0,80.0,79.0,64.0,89.0,71.0,66.0,65.0,93.0,29.0,2024-07-01,2025-06-30
210032,68.0,77.0,75.0,59.0,88.0,62.0,52.0,65.0,981.0,25.0,2024-07-01,2025-06-30
210033,67.0,75.0,72.0,54.0,89.0,63.0,44.0,61.0,646.0,24.0,2024-07-01,2025-06-30
210034,73.0,74.0,79.0,56.0,85.0,66.0,51.0,63.0,419.0,10.0,2024-07-01,2025-06-30
210035,82.0,74.0,72.0,55.0,87.0,61.0,52.0,56.0,499.0,17.0,2024-07-01,2025-06-30
210037,64.0,74.0,74.0,55.0,83.0,55.0,41.0,52.0,830.0,21.0,2024-07-01,2025-06-30
210038,63.0,71.0,74.0,55.0,86.0,60.0,54.0,64.0,202.0,10.0,2024-07-01,2025-06-30
210039,76.0,83.0,76.0,66.0,89.0,73.0,67.0,70.0,520.0,19.0,2024-07-01,2025-06-30
210040,58.0,71.0,72.0,55.0,83.0,60.0,56.0,56.0,455.0,13.0,2024-07-01,2025-06-30
210043,74.0,76.0,75.0,58.0,84.0,64.0,56.0,65.0,909.0,18.0,2024-07-01,2025-06-30
210044,68.0,79.0,81.0,58.0,85.0,72.0,58.0,77.0,732.0,20.0,2024-07-01,2025-06-30
210048,65.0,75.0,77.0,57.0,88.0,66.0,51.0,68.0,1334.0,18.0,2024-07-01,2025-06-30
210049,63.0,73.0,71.0,53.0,85.0,58.0,53.0,57.0,1359.0,22.0,2024-07-01,2025-06-30
210051,73.0,70.0,73.0,55.0,82.0,62.0,58.0,59.0,912.0,14.0,2024-07-01,2025-06-30
210056,69.0,70.0,77.0,54.0,84.0,63.0,47.0,60.0,501.0,11.0,2024-07-01,2025-06-30
210057,73.0,75.0,75.0,58.0,86.0,67.0,57.0,68.0,1732.0,16.0,2024-07-01,2025-06-30
210058,,,,,,,,,,,2024-07-01,2025-06-30
210060,74.0,80.0,82.0,61.0,88.0,58.0,64.0,65.0,183.0,13.0,2024-07-01,2025-06-30
210061,68.0,83.0,82.0,63.0,91.0,76.0,53.0,74.0,371.0,26.0,2024-07-01,2025-06-30
210062,65.0,68.0,72.0,51.0,77.0,51.0,43.0,47.0,711.0,12.0,2024-07-01,2025-06-30
210063,71.0,80.0,81.0,59.0,87.0,76.0,60.0,80.0,1332.0,27.0,2024-07-01,2025-06-30
210064,,,,,,,,,,,2024-07-01,2025-06-30
210065,65.0,71.0,73.0,52.0,81.0,65.0,54.0,66.0,1066.0,29.0,2024-07-01,2025-06-30
21007F,72.0,82.0,85.0,66.0,90.0,77.0,63.0,83.0,1531.0,31.0,2024-07-01,2025-06-30
21010F,,,,,,,,,,,2024-07-01,2025-06-30
21020F,62.0,74.0,78.0,62.0,83.0,61.0,58.0,55.0,445.0,24.0,2024-07-01,2025-06-30
213300,,,,,,,,,,,2024-07-01,2025-06-30
213301,,,,,,,,,,,2024-07-01,2025-06-30
220001,71.0,74.0,73.0,56.0,87.0,55.0,46.0,54.0,607.0,22.0,2024-07-01,2025-06-30
220002,67.0,79.0,79.0,61.0,87.0,71.0,54.0,76.0,1495.0,23.0,2024-07-01,2025-06-30
220008,70.0,80.0,78.0,60.0,86.0,64.0,42.0,65.0,457.0,22.0,2024-07-01,2025-06-30
220010,63.0,76.0,75.0,56.0,85.0,60.0,42.0,63.0,985.0,14.0,2024-07-01,2025-06-30
220011,69.0,73.0,77.0,60.0,85.0,64.0,50.0,64.0,483.0,13.0,2024-07-01,2025-06-30
220012,71.0,78.0,80.0,59.0,90.0,69.0,42.0,72.0,1236.0,32.0,2024-07-01,2025-06-30
220015,68.0,78.0,77.0,58.0,88.0,69.0,46.0,74.0,594.0,25.0,2024-07-01,2025-06-30
220016,70.0,80.0,76.0,58.0,89.0,65.0,42.0,63.0,527.0,22.0,2024-07-01,2025-06-30
220017,,,,,,,,,,,2024-07-01,2025-06-30
220019,70.0,76.0,76.0,59.0,86.0,63.0,38.0,64.0,629.0,25.0,2024-07-01,2025-06-30
22001F,,,,,,,,,,,2024-07-01,2025-06-30
220020,84.0,86.0,82.0,65.0,91.0,74.0,60.0,74.0,661.0,24.0,2024-07-01,2025-06-30
220024,78.0,80.0,77.0,60.0,84.0,71.0,55.0,72.0,774.0,19.0,2024-07-01,2025-06-30
220029,67.0,79.0,74.0,59.0,85.0,62.0,52.0,62.0,571.0,28.0,2024-07-01,2025-06-30
220030,71.0,81.0,81.0,60.0,85.0,67.0,42.0,67.0,636.0,24.0,2024-07-01,2025-06-30
220031,71.0,79.0,80.0,62.0,87.0,71.0,53.0,74.0,3970.0,28.0,2024-07-01,2025-06-30
220033,70.0,77.0,78.0,59.0,83.0,63.0,42.0,66.0,1327.0,22.0,2024-07-01,2025-06-30
220035,73.0,81.0,79.0,63.0,89.0,67.0,49.0,68.0,612.0,21.0,2024-07-01,2025-06-30
220036,69.0,82.0,82.0,59.0,88.0,71.0,49.0,69.0,687.0,19.0,2024-07-01,2025-06-30
220046,63.0,78.0,77.0,59.0,87.0,63.0,40.0,58.0,392.0,22.0,2024-07-01,2025-06-30
220049,72.0,77.0,76.0,54.0,85.0,57.0,40.0,58.0,518.0,25.0,2024-07-01,2025-06-30
220052,61.0,73.0,71.0,51.0,86.0,58.0,44.0,63.0,448.0,27.0,2024-07-01,2025-06-30
220060,67.0,78.0,77.0,59.0,88.0,62.0,40.0,65.0,1070.0,28.0,2024-07-01,2025-06-30
220062,,,,,,,,,,,2024-07-01,2025-06-30
220063,73.0,78.0,76.0,60.0,85.0,66.0,47.0,66.0,719.0,18.0,2024-07-01,2025-06-30
220065,74.0,79.0,79.0,61.0,89.0,65.0,45.0,64.0,517.0,24.0,2024-07-01,2025-06-30
220066,61.0,77.0,77.0,63.0,85.0,68.0,52.0,70.0,566.0,19.0,2024-07-01,2025-06-30
220070,60.0,82.0,78.0,64.0,85.0,68.0,46.0,63.0,415.0,21.0,2024-07-01,2025-06-30
220071,71.0,83.0,83.0,66.0,89.0,79.0,46.0,85.0,572.0,22.0,2024-07-01,2025-06-30
220073,70.0,73.0,71.0,58.0,84.0,52.0,43.0,47.0,567.0,20.0,2024-07-01,2025-06-30
220074,73.0,76.0,78.0,59.0,88.0,68.0,49.0,69.0,1273.0,23.0,2024-07-01,2025-06-30
220075,75.0,83.0,81.0,67.0,89.0,81.0,50.0,84.0,358.0,28.0,2024-07-01,2025-06-30
220077,65.0,74.0,75.0,53.0,84.0,59.0,42.0,63.0,2144.0,20.0,2024-07-01,2025-06-30
220080,65.0,71.0,70.0,53.0,84.0,53.0,39.0,54.0,506.0,15.0,2024-07-01,2025-06-30
220083,64.0,79.0,78.0,58.0,86.0,68.0,43.0,71.0,702.0,27.0,2024-07-01,2025-06-30
220084,67.0,81.0,79.0,62.0,89.0,70.0,46.0,77.0,543.0,25.0,2024-07-01,2025-06-30
220086,73.0,81.0,80.0,64.0,88.0,76.0,51.0,79.0,4978.0,23.0,2024-07-01,2025-06-30
220088,78.0,86.0,85.0,71.0,93.0,84.0,57.0,87.0,1179.0,50.0,2024-07-01,2025-06-30
220090,71.0,82.0,81.0,64.0,91.0,73.0,54.0,75.0,589.0,24.0,2024-07-01,2025-06-30
220095,74.0,80.0,77.0,59.0,89.0,67.0,55.0,68.0,491.0,22.0,2024-07-01,2025-06-30
220098,,,,,,,,,,,2024-07-01,2025-06-30
22009F,,,,,,,,,,,2024-07-01,2025-06-30
220100,63.0,78.0,76.0,61.0,88.0,63.0,40.0,65.0,848.0,21.0,2024-07-01,2025-06-30
220101,65.0,81.0,82.0,61.0,89.0,71.0,42.0,80.0,636.0,24.0,2024-07-01,2025-06-30
220105,65.0,83.0,78.0,63.0,87.0,69.0,44.0,74.0,1133.0,25.0,2024-07-01,2025-06-30
220108,69.0,80.0,81.0,59.0,87.0,69.0,44.0,70.0,389.0,23.0,2024-07-01,2025-06-30
22010F,69.0,84.0,83.0,71.0,90.0,78.0,47.0,77.0,502.0,39.0,2024-07-01,2025-06-30
220110,66.0,80.0,80.0,60.0,89.0,75.0,47.0,81.0,618.0,22.0,2024-07-01,2025-06-30
220111,72.0,72.0,76.0,61.0,87.0,53.0,41.0,51.0,650.0,16.0,2024-07-01,2025-06-30
220116,64.0,86.0,83.0,65.0,90.0,76.0,46.0,80.0,482.0,20.0,2024-07-01,2025-06-30
220119,61.0,77.0,78.0,63.0,87.0,70.0,51.0,72.0,536.0,18.0,2024-07-01,2025-06-30
220126,,,,,,,,,,,2024-07-01,2025-06-30
220135,76.0,79.0,77.0,59.0,88.0,69.0,45.0,72.0,484.0,31.0,2024-07-01,2025-06-30
220163,68.0,79.0,76.0,59.0,88.0,67.0,41.0,71.0,1032.0,21.0,2024-07-01,2025-06-30
220171,62.0,80.0,80.0,62.0,87.0,69.0,48.0,73.0,2139.0,28.0,2024-07-01,2025-06-30
220175,50.0,67.0,73.0,48.0,82.0,45.0,36.0,42.0,603.0,16.0,2024-07-01,2025-06-30
220176,55.0,69.0,72.0,47.0,84.0,51.0,33.0,51.0,1196.0,20.0,2024-07-01,2025-06-30
220177,78.0,88.0,90.0,75.0,90.0,86.0,71.0,78.0,92.0,23.0,2024-07-01,2025-06-30
221300,73.0,86.0,85.0,67.0,90.0,82.0,62.0,81.0,189.0,22.0,2024-07-01,2025-06-30
221302,77.0,92.0,90.0,79.0,95.0,86.0,68.0,93.0,152.0,30.0,2024-07-01,2025-06-30
221303,86.0,87.0,82.0,73.0,89.0,76.0,75.0,73.0,84.0,30.0,2024-07-01,2025-06-30
221304,91.0,92.0,93.0,71.0,96.0,86.0,79.0,90.0,126.0,35.0,2024-07-01,2025-06-30
223300,,,,,,,,,,,2024-07-01,2025-06-30
223302,,,,,,,,,,,2024-07-01,2025-06-30
223304,,,,,,,,,,,2024-07-01,2025-06-30
230002,51.0,78.0,71.0,54.0,83.0,66.0,49.0,64.0,633.0,22.0,2024-07-01,2025-06-30
230003,70.0,84.0,81.0,62.0,90.0,83.0,74.0,84.0,515.0,26.0,2024-07-01,2025-06-30
230005,75.0,80.0,76.0,59.0,85.0,65.0,64.0,58.0,557.0,25.0,2024-07-01,2025-06-30
230015,70.0,79.0,74.0,56.0,84.0,65.0,54.0,62.0,231.0,24.0,2024-07-01,2025-06-30
230017,68.0,78.0,78.0,62.0,88.0,73.0,56.0,76.0,735.0,23.0,2024-07-01,2025-06-30
230019,57.0,73.0,71.0,55.0,82.0,64.0,50.0,64.0,947.0,20.0,2024-07-01,2025-06-30
230020,48.0,72.0,71.0,54.0,80.0,49.0,42.0,48.0,719.0,15.0,2024-07-01,2025-06-30
230021,72.0,77.0,77.0,57.0,85.0,65.0,55.0,60.0,824.0,23.0,2024-07-01,2025-06-30
230022,77.0,85.0,76.0,64.0,91.0,63.0,62.0,57.0,254.0,24.0,2024-07-01,2025-06-30
230024,57.0,63.0,69.0,49.0,73.0,45.0,50.0,35.0,340.0,6.0,2024-07-01,2025-06-30
230029,58.0,73.0,71.0,53.0,86.0,64.0,54.0,66.0,683.0,21.0,2024-07-01,2025-06-30
230030,73.0,82.0,80.0,61.0,90.0,79.0,61.0,78.0,451.0,35.0,2024-07-01,2025-06-30
230031,68.0,71.0,66.0,50.0,83.0,62.0,55.0,66.0,388.0,31.0,2024-07-01,2025-06-30
230035,67.0,81.0,85.0,66.0,93.0,75.0,65.0,72.0,457.0,24.0,2024-07-01,2025-06-30
230036,84.0,82.0,79.0,61.0,88.0,77.0,67.0,71.0,626.0,36.0,2024-07-01,2025-06-30
230037,70.0,84.0,86.0,66.0,92.0,68.0,58.0,62.0,243.0,20.0,2024-07-01,2025-06-30
230038,64.0,79.0,79.0,57.0,89.0,71.0,53.0,73.0,1985.0,26.0,2024-07-01,2025-06-30
230041,52.0,76.0,72.0,58.0,86.0,54.0,46.0,49.0,428.0,28.0,2024-07-01,2025-06-30
230046,61.0,85.0,82.0,62.0,89.0,81.0,46.0,85.0,846.0,25.0,2024-07-01,2025-06-30
230047,65.0,74.0,71.0,52.0,84.0,65.0,49.0,66.0,1082.0,27.0,2024-07-01,2025-06-30
230053,61.0,78.0,78.0,57.0,85.0,69.0,52.0,71.0,1232.0,18.0,2024-07-01,2025-06-30
230054,69.0,83.0,82.0,64.0,90.0,64.0,53.0,61.0,1875.0,32.0,2024-07-01,2025-06-30
230055,69.0,77.0,79.0,60.0,88.0,65.0,57.0,60.0,348.0,28.0,2024-07-01,2025-06-30
230058,62.0,80.0,83.0,66.0,91.0,71.0,53.0,70.0,407.0,27.0,2024-07-01,2025-06-30
230059,71.0,81.0,82.0,58.0,88.0,78.0,60.0,78.0,508.0,22.0,2024-07-01,2025-06-30
23005F,94.0,93.0,89.0,83.0,97.0,90.0,86.0,92.0,53.0,54.0,2024-07-01,2025-06-30
230066,60.0,77.0,78.0,58.0,85.0,62.0,50.0,62.0,648.0,23.0,2024-07-01,2025-06-30
230069,71.0,82.0,81.0,64.0,88.0,73.0,57.0,71.0,540.0,27.0,2024-07-01,2025-06-30
230070,63.0,80.0,77.0,60.0,85.0,69.0,40.0,69.0,1031.0,25.0,2024-07-01,2025-06-30
230071,,,,,,,,,,,2024-07-01,2025-06-30
230072,82.0,81.0,79.0,58.0,91.0,82.0,65.0,77.0,303.0,18.0,2024-07-01,2025-06-30
230075,71.0,78.0,78.0,59.0,88.0,66.0,52.0,63.0,501.0,17.0,2024-07-01,2025-06-30
230077,71.0,76.0,74.0,56.0,86.0,64.0,51.0,69.0,397.0,28.0,2024-07-01,2025-06-30
230078,,,,,,,,,,,2024-07-01,2025-06-30
230080,76.0,77.0,82.0,60.0,87.0,72.0,56.0,66.0,292.0,23.0,2024-07-01,2025-06-30
230081,61.0,80.0,83.0,66.0,89.0,72.0,55.0,69.0,445.0,24.0,2024-07-01,2025-06-30
230085,88.0,84.0,85.0,64.0,90.0,76.0,67.0,73.0,72.0,20.0,2024-07-01,2025-06-30
230089,59.0,75.0,74.0,58.0,85.0,64.0,58.0,63.0,760.0,19.0,2024-07-01,2025-06-30
230092,68.0,74.0,74.0,55.0,85.0,62.0,49.0,58.0,1995.0,21.0,2024-07-01,2025-06-30
230093,67.0,78.0,81.0,61.0,90.0,68.0,62.0,67.0,409.0,23.0,2024-07-01,2025-06-30
230095,78.0,81.0,81.0,62.0,88.0,79.0,64.0,78.0,425.0,35.0,2024-07-01,2025-06-30
230097,58.0,83.0,81.0,63.0,87.0,65.0,44.0,71.0,450.0,28.0,2024-07-01,2025-06-30
230099,56.0,78.0,75.0,54.0,83.0,60.0,50.0,50.0,441.0,20.0,2024-07-01,2025-06-30
230100,72.0,77.0,79.0,60.0,85.0,66.0,63.0,64.0,197.0,29.0,2024-07-01,2025-06-30
230104,56.0,66.0,71.0,49.0,77.0,53.0,51.0,49.0,536.0,8.0,2024-07-01,2025-06-30
230105,57.0,78.0,77.0,59.0,86.0,64.0,57.0,62.0,1218.0,28.0,2024-07-01,2025-06-30
230108,82.0,88.0,87.0,70.0,94.0,75.0,60.0,78.0,270.0,30.0,2024-07-01,2025-06-30
230110,76.0,81.0,84.0,65.0,92.0,71.0,65.0,68.0,384.0,28.0,2024-07-01,2025-06-30
230117,53.0,71.0,73.0,51.0,85.0,61.0,52.0,61.0,922.0,26.0,2024-07-01,2025-06-30
23011F,83.0,87.0,88.0,80.0,89.0,87.0,62.0,87.0,507.0,42.0,2024-07-01,2025-06-30
230121,69.0,76.0,76.0,58.0,88.0,70.0,46.0,63.0,733.0,26.0,2024-07-01,2025-06-30
23012F,,,,,,,,,,,2024-07-01,2025-06-30
230130,57.0,76.0,73.0,55.0,82.0,59.0,42.0,63.0,1184.0,25.0,2024-07-01,2025-06-30
230132,63.0,74.0,72.0,52.0,78.0,63.0,44.0,64.0,380.0,16.0,2024-07-01,2025-06-30
230133,65.0,78.0,80.0,64.0,91.0,65.0,43.0,58.0,310.0,21.0,2024-07-01,2025-06-30
230141,50.0,77.0,69.0,53.0,83.0,59.0,41.0,55.0,549.0,24.0,2024-07-01,2025-06-30
230142,54.0,70.0,65.0,52.0,79.0,46.0,42.0,45.0,469.0,15.0,2024-07-01,2025-06-30
230144,65.0,83.0,87.0,62.0,89.0,82.0,83.0,83.0,48.0,19.0,2024-07-01,2025-06-30
230146,70.0,77.0,73.0,57.0,84.0,64.0,45.0,64.0,866.0,20.0,2024-07-01,2025-06-30
230151,49.0,70.0,70.0,51.0,84.0,50.0,36.0,48.0,621.0,17.0,2024-07-01,2025-06-30
230156,57.0,80.0,79.0,59.0,88.0,72.0,54.0,78.0,573.0,24.0,2024-07-01,2025-06-30
230165,51.0,73.0,71.0,52.0,81.0,58.0,47.0,55.0,502.0,14.0,2024-07-01,2025-06-30
230167,71.0,76.0,75.0,58.0,85.0,64.0,58.0,67.0,440.0,24.0,2024-07-01,2025-06-30
230174,61.0,82.0,84.0,59.0,86.0,69.0,67.0,66.0,189.0,31.0,2024-07-01,2025-06-30
230176,68.0,82.0,71.0,58.0,86.0,66.0,53.0,67.0,769.0,24.0,2024-07-01,2025-06-30
230180,72.0,78.0,75.0,53.0,86.0,68.0,59.0,66.0,323.0,40.0,2024-07-01,2025-06-30
230193,52.0,75.0,69.0,52.0,80.0,51.0,33.0,46.0,510.0,25.0,2024-07-01,2025-06-30
230195,53.0,69.0,67.0,50.0,79.0,50.0,44.0,47.0,779.0,17.0,2024-07-01,2025-06-30
230197,58.0,76.0,71.0,53.0,85.0,58.0,44.0,59.0,520.0,25.0,2024-07-01,2025-06-30
230207,62.0,70.0,67.0,46.0,80.0,54.0,45.0,46.0,486.0,15.0,2024-07-01,2025-06-30
230208,81.0,89.0,78.0,74.0,95.0,88.0,68.0,85.0,151.0,33.0,2024-07-01,2025-06-30
230216,69.0,81.0,75.0,61.0,87.0,67.0,60.0,63.0,532.0,25.0,2024-07-01,2025-06-30
230217,81.0,83.0,83.0,60.0,89.0,75.0,66.0,74.0,443.0,22.0,2024-07-01,2025-06-30
230222,67.0,80.0,78.0,61.0,89.0,77.0,55.0,81.0,809.0,41.0,2024-07-01,2025-06-30
230227,54.0,73.0,76.0,50.0,84.0,53.0,41.0,52.0,602.0,20.0,2024-07-01,2025-06-30
230230,61.0,75.0,73.0,55.0,84.0,63.0,45.0,62.0,905.0,31.0,2024-07-01,2025-06-30
230236,70.0,80.0,80.0,61.0,88.0,74.0,57.0,77.0,593.0,26.0,2024-07-01,2025-06-30
230239,71.0,81.0,80.0,61.0,87.0,73.0,57.0,66.0,395.0,36.0,2024-07-01,2025-06-30
230241,84.0,86.0,79.0,69.0,93.0,83.0,79.0,73.0,93.0,35.0,2024-07-01,2025-06-30
230244,66.0,66.0,68.0,44.0,73.0,52.0,48.0,52.0,428.0,23.0,2024-07-01,2025-06-30
230254,65.0,72.0,70.0,51.0,85.0,56.0,47.0,56.0,667.0,24.0,2024-07-01,2025-06-30
230259,75.0,88.0,87.0,66.0,90.0,84.0,59.0,87.0,583.0,31.0,2024-07-01,2025-06-30
230264,75.0,82.0,85.0,44.0,86.0,76.0,72.0,77.0,34.0,34.0,2024-07-01,2025-06-30
230269,62.0,76.0,70.0,53.0,82.0,61.0,42.0,63.0,1179.0,26.0,2024-07-01,2025-06-30
230270,56.0,74.0,69.0,52.0,80.0,58.0,44.0,57.0,402.0,15.0,2024-07-01,2025-06-30
230273,52.0,64.0,70.0,45.0,69.0,47.0,49.0,39.0,375.0,7.0,2024-07-01,2025-06-30
230275,,,,,,,,,,,2024-07-01,2025-06-30
230277,61.0,75.0,74.0,59.0,83.0,63.0,52.0,59.0,1011.0,22.0,2024-07-01,2025-06-30
230279,,,,,,,,,,,2024-07-01,2025-06-30
230297,70.0,85.0,81.0,71.0,91.0,76.0,63.0,76.0,362.0,21.0,2024-07-01,2025-06-30
230301,73.0,78.0,77.0,68.0,91.0,75.0,54.0,73.0,85.0,34.0,2024-07-01,2025-06-30
230302,64.0,76.0,77.0,55.0,84.0,70.0,64.0,71.0,943.0,24.0,2024-07-01,2025-06-30
230303,77.0,81.0,83.0,63.0,87.0,68.0,71.0,60.0,143.0,32.0,2024-07-01,2025-06-30
23037F,72.0,79.0,79.0,69.0,88.0,68.0,60.0,68.0,577.0,27.0,2024-07-01,2025-06-30
230779,,,,,,,,,,,2024-07-01,2025-06-30
231300,,,,,,,,,,,2024-07-01,2025-06-30
231301,,,,,,,,,,,2024-07-01,2025-06-30
231303,85.0,91.0,92.0,74.0,97.0,89.0,79.0,86.0,85.0,44.0,2024-07-01,2025-06-30
231304,75.0,84.0,79.0,72.0,90.0,75.0,61.0,71.0,86.0,35.0,2024-07-01,2025-06-30
231305,,,,,,,,,,,2024-07-01,2025-06-30
231306,84.0,90.0,91.0,74.0,97.0,86.0,77.0,87.0,47.0,33.0,2024-07-01,2025-06-30
231307,80.0,75.0,85.0,63.0,84.0,65.0,73.0,66.0,75.0,32.0,2024-07-01,2025-06-30
231308,,,,,,,,,,,2024-07-01,2025-06-30
231310,90.0,95.0,88.0,88.0,95.0,91.0,66.0,88.0,51.0,44.0,2024-07-01,2025-06-30
231311,,,,,,,,,,,2024-07-01,2025-06-30
231312,,,,,,,,,,,2024-07-01,2025-06-30
231313,,,,,,,,,,,2024-07-01,2025-06-30
231314,83.0,85.0,79.0,51.0,85.0,77.0,77.0,60.0,25.0,20.0,2024-07-01,2025-06-30
231315,,,,,,,,,,,2024-07-01,2025-06-30
231316,77.0,91.0,91.0,62.0,92.0,90.0,69.0,94.0,106.0,39.0,2024-07-01,2025-06-30
231318,81.0,81.0,84.0,66.0,93.0,76.0,55.0,76.0,43.0,24.0,2024-07-01,2025-06-30
231319,78.0,83.0,84.0,52.0,93.0,68.0,64.0,78.0,76.0,21.0,2024-07-01,2025-06-30
231320,74.0,87.0,84.0,73.0,88.0,82.0,62.0,83.0,124.0,36.0,2024-07-01,2025-06-30
231321,86.0,85.0,84.0,67.0,90.0,83.0,64.0,83.0,119.0,27.0,2024-07-01,2025-06-30
231322,71.0,85.0,85.0,71.0,86.0,77.0,63.0,81.0,312.0,29.0,2024-07-01,2025-06-30
231323,78.0,80.0,77.0,75.0,94.0,74.0,67.0,69.0,34.0,27.0,2024-07-01,2025-06-30
231324,82.0,87.0,83.0,68.0,90.0,90.0,68.0,88.0,72.0,33.0,2024-07-01,2025-06-30
231325,81.0,89.0,86.0,73.0,89.0,84.0,76.0,82.0,113.0,40.0,2024-07-01,2025-06-30
231326,80.0,82.0,79.0,65.0,90.0,82.0,57.0,81.0,291.0,40.0,2024-07-01,2025-06-30
231327,80.0,80.0,73.0,63.0,92.0,76.0,69.0,73.0,248.0,34.0,2024-07-01,2025-06-30
231328,,,,,,,,,,,2024-07-01,2025-06-30
231329,,,,,,,,,,,2024-07-01,2025-06-30
231330,85.0,87.0,85.0,69.0,93.0,78.0,70.0,80.0,77.0,25.0,2024-07-01,2025-06-30
231331,85.0,79.0,71.0,56.0,89.0,73.0,68.0,72.0,212.0,33.0,2024-07-01,2025-06-30
231332,84.0,83.0,80.0,66.0,94.0,84.0,62.0,84.0,223.0,29.0,2024-07-01,2025-06-30
231333,80.0,76.0,78.0,56.0,86.0,63.0,62.0,61.0,113.0,21.0,2024-07-01,2025-06-30
231337,77.0,82.0,87.0,63.0,90.0,73.0,62.0,73.0,281.0,29.0,2024-07-01,2025-06-30
231338,86.0,85.0,82.0,66.0,93.0,81.0,70.0,82.0,342.0,23.0,2024-07-01,2025-06-30
231339,77.0,81.0,81.0,63.0,88.0,71.0,67.0,70.0,303.0,29.0,2024-07-01,2025-06-30
231340,64.0,84.0,81.0,56.0,91.0,68.0,53.0,63.0,117.0,24.0,2024-07-01,2025-06-30
233300,,,,,,,,,,,2024-07-01,2025-06-30
240001,64.0,74.0,78.0,55.0,86.0,66.0,57.0,68.0,712.0,23.0,2024-07-01,2025-06-30
240002,61.0,79.0,79.0,62.0,88.0,73.0,63.0,74.0,635.0,27.0,2024-07-01,2025-06-30
240004,59.0,70.0,76.0,51.0,85.0,63.0,49.0,64.0,1107.0,12.0,2024-07-01,2025-06-30
240006,81.0,80.0,77.0,62.0,88.0,79.0,61.0,78.0,276.0,20.0,2024-07-01,2025-06-30
240010,75.0,84.0,84.0,64.0,91.0,85.0,68.0,88.0,3895.0,38.0,2024-07-01,2025-06-30
240014,77.0,84.0,84.0,66.0,93.0,81.0,62.0,81.0,353.0,27.0,2024-07-01,2025-06-30
240018,73.0,84.0,80.0,66.0,89.0,75.0,62.0,75.0,293.0,31.0,2024-07-01,2025-06-30
240019,64.0,76.0,76.0,59.0,86.0,60.0,58.0,62.0,355.0,28.0,2024-07-01,2025-06-30
240020,57.0,79.0,82.0,58.0,90.0,71.0,59.0,66.0,389.0,28.0,2024-07-01,2025-06-30
240022,69.0,79.0,79.0,61.0,89.0,71.0,59.0,69.0,175.0,22.0,2024-07-01,2025-06-30
24002F,,,,,,,,,,,2024-07-01,2025-06-30
240030,74.0,81.0,84.0,63.0,90.0,74.0,62.0,73.0,375.0,32.0,2024-07-01,2025-06-30
240036,69.0,78.0,76.0,60.0,89.0,71.0,63.0,70.0,3320.0,27.0,2024-07-01,2025-06-30
240038,58.0,76.0,77.0,54.0,86.0,64.0,47.0,65.0,469.0,26.0,2024-07-01,2025-06-30
24003F,77.0,83.0,87.0,74.0,91.0,79.0,46.0,80.0,504.0,40.0,2024-07-01,2025-06-30
240040,79.0,83.0,82.0,67.0,85.0,71.0,55.0,67.0,229.0,25.0,2024-07-01,2025-06-30
240043,72.0,79.0,81.0,57.0,89.0,72.0,67.0,66.0,490.0,25.0,2024-07-01,2025-06-30
240044,57.0,80.0,82.0,68.0,89.0,67.0,50.0,66.0,203.0,30.0,2024-07-01,2025-06-30
240047,60.0,78.0,78.0,60.0,87.0,66.0,55.0,72.0,454.0,25.0,2024-07-01,2025-06-30
240050,69.0,80.0,78.0,61.0,85.0,66.0,55.0,64.0,569.0,24.0,2024-07-01,2025-06-30
240052,76.0,88.0,87.0,69.0,93.0,82.0,70.0,79.0,302.0,28.0,2024-07-01,2025-06-30
240053,73.0,81.0,83.0,62.0,88.0,79.0,66.0,82.0,1112.0,33.0,2024-07-01,2025-06-30
240056,67.0,78.0,81.0,58.0,89.0,77.0,63.0,81.0,392.0,31.0,2024-07-01,2025-06-30
240057,64.0,79.0,80.0,57.0,87.0,71.0,55.0,72.0,548.0,30.0,2024-07-01,2025-06-30
240064,77.0,82.0,84.0,67.0,87.0,74.0,58.0,68.0,327.0,25.0,2024-07-01,2025-06-30
240066,75.0,84.0,87.0,66.0,91.0,81.0,60.0,83.0,934.0,32.0,2024-07-01,2025-06-30
240069,72.0,82.0,79.0,59.0,86.0,65.0,63.0,66.0,400.0,29.0,2024-07-01,2025-06-30
240071,68.0,87.0,83.0,68.0,92.0,76.0,68.0,72.0,285.0,25.0,2024-07-01,2025-06-30
240075,62.0,80.0,81.0,62.0,89.0,70.0,58.0,64.0,766.0,30.0,2024-07-01,2025-06-30
240076,68.0,83.0,85.0,64.0,90.0,77.0,63.0,74.0,634.0,31.0,2024-07-01,2025-06-30
240078,59.0,76.0,77.0,56.0,86.0,69.0,60.0,70.0,506.0,24.0,2024-07-01,2025-06-30
240080,64.0,79.0,81.0,56.0,89.0,69.0,52.0,71.0,404.0,20.0,2024-07-01,2025-06-30
240084,67.0,80.0,80.0,58.0,85.0,65.0,63.0,60.0,309.0,26.0,2024-07-01,2025-06-30
240088,67.0,78.0,77.0,59.0,85.0,58.0,66.0,50.0,351.0,21.0,2024-07-01,2025-06-30
240093,72.0,82.0,79.0,60.0,89.0,76.0,66.0,75.0,1027.0,27.0,2024-07-01,2025-06-30
240100,62.0,77.0,77.0,55.0,86.0,63.0,56.0,62.0,337.0,22.0,2024-07-01,2025-06-30
240101,69.0,82.0,81.0,62.0,89.0,73.0,67.0,73.0,426.0,26.0,2024-07-01,2025-06-30
240104,60.0,75.0,79.0,56.0,88.0,69.0,60.0,68.0,1187.0,24.0,2024-07-01,2025-06-30
240106,66.0,77.0,78.0,56.0,89.0,72.0,58.0,77.0,1026.0,23.0,2024-07-01,2025-06-30
240115,61.0,75.0,76.0,52.0,87.0,64.0,52.0,65.0,458.0,26.0,2024-07-01,2025-06-30
240141,72.0,80.0,79.0,64.0,89.0,71.0,52.0,71.0,301.0,23.0,2024-07-01,2025-06-30
240166,83.0,83.0,84.0,66.0,92.0,76.0,73.0,69.0,203.0,35.0,2024-07-01,2025-06-30
240187,76.0,82.0,78.0,60.0,92.0,79.0,77.0,74.0,258.0,28.0,2024-07-01,2025-06-30
240206,,,,,,,,,,,2024-07-01,2025-06-30
240207,57.0,76.0,77.0,54.0,83.0,65.0,62.0,66.0,489.0,22.0,2024-07-01,2025-06-30
240210,61.0,73.0,75.0,52.0,87.0,59.0,43.0,60.0,490.0,23.0,2024-07-01,2025-06-30
240213,63.0,77.0,78.0,56.0,85.0,68.0,53.0,69.0,489.0,24.0,2024-07-01,2025-06-30
240214,69.0,78.0,79.0,59.0,88.0,77.0,70.0,78.0,859.0,25.0,2024-07-01,2025-06-30
240779,,,,,,,,,,,2024-07-01,2025-06-30
241301,77.0,80.0,83.0,71.0,71.0,79.0,72.0,64.0,29.0,28.0,2024-07-01,2025-06-30
241302,,,,,,,,,,,2024-07-01,2025-06-30
241303,,,,,,,,,,,2024-07-01,2025-06-30
241304,,,,,,,,,,,2024-07-01,2025-06-30
241305,79.0,86.0,87.0,70.0,92.0,84.0,75.0,86.0,163.0,37.0,2024-07-01,2025-06-30
241306,92.0,92.0,93.0,81.0,96.0,90.0,91.0,78.0,46.0,36.0,2024-07-01,2025-06-30
241308,92.0,91.0,89.0,81.0,96.0,85.0,61.0,86.0,48.0,30.0,2024-07-01,2025-06-30
241309,81.0,82.0,80.0,61.0,79.0,83.0,82.0,73.0,41.0,24.0,2024-07-01,2025-06-30
241311,,,,,,,,,,,2024-07-01,2025-06-30
241312,,,,,,,,,,,2024-07-01,2025-06-30
241313,,,,,,,,,,,2024-07-01,2025-06-30
241314,,,,,,,,,,,2024-07-01,2025-06-30
241315,,,,,,,,,,,2024-07-01,2025-06-30
241316,,,,,,,,,,,2024-07-01,2025-06-30
241317,,,,,,,,,,,2024-07-01,2025-06-30
241318,82.0,92.0,92.0,79.0,91.0,86.0,79.0,84.0,52.0,43.0,2024-07-01,2025-06-30
241319,87.0,91.0,94.0,66.0,90.0,94.0,82.0,89.0,56.0,49.0,2024-07-01,2025-06-30
241320,75.0,87.0,88.0,67.0,90.0,81.0,76.0,83.0,115.0,36.0,2024-07-01,2025-06-30
241321,,,,,,,,,,,2024-07-01,2025-06-30
241322,81.0,88.0,78.0,63.0,85.0,68.0,63.0,73.0,61.0,35.0,2024-07-01,2025-06-30
241323,88.0,91.0,90.0,80.0,91.0,89.0,83.0,89.0,48.0,46.0,2024-07-01,2025-06-30
241325,73.0,87.0,88.0,71.0,88.0,75.0,75.0,81.0,150.0,24.0,2024-07-01,2025-06-30
241326,86.0,79.0,74.0,65.0,91.0,69.0,78.0,63.0,67.0,27.0,2024-07-01,2025-06-30
241327,71.0,88.0,75.0,59.0,86.0,82.0,82.0,85.0,29.0,32.0,2024-07-01,2025-06-30
241328,,,,,,,,,,,2024-07-01,2025-06-30
241329,71.0,81.0,84.0,65.0,88.0,77.0,61.0,77.0,179.0,19.0,2024-07-01,2025-06-30
241330,86.0,82.0,84.0,71.0,89.0,83.0,81.0,85.0,70.0,28.0,2024-07-01,2025-06-30
241332,80.0,89.0,86.0,77.0,89.0,87.0,71.0,84.0,95.0,34.0,2024-07-01,2025-06-30
241333,87.0,77.0,81.0,65.0,83.0,75.0,77.0,75.0,113.0,35.0,2024-07-01,2025-06-30
241334,84.0,89.0,85.0,73.0,92.0,85.0,73.0,88.0,355.0,52.0,2024-07-01,2025-06-30
241335,86.0,77.0,77.0,61.0,85.0,81.0,59.0,70.0,70.0,39.0,2024-07-01,2025-06-30
241336,,,,,,,,,,,2024-07-01,2025-06-30
241337,,,,,,,,,,,2024-07-01,2025-06-30
241338,87.0,81.0,77.0,60.0,84.0,79.0,69.0,79.0,105.0,39.0,2024-07-01,2025-06-30
241339,,,,,,,,,,,2024-07-01,2025-06-30
241340,90.0,87.0,83.0,78.0,88.0,90.0,72.0,78.0,69.0,35.0,2024-07-01,2025-06-30
241341,,,,,,,,,,,2024-07-01,2025-06-30
241342,86.0,85.0,89.0,63.0,85.0,85.0,77.0,88.0,68.0,32.0,2024-07-01,2025-06-30
241343,,,,,,,,,,,2024-07-01,2025-06-30
241344,74.0,83.0,87.0,67.0,86.0,71.0,70.0,69.0,82.0,28.0,2024-07-01,2025-06-30
241345,89.0,87.0,86.0,66.0,93.0,89.0,82.0,86.0,112.0,34.0,2024-07-01,2025-06-30
241346,95.0,91.0,89.0,63.0,93.0,88.0,81.0,89.0,92.0,35.0,2024-07-01,2025-06-30
241347,,,,,,,,,,,2024-07-01,2025-06-30
241348,81.0,90.0,91.0,87.0,92.0,77.0,76.0,69.0,28.0,40.0,2024-07-01,2025-06-30
241349,89.0,84.0,86.0,63.0,96.0,86.0,73.0,82.0,67.0,33.0,2024-07-01,2025-06-30
241350,67.0,77.0,80.0,55.0,87.0,68.0,60.0,65.0,91.0,23.0,2024-07-01,2025-06-30
241351,70.0,81.0,90.0,73.0,90.0,73.0,71.0,62.0,85.0,31.0,2024-07-01,2025-06-30
241353,70.0,87.0,85.0,69.0,91.0,84.0,69.0,86.0,430.0,34.0,2024-07-01,2025-06-30
241354,74.0,84.0,84.0,63.0,87.0,83.0,72.0,70.0,133.0,29.0,2024-07-01,2025-06-30
241355,84.0,83.0,85.0,63.0,95.0,82.0,65.0,78.0,150.0,30.0,2024-07-01,2025-06-30
241356,92.0,85.0,86.0,62.0,95.0,71.0,80.0,73.0,43.0,24.0,2024-07-01,2025-06-30
241357,83.0,84.0,91.0,62.0,88.0,74.0,65.0,74.0,58.0,27.0,2024-07-01,2025-06-30
241358,,,,,,,,,,,2024-07-01,2025-06-30
241359,78.0,81.0,83.0,61.0,90.0,65.0,64.0,58.0,245.0,29.0,2024-07-01,2025-06-30
241360,70.0,82.0,83.0,61.0,83.0,78.0,78.0,80.0,46.0,27.0,2024-07-01,2025-06-30
241361,81.0,85.0,85.0,68.0,94.0,81.0,65.0,78.0,159.0,34.0,2024-07-01,2025-06-30
241362,73.0,84.0,84.0,62.0,89.0,70.0,75.0,73.0,187.0,25.0,2024-07-01,2025-06-30
241363,73.0,84.0,85.0,70.0,90.0,70.0,76.0,75.0,52.0,26.0,2024-07-01,2025-06-30
241364,85.0,85.0,82.0,67.0,87.0,77.0,74.0,84.0,213.0,39.0,2024-07-01,2025-06-30
241365,81.0,90.0,87.0,62.0,80.0,79.0,66.0,72.0,45.0,36.0,2024-07-01,2025-06-30
241366,74.0,83.0,78.0,65.0,88.0,68.0,70.0,73.0,113.0,33.0,2024-07-01,2025-06-30
241367,88.0,84.0,83.0,61.0,92.0,80.0,77.0,78.0,308.0,34.0,2024-07-01,2025-06-30
241368,77.0,76.0,83.0,60.0,86.0,67.0,67.0,62.0,91.0,31.0,2024-07-01,2025-06-30
241369,77.0,84.0,85.0,58.0,89.0,80.0,59.0,82.0,184.0,39.0,2024-07-01,2025-06-30
241370,81.0,82.0,80.0,68.0,91.0,74.0,69.0,69.0,198.0,36.0,2024-07-01,2025-06-30
241371,83.0,80.0,83.0,57.0,88.0,72.0,69.0,75.0,80.0,35.0,2024-07-01,2025-06-30
241372,,,,,,,,,,,2024-07-01,2025-06-30
241373,75.0,87.0,90.0,71.0,92.0,89.0,77.0,91.0,180.0,32.0,2024-07-01,2025-06-30
241374,83.0,82.0,86.0,67.0,93.0,87.0,75.0,82.0,85.0,32.0,2024-07-01,2025-06-30
241375,,,,,,,,,,,2024-07-01,2025-06-30
241376,92.0,89.0,89.0,67.0,90.0,90.0,73.0,87.0,200.0,39.0,2024-07-01,2025-06-30
241377,81.0,81.0,82.0,80.0,92.0,74.0,72.0,73.0,53.0,31.0,2024-07-01,2025-06-30
241378,77.0,87.0,86.0,64.0,92.0,82.0,63.0,77.0,365.0,32.0,2024-07-01,2025-06-30
241379,,,,,,,,,,,2024-07-01,2025-06-30
241380,82.0,89.0,90.0,68.0,91.0,77.0,74.0,77.0,184.0,34.0,2024-07-01,2025-06-30
241381,64.0,83.0,80.0,65.0,83.0,69.0,66.0,67.0,146.0,25.0,2024-07-01,2025-06-30
243300,,,,,,,,,,,2024-07-01,2025-06-30
243302,,,,,,,,,,,2024-07-01,2025-06-30
250001,65.0,80.0,83.0,60.0,84.0,73.0,63.0,74.0,1547.0,13.0,2024-07-01,2025-06-30
250002,85.0,88.0,92.0,76.0,90.0,78.0,76.0,79.0,122.0,23.0,2024-07-01,2025-06-30
250004,71.0,78.0,80.0,59.0,86.0,68.0,67.0,67.0,1049.0,16.0,2024-07-01,2025-06-30
250006,66.0,84.0,86.0,69.0,90.0,73.0,71.0,77.0,372.0,15.0,2024-07-01,2025-06-30
250007,62.0,73.0,77.0,53.0,75.0,44.0,57.0,47.0,182.0,10.0,2024-07-01,2025-06-30
250009,62.0,81.0,83.0,63.0,90.0,76.0,66.0,75.0,417.0,18.0,2024-07-01,2025-06-30
250017,,,,,,,,,,,2024-07-01,2025-06-30
250018,,,,,,,,,,,2024-07-01,2025-06-30
250019,62.0,79.0,77.0,61.0,89.0,64.0,61.0,67.0,397.0,15.0,2024-07-01,2025-06-30
250020,77.0,87.0,83.0,65.0,81.0,81.0,69.0,74.0,120.0,19.0,2024-07-01,2025-06-30
250025,78.0,88.0,89.0,67.0,86.0,81.0,76.0,78.0,299.0,15.0,2024-07-01,2025-06-30
250027,70.0,85.0,83.0,70.0,80.0,68.0,66.0,56.0,38.0,21.0,2024-07-01,2025-06-30
250031,67.0,76.0,78.0,60.0,83.0,61.0,62.0,55.0,265.0,12.0,2024-07-01,2025-06-30
250034,66.0,84.0,82.0,64.0,85.0,76.0,71.0,79.0,632.0,18.0,2024-07-01,2025-06-30
250036,83.0,82.0,85.0,65.0,89.0,77.0,70.0,74.0,116.0,22.0,2024-07-01,2025-06-30
250038,79.0,81.0,83.0,67.0,82.0,74.0,84.0,73.0,137.0,16.0,2024-07-01,2025-06-30
250040,69.0,79.0,78.0,60.0,85.0,70.0,61.0,69.0,1082.0,16.0,2024-07-01,2025-06-30
250042,64.0,73.0,73.0,47.0,86.0,58.0,68.0,49.0,64.0,8.0,2024-07-01,2025-06-30
250043,94.0,93.0,95.0,68.0,87.0,87.0,88.0,87.0,55.0,18.0,2024-07-01,2025-06-30
250044,74.0,92.0,94.0,72.0,93.0,90.0,86.0,90.0,79.0,21.0,2024-07-01,2025-06-30
250048,54.0,79.0,82.0,59.0,79.0,73.0,67.0,72.0,352.0,20.0,2024-07-01,2025-06-30
250049,,,,,,,,,,,2024-07-01,2025-06-30
250050,68.0,74.0,80.0,54.0,84.0,57.0,58.0,59.0,278.0,26.0,2024-07-01,2025-06-30
250057,74.0,79.0,80.0,60.0,88.0,71.0,66.0,74.0,332.0,23.0,2024-07-01,2025-06-30
250058,68.0,78.0,81.0,54.0,85.0,69.0,65.0,69.0,881.0,23.0,2024-07-01,2025-06-30
250061,,,,,,,,,,,2024-07-01,2025-06-30
250067,79.0,82.0,87.0,79.0,86.0,71.0,67.0,71.0,109.0,12.0,2024-07-01,2025-06-30
250069,66.0,79.0,82.0,65.0,87.0,72.0,67.0,69.0,570.0,15.0,2024-07-01,2025-06-30
250072,63.0,78.0,75.0,55.0,81.0,61.0,73.0,48.0,89.0,8.0,2024-07-01,2025-06-30
250077,72.0,77.0,87.0,72.0,80.0,58.0,59.0,52.0,40.0,17.0,2024-07-01,2025-06-30
250078,60.0,82.0,82.0,62.0,84.0,73.0,65.0,76.0,1839.0,16.0,2024-07-01,2025-06-30
250081,,,,,,,,,,,2024-07-01,2025-06-30
250082,69.0,74.0,82.0,58.0,81.0,62.0,64.0,58.0,655.0,31.0,2024-07-01,2025-06-30
250084,69.0,77.0,75.0,57.0,80.0,55.0,61.0,50.0,183.0,10.0,2024-07-01,2025-06-30
250085,84.0,89.0,82.0,67.0,87.0,72.0,72.0,72.0,49.0,22.0,2024-07-01,2025-06-30
250093,63.0,80.0,87.0,63.0,78.0,62.0,63.0,59.0,192.0,11.0,2024-07-01,2025-06-30
250094,53.0,78.0,82.0,59.0,81.0,68.0,61.0,67.0,323.0,13.0,2024-07-01,2025-06-30
250095,73.0,84.0,92.0,69.0,84.0,72.0,71.0,69.0,74.0,15.0,2024-07-01,2025-06-30
250096,59.0,89.0,84.0,68.0,80.0,76.0,85.0,74.0,56.0,11.0,2024-07-01,2025-06-30
250097,74.0,77.0,80.0,59.0,86.0,68.0,67.0,62.0,518.0,22.0,2024-07-01,2025-06-30
250099,78.0,84.0,86.0,69.0,90.0,78.0,69.0,67.0,50.0,10.0,2024-07-01,2025-06-30
250100,74.0,87.0,87.0,66.0,90.0,77.0,73.0,74.0,711.0,17.0,2024-07-01,2025-06-30
250102,61.0,80.0,83.0,60.0,83.0,73.0,71.0,75.0,1211.0,17.0,2024-07-01,2025-06-30
250104,52.0,72.0,77.0,52.0,81.0,56.0,60.0,58.0,760.0,16.0,2024-07-01,2025-06-30
250117,86.0,85.0,83.0,69.0,87.0,77.0,71.0,75.0,78.0,13.0,2024-07-01,2025-06-30
250123,77.0,78.0,82.0,59.0,88.0,73.0,69.0,73.0,272.0,15.0,2024-07-01,2025-06-30
250124,78.0,81.0,81.0,67.0,87.0,72.0,75.0,68.0,39.0,22.0,2024-07-01,2025-06-30
250127,,,,,,,,,,,2024-07-01,2025-06-30
250134,,,,,,,,,,,2024-07-01,2025-06-30
250136,67.0,82.0,84.0,63.0,88.0,73.0,69.0,78.0,113.0,12.0,2024-07-01,2025-06-30
250138,49.0,67.0,74.0,52.0,75.0,52.0,59.0,52.0,514.0,13.0,2024-07-01,2025-06-30
250141,54.0,76.0,74.0,56.0,83.0,66.0,60.0,67.0,912.0,16.0,2024-07-01,2025-06-30
250151,,,,,,,,,,,2024-07-01,2025-06-30
250152,,,,,,,,,,,2024-07-01,2025-06-30
250162,75.0,85.0,81.0,59.0,91.0,73.0,65.0,73.0,171.0,18.0,2024-07-01,2025-06-30
250167,65.0,79.0,81.0,60.0,82.0,73.0,67.0,76.0,520.0,15.0,2024-07-01,2025-06-30
250168,82.0,81.0,86.0,74.0,89.0,73.0,78.0,65.0,142.0,11.0,2024-07-01,2025-06-30
250172,78.0,89.0,92.0,79.0,92.0,85.0,75.0,82.0,61.0,30.0,2024-07-01,2025-06-30
250174,,,,,,,,,,,2024-07-01,2025-06-30
25039F,85.0,90.0,88.0,75.0,94.0,91.0,80.0,92.0,353.0,33.0,2024-07-01,2025-06-30
25042F,78.0,86.0,85.0,70.0,85.0,78.0,75.0,79.0,281.0,33.0,2024-07-01,2025-06-30
25043F,72.0,78.0,85.0,71.0,87.0,73.0,67.0,68.0,425.0,28.0,2024-07-01,2025-06-30
250780,,,,,,,,,,,2024-07-01,2025-06-30
250781,,,,,,,,,,,2024-07-01,2025-06-30
250782,,,,,,,,,,,2024-07-01,2025-06-30
250783,,,,,,,,,,,2024-07-01,2025-06-30
250784,,,,,,,,,,,2024-07-01,2025-06-30
250785,,,,,,,,,,,2024-07-01,2025-06-30
250786,,,,,,,,,,,2024-07-01,2025-06-30
251300,67.0,84.0,88.0,76.0,83.0,55.0,54.0,58.0,29.0,23.0,2024-07-01,2025-06-30
251302,,,,,,,,,,,2024-07-01,2025-06-30
251304,95.0,96.0,98.0,82.0,94.0,90.0,88.0,93.0,90.0,40.0,2024-07-01,2025-06-30
251305,,,,,,,,,,,2024-07-01,2025-06-30
251307,,,,,,,,,,,2024-07-01,2025-06-30
251308,86.0,94.0,94.0,80.0,89.0,90.0,79.0,89.0,55.0,17.0,2024-07-01,2025-06-30
251309,,,,,,,,,,,2024-07-01,2025-06-30
251312,,,,,,,,,,,2024-07-01,2025-06-30
251313,72.0,85.0,80.0,60.0,78.0,67.0,77.0,65.0,47.0,18.0,2024-07-01,2025-06-30
251315,69.0,89.0,92.0,71.0,88.0,78.0,79.0,73.0,41.0,18.0,2024-07-01,2025-06-30
251316,83.0,83.0,86.0,72.0,90.0,84.0,66.0,85.0,52.0,22.0,2024-07-01,2025-06-30
251317,78.0,85.0,92.0,71.0,83.0,67.0,72.0,68.0,32.0,22.0,2024-07-01,2025-06-30
251318,81.0,90.0,91.0,80.0,92.0,86.0,87.0,83.0,31.0,27.0,2024-07-01,2025-06-30
251319,,,,,,,,,,,2024-07-01,2025-06-30
251320,,,,,,,,,,,2024-07-01,2025-06-30
251322,90.0,91.0,88.0,68.0,87.0,87.0,81.0,91.0,37.0,24.0,2024-07-01,2025-06-30
251323,89.0,95.0,89.0,75.0,98.0,76.0,65.0,86.0,37.0,24.0,2024-07-01,2025-06-30
251324,,,,,,,,,,,2024-07-01,2025-06-30
251325,,,,,,,,,,,2024-07-01,2025-06-30
251326,,,,,,,,,,,2024-07-01,2025-06-30
251327,76.0,76.0,79.0,53.0,86.0,76.0,75.0,87.0,37.0,16.0,2024-07-01,2025-06-30
251330,,,,,,,,,,,2024-07-01,2025-06-30
251331,,,,,,,,,,,2024-07-01,2025-06-30
251333,,,,,,,,,,,2024-07-01,2025-06-30
251334,97.0,88.0,93.0,83.0,97.0,83.0,80.0,84.0,58.0,26.0,2024-07-01,2025-06-30
251335,69.0,92.0,90.0,86.0,98.0,89.0,87.0,85.0,34.0,22.0,2024-07-01,2025-06-30
251336,86.0,81.0,83.0,78.0,77.0,82.0,74.0,69.0,40.0,18.0,2024-07-01,2025-06-30
251337,91.0,94.0,91.0,64.0,96.0,82.0,86.0,83.0,30.0,20.0,2024-07-01,2025-06-30
251339,,,,,,,,,,,2024-07-01,2025-06-30
260001,70.0,73.0,76.0,54.0,86.0,70.0,57.0,75.0,445.0,20.0,2024-07-01,2025-06-30
260005,64.0,78.0,74.0,59.0,86.0,67.0,50.0,63.0,553.0,26.0,2024-07-01,2025-06-30
260006,70.0,77.0,81.0,57.0,89.0,67.0,59.0,64.0,1177.0,23.0,2024-07-01,2025-06-30
260009,72.0,77.0,78.0,58.0,87.0,65.0,57.0,61.0,319.0,23.0,2024-07-01,2025-06-30
260011,74.0,78.0,80.0,60.0,91.0,77.0,63.0,75.0,565.0,25.0,2024-07-01,2025-06-30
260017,71.0,75.0,74.0,57.0,87.0,71.0,56.0,72.0,510.0,16.0,2024-07-01,2025-06-30
260020,54.0,79.0,79.0,58.0,87.0,74.0,59.0,77.0,1387.0,20.0,2024-07-01,2025-06-30
260022,65.0,77.0,76.0,54.0,84.0,63.0,56.0,55.0,317.0,21.0,2024-07-01,2025-06-30
260023,78.0,81.0,80.0,60.0,88.0,77.0,65.0,77.0,476.0,22.0,2024-07-01,2025-06-30
260024,87.0,87.0,85.0,56.0,91.0,76.0,69.0,67.0,138.0,23.0,2024-07-01,2025-06-30
260025,70.0,80.0,76.0,57.0,88.0,69.0,50.0,68.0,865.0,23.0,2024-07-01,2025-06-30
260027,63.0,68.0,71.0,52.0,81.0,58.0,51.0,57.0,614.0,17.0,2024-07-01,2025-06-30
26002F,85.0,84.0,79.0,66.0,88.0,78.0,83.0,72.0,152.0,21.0,2024-07-01,2025-06-30
260032,64.0,78.0,79.0,58.0,90.0,74.0,55.0,79.0,6685.0,36.0,2024-07-01,2025-06-30
260034,79.0,91.0,91.0,82.0,88.0,88.0,73.0,83.0,74.0,26.0,2024-07-01,2025-06-30
260040,62.0,73.0,75.0,54.0,87.0,67.0,49.0,71.0,1243.0,21.0,2024-07-01,2025-06-30
260048,65.0,71.0,73.0,53.0,83.0,64.0,51.0,61.0,1161.0,15.0,2024-07-01,2025-06-30
26004F,71.0,78.0,79.0,69.0,85.0,69.0,55.0,69.0,460.0,30.0,2024-07-01,2025-06-30
260052,65.0,75.0,73.0,53.0,89.0,67.0,46.0,66.0,382.0,20.0,2024-07-01,2025-06-30
260057,69.0,74.0,77.0,51.0,89.0,65.0,53.0,59.0,181.0,30.0,2024-07-01,2025-06-30
260059,75.0,79.0,75.0,58.0,85.0,67.0,59.0,62.0,262.0,18.0,2024-07-01,2025-06-30
260061,73.0,80.0,77.0,63.0,87.0,71.0,66.0,64.0,97.0,17.0,2024-07-01,2025-06-30
260062,76.0,79.0,78.0,63.0,89.0,74.0,61.0,75.0,1007.0,23.0,2024-07-01,2025-06-30
260065,65.0,73.0,73.0,50.0,88.0,68.0,48.0,69.0,1525.0,21.0,2024-07-01,2025-06-30
260068,68.0,77.0,78.0,55.0,88.0,74.0,59.0,78.0,1453.0,31.0,2024-07-01,2025-06-30
260070,35.0,69.0,87.0,63.0,59.0,51.0,62.0,41.0,27.0,10.0,2024-07-01,2025-06-30
260074,73.0,80.0,79.0,56.0,87.0,66.0,56.0,61.0,125.0,21.0,2024-07-01,2025-06-30
260077,58.0,71.0,71.0,49.0,85.0,65.0,53.0,63.0,1372.0,20.0,2024-07-01,2025-06-30
260078,68.0,80.0,82.0,59.0,86.0,67.0,54.0,56.0,361.0,16.0,2024-07-01,2025-06-30
26007F,86.0,92.0,90.0,85.0,95.0,79.0,72.0,75.0,53.0,34.0,2024-07-01,2025-06-30
260081,62.0,78.0,75.0,57.0,84.0,74.0,67.0,75.0,514.0,25.0,2024-07-01,2025-06-30
260085,69.0,66.0,70.0,45.0,81.0,61.0,46.0,62.0,455.0,27.0,2024-07-01,2025-06-30
260091,58.0,76.0,76.0,57.0,82.0,62.0,59.0,62.0,807.0,14.0,2024-07-01,2025-06-30
260094,72.0,79.0,78.0,57.0,87.0,71.0,54.0,70.0,630.0,24.0,2024-07-01,2025-06-30
260095,67.0,72.0,69.0,53.0,86.0,62.0,57.0,58.0,663.0,20.0,2024-07-01,2025-06-30
260096,68.0,77.0,76.0,59.0,87.0,74.0,57.0,75.0,505.0,18.0,2024-07-01,2025-06-30
260097,79.0,80.0,79.0,64.0,90.0,70.0,60.0,68.0,267.0,17.0,2024-07-01,2025-06-30
26009F,65.0,77.0,82.0,67.0,86.0,64.0,52.0,64.0,542.0,32.0,2024-07-01,2025-06-30
260102,71.0,69.0,72.0,49.0,84.0,67.0,57.0,67.0,385.0,14.0,2024-07-01,2025-06-30
260104,60.0,71.0,76.0,49.0,82.0,58.0,53.0,55.0,517.0,18.0,2024-07-01,2025-06-30
260105,59.0,71.0,75.0,57.0,83.0,62.0,62.0,64.0,790.0,16.0,2024-07-01,2025-06-30
260108,63.0,79.0,80.0,57.0,89.0,76.0,56.0,81.0,2581.0,36.0,2024-07-01,2025-06-30
260110,64.0,76.0,76.0,57.0,86.0,64.0,59.0,64.0,1124.0,21.0,2024-07-01,2025-06-30
260113,69.0,76.0,79.0,61.0,83.0,59.0,57.0,56.0,287.0,13.0,2024-07-01,2025-06-30
260119,70.0,75.0,77.0,54.0,83.0,61.0,57.0,56.0,543.0,16.0,2024-07-01,2025-06-30
260137,70.0,77.0,76.0,54.0,86.0,68.0,53.0,70.0,614.0,20.0,2024-07-01,2025-06-30
260138,76.0,81.0,80.0,63.0,90.0,78.0,65.0,78.0,2886.0,22.0,2024-07-01,2025-06-30
260141,66.0,74.0,73.0,55.0,86.0,65.0,59.0,70.0,1583.0,26.0,2024-07-01,2025-06-30
260142,67.0,74.0,80.0,57.0,87.0,69.0,60.0,60.0,287.0,29.0,2024-07-01,2025-06-30
260160,64.0,83.0,87.0,61.0,88.0,71.0,78.0,79.0,90.0,20.0,2024-07-01,2025-06-30
260162,76.0,82.0,81.0,61.0,90.0,84.0,81.0,87.0,459.0,36.0,2024-07-01,2025-06-30
260163,75.0,79.0,83.0,59.0,90.0,71.0,54.0,68.0,477.0,30.0,2024-07-01,2025-06-30
260175,74.0,81.0,80.0,61.0,89.0,70.0,63.0,68.0,407.0,23.0,2024-07-01,2025-06-30
260176,73.0,82.0,84.0,65.0,92.0,79.0,57.0,80.0,319.0,29.0,2024-07-01,2025-06-30
260177,72.0,78.0,78.0,61.0,88.0,72.0,51.0,70.0,1017.0,22.0,2024-07-01,2025-06-30
260179,71.0,79.0,79.0,58.0,90.0,79.0,60.0,78.0,1757.0,31.0,2024-07-01,2025-06-30
260180,71.0,76.0,78.0,57.0,86.0,66.0,68.0,66.0,1829.0,29.0,2024-07-01,2025-06-30
260183,73.0,78.0,80.0,55.0,87.0,78.0,59.0,80.0,346.0,21.0,2024-07-01,2025-06-30
260186,71.0,80.0,81.0,63.0,89.0,73.0,58.0,69.0,728.0,22.0,2024-07-01,2025-06-30
260190,73.0,77.0,76.0,58.0,86.0,72.0,63.0,72.0,516.0,24.0,2024-07-01,2025-06-30
260191,51.0,77.0,77.0,54.0,87.0,65.0,55.0,68.0,740.0,33.0,2024-07-01,2025-06-30
260193,70.0,71.0,72.0,55.0,78.0,66.0,50.0,63.0,435.0,27.0,2024-07-01,2025-06-30
260195,79.0,76.0,81.0,59.0,88.0,69.0,49.0,69.0,365.0,19.0,2024-07-01,2025-06-30
260200,55.0,77.0,74.0,52.0,84.0,64.0,59.0,64.0,575.0,21.0,2024-07-01,2025-06-30
260214,69.0,74.0,70.0,51.0,77.0,58.0,61.0,58.0,444.0,20.0,2024-07-01,2025-06-30
260216,69.0,79.0,78.0,59.0,90.0,76.0,63.0,79.0,2510.0,26.0,2024-07-01,2025-06-30
260219,64.0,81.0,78.0,64.0,91.0,75.0,64.0,82.0,500.0,34.0,2024-07-01,2025-06-30
26023F,81.0,86.0,81.0,70.0,89.0,86.0,68.0,86.0,514.0,44.0,2024-07-01,2025-06-30
260779,,,,,,,,,,,2024-07-01,2025-06-30
261301,92.0,82.0,87.0,77.0,93.0,85.0,52.0,79.0,26.0,26.0,2024-07-01,2025-06-30
261302,65.0,72.0,73.0,56.0,80.0,59.0,61.0,55.0,80.0,26.0,2024-07-01,2025-06-30
261303,83.0,79.0,80.0,47.0,92.0,75.0,71.0,81.0,51.0,21.0,2024-07-01,2025-06-30
261305,,,,,,,,,,,2024-07-01,2025-06-30
261306,,,,,,,,,,,2024-07-01,2025-06-30
261307,,,,,,,,,,,2024-07-01,2025-06-30
261308,66.0,75.0,75.0,60.0,85.0,70.0,62.0,62.0,65.0,17.0,2024-07-01,2025-06-30
261309,81.0,88.0,84.0,64.0,85.0,84.0,83.0,65.0,48.0,33.0,2024-07-01,2025-06-30
261310,80.0,78.0,87.0,54.0,83.0,67.0,58.0,62.0,70.0,25.0,2024-07-01,2025-06-30
261311,76.0,74.0,87.0,60.0,89.0,72.0,57.0,64.0,193.0,21.0,2024-07-01,2025-06-30
261312,66.0,88.0,89.0,65.0,84.0,63.0,68.0,59.0,62.0,40.0,2024-07-01,2025-06-30
261313,,,,,,,,,,,2024-07-01,2025-06-30
261314,,,,,,,,,,,2024-07-01,2025-06-30
261316,73.0,84.0,91.0,69.0,89.0,78.0,67.0,83.0,176.0,25.0,2024-07-01,2025-06-30
261317,81.0,87.0,94.0,69.0,85.0,90.0,71.0,81.0,68.0,22.0,2024-07-01,2025-06-30
261318,83.0,87.0,85.0,80.0,79.0,70.0,62.0,67.0,37.0,17.0,2024-07-01,2025-06-30
261319,73.0,73.0,74.0,63.0,84.0,73.0,68.0,69.0,184.0,23.0,2024-07-01,2025-06-30
261320,87.0,87.0,87.0,75.0,94.0,82.0,63.0,81.0,132.0,25.0,2024-07-01,2025-06-30
261321,84.0,88.0,90.0,64.0,95.0,77.0,61.0,72.0,122.0,32.0,2024-07-01,2025-06-30
261322,94.0,92.0,88.0,66.0,88.0,84.0,84.0,68.0,38.0,25.0,2024-07-01,2025-06-30
261323,90.0,98.0,83.0,73.0,84.0,78.0,74.0,73.0,26.0,26.0,2024-07-01,2025-06-30
261324,71.0,79.0,76.0,62.0,85.0,73.0,62.0,71.0,112.0,21.0,2024-07-01,2025-06-30
261325,92.0,90.0,88.0,77.0,95.0,88.0,69.0,81.0,116.0,30.0,2024-07-01,2025-06-30
261327,,,,,,,,,,,2024-07-01,2025-06-30
261328,90.0,90.0,89.0,79.0,93.0,70.0,79.0,77.0,37.0,24.0,2024-07-01,2025-06-30
261329,93.0,84.0,88.0,66.0,94.0,89.0,75.0,85.0,186.0,30.0,2024-07-01,2025-06-30
261330,80.0,80.0,77.0,60.0,82.0,71.0,68.0,71.0,53.0,16.0,2024-07-01,2025-06-30
261331,73.0,86.0,87.0,65.0,92.0,80.0,66.0,78.0,130.0,24.0,2024-07-01,2025-06-30
261332,91.0,78.0,83.0,73.0,92.0,85.0,68.0,67.0,38.0,25.0,2024-07-01,2025-06-30
261333,97.0,90.0,89.0,78.0,91.0,75.0,56.0,75.0,50.0,36.0,2024-07-01,2025-06-30
261335,90.0,80.0,86.0,70.0,77.0,89.0,84.0,86.0,30.0,24.0,2024-07-01,2025-06-30
261336,,,,,,,,,,,2024-07-01,2025-06-30
261337,83.0,81.0,81.0,55.0,87.0,77.0,64.0,76.0,318.0,25.0,2024-07-01,2025-06-30
261338,87.0,76.0,76.0,55.0,90.0,82.0,66.0,82.0,165.0,20.0,2024-07-01,2025-06-30
261340,,,,,,,,,,,2024-07-01,2025-06-30
263301,,,,,,,,,,,2024-07-01,2025-06-30
263302,,,,,,,,,,,2024-07-01,2025-06-30
263303,,,,,,,,,,,2024-07-01,2025-06-30
263304,,,,,,,,,,,2024-07-01,2025-06-30
270003,62.0,79.0,82.0,58.0,87.0,63.0,56.0,56.0,702.0,24.0,2024-07-01,2025-06-30
270004,60.0,76.0,76.0,57.0,86.0,69.0,57.0,72.0,1329.0,26.0,2024-07-01,2025-06-30
270012,63.0,73.0,75.0,54.0,83.0,63.0,56.0,61.0,375.0,22.0,2024-07-01,2025-06-30
270014,66.0,82.0,84.0,63.0,87.0,78.0,55.0,81.0,411.0,34.0,2024-07-01,2025-06-30
270017,71.0,81.0,81.0,63.0,90.0,73.0,62.0,65.0,392.0,22.0,2024-07-01,2025-06-30
270023,63.0,73.0,76.0,55.0,87.0,63.0,54.0,68.0,640.0,20.0,2024-07-01,2025-06-30
27003F,76.0,88.0,89.0,84.0,94.0,81.0,68.0,85.0,189.0,39.0,2024-07-01,2025-06-30
270049,65.0,79.0,78.0,59.0,88.0,77.0,58.0,77.0,1057.0,24.0,2024-07-01,2025-06-30
270051,71.0,75.0,75.0,52.0,87.0,69.0,55.0,66.0,552.0,21.0,2024-07-01,2025-06-30
270057,73.0,83.0,79.0,64.0,90.0,74.0,62.0,74.0,600.0,24.0,2024-07-01,2025-06-30
270074,,,,,,,,,,,2024-07-01,2025-06-30
270086,77.0,79.0,79.0,64.0,92.0,76.0,61.0,81.0,303.0,40.0,2024-07-01,2025-06-30
271300,,,,,,,,,,,2024-07-01,2025-06-30
271301,,,,,,,,,,,2024-07-01,2025-06-30
271302,,,,,,,,,,,2024-07-01,2025-06-30
271303,,,,,,,,,,,2024-07-01,2025-06-30
271304,,,,,,,,,,,2024-07-01,2025-06-30
271305,,,,,,,,,,,2024-07-01,2025-06-30
271306,,,,,,,,,,,2024-07-01,2025-06-30
271307,,,,,,,,,,,2024-07-01,2025-06-30
271308,,,,,,,,,,,2024-07-01,2025-06-30
271309,,,,,,,,,,,2024-07-01,2025-06-30
271310,,,,,,,,,,,2024-07-01,2025-06-30
271311,,,,,,,,,,,2024-07-01,2025-06-30
271312,,,,,,,,,,,2024-07-01,2025-06-30
271313,,,,,,,,,,,2024-07-01,2025-06-30
271314,,,,,,,,,,,2024-07-01,2025-06-30
271315,,,,,,,,,,,2024-07-01,2025-06-30
271316,77.0,77.0,78.0,52.0,93.0,68.0,52.0,74.0,57.0,19.0,2024-07-01,2025-06-30
271317,78.0,83.0,83.0,66.0,89.0,78.0,59.0,78.0,129.0,22.0,2024-07-01,2025-06-30
271318,73.0,81.0,87.0,64.0,87.0,78.0,63.0,75.0,71.0,26.0,2024-07-01,2025-06-30
271319,,,,,,,,,,,2024-07-01,2025-06-30
271320,84.0,84.0,81.0,60.0,87.0,81.0,62.0,81.0,151.0,28.0,2024-07-01,2025-06-30
271321,,,,,,,,,,,2024-07-01,2025-06-30
271322,,,,,,,,,,,2024-07-01,2025-06-30
271323,91.0,85.0,82.0,70.0,90.0,79.0,65.0,81.0,72.0,30.0,2024-07-01,2025-06-30
271324,,,,,,,,,,,2024-07-01,2025-06-30
271325,85.0,83.0,75.0,55.0,91.0,80.0,85.0,69.0,65.0,18.0,2024-07-01,2025-06-30
271326,,,,,,,,,,,2024-07-01,2025-06-30
271327,,,,,,,,,,,2024-07-01,2025-06-30
271328,,,,,,,,,,,2024-07-01,2025-06-30
271329,,,,,,,,,,,2024-07-01,2025-06-30
271330,95.0,86.0,79.0,54.0,90.0,69.0,59.0,79.0,36.0,28.0,2024-07-01,2025-06-30
271331,86.0,98.0,99.0,84.0,93.0,85.0,57.0,95.0,36.0,43.0,2024-07-01,2025-06-30
271332,68.0,87.0,81.0,65.0,87.0,71.0,66.0,69.0,108.0,24.0,2024-07-01,2025-06-30
271333,86.0,91.0,77.0,73.0,90.0,80.0,51.0,83.0,29.0,38.0,2024-07-01,2025-06-30
271334,,,,,,,,,,,2024-07-01,2025-06-30
271335,79.0,86.0,92.0,82.0,91.0,80.0,71.0,85.0,168.0,30.0,2024-07-01,2025-06-30
271336,79.0,80.0,78.0,60.0,89.0,80.0,65.0,80.0,217.0,18.0,2024-07-01,2025-06-30
271337,,,,,,,,,,,2024-07-01,2025-06-30
271338,,,,,,,,,,,2024-07-01,2025-06-30
271339,,,,,,,,,,,2024-07-01,2025-06-30
271340,76.0,82.0,85.0,61.0,92.0,77.0,56.0,73.0,293.0,31.0,2024-07-01,2025-06-30
271341,,,,,,,,,,,2024-07-01,2025-06-30
271342,,,,,,,,,,,2024-07-01,2025-06-30
271343,80.0,86.0,86.0,67.0,86.0,80.0,69.0,74.0,85.0,22.0,2024-07-01,2025-06-30
271344,78.0,83.0,80.0,61.0,89.0,76.0,68.0,81.0,209.0,21.0,2024-07-01,2025-06-30
271345,69.0,78.0,82.0,64.0,87.0,66.0,61.0,62.0,116.0,30.0,2024-07-01,2025-06-30
271346,,,,,,,,,,,2024-07-01,2025-06-30
271347,74.0,83.0,85.0,74.0,90.0,72.0,62.0,68.0,143.0,25.0,2024-07-01,2025-06-30
271348,,,,,,,,,,,2024-07-01,2025-06-30
271389,,,,,,,,,,,2024-07-01,2025-06-30
280003,68.0,80.0,79.0,60.0,89.0,76.0,54.0,80.0,446.0,28.0,2024-07-01,2025-06-30
280009,68.0,78.0,77.0,60.0,90.0,72.0,57.0,73.0,713.0,27.0,2024-07-01,2025-06-30
280013,68.0,75.0,78.0,57.0,87.0,69.0,57.0,72.0,4477.0,22.0,2024-07-01,2025-06-30
280020,68.0,73.0,75.0,55.0,89.0,64.0,55.0,67.0,612.0,20.0,2024-07-01,2025-06-30
280023,75.0,79.0,79.0,60.0,89.0,70.0,64.0,63.0,412.0,22.0,2024-07-01,2025-06-30
280032,77.0,78.0,77.0,60.0,87.0,73.0,63.0,67.0,538.0,25.0,2024-07-01,2025-06-30
280040,65.0,83.0,81.0,63.0,89.0,81.0,59.0,83.0,3596.0,27.0,2024-07-01,2025-06-30
280059,,,,,,,,,,,2024-07-01,2025-06-30
280060,61.0,73.0,73.0,54.0,89.0,63.0,55.0,59.0,616.0,18.0,2024-07-01,2025-06-30
280061,61.0,70.0,74.0,46.0,83.0,50.0,51.0,46.0,518.0,20.0,2024-07-01,2025-06-30
280065,73.0,71.0,76.0,53.0,83.0,61.0,61.0,59.0,684.0,25.0,2024-07-01,2025-06-30
28006F,73.0,82.0,83.0,72.0,89.0,74.0,56.0,73.0,422.0,33.0,2024-07-01,2025-06-30
280077,75.0,77.0,75.0,58.0,91.0,72.0,70.0,66.0,445.0,25.0,2024-07-01,2025-06-30
280081,70.0,77.0,77.0,59.0,88.0,68.0,55.0,65.0,775.0,16.0,2024-07-01,2025-06-30
280105,79.0,85.0,82.0,65.0,83.0,72.0,62.0,72.0,234.0,26.0,2024-07-01,2025-06-30
280111,82.0,81.0,81.0,62.0,90.0,75.0,61.0,70.0,277.0,22.0,2024-07-01,2025-06-30
280125,77.0,83.0,75.0,64.0,91.0,72.0,67.0,66.0,422.0,30.0,2024-07-01,2025-06-30
280127,86.0,90.0,87.0,64.0,93.0,85.0,77.0,82.0,58.0,52.0,2024-07-01,2025-06-30
280128,83.0,89.0,82.0,65.0,88.0,83.0,58.0,84.0,582.0,42.0,2024-07-01,2025-06-30
280129,84.0,87.0,88.0,77.0,92.0,86.0,78.0,89.0,156.0,43.0,2024-07-01,2025-06-30
280130,71.0,78.0,77.0,59.0,87.0,66.0,64.0,66.0,555.0,21.0,2024-07-01,2025-06-30
280131,83.0,89.0,88.0,74.0,92.0,89.0,85.0,88.0,265.0,62.0,2024-07-01,2025-06-30
280132,78.0,77.0,80.0,64.0,87.0,73.0,68.0,75.0,1040.0,30.0,2024-07-01,2025-06-30
280133,77.0,86.0,88.0,72.0,94.0,80.0,68.0,86.0,475.0,52.0,2024-07-01,2025-06-30
280134,65.0,78.0,79.0,57.0,88.0,77.0,61.0,79.0,766.0,34.0,2024-07-01,2025-06-30
280139,63.0,76.0,81.0,58.0,84.0,72.0,63.0,74.0,594.0,30.0,2024-07-01,2025-06-30
280779,,,,,,,,,,,2024-07-01,2025-06-30
281300,87.0,84.0,86.0,82.0,90.0,78.0,74.0,70.0,25.0,34.0,2024-07-01,2025-06-30
281301,89.0,77.0,79.0,63.0,87.0,78.0,66.0,80.0,45.0,26.0,2024-07-01,2025-06-30
281302,,,,,,,,,,,2024-07-01,2025-06-30
281303,,,,,,,,,,,2024-07-01,2025-06-30
281304,90.0,91.0,89.0,72.0,86.0,86.0,79.0,80.0,105.0,38.0,2024-07-01,2025-06-30
281305,87.0,86.0,84.0,85.0,82.0,75.0,84.0,78.0,33.0,36.0,2024-07-01,2025-06-30
281306,88.0,86.0,92.0,78.0,90.0,91.0,90.0,94.0,36.0,38.0,2024-07-01,2025-06-30
281307,82.0,87.0,81.0,67.0,97.0,73.0,89.0,84.0,26.0,36.0,2024-07-01,2025-06-30
281308,89.0,97.0,98.0,83.0,93.0,100.0,79.0,100.0,31.0,42.0,2024-07-01,2025-06-30
281309,88.0,93.0,97.0,76.0,98.0,91.0,90.0,94.0,29.0,33.0,2024-07-01,2025-06-30
281310,,,,,,,,,,,2024-07-01,2025-06-30
281311,,,,,,,,,,,2024-07-01,2025-06-30
281312,,,,,,,,,,,2024-07-01,2025-06-30
281313,85.0,83.0,84.0,74.0,87.0,81.0,71.0,78.0,39.0,25.0,2024-07-01,2025-06-30
281314,96.0,87.0,94.0,71.0,87.0,81.0,88.0,95.0,26.0,34.0,2024-07-01,2025-06-30
281315,83.0,86.0,87.0,63.0,94.0,83.0,71.0,87.0,127.0,46.0,2024-07-01,2025-06-30
281316,,,,,,,,,,,2024-07-01,2025-06-30
281318,75.0,92.0,95.0,75.0,91.0,90.0,87.0,84.0,25.0,35.0,2024-07-01,2025-06-30
281319,91.0,92.0,94.0,73.0,97.0,86.0,70.0,76.0,38.0,34.0,2024-07-01,2025-06-30
281320,74.0,83.0,85.0,65.0,88.0,78.0,67.0,87.0,26.0,38.0,2024-07-01,2025-06-30
281322,89.0,89.0,87.0,63.0,92.0,82.0,67.0,80.0,92.0,38.0,2024-07-01,2025-06-30
281323,,,,,,,,,,,2024-07-01,2025-06-30
281324,,,,,,,,,,,2024-07-01,2025-06-30
281325,,,,,,,,,,,2024-07-01,2025-06-30
281326,90.0,81.0,85.0,71.0,77.0,92.0,74.0,79.0,42.0,36.0,2024-07-01,2025-06-30
281327,89.0,82.0,82.0,68.0,90.0,79.0,81.0,81.0,49.0,37.0,2024-07-01,2025-06-30
281328,79.0,89.0,92.0,67.0,91.0,94.0,74.0,91.0,75.0,37.0,2024-07-01,2025-06-30
281329,82.0,87.0,88.0,60.0,87.0,78.0,73.0,79.0,129.0,32.0,2024-07-01,2025-06-30
281331,,,,,,,,,,,2024-07-01,2025-06-30
281332,93.0,86.0,88.0,63.0,83.0,83.0,66.0,81.0,75.0,38.0,2024-07-01,2025-06-30
281333,,,,,,,,,,,2024-07-01,2025-06-30
281334,91.0,92.0,95.0,72.0,90.0,95.0,73.0,90.0,107.0,41.0,2024-07-01,2025-06-30
281335,94.0,94.0,95.0,75.0,91.0,82.0,74.0,89.0,34.0,34.0,2024-07-01,2025-06-30
281336,78.0,79.0,82.0,72.0,93.0,79.0,67.0,71.0,208.0,37.0,2024-07-01,2025-06-30
281338,,,,,,,,,,,2024-07-01,2025-06-30
281339,80.0,90.0,93.0,59.0,89.0,89.0,67.0,77.0,84.0,32.0,2024-07-01,2025-06-30
281340,86.0,84.0,82.0,76.0,92.0,74.0,62.0,91.0,30.0,35.0,2024-07-01,2025-06-30
281341,74.0,82.0,89.0,63.0,90.0,79.0,73.0,76.0,87.0,26.0,2024-07-01,2025-06-30
281342,70.0,87.0,84.0,69.0,88.0,81.0,62.0,77.0,75.0,22.0,2024-07-01,2025-06-30
281343,86.0,94.0,98.0,85.0,96.0,92.0,80.0,86.0,42.0,44.0,2024-07-01,2025-06-30
281344,74.0,76.0,85.0,61.0,93.0,72.0,68.0,70.0,93.0,25.0,2024-07-01,2025-06-30
281345,91.0,79.0,85.0,51.0,84.0,81.0,71.0,76.0,58.0,30.0,2024-07-01,2025-06-30
281346,,,,,,,,,,,2024-07-01,2025-06-30
281347,73.0,81.0,91.0,60.0,83.0,80.0,75.0,77.0,55.0,40.0,2024-07-01,2025-06-30
281348,,,,,,,,,,,2024-07-01,2025-06-30
281349,88.0,87.0,89.0,92.0,96.0,89.0,86.0,87.0,50.0,25.0,2024-07-01,2025-06-30
281350,95.0,92.0,96.0,69.0,94.0,78.0,70.0,87.0,34.0,52.0,2024-07-01,2025-06-30
281351,,,,,,,,,,,2024-07-01,2025-06-30
281352,80.0,86.0,94.0,65.0,90.0,91.0,69.0,85.0,126.0,31.0,2024-07-01,2025-06-30
281353,88.0,80.0,85.0,73.0,93.0,73.0,70.0,73.0,27.0,47.0,2024-07-01,2025-06-30
281354,68.0,95.0,91.0,75.0,74.0,79.0,69.0,73.0,34.0,20.0,2024-07-01,2025-06-30
281355,73.0,87.0,84.0,64.0,94.0,89.0,65.0,73.0,42.0,26.0,2024-07-01,2025-06-30
281356,79.0,91.0,85.0,79.0,89.0,92.0,69.0,85.0,46.0,40.0,2024-07-01,2025-06-30
281357,80.0,86.0,86.0,74.0,91.0,78.0,67.0,81.0,103.0,28.0,2024-07-01,2025-06-30
281358,,,,,,,,,,,2024-07-01,2025-06-30
281359,84.0,80.0,75.0,64.0,86.0,79.0,70.0,75.0,111.0,24.0,2024-07-01,2025-06-30
281360,70.0,72.0,77.0,61.0,92.0,68.0,59.0,63.0,128.0,23.0,2024-07-01,2025-06-30
281361,84.0,85.0,80.0,78.0,81.0,78.0,60.0,70.0,67.0,24.0,2024-07-01,2025-06-30
281362,81.0,85.0,87.0,62.0,92.0,83.0,71.0,83.0,303.0,46.0,2024-07-01,2025-06-30
281363,80.0,81.0,83.0,59.0,81.0,77.0,58.0,71.0,95.0,28.0,2024-07-01,2025-06-30
281364,78.0,84.0,81.0,69.0,90.0,77.0,69.0,75.0,174.0,26.0,2024-07-01,2025-06-30
281365,73.0,86.0,80.0,56.0,75.0,74.0,83.0,70.0,48.0,35.0,2024-07-01,2025-06-30
283300,,,,,,,,,,,2024-07-01,2025-06-30
283301,,,,,,,,,,,2024-07-01,2025-06-30
290001,65.0,74.0,74.0,57.0,84.0,68.0,46.0,70.0,1204.0,29.0,2024-07-01,2025-06-30
290003,68.0,70.0,65.0,53.0,79.0,60.0,49.0,60.0,627.0,12.0,2024-07-01,2025-06-30
290005,64.0,67.0,70.0,52.0,78.0,55.0,43.0,58.0,422.0,22.0,2024-07-01,2025-06-30
290007,60.0,68.0,69.0,49.0,81.0,58.0,42.0,60.0,1605.0,12.0,2024-07-01,2025-06-30
290008,74.0,76.0,71.0,54.0,85.0,57.0,66.0,44.0,218.0,17.0,2024-07-01,2025-06-30
290009,76.0,71.0,73.0,55.0,84.0,66.0,47.0,70.0,514.0,27.0,2024-07-01,2025-06-30
290012,,,,,,,,,,,2024-07-01,2025-06-30
290019,77.0,76.0,75.0,58.0,87.0,72.0,48.0,73.0,1290.0,35.0,2024-07-01,2025-06-30
29001F,68.0,83.0,82.0,69.0,90.0,75.0,61.0,79.0,376.0,27.0,2024-07-01,2025-06-30
290021,61.0,70.0,70.0,58.0,80.0,56.0,49.0,57.0,387.0,11.0,2024-07-01,2025-06-30
29002F,78.0,79.0,81.0,68.0,86.0,76.0,51.0,74.0,476.0,35.0,2024-07-01,2025-06-30
290032,72.0,76.0,77.0,61.0,86.0,71.0,48.0,73.0,1047.0,23.0,2024-07-01,2025-06-30
290039,71.0,76.0,70.0,54.0,84.0,70.0,56.0,68.0,611.0,17.0,2024-07-01,2025-06-30
290041,70.0,73.0,68.0,53.0,81.0,64.0,54.0,64.0,532.0,13.0,2024-07-01,2025-06-30
290042,,,,,,,,,,,2024-07-01,2025-06-30
290045,64.0,76.0,69.0,61.0,85.0,67.0,54.0,67.0,420.0,18.0,2024-07-01,2025-06-30
290046,67.0,77.0,72.0,56.0,82.0,67.0,52.0,69.0,593.0,13.0,2024-07-01,2025-06-30
290047,79.0,75.0,73.0,53.0,82.0,72.0,59.0,75.0,681.0,18.0,2024-07-01,2025-06-30
290049,75.0,76.0,77.0,57.0,86.0,71.0,56.0,76.0,537.0,32.0,2024-07-01,2025-06-30
29004F,74.0,82.0,78.0,66.0,86.0,80.0,59.0,81.0,456.0,30.0,2024-07-01,2025-06-30
290053,71.0,82.0,80.0,63.0,85.0,78.0,56.0,81.0,512.0,18.0,2024-07-01,2025-06-30
290054,64.0,69.0,69.0,51.0,79.0,59.0,53.0,59.0,491.0,12.0,2024-07-01,2025-06-30
290057,72.0,69.0,67.0,54.0,79.0,60.0,51.0,61.0,584.0,12.0,2024-07-01,2025-06-30
290058,73.0,85.0,85.0,77.0,93.0,88.0,79.0,87.0,85.0,14.0,2024-07-01,2025-06-30
290062,,,,,,,,,,,2024-07-01,2025-06-30
291300,,,,,,,,,,,2024-07-01,2025-06-30
291301,,,,,,,,,,,2024-07-01,2025-06-30
291302,69.0,76.0,70.0,46.0,84.0,58.0,65.0,58.0,66.0,16.0,2024-07-01,2025-06-30
291303,,,,,,,,,,,2024-07-01,2025-06-30
291304,,,,,,,,,,,2024-07-01,2025-06-30
291306,87.0,86.0,82.0,69.0,90.0,83.0,62.0,83.0,282.0,29.0,2024-07-01,2025-06-30
291307,69.0,74.0,77.0,61.0,87.0,59.0,54.0,56.0,232.0,28.0,2024-07-01,2025-06-30
291308,74.0,78.0,74.0,61.0,83.0,70.0,52.0,49.0,113.0,14.0,2024-07-01,2025-06-30
291309,,,,,,,,,,,2024-07-01,2025-06-30
291311,74.0,72.0,62.0,55.0,74.0,63.0,58.0,55.0,211.0,22.0,2024-07-01,2025-06-30
291312,,,,,,,,,,,2024-07-01,2025-06-30
291313,86.0,83.0,84.0,68.0,86.0,72.0,58.0,71.0,210.0,19.0,2024-07-01,2025-06-30
291314,,,,,,,,,,,2024-07-01,2025-06-30
300001,61.0,79.0,79.0,61.0,89.0,70.0,48.0,74.0,444.0,26.0,2024-07-01,2025-06-30
300003,70.0,78.0,79.0,60.0,87.0,72.0,46.0,78.0,1815.0,28.0,2024-07-01,2025-06-30
300005,60.0,79.0,80.0,58.0,88.0,65.0,52.0,62.0,497.0,25.0,2024-07-01,2025-06-30
300011,72.0,80.0,76.0,62.0,85.0,70.0,53.0,70.0,1124.0,25.0,2024-07-01,2025-06-30
300012,61.0,82.0,81.0,61.0,87.0,70.0,42.0,79.0,525.0,22.0,2024-07-01,2025-06-30
300014,86.0,84.0,77.0,67.0,93.0,78.0,59.0,71.0,162.0,20.0,2024-07-01,2025-06-30
300017,76.0,81.0,73.0,61.0,86.0,65.0,49.0,61.0,512.0,25.0,2024-07-01,2025-06-30
300018,71.0,81.0,81.0,63.0,92.0,77.0,52.0,82.0,641.0,24.0,2024-07-01,2025-06-30
300019,65.0,77.0,77.0,61.0,88.0,65.0,42.0,67.0,440.0,21.0,2024-07-01,2025-06-30
300020,66.0,78.0,77.0,56.0,86.0,68.0,48.0,70.0,508.0,22.0,2024-07-01,2025-06-30
300023,63.0,80.0,79.0,64.0,89.0,71.0,47.0,71.0,404.0,25.0,2024-07-01,2025-06-30
300029,75.0,77.0,76.0,58.0,85.0,66.0,47.0,68.0,540.0,24.0,2024-07-01,2025-06-30
300034,69.0,82.0,79.0,61.0,89.0,70.0,54.0,69.0,723.0,24.0,2024-07-01,2025-06-30
301300,96.0,94.0,91.0,76.0,97.0,90.0,64.0,90.0,43.0,31.0,2024-07-01,2025-06-30
301301,91.0,87.0,87.0,69.0,89.0,79.0,60.0,72.0,96.0,27.0,2024-07-01,2025-06-30
301302,87.0,88.0,89.0,75.0,89.0,82.0,67.0,80.0,217.0,23.0,2024-07-01,2025-06-30
301303,79.0,92.0,85.0,65.0,90.0,81.0,63.0,80.0,71.0,23.0,2024-07-01,2025-06-30
301304,87.0,81.0,81.0,65.0,88.0,78.0,55.0,78.0,195.0,28.0,2024-07-01,2025-06-30
301305,85.0,87.0,85.0,75.0,92.0,87.0,54.0,91.0,220.0,28.0,2024-07-01,2025-06-30
301306,88.0,77.0,78.0,62.0,96.0,67.0,49.0,62.0,34.0,19.0,2024-07-01,2025-06-30
301307,81.0,86.0,85.0,66.0,89.0,81.0,53.0,79.0,371.0,26.0,2024-07-01,2025-06-30
301308,81.0,80.0,81.0,64.0,89.0,72.0,55.0,69.0,96.0,18.0,2024-07-01,2025-06-30
301309,73.0,82.0,81.0,63.0,89.0,76.0,62.0,71.0,176.0,22.0,2024-07-01,2025-06-30
301310,81.0,83.0,84.0,60.0,94.0,69.0,61.0,62.0,155.0,27.0,2024-07-01,2025-06-30
301311,83.0,88.0,82.0,74.0,93.0,81.0,68.0,72.0,175.0,22.0,2024-07-01,2025-06-30
301312,78.0,85.0,84.0,65.0,90.0,76.0,62.0,76.0,176.0,31.0,2024-07-01,2025-06-30
310001,69.0,76.0,77.0,57.0,86.0,73.0,51.0,74.0,3784.0,16.0,2024-07-01,2025-06-30
310002,66.0,72.0,75.0,58.0,80.0,62.0,54.0,63.0,670.0,8.0,2024-07-01,2025-06-30
310003,74.0,73.0,72.0,51.0,82.0,59.0,51.0,59.0,413.0,10.0,2024-07-01,2025-06-30
310005,66.0,81.0,80.0,59.0,86.0,67.0,47.0,64.0,636.0,22.0,2024-07-01,2025-06-30
310006,75.0,71.0,75.0,54.0,79.0,66.0,56.0,59.0,493.0,27.0,2024-07-01,2025-06-30
310008,76.0,80.0,78.0,56.0,84.0,72.0,49.0,74.0,873.0,19.0,2024-07-01,2025-06-30
310009,71.0,78.0,78.0,62.0,85.0,61.0,42.0,63.0,868.0,13.0,2024-07-01,2025-06-30
310010,73.0,78.0,76.0,62.0,84.0,74.0,56.0,77.0,376.0,22.0,2024-07-01,2025-06-30
310011,,,,,,,,,,,2024-07-01,2025-06-30
310012,84.0,79.0,78.0,59.0,86.0,76.0,69.0,79.0,1402.0,28.0,2024-07-01,2025-06-30
310014,62.0,78.0,78.0,56.0,86.0,69.0,46.0,71.0,1294.0,18.0,2024-07-01,2025-06-30
310015,73.0,79.0,75.0,58.0,87.0,75.0,50.0,80.0,5774.0,30.0,2024-07-01,2025-06-30
310016,73.0,75.0,74.0,55.0,80.0,58.0,53.0,58.0,173.0,9.0,2024-07-01,2025-06-30
310017,70.0,81.0,77.0,62.0,88.0,69.0,54.0,67.0,1361.0,28.0,2024-07-01,2025-06-30
310019,68.0,72.0,74.0,53.0,82.0,58.0,46.0,58.0,1518.0,10.0,2024-07-01,2025-06-30
31001F,67.0,77.0,80.0,64.0,84.0,68.0,58.0,66.0,477.0,23.0,2024-07-01,2025-06-30
310022,66.0,79.0,75.0,56.0,83.0,69.0,54.0,70.0,451.0,18.0,2024-07-01,2025-06-30
310024,73.0,79.0,76.0,63.0,84.0,66.0,54.0,63.0,389.0,16.0,2024-07-01,2025-06-30
310025,62.0,67.0,72.0,52.0,84.0,54.0,51.0,49.0,229.0,11.0,2024-07-01,2025-06-30
310027,64.0,71.0,75.0,56.0,82.0,60.0,47.0,62.0,528.0,11.0,2024-07-01,2025-06-30
310028,80.0,78.0,73.0,57.0,85.0,63.0,46.0,63.0,1034.0,25.0,2024-07-01,2025-06-30
310029,56.0,74.0,73.0,50.0,81.0,59.0,43.0,60.0,497.0,19.0,2024-07-01,2025-06-30
310031,62.0,83.0,80.0,65.0,91.0,77.0,46.0,83.0,967.0,35.0,2024-07-01,2025-06-30
310032,69.0,80.0,76.0,61.0,89.0,64.0,54.0,59.0,1148.0,15.0,2024-07-01,2025-06-30
310034,73.0,82.0,78.0,63.0,85.0,73.0,52.0,74.0,1350.0,20.0,2024-07-01,2025-06-30
310038,72.0,78.0,77.0,61.0,87.0,67.0,44.0,69.0,2813.0,17.0,2024-07-01,2025-06-30
310039,64.0,73.0,70.0,55.0,82.0,59.0,42.0,60.0,976.0,14.0,2024-07-01,2025-06-30
310040,56.0,70.0,71.0,55.0,78.0,50.0,46.0,50.0,165.0,8.0,2024-07-01,2025-06-30
310041,66.0,78.0,72.0,58.0,85.0,61.0,39.0,57.0,2763.0,24.0,2024-07-01,2025-06-30
310044,65.0,71.0,71.0,54.0,85.0,63.0,49.0,67.0,1520.0,16.0,2024-07-01,2025-06-30
310045,73.0,80.0,78.0,60.0,83.0,76.0,55.0,78.0,1668.0,23.0,2024-07-01,2025-06-30
310047,68.0,78.0,77.0,57.0,86.0,66.0,48.0,62.0,376.0,19.0,2024-07-01,2025-06-30
310048,74.0,81.0,77.0,65.0,86.0,70.0,49.0,67.0,1433.0,20.0,2024-07-01,2025-06-30
310050,69.0,69.0,71.0,46.0,83.0,58.0,52.0,58.0,868.0,28.0,2024-07-01,2025-06-30
310051,73.0,76.0,77.0,57.0,85.0,67.0,47.0,70.0,2366.0,24.0,2024-07-01,2025-06-30
310052,71.0,77.0,72.0,56.0,85.0,67.0,44.0,69.0,2279.0,22.0,2024-07-01,2025-06-30
310054,77.0,74.0,75.0,56.0,82.0,61.0,47.0,62.0,570.0,18.0,2024-07-01,2025-06-30
310057,61.0,75.0,73.0,56.0,78.0,59.0,41.0,56.0,419.0,18.0,2024-07-01,2025-06-30
310058,76.0,80.0,78.0,57.0,78.0,67.0,52.0,61.0,55.0,9.0,2024-07-01,2025-06-30
310060,72.0,80.0,81.0,60.0,86.0,73.0,52.0,69.0,535.0,24.0,2024-07-01,2025-06-30
310061,59.0,73.0,74.0,52.0,81.0,58.0,48.0,55.0,389.0,14.0,2024-07-01,2025-06-30
310064,64.0,79.0,76.0,60.0,84.0,66.0,46.0,66.0,534.0,17.0,2024-07-01,2025-06-30
310069,72.0,80.0,78.0,62.0,89.0,70.0,61.0,71.0,1693.0,19.0,2024-07-01,2025-06-30
310070,75.0,80.0,75.0,65.0,86.0,74.0,50.0,77.0,331.0,14.0,2024-07-01,2025-06-30
310073,68.0,76.0,72.0,55.0,83.0,65.0,42.0,69.0,4122.0,21.0,2024-07-01,2025-06-30
310074,69.0,77.0,78.0,60.0,85.0,67.0,50.0,71.0,964.0,10.0,2024-07-01,2025-06-30
310075,73.0,80.0,77.0,64.0,88.0,72.0,52.0,74.0,1717.0,18.0,2024-07-01,2025-06-30
310076,66.0,78.0,77.0,62.0,82.0,66.0,55.0,70.0,2595.0,16.0,2024-07-01,2025-06-30
310083,69.0,64.0,66.0,57.0,66.0,42.0,52.0,44.0,143.0,5.0,2024-07-01,2025-06-30
310084,75.0,78.0,75.0,61.0,84.0,69.0,60.0,66.0,486.0,17.0,2024-07-01,2025-06-30
310086,71.0,78.0,75.0,59.0,84.0,67.0,52.0,65.0,1035.0,20.0,2024-07-01,2025-06-30
310092,61.0,68.0,73.0,56.0,83.0,52.0,47.0,51.0,619.0,13.0,2024-07-01,2025-06-30
310096,71.0,74.0,77.0,50.0,78.0,66.0,56.0,70.0,403.0,29.0,2024-07-01,2025-06-30
310108,68.0,70.0,70.0,53.0,82.0,58.0,39.0,57.0,2000.0,14.0,2024-07-01,2025-06-30
310110,71.0,83.0,80.0,64.0,83.0,67.0,55.0,64.0,1017.0,21.0,2024-07-01,2025-06-30
310111,73.0,78.0,74.0,60.0,83.0,67.0,49.0,62.0,1469.0,24.0,2024-07-01,2025-06-30
310112,68.0,79.0,72.0,57.0,83.0,67.0,45.0,69.0,825.0,19.0,2024-07-01,2025-06-30
310113,68.0,79.0,73.0,60.0,84.0,64.0,40.0,62.0,1413.0,24.0,2024-07-01,2025-06-30
310115,73.0,75.0,70.0,53.0,88.0,61.0,43.0,57.0,482.0,22.0,2024-07-01,2025-06-30
310118,71.0,74.0,73.0,57.0,76.0,63.0,67.0,63.0,357.0,14.0,2024-07-01,2025-06-30
310119,59.0,69.0,75.0,52.0,78.0,56.0,50.0,58.0,797.0,7.0,2024-07-01,2025-06-30
310130,68.0,77.0,75.0,58.0,85.0,67.0,62.0,68.0,414.0,22.0,2024-07-01,2025-06-30
313300,,,,,,,,,,,2024-07-01,2025-06-30
313302,,,,,,,,,,,2024-07-01,2025-06-30
320001,62.0,74.0,77.0,59.0,85.0,63.0,44.0,65.0,1822.0,13.0,2024-07-01,2025-06-30
320002,64.0,78.0,80.0,55.0,83.0,70.0,52.0,71.0,428.0,21.0,2024-07-01,2025-06-30
320004,76.0,78.0,75.0,59.0,87.0,66.0,55.0,65.0,395.0,20.0,2024-07-01,2025-06-30
320005,72.0,70.0,72.0,60.0,83.0,61.0,60.0,56.0,367.0,14.0,2024-07-01,2025-06-30
320006,72.0,69.0,71.0,55.0,80.0,58.0,47.0,55.0,341.0,13.0,2024-07-01,2025-06-30
320009,69.0,76.0,75.0,57.0,81.0,67.0,53.0,66.0,775.0,23.0,2024-07-01,2025-06-30
320011,86.0,83.0,83.0,68.0,86.0,79.0,66.0,79.0,239.0,14.0,2024-07-01,2025-06-30
320017,56.0,71.0,72.0,50.0,81.0,63.0,56.0,65.0,438.0,15.0,2024-07-01,2025-06-30
320018,64.0,73.0,71.0,56.0,82.0,61.0,51.0,62.0,1050.0,18.0,2024-07-01,2025-06-30
320021,67.0,75.0,74.0,55.0,82.0,67.0,55.0,68.0,4517.0,19.0,2024-07-01,2025-06-30
320022,76.0,77.0,72.0,60.0,85.0,64.0,54.0,57.0,287.0,13.0,2024-07-01,2025-06-30
320030,84.0,85.0,81.0,70.0,86.0,78.0,66.0,79.0,67.0,19.0,2024-07-01,2025-06-30
320033,58.0,83.0,76.0,64.0,83.0,57.0,66.0,63.0,124.0,26.0,2024-07-01,2025-06-30
320057,,,,,,,,,,,2024-07-01,2025-06-30
320059,63.0,70.0,75.0,56.0,82.0,70.0,64.0,54.0,129.0,11.0,2024-07-01,2025-06-30
32005F,67.0,80.0,82.0,68.0,87.0,76.0,56.0,75.0,522.0,33.0,2024-07-01,2025-06-30
320060,,,,,,,,,,,2024-07-01,2025-06-30
320061,59.0,58.0,67.0,55.0,77.0,52.0,49.0,41.0,136.0,8.0,2024-07-01,2025-06-30
320062,,,,,,,,,,,2024-07-01,2025-06-30
320063,51.0,72.0,70.0,58.0,79.0,48.0,52.0,44.0,236.0,11.0,2024-07-01,2025-06-30
320065,80.0,85.0,84.0,70.0,87.0,75.0,78.0,71.0,160.0,14.0,2024-07-01,2025-06-30
320074,73.0,77.0,80.0,63.0,86.0,75.0,57.0,71.0,337.0,22.0,2024-07-01,2025-06-30
320084,71.0,82.0,79.0,69.0,88.0,76.0,78.0,68.0,79.0,37.0,2024-07-01,2025-06-30
320085,58.0,72.0,72.0,54.0,79.0,57.0,56.0,53.0,483.0,13.0,2024-07-01,2025-06-30
320086,76.0,81.0,84.0,64.0,81.0,67.0,68.0,67.0,161.0,15.0,2024-07-01,2025-06-30
320090,72.0,77.0,79.0,53.0,81.0,73.0,60.0,75.0,321.0,16.0,2024-07-01,2025-06-30
320091,87.0,83.0,79.0,64.0,87.0,79.0,62.0,84.0,500.0,30.0,2024-07-01,2025-06-30
320779,,,,,,,,,,,2024-07-01,2025-06-30
321300,,,,,,,,,,,2024-07-01,2025-06-30
321301,,,,,,,,,,,2024-07-01,2025-06-30
321302,,,,,,,,,,,2024-07-01,2025-06-30
321304,74.0,77.0,82.0,57.0,72.0,79.0,70.0,81.0,31.0,21.0,2024-07-01,2025-06-30
321305,86.0,90.0,85.0,80.0,88.0,88.0,76.0,87.0,69.0,17.0,2024-07-01,2025-06-30
321306,87.0,80.0,75.0,57.0,85.0,74.0,65.0,75.0,184.0,18.0,2024-07-01,2025-06-30
321307,92.0,86.0,86.0,54.0,87.0,56.0,65.0,62.0,39.0,22.0,2024-07-01,2025-06-30
321308,76.0,82.0,82.0,61.0,86.0,73.0,60.0,84.0,65.0,11.0,2024-07-01,2025-06-30
321309,75.0,80.0,74.0,62.0,88.0,76.0,60.0,68.0,114.0,16.0,2024-07-01,2025-06-30
321310,71.0,79.0,79.0,60.0,81.0,59.0,64.0,58.0,164.0,20.0,2024-07-01,2025-06-30
321311,78.0,87.0,87.0,71.0,89.0,69.0,58.0,65.0,155.0,20.0,2024-07-01,2025-06-30
321312,,,,,,,,,,,2024-07-01,2025-06-30
321313,,,,,,,,,,,2024-07-01,2025-06-30
330005,59.0,75.0,73.0,54.0,86.0,64.0,41.0,67.0,4069.0,27.0,2024-07-01,2025-06-30
330006,71.0,56.0,62.0,49.0,76.0,50.0,44.0,41.0,139.0,9.0,2024-07-01,2025-06-30
330009,71.0,69.0,75.0,53.0,81.0,54.0,50.0,56.0,548.0,7.0,2024-07-01,2025-06-30
330011,68.0,72.0,69.0,56.0,83.0,57.0,50.0,59.0,532.0,28.0,2024-07-01,2025-06-30
330013,52.0,72.0,73.0,52.0,81.0,54.0,36.0,58.0,665.0,22.0,2024-07-01,2025-06-30
330014,71.0,72.0,73.0,55.0,80.0,57.0,53.0,60.0,2034.0,22.0,2024-07-01,2025-06-30
330019,63.0,63.0,64.0,49.0,72.0,46.0,45.0,47.0,352.0,12.0,2024-07-01,2025-06-30
330023,68.0,76.0,74.0,58.0,87.0,68.0,61.0,72.0,2085.0,41.0,2024-07-01,2025-06-30
330024,65.0,75.0,78.0,60.0,85.0,69.0,43.0,70.0,744.0,16.0,2024-07-01,2025-06-30
330027,58.0,61.0,68.0,47.0,73.0,46.0,37.0,49.0,837.0,15.0,2024-07-01,2025-06-30
330028,60.0,69.0,73.0,53.0,80.0,46.0,37.0,45.0,410.0,12.0,2024-07-01,2025-06-30
330030,61.0,79.0,79.0,58.0,86.0,63.0,47.0,65.0,788.0,24.0,2024-07-01,2025-06-30
330033,82.0,82.0,79.0,62.0,89.0,68.0,62.0,65.0,276.0,26.0,2024-07-01,2025-06-30
330043,71.0,77.0,77.0,54.0,85.0,66.0,51.0,66.0,479.0,19.0,2024-07-01,2025-06-30
330044,66.0,72.0,70.0,49.0,83.0,54.0,50.0,52.0,1059.0,27.0,2024-07-01,2025-06-30
330045,74.0,80.0,80.0,63.0,86.0,71.0,45.0,72.0,529.0,21.0,2024-07-01,2025-06-30
330046,66.0,70.0,76.0,55.0,83.0,61.0,51.0,62.0,410.0,12.0,2024-07-01,2025-06-30
330047,65.0,78.0,76.0,60.0,88.0,65.0,40.0,63.0,425.0,21.0,2024-07-01,2025-06-30
330049,77.0,79.0,79.0,61.0,90.0,76.0,57.0,83.0,1649.0,43.0,2024-07-01,2025-06-30
330055,70.0,71.0,76.0,57.0,86.0,64.0,49.0,66.0,930.0,15.0,2024-07-01,2025-06-30
330056,69.0,70.0,73.0,54.0,79.0,56.0,50.0,58.0,310.0,7.0,2024-07-01,2025-06-30
330057,63.0,76.0,75.0,58.0,84.0,68.0,41.0,74.0,514.0,23.0,2024-07-01,2025-06-30
330058,48.0,70.0,78.0,51.0,84.0,56.0,52.0,50.0,405.0,22.0,2024-07-01,2025-06-30
330059,68.0,76.0,78.0,58.0,81.0,63.0,48.0,65.0,4834.0,11.0,2024-07-01,2025-06-30
330060,,,,,,,,,,,2024-07-01,2025-06-30
330065,55.0,70.0,74.0,56.0,83.0,52.0,48.0,55.0,320.0,18.0,2024-07-01,2025-06-30
330073,60.0,76.0,74.0,58.0,87.0,64.0,44.0,58.0,773.0,25.0,2024-07-01,2025-06-30
330074,69.0,79.0,82.0,57.0,87.0,73.0,40.0,74.0,469.0,28.0,2024-07-01,2025-06-30
330078,59.0,78.0,77.0,58.0,86.0,66.0,49.0,67.0,1112.0,18.0,2024-07-01,2025-06-30
330079,83.0,86.0,88.0,70.0,91.0,80.0,62.0,83.0,506.0,34.0,2024-07-01,2025-06-30
330080,66.0,66.0,72.0,52.0,75.0,56.0,37.0,52.0,478.0,7.0,2024-07-01,2025-06-30
330085,80.0,76.0,77.0,53.0,90.0,59.0,46.0,56.0,239.0,25.0,2024-07-01,2025-06-30
330086,72.0,73.0,73.0,54.0,80.0,63.0,61.0,61.0,175.0,8.0,2024-07-01,2025-06-30
330090,68.0,76.0,73.0,57.0,86.0,63.0,49.0,61.0,599.0,23.0,2024-07-01,2025-06-30
330094,69.0,73.0,75.0,57.0,83.0,59.0,44.0,59.0,307.0,22.0,2024-07-01,2025-06-30
330096,77.0,79.0,77.0,55.0,90.0,70.0,55.0,67.0,289.0,25.0,2024-07-01,2025-06-30
33009F,69.0,81.0,79.0,64.0,87.0,73.0,46.0,74.0,556.0,34.0,2024-07-01,2025-06-30
330100,,,,,,,,,,,2024-07-01,2025-06-30
330101,66.0,76.0,80.0,59.0,86.0,70.0,51.0,73.0,2347.0,18.0,2024-07-01,2025-06-30
330102,71.0,82.0,80.0,61.0,89.0,75.0,49.0,77.0,981.0,31.0,2024-07-01,2025-06-30
330103,59.0,70.0,67.0,50.0,86.0,47.0,38.0,40.0,592.0,22.0,2024-07-01,2025-06-30
330104,65.0,74.0,71.0,55.0,79.0,58.0,46.0,57.0,988.0,16.0,2024-07-01,2025-06-30
330106,68.0,79.0,77.0,57.0,85.0,71.0,50.0,75.0,665.0,19.0,2024-07-01,2025-06-30
330107,73.0,80.0,75.0,60.0,87.0,67.0,47.0,71.0,443.0,19.0,2024-07-01,2025-06-30
330111,63.0,81.0,82.0,59.0,81.0,61.0,53.0,69.0,195.0,36.0,2024-07-01,2025-06-30
330115,67.0,85.0,82.0,65.0,91.0,72.0,54.0,73.0,339.0,26.0,2024-07-01,2025-06-30
330119,62.0,73.0,78.0,61.0,81.0,69.0,43.0,67.0,392.0,17.0,2024-07-01,2025-06-30
33011F,,,,,,,,,,,2024-07-01,2025-06-30
330125,58.0,71.0,75.0,53.0,86.0,58.0,42.0,59.0,3342.0,22.0,2024-07-01,2025-06-30
330126,67.0,79.0,73.0,57.0,84.0,64.0,48.0,63.0,1197.0,17.0,2024-07-01,2025-06-30
330127,66.0,68.0,74.0,50.0,75.0,59.0,46.0,61.0,698.0,8.0,2024-07-01,2025-06-30
330128,65.0,67.0,73.0,50.0,83.0,57.0,41.0,57.0,682.0,11.0,2024-07-01,2025-06-30
33012F,62.0,82.0,75.0,64.0,86.0,70.0,54.0,68.0,435.0,36.0,2024-07-01,2025-06-30
330135,78.0,80.0,68.0,63.0,81.0,63.0,53.0,56.0,237.0,19.0,2024-07-01,2025-06-30
330136,63.0,74.0,75.0,54.0,87.0,63.0,44.0,60.0,1062.0,23.0,2024-07-01,2025-06-30
330140,63.0,79.0,79.0,55.0,88.0,75.0,53.0,74.0,521.0,28.0,2024-07-01,2025-06-30
330141,67.0,74.0,73.0,56.0,80.0,51.0,35.0,49.0,776.0,19.0,2024-07-01,2025-06-30
330151,64.0,79.0,75.0,60.0,85.0,71.0,60.0,69.0,172.0,26.0,2024-07-01,2025-06-30
330153,68.0,74.0,74.0,55.0,83.0,59.0,40.0,59.0,1535.0,21.0,2024-07-01,2025-06-30
330157,67.0,78.0,78.0,58.0,88.0,63.0,48.0,57.0,612.0,18.0,2024-07-01,2025-06-30
330158,71.0,71.0,73.0,51.0,82.0,58.0,43.0,56.0,1405.0,20.0,2024-07-01,2025-06-30
33015F,85.0,93.0,91.0,72.0,80.0,87.0,82.0,76.0,38.0,31.0,2024-07-01,2025-06-30
330160,65.0,73.0,74.0,54.0,82.0,58.0,40.0,58.0,402.0,16.0,2024-07-01,2025-06-30
330162,64.0,82.0,82.0,64.0,87.0,78.0,54.0,79.0,471.0,24.0,2024-07-01,2025-06-30
330164,56.0,74.0,79.0,57.0,83.0,65.0,51.0,72.0,1027.0,26.0,2024-07-01,2025-06-30
330166,74.0,83.0,80.0,56.0,83.0,77.0,66.0,87.0,32.0,37.0,2024-07-01,2025-06-30
330169,71.0,73.0,76.0,53.0,76.0,63.0,44.0,57.0,197.0,12.0,2024-07-01,2025-06-30
33016F,72.0,77.0,84.0,68.0,83.0,68.0,60.0,69.0,329.0,24.0,2024-07-01,2025-06-30
330175,68.0,76.0,74.0,54.0,86.0,59.0,40.0,53.0,530.0,23.0,2024-07-01,2025-06-30
33017F,67.0,76.0,80.0,67.0,80.0,65.0,59.0,64.0,500.0,27.0,2024-07-01,2025-06-30
330180,56.0,77.0,75.0,57.0,83.0,65.0,52.0,64.0,509.0,19.0,2024-07-01,2025-06-30
330181,78.0,84.0,82.0,65.0,86.0,78.0,57.0,78.0,634.0,21.0,2024-07-01,2025-06-30
330182,71.0,85.0,79.0,65.0,89.0,82.0,47.0,85.0,2819.0,33.0,2024-07-01,2025-06-30
330184,70.0,73.0,76.0,54.0,81.0,55.0,55.0,55.0,433.0,17.0,2024-07-01,2025-06-30
330185,81.0,82.0,81.0,62.0,89.0,74.0,59.0,77.0,527.0,24.0,2024-07-01,2025-06-30
330188,73.0,80.0,81.0,61.0,87.0,71.0,61.0,71.0,383.0,27.0,2024-07-01,2025-06-30
330191,69.0,80.0,79.0,60.0,83.0,64.0,40.0,62.0,1767.0,23.0,2024-07-01,2025-06-30
330193,72.0,75.0,72.0,54.0,84.0,65.0,47.0,64.0,1113.0,24.0,2024-07-01,2025-06-30
330194,58.0,69.0,73.0,54.0,83.0,57.0,42.0,62.0,2164.0,21.0,2024-07-01,2025-06-30
330195,68.0,75.0,75.0,54.0,83.0,65.0,53.0,68.0,629.0,13.0,2024-07-01,2025-06-30
330196,69.0,72.0,74.0,55.0,82.0,62.0,54.0,59.0,544.0,12.0,2024-07-01,2025-06-30
330197,79.0,79.0,75.0,64.0,89.0,72.0,54.0,70.0,346.0,19.0,2024-07-01,2025-06-30
330198,59.0,75.0,76.0,57.0,81.0,62.0,44.0,62.0,799.0,19.0,2024-07-01,2025-06-30
330199,70.0,70.0,75.0,50.0,80.0,63.0,48.0,63.0,315.0,7.0,2024-07-01,2025-06-30
33019F,74.0,83.0,84.0,67.0,89.0,76.0,62.0,70.0,387.0,35.0,2024-07-01,2025-06-30
330202,70.0,69.0,77.0,54.0,78.0,62.0,50.0,63.0,364.0,8.0,2024-07-01,2025-06-30
330203,56.0,74.0,74.0,56.0,86.0,67.0,42.0,68.0,599.0,23.0,2024-07-01,2025-06-30
330204,60.0,71.0,75.0,54.0,81.0,63.0,37.0,65.0,643.0,9.0,2024-07-01,2025-06-30
330205,78.0,83.0,76.0,62.0,87.0,74.0,60.0,71.0,324.0,21.0,2024-07-01,2025-06-30
330208,78.0,77.0,75.0,58.0,80.0,64.0,51.0,67.0,433.0,14.0,2024-07-01,2025-06-30
33020F,,,,,,,,,,,2024-07-01,2025-06-30
330214,69.0,80.0,79.0,62.0,86.0,72.0,48.0,75.0,8534.0,22.0,2024-07-01,2025-06-30
330215,58.0,72.0,68.0,55.0,87.0,61.0,42.0,59.0,514.0,22.0,2024-07-01,2025-06-30
330218,74.0,83.0,82.0,57.0,91.0,72.0,60.0,70.0,400.0,22.0,2024-07-01,2025-06-30
330219,61.0,75.0,70.0,56.0,85.0,62.0,42.0,64.0,1063.0,20.0,2024-07-01,2025-06-30
330221,71.0,68.0,72.0,49.0,78.0,57.0,44.0,57.0,979.0,26.0,2024-07-01,2025-06-30
330222,78.0,85.0,82.0,69.0,86.0,71.0,50.0,75.0,546.0,28.0,2024-07-01,2025-06-30
330224,57.0,70.0,65.0,49.0,78.0,52.0,42.0,49.0,730.0,18.0,2024-07-01,2025-06-30
330226,57.0,72.0,74.0,54.0,86.0,58.0,48.0,61.0,2401.0,25.0,2024-07-01,2025-06-30
330229,79.0,84.0,82.0,68.0,88.0,65.0,52.0,62.0,198.0,25.0,2024-07-01,2025-06-30
330231,76.0,73.0,74.0,55.0,82.0,66.0,55.0,68.0,361.0,10.0,2024-07-01,2025-06-30
330233,63.0,65.0,70.0,49.0,73.0,45.0,50.0,42.0,859.0,7.0,2024-07-01,2025-06-30
330234,59.0,69.0,72.0,53.0,83.0,55.0,36.0,58.0,2793.0,16.0,2024-07-01,2025-06-30
330235,55.0,73.0,69.0,50.0,88.0,53.0,38.0,50.0,513.0,23.0,2024-07-01,2025-06-30
330238,67.0,79.0,76.0,61.0,87.0,67.0,46.0,66.0,405.0,25.0,2024-07-01,2025-06-30
330239,62.0,75.0,72.0,53.0,84.0,62.0,46.0,56.0,483.0,25.0,2024-07-01,2025-06-30
330240,69.0,69.0,71.0,51.0,74.0,52.0,50.0,52.0,378.0,7.0,2024-07-01,2025-06-30
330241,64.0,80.0,77.0,60.0,88.0,70.0,44.0,72.0,563.0,24.0,2024-07-01,2025-06-30
330246,74.0,83.0,79.0,63.0,85.0,75.0,52.0,77.0,811.0,24.0,2024-07-01,2025-06-30
33024F,76.0,84.0,77.0,61.0,88.0,80.0,56.0,80.0,423.0,37.0,2024-07-01,2025-06-30
330250,70.0,79.0,80.0,60.0,86.0,62.0,48.0,58.0,433.0,21.0,2024-07-01,2025-06-30
330259,71.0,77.0,77.0,58.0,85.0,67.0,55.0,69.0,744.0,17.0,2024-07-01,2025-06-30
33025F,88.0,93.0,87.0,60.0,94.0,91.0,94.0,97.0,29.0,9.0,2024-07-01,2025-06-30
330261,69.0,75.0,77.0,57.0,89.0,69.0,49.0,70.0,543.0,22.0,2024-07-01,2025-06-30
330264,72.0,77.0,74.0,56.0,85.0,61.0,48.0,59.0,1143.0,17.0,2024-07-01,2025-06-30
330265,55.0,77.0,80.0,61.0,87.0,70.0,44.0,76.0,422.0,33.0,2024-07-01,2025-06-30
330267,77.0,79.0,79.0,63.0,89.0,72.0,56.0,71.0,1182.0,21.0,2024-07-01,2025-06-30
330270,79.0,83.0,83.0,65.0,90.0,83.0,52.0,88.0,922.0,42.0,2024-07-01,2025-06-30
330273,70.0,80.0,79.0,60.0,88.0,71.0,56.0,68.0,632.0,39.0,2024-07-01,2025-06-30
330276,70.0,77.0,68.0,54.0,87.0,60.0,51.0,55.0,255.0,18.0,2024-07-01,2025-06-30
330277,64.0,77.0,76.0,58.0,89.0,68.0,54.0,69.0,689.0,26.0,2024-07-01,2025-06-30
330279,60.0,78.0,78.0,58.0,87.0,66.0,41.0,63.0,2755.0,29.0,2024-07-01,2025-06-30
330285,57.0,76.0,77.0,57.0,86.0,64.0,43.0,68.0,884.0,25.0,2024-07-01,2025-06-30
330286,71.0,75.0,71.0,55.0,84.0,61.0,43.0,61.0,2244.0,20.0,2024-07-01,2025-06-30
330304,77.0,79.0,79.0,61.0,88.0,72.0,46.0,77.0,1812.0,24.0,2024-07-01,2025-06-30
330307,67.0,81.0,75.0,59.0,86.0,67.0,49.0,69.0,594.0,24.0,2024-07-01,2025-06-30
330331,73.0,79.0,78.0,58.0,88.0,67.0,48.0,69.0,667.0,25.0,2024-07-01,2025-06-30
330332,65.0,82.0,81.0,65.0,87.0,67.0,45.0,65.0,836.0,28.0,2024-07-01,2025-06-30
330350,63.0,73.0,80.0,58.0,80.0,56.0,57.0,59.0,377.0,10.0,2024-07-01,2025-06-30
330386,75.0,73.0,71.0,55.0,81.0,59.0,47.0,49.0,205.0,12.0,2024-07-01,2025-06-30
330393,68.0,79.0,77.0,60.0,86.0,67.0,44.0,69.0,2094.0,22.0,2024-07-01,2025-06-30
330394,70.0,76.0,74.0,54.0,87.0,64.0,42.0,68.0,1671.0,23.0,2024-07-01,2025-06-30
330395,73.0,66.0,72.0,49.0,80.0,50.0,43.0,51.0,655.0,20.0,2024-07-01,2025-06-30
330396,71.0,70.0,76.0,51.0,79.0,58.0,49.0,55.0,440.0,8.0,2024-07-01,2025-06-30
330399,68.0,68.0,73.0,47.0,77.0,53.0,51.0,52.0,729.0,19.0,2024-07-01,2025-06-30
330401,74.0,80.0,75.0,58.0,85.0,65.0,43.0,63.0,877.0,24.0,2024-07-01,2025-06-30
330405,,,,,,,,,,,2024-07-01,2025-06-30
330406,,,,,,,,,,,2024-07-01,2025-06-30
330411,,,,,,,,,,,2024-07-01,2025-06-30
330799,,,,,,,,,,,2024-07-01,2025-06-30
330800,,,,,,,,,,,2024-07-01,2025-06-30
331301,,,,,,,,,,,2024-07-01,2025-06-30
331302,81.0,87.0,89.0,71.0,89.0,84.0,54.0,91.0,94.0,26.0,2024-07-01,2025-06-30
331303,89.0,89.0,79.0,64.0,95.0,84.0,70.0,91.0,41.0,35.0,2024-07-01,2025-06-30
331304,78.0,91.0,92.0,91.0,85.0,88.0,68.0,87.0,48.0,33.0,2024-07-01,2025-06-30
331305,93.0,88.0,87.0,62.0,91.0,91.0,53.0,91.0,67.0,36.0,2024-07-01,2025-06-30
331309,72.0,96.0,94.0,79.0,95.0,88.0,73.0,92.0,73.0,41.0,2024-07-01,2025-06-30
331310,,,,,,,,,,,2024-07-01,2025-06-30
331311,81.0,82.0,86.0,68.0,84.0,84.0,56.0,80.0,177.0,29.0,2024-07-01,2025-06-30
331312,82.0,87.0,79.0,66.0,87.0,86.0,62.0,84.0,139.0,32.0,2024-07-01,2025-06-30
331313,63.0,68.0,71.0,56.0,78.0,53.0,44.0,62.0,44.0,21.0,2024-07-01,2025-06-30
331314,79.0,84.0,87.0,64.0,94.0,76.0,58.0,65.0,75.0,29.0,2024-07-01,2025-06-30
331315,,,,,,,,,,,2024-07-01,2025-06-30
331316,81.0,85.0,77.0,65.0,92.0,78.0,52.0,82.0,267.0,35.0,2024-07-01,2025-06-30
331317,,,,,,,,,,,2024-07-01,2025-06-30
331318,,,,,,,,,,,2024-07-01,2025-06-30
331319,,,,,,,,,,,2024-07-01,2025-06-30
331320,87.0,83.0,85.0,72.0,93.0,84.0,59.0,81.0,165.0,32.0,2024-07-01,2025-06-30
331321,74.0,78.0,83.0,55.0,91.0,67.0,57.0,55.0,120.0,22.0,2024-07-01,2025-06-30
331322,,,,,,,,,,,2024-07-01,2025-06-30
331323,,,,,,,,,,,2024-07-01,2025-06-30
333301,,,,,,,,,,,2024-07-01,2025-06-30
340001,67.0,79.0,79.0,60.0,87.0,71.0,60.0,73.0,1409.0,18.0,2024-07-01,2025-06-30
340002,51.0,72.0,73.0,56.0,82.0,58.0,52.0,53.0,718.0,21.0,2024-07-01,2025-06-30
340003,77.0,84.0,86.0,63.0,92.0,77.0,62.0,76.0,447.0,23.0,2024-07-01,2025-06-30
340004,67.0,74.0,76.0,55.0,82.0,63.0,48.0,62.0,985.0,18.0,2024-07-01,2025-06-30
340008,76.0,82.0,82.0,61.0,82.0,72.0,59.0,69.0,456.0,11.0,2024-07-01,2025-06-30
340010,69.0,78.0,77.0,56.0,82.0,64.0,53.0,54.0,617.0,16.0,2024-07-01,2025-06-30
340013,68.0,77.0,79.0,54.0,87.0,59.0,58.0,53.0,376.0,19.0,2024-07-01,2025-06-30
340014,60.0,76.0,81.0,58.0,81.0,70.0,53.0,71.0,456.0,21.0,2024-07-01,2025-06-30
340015,65.0,75.0,77.0,61.0,82.0,63.0,60.0,58.0,347.0,17.0,2024-07-01,2025-06-30
340016,62.0,80.0,80.0,56.0,87.0,68.0,58.0,67.0,341.0,18.0,2024-07-01,2025-06-30
340017,79.0,83.0,82.0,63.0,86.0,76.0,51.0,78.0,1129.0,29.0,2024-07-01,2025-06-30
340020,66.0,77.0,82.0,58.0,88.0,58.0,54.0,51.0,294.0,16.0,2024-07-01,2025-06-30
340021,67.0,80.0,78.0,60.0,88.0,71.0,58.0,66.0,1049.0,15.0,2024-07-01,2025-06-30
340023,80.0,82.0,83.0,64.0,87.0,80.0,65.0,84.0,835.0,26.0,2024-07-01,2025-06-30
340024,60.0,83.0,84.0,69.0,92.0,66.0,66.0,58.0,283.0,14.0,2024-07-01,2025-06-30
340027,66.0,78.0,81.0,63.0,86.0,66.0,57.0,59.0,521.0,16.0,2024-07-01,2025-06-30
340028,69.0,77.0,77.0,62.0,86.0,62.0,59.0,55.0,2799.0,16.0,2024-07-01,2025-06-30
340030,66.0,81.0,83.0,63.0,90.0,78.0,60.0,81.0,1653.0,20.0,2024-07-01,2025-06-30
340032,61.0,77.0,79.0,56.0,86.0,69.0,48.0,67.0,1378.0,17.0,2024-07-01,2025-06-30
340039,69.0,76.0,78.0,60.0,88.0,69.0,57.0,70.0,624.0,31.0,2024-07-01,2025-06-30
340040,64.0,77.0,78.0,58.0,84.0,69.0,58.0,69.0,3729.0,18.0,2024-07-01,2025-06-30
340041,71.0,77.0,81.0,54.0,86.0,63.0,51.0,57.0,490.0,19.0,2024-07-01,2025-06-30
340042,67.0,76.0,72.0,59.0,84.0,57.0,50.0,52.0,630.0,14.0,2024-07-01,2025-06-30
340047,66.0,78.0,78.0,56.0,84.0,73.0,58.0,74.0,1463.0,19.0,2024-07-01,2025-06-30
340049,72.0,82.0,83.0,63.0,87.0,81.0,71.0,83.0,258.0,46.0,2024-07-01,2025-06-30
340050,76.0,80.0,78.0,64.0,83.0,67.0,66.0,61.0,611.0,13.0,2024-07-01,2025-06-30
340051,71.0,83.0,84.0,68.0,90.0,78.0,61.0,75.0,557.0,25.0,2024-07-01,2025-06-30
340053,59.0,75.0,78.0,51.0,85.0,69.0,60.0,71.0,356.0,16.0,2024-07-01,2025-06-30
340060,66.0,83.0,86.0,70.0,86.0,71.0,55.0,67.0,242.0,17.0,2024-07-01,2025-06-30
340061,71.0,80.0,82.0,62.0,89.0,77.0,64.0,80.0,2534.0,20.0,2024-07-01,2025-06-30
340064,69.0,79.0,82.0,59.0,84.0,69.0,62.0,62.0,565.0,18.0,2024-07-01,2025-06-30
340068,54.0,75.0,76.0,60.0,87.0,59.0,50.0,53.0,301.0,13.0,2024-07-01,2025-06-30
340069,63.0,80.0,81.0,58.0,87.0,72.0,53.0,75.0,812.0,17.0,2024-07-01,2025-06-30
340070,68.0,75.0,79.0,59.0,85.0,62.0,49.0,60.0,574.0,19.0,2024-07-01,2025-06-30
340071,67.0,79.0,77.0,61.0,84.0,65.0,64.0,62.0,441.0,18.0,2024-07-01,2025-06-30
340075,66.0,76.0,80.0,60.0,86.0,66.0,51.0,63.0,546.0,17.0,2024-07-01,2025-06-30
340084,86.0,87.0,81.0,72.0,87.0,82.0,77.0,71.0,50.0,13.0,2024-07-01,2025-06-30
340085,76.0,78.0,80.0,58.0,84.0,67.0,60.0,65.0,315.0,14.0,2024-07-01,2025-06-30
340087,69.0,81.0,82.0,64.0,88.0,72.0,72.0,72.0,272.0,15.0,2024-07-01,2025-06-30
340090,77.0,81.0,79.0,64.0,89.0,76.0,67.0,73.0,1743.0,19.0,2024-07-01,2025-06-30
340091,67.0,77.0,80.0,60.0,87.0,72.0,55.0,73.0,787.0,18.0,2024-07-01,2025-06-30
340096,73.0,81.0,82.0,64.0,85.0,72.0,54.0,68.0,528.0,18.0,2024-07-01,2025-06-30
340097,77.0,80.0,80.0,62.0,90.0,73.0,60.0,68.0,349.0,17.0,2024-07-01,2025-06-30
340098,72.0,75.0,76.0,56.0,83.0,72.0,58.0,75.0,1259.0,20.0,2024-07-01,2025-06-30
340099,79.0,79.0,81.0,66.0,84.0,61.0,57.0,54.0,282.0,15.0,2024-07-01,2025-06-30
340107,75.0,82.0,83.0,60.0,88.0,75.0,66.0,74.0,309.0,16.0,2024-07-01,2025-06-30
340109,76.0,84.0,80.0,65.0,90.0,70.0,64.0,66.0,785.0,21.0,2024-07-01,2025-06-30
340113,67.0,76.0,78.0,58.0,86.0,70.0,54.0,72.0,1416.0,17.0,2024-07-01,2025-06-30
340114,76.0,81.0,82.0,63.0,87.0,79.0,59.0,82.0,5124.0,26.0,2024-07-01,2025-06-30
340115,68.0,83.0,84.0,65.0,87.0,78.0,61.0,81.0,1677.0,20.0,2024-07-01,2025-06-30
340116,69.0,75.0,74.0,57.0,85.0,63.0,54.0,62.0,1619.0,23.0,2024-07-01,2025-06-30
340119,82.0,79.0,81.0,63.0,88.0,70.0,58.0,66.0,454.0,18.0,2024-07-01,2025-06-30
34011F,73.0,83.0,85.0,67.0,92.0,72.0,58.0,74.0,440.0,20.0,2024-07-01,2025-06-30
340120,73.0,80.0,87.0,71.0,87.0,73.0,66.0,71.0,317.0,16.0,2024-07-01,2025-06-30
340123,66.0,81.0,81.0,58.0,88.0,65.0,61.0,57.0,382.0,17.0,2024-07-01,2025-06-30
340126,61.0,73.0,75.0,57.0,82.0,55.0,56.0,46.0,466.0,13.0,2024-07-01,2025-06-30
340127,60.0,75.0,76.0,64.0,84.0,66.0,57.0,59.0,103.0,12.0,2024-07-01,2025-06-30
340129,65.0,66.0,74.0,53.0,82.0,53.0,51.0,52.0,418.0,17.0,2024-07-01,2025-06-30
34012F,73.0,84.0,86.0,72.0,89.0,74.0,52.0,76.0,505.0,29.0,2024-07-01,2025-06-30
340130,75.0,80.0,80.0,60.0,85.0,74.0,64.0,73.0,1051.0,19.0,2024-07-01,2025-06-30
340131,69.0,80.0,79.0,63.0,87.0,75.0,60.0,74.0,1088.0,25.0,2024-07-01,2025-06-30
340132,71.0,67.0,71.0,49.0,82.0,49.0,56.0,43.0,367.0,14.0,2024-07-01,2025-06-30
34013F,77.0,89.0,85.0,73.0,89.0,77.0,77.0,72.0,351.0,28.0,2024-07-01,2025-06-30
340141,50.0,75.0,76.0,55.0,83.0,57.0,57.0,56.0,394.0,19.0,2024-07-01,2025-06-30
340142,68.0,83.0,83.0,63.0,91.0,73.0,61.0,69.0,347.0,25.0,2024-07-01,2025-06-30
340143,69.0,81.0,82.0,63.0,89.0,75.0,61.0,76.0,560.0,18.0,2024-07-01,2025-06-30
340145,81.0,83.0,81.0,62.0,88.0,80.0,67.0,78.0,910.0,18.0,2024-07-01,2025-06-30
340147,75.0,79.0,80.0,62.0,86.0,68.0,54.0,62.0,1325.0,17.0,2024-07-01,2025-06-30
340148,84.0,90.0,87.0,74.0,90.0,90.0,82.0,89.0,152.0,36.0,2024-07-01,2025-06-30
34014F,82.0,83.0,83.0,72.0,92.0,76.0,69.0,76.0,944.0,23.0,2024-07-01,2025-06-30
340151,61.0,73.0,78.0,56.0,81.0,55.0,52.0,49.0,359.0,12.0,2024-07-01,2025-06-30
340155,59.0,80.0,84.0,62.0,88.0,72.0,52.0,76.0,525.0,16.0,2024-07-01,2025-06-30
340156,84.0,84.0,88.0,79.0,93.0,83.0,81.0,84.0,33.0,12.0,2024-07-01,2025-06-30
340158,72.0,80.0,83.0,59.0,88.0,71.0,58.0,72.0,426.0,22.0,2024-07-01,2025-06-30
340159,61.0,83.0,80.0,59.0,84.0,62.0,66.0,53.0,95.0,18.0,2024-07-01,2025-06-30
340166,67.0,76.0,78.0,56.0,82.0,63.0,58.0,61.0,829.0,11.0,2024-07-01,2025-06-30
340168,,,,,,,,,,,2024-07-01,2025-06-30
340171,63.0,79.0,80.0,56.0,88.0,70.0,58.0,73.0,360.0,18.0,2024-07-01,2025-06-30
340173,62.0,83.0,81.0,66.0,86.0,81.0,56.0,83.0,409.0,18.0,2024-07-01,2025-06-30
34017F,84.0,85.0,84.0,72.0,91.0,81.0,68.0,78.0,451.0,36.0,2024-07-01,2025-06-30
340183,66.0,77.0,80.0,56.0,85.0,68.0,52.0,69.0,307.0,15.0,2024-07-01,2025-06-30
340184,60.0,78.0,76.0,60.0,86.0,65.0,46.0,65.0,734.0,21.0,2024-07-01,2025-06-30
340188,83.0,80.0,80.0,70.0,89.0,79.0,78.0,83.0,137.0,14.0,2024-07-01,2025-06-30
340190,83.0,83.0,81.0,65.0,90.0,81.0,75.0,82.0,355.0,15.0,2024-07-01,2025-06-30
340195,69.0,82.0,83.0,65.0,89.0,83.0,65.0,83.0,303.0,19.0,2024-07-01,2025-06-30
34036F,78.0,90.0,92.0,82.0,93.0,92.0,69.0,93.0,476.0,44.0,2024-07-01,2025-06-30
341303,,,,,,,,,,,2024-07-01,2025-06-30
341304,88.0,92.0,90.0,77.0,93.0,91.0,78.0,93.0,50.0,22.0,2024-07-01,2025-06-30
341305,74.0,83.0,75.0,59.0,83.0,82.0,70.0,75.0,63.0,24.0,2024-07-01,2025-06-30
341307,,,,,,,,,,,2024-07-01,2025-06-30
341311,80.0,83.0,85.0,74.0,89.0,81.0,69.0,86.0,193.0,19.0,2024-07-01,2025-06-30
341314,,,,,,,,,,,2024-07-01,2025-06-30
341315,83.0,86.0,79.0,61.0,85.0,73.0,72.0,68.0,59.0,19.0,2024-07-01,2025-06-30
341316,83.0,89.0,92.0,71.0,83.0,82.0,57.0,77.0,139.0,32.0,2024-07-01,2025-06-30
341317,,,,,,,,,,,2024-07-01,2025-06-30
341318,76.0,82.0,84.0,71.0,90.0,79.0,53.0,82.0,223.0,18.0,2024-07-01,2025-06-30
341319,69.0,80.0,82.0,63.0,85.0,72.0,68.0,69.0,285.0,22.0,2024-07-01,2025-06-30
341320,,,,,,,,,,,2024-07-01,2025-06-30
341322,63.0,84.0,84.0,65.0,84.0,73.0,57.0,76.0,155.0,26.0,2024-07-01,2025-06-30
341323,86.0,89.0,88.0,65.0,86.0,74.0,67.0,79.0,76.0,22.0,2024-07-01,2025-06-30
341324,74.0,86.0,86.0,71.0,91.0,76.0,58.0,77.0,276.0,24.0,2024-07-01,2025-06-30
341325,87.0,81.0,78.0,59.0,82.0,71.0,59.0,67.0,87.0,18.0,2024-07-01,2025-06-30
341326,73.0,78.0,81.0,58.0,84.0,72.0,68.0,72.0,331.0,24.0,2024-07-01,2025-06-30
341327,78.0,88.0,88.0,71.0,90.0,84.0,64.0,86.0,167.0,38.0,2024-07-01,2025-06-30
341328,83.0,88.0,91.0,71.0,84.0,82.0,61.0,77.0,168.0,28.0,2024-07-01,2025-06-30
341329,79.0,79.0,77.0,62.0,83.0,75.0,65.0,69.0,238.0,20.0,2024-07-01,2025-06-30
350002,56.0,79.0,80.0,58.0,88.0,68.0,58.0,67.0,625.0,28.0,2024-07-01,2025-06-30
350006,64.0,71.0,71.0,53.0,80.0,58.0,58.0,61.0,483.0,18.0,2024-07-01,2025-06-30
350011,59.0,70.0,73.0,53.0,86.0,64.0,61.0,70.0,439.0,28.0,2024-07-01,2025-06-30
350015,51.0,74.0,72.0,52.0,84.0,59.0,47.0,63.0,363.0,25.0,2024-07-01,2025-06-30
350019,63.0,72.0,73.0,53.0,81.0,56.0,52.0,54.0,857.0,24.0,2024-07-01,2025-06-30
35002F,85.0,88.0,86.0,79.0,93.0,85.0,76.0,86.0,448.0,45.0,2024-07-01,2025-06-30
350063,,,,,,,,,,,2024-07-01,2025-06-30
350070,65.0,77.0,76.0,57.0,85.0,70.0,58.0,75.0,586.0,25.0,2024-07-01,2025-06-30
351300,,,,,,,,,,,2024-07-01,2025-06-30
351301,,,,,,,,,,,2024-07-01,2025-06-30
351302,64.0,77.0,82.0,66.0,90.0,69.0,70.0,71.0,69.0,17.0,2024-07-01,2025-06-30
351303,83.0,92.0,90.0,75.0,88.0,82.0,73.0,87.0,30.0,30.0,2024-07-01,2025-06-30
351304,,,,,,,,,,,2024-07-01,2025-06-30
351305,,,,,,,,,,,2024-07-01,2025-06-30
351306,62.0,92.0,87.0,73.0,84.0,86.0,69.0,74.0,34.0,37.0,2024-07-01,2025-06-30
351307,86.0,83.0,90.0,62.0,86.0,64.0,81.0,63.0,38.0,31.0,2024-07-01,2025-06-30
351308,,,,,,,,,,,2024-07-01,2025-06-30
351309,,,,,,,,,,,2024-07-01,2025-06-30
351310,82.0,88.0,89.0,65.0,91.0,92.0,80.0,85.0,65.0,38.0,2024-07-01,2025-06-30
351311,,,,,,,,,,,2024-07-01,2025-06-30
351312,85.0,88.0,94.0,79.0,96.0,88.0,80.0,86.0,26.0,39.0,2024-07-01,2025-06-30
351313,,,,,,,,,,,2024-07-01,2025-06-30
351314,,,,,,,,,,,2024-07-01,2025-06-30
351315,92.0,89.0,81.0,86.0,85.0,81.0,91.0,78.0,62.0,55.0,2024-07-01,2025-06-30
351316,,,,,,,,,,,2024-07-01,2025-06-30
351318,86.0,93.0,94.0,87.0,96.0,88.0,83.0,93.0,58.0,36.0,2024-07-01,2025-06-30
351319,81.0,89.0,84.0,70.0,94.0,78.0,74.0,89.0,31.0,38.0,2024-07-01,2025-06-30
351320,100.0,81.0,88.0,66.0,88.0,86.0,86.0,93.0,26.0,42.0,2024-07-01,2025-06-30
351321,86.0,83.0,76.0,58.0,91.0,93.0,72.0,84.0,45.0,46.0,2024-07-01,2025-06-30
351322,,,,,,,,,,,2024-07-01,2025-06-30
351323,76.0,87.0,96.0,90.0,82.0,90.0,90.0,89.0,35.0,31.0,2024-07-01,2025-06-30
351324,72.0,80.0,89.0,81.0,87.0,70.0,69.0,78.0,51.0,32.0,2024-07-01,2025-06-30
351325,,,,,,,,,,,2024-07-01,2025-06-30
351326,87.0,90.0,92.0,82.0,79.0,93.0,60.0,93.0,57.0,46.0,2024-07-01,2025-06-30
351327,69.0,76.0,83.0,61.0,85.0,68.0,54.0,73.0,86.0,39.0,2024-07-01,2025-06-30
351328,94.0,94.0,92.0,76.0,88.0,86.0,75.0,81.0,26.0,38.0,2024-07-01,2025-06-30
351329,,,,,,,,,,,2024-07-01,2025-06-30
351330,71.0,83.0,84.0,66.0,88.0,74.0,74.0,76.0,100.0,43.0,2024-07-01,2025-06-30
351331,,,,,,,,,,,2024-07-01,2025-06-30
351332,60.0,87.0,94.0,53.0,89.0,85.0,77.0,76.0,30.0,31.0,2024-07-01,2025-06-30
351333,58.0,83.0,74.0,52.0,84.0,65.0,62.0,64.0,80.0,16.0,2024-07-01,2025-06-30
351334,60.0,73.0,74.0,60.0,89.0,61.0,63.0,51.0,142.0,12.0,2024-07-01,2025-06-30
351335,71.0,86.0,84.0,70.0,89.0,81.0,75.0,79.0,256.0,31.0,2024-07-01,2025-06-30
351336,61.0,79.0,81.0,64.0,91.0,61.0,66.0,56.0,207.0,16.0,2024-07-01,2025-06-30
351364,,,,,,,,,,,2024-07-01,2025-06-30
360001,74.0,81.0,79.0,60.0,87.0,70.0,58.0,65.0,1036.0,21.0,2024-07-01,2025-06-30
360002,83.0,85.0,77.0,70.0,94.0,76.0,62.0,69.0,366.0,29.0,2024-07-01,2025-06-30
360003,57.0,76.0,75.0,55.0,86.0,67.0,54.0,71.0,1598.0,16.0,2024-07-01,2025-06-30
360006,69.0,78.0,79.0,58.0,86.0,72.0,59.0,78.0,486.0,25.0,2024-07-01,2025-06-30
360008,74.0,84.0,78.0,67.0,87.0,73.0,63.0,71.0,590.0,18.0,2024-07-01,2025-06-30
360009,66.0,76.0,75.0,59.0,90.0,67.0,49.0,69.0,389.0,24.0,2024-07-01,2025-06-30
360010,77.0,80.0,79.0,63.0,86.0,66.0,39.0,60.0,489.0,21.0,2024-07-01,2025-06-30
360011,74.0,79.0,76.0,62.0,87.0,66.0,63.0,62.0,689.0,23.0,2024-07-01,2025-06-30
360012,57.0,74.0,75.0,57.0,84.0,66.0,47.0,67.0,601.0,17.0,2024-07-01,2025-06-30
360013,72.0,76.0,77.0,54.0,85.0,65.0,52.0,60.0,266.0,20.0,2024-07-01,2025-06-30
360014,78.0,84.0,80.0,64.0,85.0,70.0,61.0,67.0,472.0,21.0,2024-07-01,2025-06-30
360016,72.0,81.0,77.0,62.0,87.0,72.0,61.0,72.0,780.0,21.0,2024-07-01,2025-06-30
360017,69.0,74.0,76.0,57.0,85.0,68.0,58.0,71.0,938.0,19.0,2024-07-01,2025-06-30
36001F,70.0,82.0,81.0,74.0,87.0,75.0,53.0,74.0,524.0,32.0,2024-07-01,2025-06-30
360020,65.0,78.0,78.0,58.0,86.0,70.0,52.0,69.0,3729.0,17.0,2024-07-01,2025-06-30
360025,80.0,82.0,79.0,59.0,89.0,73.0,57.0,69.0,470.0,22.0,2024-07-01,2025-06-30
360026,91.0,85.0,81.0,76.0,91.0,85.0,69.0,80.0,99.0,25.0,2024-07-01,2025-06-30
360027,62.0,79.0,78.0,58.0,87.0,64.0,40.0,67.0,2515.0,20.0,2024-07-01,2025-06-30
360029,87.0,82.0,81.0,64.0,90.0,75.0,63.0,69.0,383.0,26.0,2024-07-01,2025-06-30
360032,78.0,82.0,75.0,67.0,86.0,73.0,60.0,67.0,230.0,23.0,2024-07-01,2025-06-30
360035,62.0,74.0,75.0,54.0,85.0,66.0,52.0,67.0,1209.0,18.0,2024-07-01,2025-06-30
360036,76.0,85.0,81.0,60.0,89.0,78.0,54.0,77.0,618.0,29.0,2024-07-01,2025-06-30
360039,74.0,79.0,79.0,61.0,90.0,73.0,58.0,70.0,1840.0,29.0,2024-07-01,2025-06-30
36003F,68.0,84.0,83.0,68.0,88.0,73.0,62.0,72.0,632.0,31.0,2024-07-01,2025-06-30
360040,68.0,80.0,75.0,58.0,89.0,69.0,52.0,63.0,362.0,19.0,2024-07-01,2025-06-30
360041,72.0,81.0,80.0,60.0,86.0,72.0,50.0,68.0,1720.0,30.0,2024-07-01,2025-06-30
360046,86.0,82.0,80.0,67.0,90.0,78.0,69.0,79.0,299.0,23.0,2024-07-01,2025-06-30
360048,66.0,78.0,73.0,55.0,85.0,67.0,56.0,66.0,989.0,20.0,2024-07-01,2025-06-30
360051,61.0,70.0,70.0,53.0,84.0,63.0,53.0,59.0,424.0,18.0,2024-07-01,2025-06-30
360054,78.0,84.0,84.0,70.0,90.0,69.0,64.0,67.0,482.0,18.0,2024-07-01,2025-06-30
360055,,,,,,,,,,,2024-07-01,2025-06-30
360056,68.0,78.0,77.0,59.0,86.0,69.0,60.0,66.0,1118.0,21.0,2024-07-01,2025-06-30
360058,78.0,84.0,83.0,66.0,90.0,79.0,66.0,76.0,377.0,28.0,2024-07-01,2025-06-30
360059,66.0,79.0,77.0,56.0,85.0,72.0,61.0,73.0,1318.0,20.0,2024-07-01,2025-06-30
360064,61.0,78.0,74.0,55.0,83.0,57.0,43.0,53.0,1053.0,24.0,2024-07-01,2025-06-30
360065,79.0,79.0,79.0,60.0,90.0,66.0,56.0,62.0,612.0,22.0,2024-07-01,2025-06-30
360066,67.0,79.0,74.0,60.0,89.0,71.0,48.0,69.0,898.0,23.0,2024-07-01,2025-06-30
360068,71.0,78.0,72.0,56.0,88.0,70.0,51.0,68.0,936.0,25.0,2024-07-01,2025-06-30
36006F,78.0,90.0,89.0,79.0,93.0,88.0,78.0,88.0,211.0,42.0,2024-07-01,2025-06-30
360070,69.0,76.0,75.0,55.0,85.0,63.0,42.0,60.0,1879.0,22.0,2024-07-01,2025-06-30
360071,91.0,87.0,81.0,65.0,88.0,76.0,66.0,66.0,219.0,34.0,2024-07-01,2025-06-30
360072,72.0,81.0,80.0,60.0,86.0,72.0,51.0,71.0,615.0,25.0,2024-07-01,2025-06-30
360075,77.0,84.0,81.0,64.0,89.0,77.0,56.0,75.0,1473.0,30.0,2024-07-01,2025-06-30
360076,70.0,73.0,75.0,51.0,86.0,63.0,62.0,64.0,366.0,17.0,2024-07-01,2025-06-30
360077,79.0,80.0,78.0,62.0,88.0,73.0,52.0,75.0,2074.0,18.0,2024-07-01,2025-06-30
360078,80.0,81.0,78.0,57.0,86.0,71.0,52.0,68.0,1039.0,23.0,2024-07-01,2025-06-30
360079,69.0,78.0,75.0,60.0,88.0,75.0,59.0,78.0,1523.0,21.0,2024-07-01,2025-06-30
36007F,71.0,81.0,81.0,69.0,90.0,77.0,67.0,76.0,515.0,33.0,2024-07-01,2025-06-30
360080,,,,,,,,,,,2024-07-01,2025-06-30
360082,74.0,79.0,76.0,60.0,83.0,68.0,53.0,63.0,396.0,12.0,2024-07-01,2025-06-30
360084,69.0,76.0,73.0,54.0,86.0,69.0,44.0,69.0,1788.0,26.0,2024-07-01,2025-06-30
360085,65.0,78.0,79.0,60.0,88.0,69.0,56.0,72.0,2482.0,20.0,2024-07-01,2025-06-30
360086,71.0,75.0,72.0,53.0,85.0,63.0,46.0,54.0,1586.0,17.0,2024-07-01,2025-06-30
360087,66.0,74.0,73.0,57.0,85.0,60.0,47.0,60.0,412.0,16.0,2024-07-01,2025-06-30
360089,72.0,83.0,83.0,69.0,90.0,77.0,63.0,67.0,539.0,24.0,2024-07-01,2025-06-30
36008F,,,,,,,,,,,2024-07-01,2025-06-30
360091,75.0,81.0,79.0,58.0,87.0,67.0,43.0,67.0,1080.0,25.0,2024-07-01,2025-06-30
360092,78.0,86.0,86.0,68.0,90.0,84.0,71.0,81.0,526.0,22.0,2024-07-01,2025-06-30
360095,77.0,84.0,80.0,65.0,88.0,74.0,58.0,70.0,471.0,26.0,2024-07-01,2025-06-30
360096,76.0,74.0,74.0,55.0,86.0,66.0,59.0,60.0,423.0,28.0,2024-07-01,2025-06-30
360098,72.0,80.0,77.0,59.0,85.0,70.0,50.0,64.0,1819.0,26.0,2024-07-01,2025-06-30
360107,76.0,81.0,84.0,59.0,89.0,74.0,64.0,72.0,155.0,18.0,2024-07-01,2025-06-30
360109,78.0,77.0,71.0,59.0,87.0,66.0,54.0,67.0,260.0,25.0,2024-07-01,2025-06-30
360112,69.0,81.0,75.0,59.0,86.0,70.0,55.0,67.0,2475.0,19.0,2024-07-01,2025-06-30
360118,79.0,78.0,77.0,56.0,82.0,67.0,49.0,66.0,498.0,26.0,2024-07-01,2025-06-30
360121,81.0,81.0,78.0,61.0,90.0,75.0,62.0,70.0,279.0,22.0,2024-07-01,2025-06-30
360123,71.0,81.0,79.0,61.0,89.0,73.0,54.0,73.0,1357.0,28.0,2024-07-01,2025-06-30
360125,82.0,85.0,81.0,65.0,87.0,73.0,58.0,69.0,613.0,21.0,2024-07-01,2025-06-30
360131,72.0,79.0,75.0,64.0,90.0,68.0,46.0,65.0,286.0,26.0,2024-07-01,2025-06-30
360132,71.0,80.0,74.0,61.0,83.0,66.0,48.0,64.0,627.0,17.0,2024-07-01,2025-06-30
360133,70.0,77.0,77.0,57.0,87.0,69.0,53.0,70.0,1408.0,16.0,2024-07-01,2025-06-30
360134,68.0,79.0,78.0,59.0,89.0,74.0,54.0,73.0,1174.0,21.0,2024-07-01,2025-06-30
360137,65.0,76.0,76.0,57.0,86.0,69.0,48.0,69.0,4531.0,19.0,2024-07-01,2025-06-30
360143,66.0,78.0,81.0,59.0,85.0,65.0,49.0,65.0,842.0,17.0,2024-07-01,2025-06-30
360144,74.0,79.0,77.0,60.0,85.0,65.0,50.0,65.0,696.0,14.0,2024-07-01,2025-06-30
360145,77.0,80.0,77.0,61.0,86.0,71.0,55.0,68.0,1346.0,24.0,2024-07-01,2025-06-30
360147,76.0,79.0,76.0,62.0,91.0,70.0,51.0,67.0,653.0,19.0,2024-07-01,2025-06-30
360148,73.0,85.0,82.0,65.0,85.0,73.0,58.0,67.0,322.0,40.0,2024-07-01,2025-06-30
360150,72.0,78.0,75.0,60.0,86.0,69.0,63.0,74.0,329.0,35.0,2024-07-01,2025-06-30
360152,73.0,77.0,78.0,57.0,83.0,69.0,58.0,68.0,524.0,15.0,2024-07-01,2025-06-30
360155,63.0,80.0,77.0,56.0,86.0,73.0,58.0,73.0,1254.0,25.0,2024-07-01,2025-06-30
360156,74.0,80.0,80.0,61.0,86.0,71.0,52.0,63.0,251.0,23.0,2024-07-01,2025-06-30
360159,62.0,74.0,73.0,56.0,82.0,59.0,47.0,54.0,958.0,16.0,2024-07-01,2025-06-30
360161,61.0,74.0,74.0,54.0,85.0,62.0,37.0,64.0,585.0,22.0,2024-07-01,2025-06-30
360163,65.0,82.0,83.0,61.0,88.0,79.0,58.0,83.0,1663.0,27.0,2024-07-01,2025-06-30
360170,76.0,85.0,84.0,65.0,86.0,76.0,61.0,75.0,520.0,24.0,2024-07-01,2025-06-30
360172,64.0,74.0,76.0,56.0,85.0,61.0,49.0,56.0,481.0,17.0,2024-07-01,2025-06-30
360174,72.0,76.0,73.0,56.0,87.0,69.0,52.0,66.0,953.0,24.0,2024-07-01,2025-06-30
360175,74.0,81.0,77.0,53.0,88.0,64.0,55.0,53.0,183.0,19.0,2024-07-01,2025-06-30
360179,68.0,79.0,79.0,58.0,87.0,72.0,54.0,71.0,1737.0,26.0,2024-07-01,2025-06-30
360180,70.0,79.0,80.0,58.0,88.0,75.0,47.0,81.0,6902.0,24.0,2024-07-01,2025-06-30
360185,81.0,75.0,74.0,58.0,88.0,63.0,50.0,57.0,334.0,22.0,2024-07-01,2025-06-30
360189,83.0,88.0,84.0,70.0,85.0,75.0,66.0,81.0,149.0,22.0,2024-07-01,2025-06-30
360197,84.0,86.0,84.0,67.0,89.0,73.0,67.0,67.0,204.0,22.0,2024-07-01,2025-06-30
360203,70.0,79.0,76.0,58.0,86.0,62.0,49.0,55.0,368.0,25.0,2024-07-01,2025-06-30
360210,82.0,84.0,81.0,68.0,87.0,78.0,61.0,76.0,485.0,27.0,2024-07-01,2025-06-30
360211,66.0,78.0,78.0,57.0,82.0,64.0,54.0,59.0,655.0,21.0,2024-07-01,2025-06-30
360218,70.0,81.0,77.0,60.0,90.0,70.0,56.0,67.0,603.0,21.0,2024-07-01,2025-06-30
360230,73.0,76.0,76.0,57.0,86.0,67.0,45.0,69.0,2144.0,22.0,2024-07-01,2025-06-30
360234,66.0,81.0,78.0,61.0,85.0,71.0,54.0,69.0,966.0,19.0,2024-07-01,2025-06-30
360236,69.0,78.0,77.0,60.0,87.0,69.0,59.0,68.0,651.0,18.0,2024-07-01,2025-06-30
360239,73.0,79.0,78.0,62.0,87.0,74.0,60.0,76.0,680.0,21.0,2024-07-01,2025-06-30
360245,,,,,,,,,,,2024-07-01,2025-06-30
360259,72.0,80.0,71.0,56.0,91.0,73.0,59.0,73.0,438.0,23.0,2024-07-01,2025-06-30
360263,82.0,87.0,82.0,66.0,93.0,83.0,76.0,81.0,170.0,63.0,2024-07-01,2025-06-30
360266,72.0,77.0,81.0,58.0,90.0,77.0,72.0,77.0,365.0,40.0,2024-07-01,2025-06-30
360270,84.0,85.0,89.0,68.0,88.0,83.0,70.0,74.0,233.0,29.0,2024-07-01,2025-06-30
360276,71.0,81.0,75.0,60.0,85.0,68.0,54.0,66.0,956.0,23.0,2024-07-01,2025-06-30
360348,75.0,80.0,82.0,62.0,89.0,79.0,68.0,82.0,543.0,26.0,2024-07-01,2025-06-30
360351,78.0,90.0,87.0,71.0,93.0,87.0,75.0,89.0,608.0,54.0,2024-07-01,2025-06-30
360352,87.0,92.0,89.0,75.0,93.0,93.0,73.0,92.0,236.0,47.0,2024-07-01,2025-06-30
360354,64.0,76.0,75.0,53.0,84.0,70.0,61.0,71.0,1233.0,20.0,2024-07-01,2025-06-30
360355,83.0,89.0,87.0,82.0,89.0,90.0,80.0,90.0,64.0,40.0,2024-07-01,2025-06-30
360358,60.0,96.0,95.0,70.0,83.0,88.0,83.0,91.0,36.0,31.0,2024-07-01,2025-06-30
360359,63.0,74.0,76.0,54.0,82.0,68.0,53.0,70.0,1782.0,25.0,2024-07-01,2025-06-30
360360,72.0,79.0,78.0,60.0,89.0,75.0,60.0,79.0,1274.0,19.0,2024-07-01,2025-06-30
360361,,,,,,,,,,,2024-07-01,2025-06-30
360364,79.0,84.0,81.0,64.0,90.0,82.0,67.0,84.0,1068.0,23.0,2024-07-01,2025-06-30
360365,79.0,88.0,82.0,63.0,84.0,79.0,58.0,85.0,261.0,22.0,2024-07-01,2025-06-30
360367,85.0,87.0,84.0,64.0,89.0,90.0,79.0,85.0,90.0,33.0,2024-07-01,2025-06-30
360368,87.0,87.0,85.0,67.0,91.0,85.0,68.0,89.0,373.0,28.0,2024-07-01,2025-06-30
360374,83.0,81.0,76.0,56.0,85.0,76.0,69.0,76.0,312.0,22.0,2024-07-01,2025-06-30
360375,,,,,,,,,,,2024-07-01,2025-06-30
361300,79.0,79.0,76.0,49.0,91.0,78.0,54.0,77.0,56.0,30.0,2024-07-01,2025-06-30
361302,,,,,,,,,,,2024-07-01,2025-06-30
361303,83.0,84.0,75.0,65.0,95.0,76.0,55.0,86.0,108.0,27.0,2024-07-01,2025-06-30
361304,88.0,88.0,87.0,92.0,82.0,83.0,58.0,75.0,37.0,16.0,2024-07-01,2025-06-30
361306,81.0,90.0,92.0,67.0,89.0,86.0,68.0,88.0,139.0,28.0,2024-07-01,2025-06-30
361307,83.0,88.0,84.0,67.0,90.0,81.0,58.0,79.0,350.0,28.0,2024-07-01,2025-06-30
361308,88.0,88.0,80.0,69.0,93.0,82.0,65.0,75.0,137.0,28.0,2024-07-01,2025-06-30
361309,78.0,84.0,80.0,63.0,89.0,75.0,78.0,71.0,58.0,45.0,2024-07-01,2025-06-30
361310,92.0,92.0,95.0,90.0,92.0,92.0,72.0,89.0,80.0,33.0,2024-07-01,2025-06-30
361311,85.0,89.0,78.0,79.0,93.0,78.0,81.0,70.0,40.0,31.0,2024-07-01,2025-06-30
361312,75.0,84.0,74.0,64.0,85.0,76.0,48.0,69.0,97.0,20.0,2024-07-01,2025-06-30
361313,,,,,,,,,,,2024-07-01,2025-06-30
361314,73.0,85.0,82.0,64.0,94.0,79.0,55.0,71.0,124.0,29.0,2024-07-01,2025-06-30
361315,,,,,,,,,,,2024-07-01,2025-06-30
361316,86.0,87.0,78.0,64.0,93.0,83.0,56.0,70.0,50.0,23.0,2024-07-01,2025-06-30
361318,83.0,83.0,80.0,62.0,89.0,78.0,61.0,73.0,123.0,26.0,2024-07-01,2025-06-30
361319,83.0,82.0,81.0,64.0,92.0,79.0,63.0,81.0,385.0,34.0,2024-07-01,2025-06-30
361320,86.0,85.0,79.0,66.0,94.0,73.0,71.0,75.0,82.0,23.0,2024-07-01,2025-06-30
361321,88.0,86.0,84.0,78.0,98.0,70.0,60.0,75.0,63.0,33.0,2024-07-01,2025-06-30
361322,81.0,88.0,84.0,59.0,92.0,74.0,62.0,81.0,29.0,34.0,2024-07-01,2025-06-30
361323,79.0,81.0,83.0,61.0,87.0,76.0,53.0,72.0,252.0,24.0,2024-07-01,2025-06-30
361324,,,,,,,,,,,2024-07-01,2025-06-30
361325,76.0,82.0,80.0,63.0,89.0,72.0,54.0,70.0,229.0,23.0,2024-07-01,2025-06-30
361326,83.0,83.0,82.0,59.0,90.0,78.0,65.0,75.0,49.0,21.0,2024-07-01,2025-06-30
361327,,,,,,,,,,,2024-07-01,2025-06-30
361328,72.0,90.0,87.0,69.0,93.0,84.0,81.0,85.0,173.0,20.0,2024-07-01,2025-06-30
361329,83.0,82.0,82.0,61.0,92.0,78.0,61.0,71.0,109.0,25.0,2024-07-01,2025-06-30
361330,85.0,87.0,86.0,58.0,92.0,78.0,61.0,72.0,97.0,27.0,2024-07-01,2025-06-30
361331,68.0,83.0,73.0,64.0,86.0,70.0,60.0,55.0,129.0,18.0,2024-07-01,2025-06-30
361332,86.0,82.0,80.0,68.0,90.0,76.0,66.0,79.0,118.0,23.0,2024-07-01,2025-06-30
361333,82.0,79.0,83.0,64.0,91.0,74.0,49.0,66.0,206.0,26.0,2024-07-01,2025-06-30
361334,78.0,81.0,75.0,48.0,89.0,71.0,65.0,66.0,53.0,14.0,2024-07-01,2025-06-30
361335,76.0,81.0,76.0,59.0,84.0,70.0,61.0,63.0,202.0,24.0,2024-07-01,2025-06-30
363300,,,,,,,,,,,2024-07-01,2025-06-30
363302,,,,,,,,,,,2024-07-01,2025-06-30
363303,,,,,,,,,,,2024-07-01,2025-06-30
363304,,,,,,,,,,,2024-07-01,2025-06-30
363305,,,,,,,,,,,2024-07-01,2025-06-30
363306,,,,,,,,,,,2024-07-01,2025-06-30
363308,,,,,,,,,,,2024-07-01,2025-06-30
363309,,,,,,,,,,,2024-07-01,2025-06-30
370001,66.0,77.0,74.0,57.0,83.0,66.0,58.0,66.0,1159.0,17.0,2024-07-01,2025-06-30
370002,68.0,79.0,76.0,59.0,82.0,63.0,75.0,59.0,135.0,20.0,2024-07-01,2025-06-30
370004,76.0,85.0,84.0,67.0,88.0,76.0,63.0,63.0,122.0,14.0,2024-07-01,2025-06-30
370006,78.0,76.0,78.0,60.0,83.0,62.0,67.0,55.0,278.0,19.0,2024-07-01,2025-06-30
370008,60.0,75.0,78.0,54.0,84.0,66.0,57.0,68.0,1509.0,16.0,2024-07-01,2025-06-30
370013,73.0,74.0,78.0,56.0,87.0,74.0,53.0,78.0,1548.0,20.0,2024-07-01,2025-06-30
370014,55.0,77.0,74.0,58.0,80.0,59.0,58.0,53.0,332.0,11.0,2024-07-01,2025-06-30
370015,75.0,87.0,81.0,75.0,90.0,80.0,69.0,80.0,81.0,25.0,2024-07-01,2025-06-30
370016,74.0,79.0,77.0,60.0,89.0,69.0,60.0,66.0,353.0,17.0,2024-07-01,2025-06-30
370018,84.0,79.0,82.0,56.0,83.0,73.0,67.0,67.0,321.0,17.0,2024-07-01,2025-06-30
370019,71.0,76.0,79.0,56.0,86.0,66.0,70.0,66.0,220.0,34.0,2024-07-01,2025-06-30
370020,71.0,80.0,78.0,57.0,86.0,67.0,60.0,67.0,583.0,18.0,2024-07-01,2025-06-30
370022,77.0,81.0,81.0,66.0,88.0,73.0,66.0,71.0,247.0,24.0,2024-07-01,2025-06-30
370023,70.0,78.0,81.0,59.0,88.0,68.0,58.0,64.0,413.0,18.0,2024-07-01,2025-06-30
370025,71.0,76.0,77.0,56.0,88.0,68.0,58.0,69.0,689.0,31.0,2024-07-01,2025-06-30
370026,78.0,80.0,81.0,63.0,86.0,70.0,59.0,71.0,384.0,19.0,2024-07-01,2025-06-30
370028,68.0,74.0,77.0,56.0,85.0,68.0,58.0,71.0,2385.0,18.0,2024-07-01,2025-06-30
370034,72.0,79.0,77.0,63.0,82.0,56.0,55.0,51.0,386.0,15.0,2024-07-01,2025-06-30
370037,67.0,77.0,80.0,58.0,85.0,73.0,57.0,72.0,1332.0,17.0,2024-07-01,2025-06-30
370039,70.0,77.0,74.0,61.0,81.0,68.0,63.0,68.0,285.0,16.0,2024-07-01,2025-06-30
370047,70.0,78.0,77.0,60.0,86.0,69.0,61.0,67.0,438.0,19.0,2024-07-01,2025-06-30
370049,67.0,80.0,83.0,65.0,90.0,76.0,67.0,75.0,520.0,19.0,2024-07-01,2025-06-30
370054,64.0,80.0,77.0,58.0,92.0,65.0,59.0,64.0,153.0,23.0,2024-07-01,2025-06-30
370056,56.0,73.0,73.0,55.0,84.0,59.0,55.0,57.0,731.0,15.0,2024-07-01,2025-06-30
370057,74.0,83.0,81.0,68.0,89.0,72.0,68.0,66.0,37.0,12.0,2024-07-01,2025-06-30
370078,69.0,76.0,79.0,57.0,85.0,69.0,61.0,72.0,851.0,15.0,2024-07-01,2025-06-30
370083,55.0,60.0,70.0,26.0,80.0,52.0,59.0,50.0,36.0,15.0,2024-07-01,2025-06-30
370089,60.0,78.0,75.0,55.0,86.0,65.0,52.0,60.0,407.0,18.0,2024-07-01,2025-06-30
370091,74.0,76.0,76.0,55.0,87.0,74.0,60.0,80.0,3380.0,32.0,2024-07-01,2025-06-30
370093,68.0,71.0,75.0,53.0,82.0,62.0,54.0,64.0,3193.0,14.0,2024-07-01,2025-06-30
370094,62.0,73.0,75.0,54.0,78.0,65.0,62.0,63.0,653.0,16.0,2024-07-01,2025-06-30
370097,75.0,76.0,75.0,54.0,80.0,66.0,68.0,74.0,271.0,15.0,2024-07-01,2025-06-30
370099,74.0,92.0,93.0,63.0,88.0,75.0,76.0,78.0,71.0,17.0,2024-07-01,2025-06-30
370100,,,,,,,,,,,2024-07-01,2025-06-30
370106,72.0,75.0,77.0,63.0,86.0,64.0,62.0,63.0,744.0,14.0,2024-07-01,2025-06-30
370112,85.0,72.0,81.0,79.0,93.0,61.0,54.0,73.0,50.0,16.0,2024-07-01,2025-06-30
370113,69.0,83.0,82.0,63.0,89.0,73.0,68.0,66.0,221.0,19.0,2024-07-01,2025-06-30
370114,62.0,68.0,71.0,52.0,80.0,57.0,48.0,61.0,325.0,16.0,2024-07-01,2025-06-30
37012F,74.0,83.0,84.0,66.0,89.0,80.0,61.0,78.0,412.0,33.0,2024-07-01,2025-06-30
370149,85.0,83.0,84.0,68.0,84.0,76.0,69.0,72.0,478.0,17.0,2024-07-01,2025-06-30
37014F,69.0,76.0,77.0,63.0,91.0,71.0,57.0,74.0,408.0,28.0,2024-07-01,2025-06-30
370158,,,,,,,,,,,2024-07-01,2025-06-30
370166,55.0,80.0,83.0,53.0,85.0,71.0,72.0,72.0,45.0,17.0,2024-07-01,2025-06-30
370170,95.0,88.0,86.0,59.0,82.0,80.0,66.0,60.0,45.0,22.0,2024-07-01,2025-06-30
370171,68.0,81.0,81.0,65.0,87.0,70.0,60.0,69.0,492.0,19.0,2024-07-01,2025-06-30
370172,82.0,89.0,84.0,75.0,94.0,83.0,83.0,90.0,81.0,11.0,2024-07-01,2025-06-30
370173,84.0,89.0,79.0,78.0,92.0,77.0,72.0,73.0,91.0,16.0,2024-07-01,2025-06-30
370178,70.0,75.0,82.0,40.0,79.0,59.0,60.0,50.0,38.0,14.0,2024-07-01,2025-06-30
370180,76.0,86.0,84.0,66.0,90.0,86.0,71.0,86.0,280.0,13.0,2024-07-01,2025-06-30
370183,79.0,89.0,91.0,85.0,83.0,84.0,67.0,87.0,71.0,28.0,2024-07-01,2025-06-30
370192,76.0,83.0,76.0,58.0,96.0,81.0,86.0,82.0,26.0,30.0,2024-07-01,2025-06-30
370199,77.0,82.0,83.0,66.0,91.0,83.0,61.0,79.0,227.0,16.0,2024-07-01,2025-06-30
370201,,,,,,,,,,,2024-07-01,2025-06-30
370202,62.0,74.0,77.0,58.0,82.0,71.0,55.0,71.0,725.0,21.0,2024-07-01,2025-06-30
370203,73.0,79.0,84.0,65.0,88.0,79.0,70.0,77.0,382.0,34.0,2024-07-01,2025-06-30
370206,75.0,81.0,83.0,63.0,87.0,77.0,75.0,81.0,477.0,37.0,2024-07-01,2025-06-30
370210,72.0,80.0,82.0,65.0,86.0,79.0,73.0,81.0,394.0,33.0,2024-07-01,2025-06-30
370211,67.0,79.0,79.0,61.0,84.0,74.0,70.0,73.0,532.0,18.0,2024-07-01,2025-06-30
370212,66.0,87.0,86.0,78.0,93.0,80.0,86.0,85.0,65.0,30.0,2024-07-01,2025-06-30
370214,,,,,,,,,,,2024-07-01,2025-06-30
370215,84.0,87.0,88.0,68.0,88.0,90.0,80.0,91.0,1191.0,36.0,2024-07-01,2025-06-30
370216,88.0,91.0,87.0,81.0,89.0,91.0,85.0,91.0,383.0,41.0,2024-07-01,2025-06-30
370218,81.0,78.0,75.0,57.0,87.0,78.0,55.0,80.0,407.0,37.0,2024-07-01,2025-06-30
370220,77.0,87.0,85.0,65.0,90.0,83.0,81.0,82.0,80.0,34.0,2024-07-01,2025-06-30
370222,81.0,83.0,87.0,70.0,91.0,82.0,77.0,86.0,321.0,41.0,2024-07-01,2025-06-30
370225,84.0,91.0,88.0,70.0,89.0,90.0,86.0,89.0,100.0,23.0,2024-07-01,2025-06-30
370227,60.0,81.0,82.0,56.0,87.0,78.0,60.0,82.0,178.0,17.0,2024-07-01,2025-06-30
370228,81.0,84.0,86.0,68.0,88.0,85.0,76.0,86.0,330.0,19.0,2024-07-01,2025-06-30
370234,84.0,88.0,83.0,72.0,89.0,92.0,78.0,92.0,724.0,30.0,2024-07-01,2025-06-30
370235,69.0,83.0,84.0,63.0,88.0,77.0,69.0,77.0,271.0,22.0,2024-07-01,2025-06-30
370236,74.0,78.0,78.0,60.0,86.0,77.0,66.0,82.0,573.0,18.0,2024-07-01,2025-06-30
370237,77.0,80.0,81.0,70.0,89.0,75.0,69.0,79.0,165.0,30.0,2024-07-01,2025-06-30
370240,77.0,83.0,79.0,63.0,78.0,71.0,85.0,73.0,96.0,18.0,2024-07-01,2025-06-30
370243,,,,,,,,,,,2024-07-01,2025-06-30
370244,82.0,86.0,90.0,73.0,88.0,86.0,80.0,84.0,58.0,17.0,2024-07-01,2025-06-30
370245,,,,,,,,,,,2024-07-01,2025-06-30
370246,,,,,,,,,,,2024-07-01,2025-06-30
370247,,,,,,,,,,,2024-07-01,2025-06-30
370779,,,,,,,,,,,2024-07-01,2025-06-30
370780,,,,,,,,,,,2024-07-01,2025-06-30
370781,,,,,,,,,,,2024-07-01,2025-06-30
370783,,,,,,,,,,,2024-07-01,2025-06-30
371300,,,,,,,,,,,2024-07-01,2025-06-30
371301,79.0,93.0,80.0,62.0,80.0,83.0,62.0,88.0,40.0,28.0,2024-07-01,2025-06-30
371302,89.0,86.0,83.0,68.0,89.0,87.0,84.0,85.0,31.0,22.0,2024-07-01,2025-06-30
371303,76.0,83.0,84.0,78.0,95.0,89.0,80.0,86.0,44.0,23.0,2024-07-01,2025-06-30
371304,89.0,89.0,83.0,79.0,95.0,85.0,75.0,78.0,37.0,19.0,2024-07-01,2025-06-30
371305,,,,,,,,,,,2024-07-01,2025-06-30
371306,,,,,,,,,,,2024-07-01,2025-06-30
371307,,,,,,,,,,,2024-07-01,2025-06-30
371309,78.0,79.0,84.0,73.0,91.0,72.0,58.0,63.0,32.0,18.0,2024-07-01,2025-06-30
371310,87.0,85.0,89.0,72.0,95.0,75.0,68.0,79.0,44.0,21.0,2024-07-01,2025-06-30
371311,,,,,,,,,,,2024-07-01,2025-06-30
371312,,,,,,,,,,,2024-07-01,2025-06-30
371313,95.0,84.0,76.0,71.0,88.0,82.0,73.0,80.0,70.0,24.0,2024-07-01,2025-06-30
371314,72.0,83.0,87.0,74.0,90.0,78.0,72.0,79.0,71.0,22.0,2024-07-01,2025-06-30
371316,85.0,79.0,83.0,66.0,90.0,81.0,60.0,79.0,56.0,20.0,2024-07-01,2025-06-30
371317,79.0,82.0,74.0,51.0,85.0,75.0,71.0,73.0,79.0,21.0,2024-07-01,2025-06-30
371318,89.0,78.0,77.0,60.0,93.0,75.0,55.0,88.0,51.0,23.0,2024-07-01,2025-06-30
371319,,,,,,,,,,,2024-07-01,2025-06-30
371320,,,,,,,,,,,2024-07-01,2025-06-30
371321,90.0,73.0,66.0,65.0,84.0,52.0,67.0,64.0,44.0,15.0,2024-07-01,2025-06-30
371322,,,,,,,,,,,2024-07-01,2025-06-30
371323,81.0,81.0,81.0,64.0,81.0,79.0,65.0,72.0,60.0,17.0,2024-07-01,2025-06-30
371325,,,,,,,,,,,2024-07-01,2025-06-30
371326,,,,,,,,,,,2024-07-01,2025-06-30
371327,,,,,,,,,,,2024-07-01,2025-06-30
371328,85.0,91.0,92.0,87.0,97.0,88.0,73.0,73.0,33.0,25.0,2024-07-01,2025-06-30
371329,94.0,91.0,81.0,79.0,88.0,89.0,80.0,74.0,25.0,38.0,2024-07-01,2025-06-30
371330,,,,,,,,,,,2024-07-01,2025-06-30
371331,,,,,,,,,,,2024-07-01,2025-06-30
371332,,,,,,,,,,,2024-07-01,2025-06-30
371333,,,,,,,,,,,2024-07-01,2025-06-30
371334,69.0,88.0,88.0,70.0,89.0,71.0,60.0,63.0,31.0,21.0,2024-07-01,2025-06-30
371335,,,,,,,,,,,2024-07-01,2025-06-30
371336,,,,,,,,,,,2024-07-01,2025-06-30
371337,70.0,78.0,85.0,59.0,82.0,69.0,69.0,78.0,33.0,12.0,2024-07-01,2025-06-30
371338,,,,,,,,,,,2024-07-01,2025-06-30
371340,,,,,,,,,,,2024-07-01,2025-06-30
371341,,,,,,,,,,,2024-07-01,2025-06-30
371342,70.0,82.0,84.0,59.0,78.0,57.0,62.0,55.0,75.0,17.0,2024-07-01,2025-06-30
373300,,,,,,,,,,,2024-07-01,2025-06-30
373303,,,,,,,,,,,2024-07-01,2025-06-30
380001,68.0,83.0,82.0,69.0,89.0,61.0,55.0,59.0,295.0,25.0,2024-07-01,2025-06-30
380002,80.0,79.0,78.0,60.0,88.0,69.0,54.0,69.0,1777.0,38.0,2024-07-01,2025-06-30
380004,74.0,77.0,80.0,60.0,88.0,75.0,55.0,80.0,405.0,23.0,2024-07-01,2025-06-30
380005,77.0,80.0,79.0,57.0,89.0,78.0,49.0,79.0,325.0,36.0,2024-07-01,2025-06-30
380007,72.0,78.0,79.0,60.0,86.0,73.0,56.0,73.0,966.0,20.0,2024-07-01,2025-06-30
380009,64.0,80.0,79.0,62.0,88.0,71.0,51.0,76.0,1292.0,22.0,2024-07-01,2025-06-30
380014,67.0,82.0,80.0,65.0,90.0,69.0,42.0,70.0,795.0,25.0,2024-07-01,2025-06-30
380017,79.0,77.0,81.0,60.0,88.0,72.0,61.0,72.0,1008.0,24.0,2024-07-01,2025-06-30
380018,72.0,76.0,78.0,57.0,86.0,67.0,50.0,76.0,2662.0,41.0,2024-07-01,2025-06-30
380020,73.0,79.0,77.0,62.0,88.0,76.0,53.0,79.0,1333.0,26.0,2024-07-01,2025-06-30
380021,63.0,75.0,78.0,56.0,87.0,62.0,51.0,62.0,674.0,19.0,2024-07-01,2025-06-30
380022,78.0,83.0,87.0,67.0,92.0,76.0,64.0,72.0,350.0,21.0,2024-07-01,2025-06-30
380025,70.0,78.0,80.0,61.0,87.0,70.0,51.0,70.0,765.0,21.0,2024-07-01,2025-06-30
380027,69.0,78.0,78.0,57.0,86.0,67.0,51.0,58.0,667.0,19.0,2024-07-01,2025-06-30
380029,77.0,81.0,80.0,65.0,88.0,77.0,61.0,78.0,335.0,17.0,2024-07-01,2025-06-30
380037,73.0,79.0,83.0,61.0,88.0,78.0,54.0,83.0,496.0,22.0,2024-07-01,2025-06-30
380038,66.0,78.0,79.0,58.0,89.0,70.0,52.0,69.0,528.0,21.0,2024-07-01,2025-06-30
38003F,75.0,84.0,82.0,73.0,90.0,78.0,61.0,80.0,499.0,32.0,2024-07-01,2025-06-30
380047,71.0,82.0,80.0,61.0,86.0,74.0,58.0,78.0,832.0,28.0,2024-07-01,2025-06-30
38004F,,,,,,,,,,,2024-07-01,2025-06-30
380050,74.0,77.0,79.0,60.0,87.0,68.0,50.0,66.0,1070.0,32.0,2024-07-01,2025-06-30
380051,71.0,76.0,77.0,58.0,87.0,69.0,56.0,69.0,1975.0,22.0,2024-07-01,2025-06-30
380052,83.0,77.0,78.0,59.0,84.0,73.0,55.0,68.0,227.0,23.0,2024-07-01,2025-06-30
380056,78.0,82.0,86.0,72.0,90.0,77.0,53.0,73.0,248.0,24.0,2024-07-01,2025-06-30
380060,70.0,74.0,76.0,57.0,88.0,70.0,48.0,72.0,680.0,18.0,2024-07-01,2025-06-30
380061,69.0,81.0,82.0,64.0,90.0,71.0,56.0,78.0,438.0,19.0,2024-07-01,2025-06-30
380071,75.0,77.0,82.0,61.0,84.0,63.0,57.0,63.0,314.0,19.0,2024-07-01,2025-06-30
380075,73.0,78.0,77.0,56.0,88.0,73.0,50.0,76.0,635.0,24.0,2024-07-01,2025-06-30
380082,71.0,77.0,79.0,57.0,87.0,66.0,44.0,66.0,539.0,22.0,2024-07-01,2025-06-30
380089,65.0,79.0,77.0,61.0,87.0,69.0,52.0,74.0,1141.0,31.0,2024-07-01,2025-06-30
380090,72.0,77.0,75.0,59.0,86.0,64.0,53.0,64.0,1073.0,22.0,2024-07-01,2025-06-30
380091,62.0,78.0,80.0,61.0,89.0,68.0,47.0,71.0,3489.0,25.0,2024-07-01,2025-06-30
380102,75.0,78.0,75.0,64.0,89.0,75.0,58.0,78.0,593.0,26.0,2024-07-01,2025-06-30
380103,69.0,80.0,82.0,64.0,90.0,79.0,58.0,81.0,1363.0,24.0,2024-07-01,2025-06-30
381301,75.0,87.0,80.0,63.0,93.0,85.0,60.0,80.0,51.0,25.0,2024-07-01,2025-06-30
381302,80.0,85.0,82.0,68.0,89.0,76.0,67.0,73.0,152.0,23.0,2024-07-01,2025-06-30
381303,62.0,82.0,85.0,69.0,92.0,73.0,51.0,78.0,170.0,21.0,2024-07-01,2025-06-30
381304,81.0,84.0,84.0,63.0,87.0,81.0,49.0,81.0,93.0,36.0,2024-07-01,2025-06-30
381305,87.0,83.0,80.0,50.0,80.0,61.0,57.0,55.0,27.0,23.0,2024-07-01,2025-06-30
381306,81.0,80.0,86.0,69.0,89.0,81.0,66.0,78.0,71.0,29.0,2024-07-01,2025-06-30
381307,76.0,83.0,84.0,80.0,90.0,72.0,68.0,71.0,57.0,21.0,2024-07-01,2025-06-30
381308,,,,,,,,,,,2024-07-01,2025-06-30
381309,83.0,82.0,87.0,73.0,89.0,82.0,54.0,83.0,81.0,26.0,2024-07-01,2025-06-30
381310,,,,,,,,,,,2024-07-01,2025-06-30
381311,83.0,84.0,86.0,61.0,88.0,76.0,72.0,77.0,45.0,21.0,2024-07-01,2025-06-30
381312,89.0,89.0,93.0,78.0,98.0,82.0,67.0,80.0,55.0,27.0,2024-07-01,2025-06-30
381313,88.0,83.0,84.0,65.0,93.0,74.0,60.0,74.0,107.0,22.0,2024-07-01,2025-06-30
381314,79.0,85.0,79.0,69.0,91.0,73.0,63.0,73.0,178.0,20.0,2024-07-01,2025-06-30
381315,73.0,76.0,77.0,59.0,81.0,63.0,63.0,58.0,70.0,27.0,2024-07-01,2025-06-30
381316,85.0,85.0,88.0,68.0,90.0,81.0,62.0,78.0,175.0,29.0,2024-07-01,2025-06-30
381317,73.0,82.0,76.0,63.0,92.0,75.0,55.0,73.0,112.0,19.0,2024-07-01,2025-06-30
381318,79.0,84.0,84.0,73.0,88.0,78.0,71.0,82.0,282.0,22.0,2024-07-01,2025-06-30
381319,77.0,87.0,85.0,80.0,87.0,75.0,70.0,71.0,149.0,15.0,2024-07-01,2025-06-30
381320,70.0,82.0,82.0,70.0,90.0,73.0,56.0,80.0,302.0,34.0,2024-07-01,2025-06-30
381321,78.0,88.0,85.0,73.0,90.0,77.0,64.0,73.0,294.0,25.0,2024-07-01,2025-06-30
381322,89.0,86.0,76.0,68.0,92.0,76.0,61.0,79.0,76.0,24.0,2024-07-01,2025-06-30
381323,74.0,83.0,82.0,64.0,92.0,77.0,59.0,73.0,247.0,20.0,2024-07-01,2025-06-30
381324,72.0,84.0,81.0,74.0,89.0,82.0,62.0,76.0,87.0,16.0,2024-07-01,2025-06-30
381325,73.0,79.0,79.0,62.0,85.0,66.0,57.0,66.0,267.0,16.0,2024-07-01,2025-06-30
383300,,,,,,,,,,,2024-07-01,2025-06-30
390001,62.0,78.0,76.0,57.0,85.0,61.0,38.0,62.0,1410.0,23.0,2024-07-01,2025-06-30
390002,64.0,76.0,73.0,51.0,87.0,61.0,56.0,59.0,336.0,18.0,2024-07-01,2025-06-30
390003,81.0,84.0,84.0,67.0,88.0,80.0,53.0,76.0,492.0,27.0,2024-07-01,2025-06-30
390004,63.0,72.0,68.0,49.0,83.0,61.0,45.0,61.0,1968.0,25.0,2024-07-01,2025-06-30
390006,75.0,82.0,79.0,61.0,88.0,74.0,48.0,71.0,2827.0,27.0,2024-07-01,2025-06-30
390009,67.0,78.0,75.0,59.0,86.0,72.0,46.0,73.0,478.0,24.0,2024-07-01,2025-06-30
390012,67.0,76.0,74.0,57.0,82.0,60.0,49.0,56.0,682.0,29.0,2024-07-01,2025-06-30
390013,77.0,82.0,79.0,57.0,87.0,77.0,58.0,76.0,479.0,33.0,2024-07-01,2025-06-30
390016,67.0,79.0,77.0,56.0,88.0,64.0,47.0,61.0,519.0,27.0,2024-07-01,2025-06-30
39001F,90.0,89.0,82.0,83.0,91.0,87.0,64.0,82.0,175.0,45.0,2024-07-01,2025-06-30
390025,,,,,,,,,,,2024-07-01,2025-06-30
390026,50.0,70.0,77.0,54.0,78.0,50.0,47.0,49.0,549.0,16.0,2024-07-01,2025-06-30
390027,66.0,75.0,77.0,59.0,85.0,65.0,47.0,64.0,682.0,11.0,2024-07-01,2025-06-30
390028,73.0,80.0,76.0,59.0,88.0,74.0,54.0,72.0,439.0,22.0,2024-07-01,2025-06-30
390030,79.0,82.0,79.0,60.0,85.0,69.0,63.0,58.0,257.0,23.0,2024-07-01,2025-06-30
390032,73.0,81.0,80.0,60.0,88.0,64.0,47.0,58.0,447.0,28.0,2024-07-01,2025-06-30
390035,80.0,84.0,79.0,60.0,87.0,83.0,60.0,81.0,1037.0,23.0,2024-07-01,2025-06-30
390036,74.0,79.0,76.0,60.0,86.0,60.0,49.0,56.0,1167.0,24.0,2024-07-01,2025-06-30
390037,69.0,82.0,81.0,62.0,86.0,69.0,57.0,69.0,906.0,26.0,2024-07-01,2025-06-30
390039,84.0,83.0,79.0,62.0,93.0,73.0,55.0,68.0,361.0,31.0,2024-07-01,2025-06-30
390041,62.0,78.0,78.0,57.0,85.0,63.0,52.0,55.0,875.0,24.0,2024-07-01,2025-06-30
390042,71.0,83.0,78.0,61.0,85.0,70.0,52.0,67.0,681.0,29.0,2024-07-01,2025-06-30
390044,76.0,77.0,75.0,58.0,85.0,67.0,43.0,64.0,427.0,21.0,2024-07-01,2025-06-30
390045,78.0,82.0,81.0,61.0,90.0,78.0,53.0,71.0,485.0,29.0,2024-07-01,2025-06-30
390046,53.0,77.0,73.0,54.0,88.0,67.0,42.0,67.0,403.0,26.0,2024-07-01,2025-06-30
390048,75.0,85.0,80.0,63.0,89.0,72.0,45.0,60.0,643.0,27.0,2024-07-01,2025-06-30
390049,81.0,83.0,81.0,60.0,88.0,76.0,57.0,77.0,579.0,23.0,2024-07-01,2025-06-30
39004F,,,,,,,,,,,2024-07-01,2025-06-30
390050,72.0,79.0,78.0,58.0,87.0,70.0,50.0,71.0,568.0,28.0,2024-07-01,2025-06-30
390056,82.0,79.0,81.0,61.0,86.0,60.0,58.0,60.0,369.0,31.0,2024-07-01,2025-06-30
390057,77.0,80.0,78.0,59.0,88.0,73.0,54.0,67.0,417.0,29.0,2024-07-01,2025-06-30
390058,76.0,78.0,75.0,57.0,88.0,68.0,52.0,63.0,381.0,26.0,2024-07-01,2025-06-30
39005F,,,,,,,,,,,2024-07-01,2025-06-30
390062,73.0,84.0,83.0,62.0,87.0,77.0,56.0,80.0,673.0,40.0,2024-07-01,2025-06-30
390063,69.0,78.0,77.0,57.0,87.0,70.0,45.0,72.0,395.0,26.0,2024-07-01,2025-06-30
390065,65.0,80.0,76.0,56.0,85.0,68.0,36.0,66.0,369.0,26.0,2024-07-01,2025-06-30
390066,77.0,78.0,77.0,59.0,89.0,62.0,40.0,63.0,462.0,24.0,2024-07-01,2025-06-30
390067,75.0,81.0,77.0,53.0,87.0,73.0,57.0,73.0,448.0,26.0,2024-07-01,2025-06-30
390068,72.0,80.0,80.0,59.0,89.0,78.0,48.0,78.0,386.0,29.0,2024-07-01,2025-06-30
39006F,81.0,89.0,88.0,77.0,94.0,89.0,62.0,88.0,452.0,47.0,2024-07-01,2025-06-30
390070,67.0,70.0,64.0,46.0,76.0,61.0,47.0,60.0,427.0,20.0,2024-07-01,2025-06-30
390073,66.0,78.0,74.0,57.0,88.0,56.0,37.0,48.0,484.0,26.0,2024-07-01,2025-06-30
390079,72.0,81.0,79.0,60.0,87.0,72.0,48.0,72.0,535.0,28.0,2024-07-01,2025-06-30
390086,67.0,75.0,74.0,56.0,86.0,60.0,42.0,54.0,1290.0,25.0,2024-07-01,2025-06-30
390090,70.0,84.0,78.0,62.0,88.0,75.0,62.0,75.0,449.0,18.0,2024-07-01,2025-06-30
390091,75.0,80.0,76.0,55.0,87.0,68.0,45.0,60.0,507.0,27.0,2024-07-01,2025-06-30
390093,69.0,86.0,88.0,66.0,88.0,70.0,55.0,64.0,260.0,29.0,2024-07-01,2025-06-30
390096,66.0,77.0,76.0,54.0,89.0,73.0,45.0,74.0,1586.0,25.0,2024-07-01,2025-06-30
390097,66.0,76.0,73.0,52.0,81.0,67.0,50.0,68.0,353.0,16.0,2024-07-01,2025-06-30
39009F,66.0,77.0,83.0,60.0,86.0,67.0,58.0,65.0,491.0,25.0,2024-07-01,2025-06-30
390100,63.0,80.0,78.0,55.0,89.0,74.0,58.0,73.0,434.0,28.0,2024-07-01,2025-06-30
390101,79.0,76.0,76.0,55.0,86.0,74.0,62.0,75.0,398.0,25.0,2024-07-01,2025-06-30
390102,67.0,79.0,82.0,60.0,87.0,74.0,44.0,76.0,461.0,30.0,2024-07-01,2025-06-30
390107,67.0,84.0,81.0,65.0,88.0,77.0,54.0,79.0,472.0,36.0,2024-07-01,2025-06-30
390110,54.0,77.0,73.0,56.0,85.0,51.0,39.0,47.0,2186.0,28.0,2024-07-01,2025-06-30
390111,73.0,85.0,81.0,65.0,90.0,83.0,63.0,83.0,648.0,23.0,2024-07-01,2025-06-30
390112,79.0,84.0,80.0,63.0,87.0,78.0,60.0,78.0,291.0,40.0,2024-07-01,2025-06-30
390113,69.0,81.0,80.0,61.0,87.0,70.0,47.0,63.0,497.0,29.0,2024-07-01,2025-06-30
390114,74.0,83.0,78.0,58.0,89.0,74.0,57.0,78.0,385.0,14.0,2024-07-01,2025-06-30
390115,63.0,77.0,75.0,58.0,84.0,62.0,47.0,61.0,2271.0,18.0,2024-07-01,2025-06-30
390116,78.0,78.0,82.0,58.0,85.0,67.0,64.0,65.0,156.0,20.0,2024-07-01,2025-06-30
390117,78.0,87.0,75.0,66.0,91.0,71.0,56.0,65.0,309.0,35.0,2024-07-01,2025-06-30
390123,75.0,76.0,71.0,56.0,83.0,61.0,47.0,52.0,561.0,24.0,2024-07-01,2025-06-30
390125,76.0,74.0,77.0,49.0,89.0,63.0,56.0,61.0,374.0,26.0,2024-07-01,2025-06-30
390127,78.0,83.0,78.0,63.0,86.0,71.0,51.0,71.0,713.0,26.0,2024-07-01,2025-06-30
39012F,71.0,84.0,83.0,74.0,86.0,76.0,54.0,74.0,482.0,37.0,2024-07-01,2025-06-30
390133,74.0,76.0,74.0,57.0,86.0,68.0,55.0,70.0,1721.0,33.0,2024-07-01,2025-06-30
390137,64.0,77.0,76.0,53.0,85.0,60.0,53.0,54.0,718.0,30.0,2024-07-01,2025-06-30
390138,82.0,85.0,79.0,68.0,91.0,81.0,59.0,75.0,420.0,25.0,2024-07-01,2025-06-30
390139,63.0,83.0,78.0,63.0,88.0,78.0,58.0,81.0,1552.0,26.0,2024-07-01,2025-06-30
39013F,81.0,88.0,82.0,76.0,90.0,83.0,67.0,83.0,506.0,40.0,2024-07-01,2025-06-30
390142,68.0,76.0,77.0,57.0,83.0,61.0,48.0,56.0,502.0,10.0,2024-07-01,2025-06-30
390145,55.0,73.0,74.0,57.0,85.0,58.0,44.0,55.0,511.0,28.0,2024-07-01,2025-06-30
390146,73.0,81.0,76.0,62.0,85.0,68.0,44.0,58.0,269.0,23.0,2024-07-01,2025-06-30
390147,55.0,75.0,78.0,51.0,84.0,52.0,53.0,48.0,347.0,25.0,2024-07-01,2025-06-30
390150,73.0,84.0,75.0,72.0,81.0,69.0,73.0,56.0,79.0,29.0,2024-07-01,2025-06-30
390151,71.0,80.0,74.0,59.0,84.0,67.0,58.0,58.0,673.0,23.0,2024-07-01,2025-06-30
390153,68.0,81.0,77.0,61.0,88.0,75.0,48.0,80.0,2056.0,27.0,2024-07-01,2025-06-30
390156,62.0,73.0,75.0,60.0,82.0,59.0,54.0,56.0,528.0,10.0,2024-07-01,2025-06-30
390160,72.0,87.0,84.0,63.0,86.0,78.0,59.0,78.0,325.0,29.0,2024-07-01,2025-06-30
390162,83.0,85.0,84.0,68.0,86.0,78.0,56.0,76.0,326.0,22.0,2024-07-01,2025-06-30
390163,65.0,76.0,78.0,57.0,90.0,65.0,54.0,61.0,301.0,23.0,2024-07-01,2025-06-30
390164,65.0,81.0,78.0,62.0,89.0,72.0,50.0,71.0,588.0,26.0,2024-07-01,2025-06-30
390168,71.0,83.0,80.0,62.0,88.0,72.0,50.0,72.0,767.0,33.0,2024-07-01,2025-06-30
390173,72.0,77.0,74.0,53.0,88.0,60.0,41.0,56.0,678.0,30.0,2024-07-01,2025-06-30
390174,59.0,79.0,78.0,60.0,86.0,66.0,49.0,68.0,2331.0,19.0,2024-07-01,2025-06-30
390178,73.0,81.0,79.0,64.0,89.0,71.0,54.0,69.0,492.0,21.0,2024-07-01,2025-06-30
390179,77.0,84.0,80.0,68.0,87.0,79.0,64.0,78.0,554.0,28.0,2024-07-01,2025-06-30
390180,,,,,,,,,,,2024-07-01,2025-06-30
390183,83.0,84.0,83.0,63.0,89.0,80.0,52.0,79.0,475.0,25.0,2024-07-01,2025-06-30
390184,75.0,82.0,87.0,67.0,84.0,76.0,61.0,60.0,69.0,24.0,2024-07-01,2025-06-30
390185,72.0,76.0,74.0,56.0,85.0,62.0,50.0,55.0,294.0,21.0,2024-07-01,2025-06-30
390195,72.0,81.0,79.0,61.0,89.0,76.0,52.0,79.0,1705.0,21.0,2024-07-01,2025-06-30
390198,68.0,77.0,87.0,67.0,82.0,71.0,52.0,69.0,95.0,23.0,2024-07-01,2025-06-30
390199,70.0,84.0,86.0,67.0,93.0,79.0,49.0,76.0,334.0,36.0,2024-07-01,2025-06-30
390201,79.0,81.0,81.0,55.0,84.0,70.0,58.0,68.0,332.0,23.0,2024-07-01,2025-06-30
390203,70.0,84.0,80.0,65.0,88.0,78.0,52.0,82.0,804.0,32.0,2024-07-01,2025-06-30
390204,57.0,73.0,73.0,56.0,84.0,58.0,43.0,52.0,404.0,11.0,2024-07-01,2025-06-30
390211,,,,,,,,,,,2024-07-01,2025-06-30
390217,64.0,80.0,77.0,59.0,89.0,65.0,47.0,61.0,457.0,27.0,2024-07-01,2025-06-30
390219,62.0,79.0,79.0,61.0,86.0,64.0,49.0,63.0,608.0,31.0,2024-07-01,2025-06-30
390222,71.0,79.0,76.0,62.0,89.0,73.0,54.0,74.0,1196.0,27.0,2024-07-01,2025-06-30
390223,62.0,83.0,79.0,65.0,87.0,71.0,48.0,72.0,432.0,23.0,2024-07-01,2025-06-30
390225,61.0,78.0,76.0,52.0,90.0,67.0,42.0,65.0,457.0,29.0,2024-07-01,2025-06-30
390226,69.0,76.0,79.0,59.0,88.0,68.0,56.0,71.0,413.0,21.0,2024-07-01,2025-06-30
390228,68.0,83.0,85.0,60.0,88.0,72.0,43.0,75.0,427.0,33.0,2024-07-01,2025-06-30
390231,52.0,76.0,71.0,58.0,83.0,58.0,43.0,61.0,1097.0,22.0,2024-07-01,2025-06-30
390233,80.0,82.0,77.0,58.0,88.0,76.0,57.0,67.0,434.0,30.0,2024-07-01,2025-06-30
390237,60.0,78.0,78.0,56.0,86.0,63.0,51.0,64.0,1273.0,25.0,2024-07-01,2025-06-30
390256,71.0,80.0,78.0,58.0,89.0,77.0,48.0,78.0,4693.0,26.0,2024-07-01,2025-06-30
390258,62.0,76.0,72.0,54.0,83.0,62.0,44.0,58.0,428.0,21.0,2024-07-01,2025-06-30
390265,79.0,82.0,79.0,61.0,85.0,75.0,51.0,74.0,613.0,27.0,2024-07-01,2025-06-30
390266,86.0,80.0,73.0,61.0,88.0,69.0,54.0,67.0,175.0,29.0,2024-07-01,2025-06-30
390267,68.0,78.0,79.0,60.0,88.0,66.0,44.0,69.0,342.0,25.0,2024-07-01,2025-06-30
390268,73.0,82.0,82.0,65.0,90.0,71.0,55.0,71.0,418.0,28.0,2024-07-01,2025-06-30
390270,61.0,76.0,74.0,54.0,86.0,61.0,43.0,62.0,1667.0,21.0,2024-07-01,2025-06-30
390272,,,,,,,,,,,2024-07-01,2025-06-30
390278,,,,,,,,,,,2024-07-01,2025-06-30
390304,62.0,71.0,75.0,49.0,76.0,57.0,50.0,58.0,460.0,21.0,2024-07-01,2025-06-30
390307,,,,,,,,,,,2024-07-01,2025-06-30
390316,82.0,92.0,90.0,75.0,91.0,86.0,69.0,88.0,231.0,60.0,2024-07-01,2025-06-30
390322,76.0,88.0,85.0,72.0,91.0,84.0,67.0,84.0,184.0,46.0,2024-07-01,2025-06-30
390323,86.0,95.0,91.0,84.0,94.0,92.0,75.0,92.0,283.0,74.0,2024-07-01,2025-06-30
390324,85.0,94.0,87.0,84.0,93.0,88.0,83.0,88.0,117.0,58.0,2024-07-01,2025-06-30
390325,89.0,93.0,88.0,72.0,95.0,92.0,78.0,93.0,278.0,60.0,2024-07-01,2025-06-30
390327,74.0,89.0,79.0,64.0,93.0,91.0,77.0,87.0,108.0,52.0,2024-07-01,2025-06-30
390328,73.0,84.0,77.0,62.0,86.0,73.0,58.0,71.0,423.0,27.0,2024-07-01,2025-06-30
390329,68.0,76.0,73.0,58.0,87.0,61.0,53.0,60.0,667.0,20.0,2024-07-01,2025-06-30
390330,77.0,77.0,81.0,55.0,86.0,75.0,56.0,76.0,706.0,21.0,2024-07-01,2025-06-30
390331,70.0,92.0,88.0,71.0,86.0,91.0,73.0,95.0,69.0,31.0,2024-07-01,2025-06-30
390332,83.0,85.0,86.0,65.0,91.0,85.0,63.0,86.0,969.0,29.0,2024-07-01,2025-06-30
390333,77.0,92.0,90.0,75.0,88.0,86.0,87.0,88.0,256.0,39.0,2024-07-01,2025-06-30
390334,89.0,87.0,82.0,68.0,89.0,88.0,70.0,89.0,1117.0,27.0,2024-07-01,2025-06-30
390335,88.0,87.0,85.0,69.0,87.0,86.0,65.0,84.0,750.0,29.0,2024-07-01,2025-06-30
390336,72.0,79.0,74.0,56.0,88.0,77.0,67.0,77.0,1176.0,24.0,2024-07-01,2025-06-30
390337,87.0,87.0,84.0,66.0,93.0,86.0,59.0,88.0,268.0,32.0,2024-07-01,2025-06-30
390338,81.0,83.0,83.0,62.0,89.0,79.0,65.0,84.0,626.0,38.0,2024-07-01,2025-06-30
390339,68.0,79.0,76.0,55.0,86.0,77.0,62.0,79.0,1409.0,28.0,2024-07-01,2025-06-30
390430,77.0,89.0,87.0,64.0,87.0,85.0,76.0,84.0,141.0,37.0,2024-07-01,2025-06-30
391300,85.0,89.0,84.0,65.0,92.0,82.0,64.0,82.0,243.0,29.0,2024-07-01,2025-06-30
391301,84.0,89.0,85.0,66.0,92.0,89.0,67.0,84.0,110.0,32.0,2024-07-01,2025-06-30
391302,89.0,93.0,93.0,77.0,96.0,79.0,55.0,80.0,33.0,34.0,2024-07-01,2025-06-30
391303,76.0,84.0,81.0,70.0,94.0,73.0,67.0,72.0,55.0,29.0,2024-07-01,2025-06-30
391304,,,,,,,,,,,2024-07-01,2025-06-30
391305,77.0,81.0,75.0,75.0,92.0,85.0,61.0,86.0,90.0,32.0,2024-07-01,2025-06-30
391306,86.0,88.0,84.0,57.0,90.0,81.0,55.0,76.0,93.0,33.0,2024-07-01,2025-06-30
391307,77.0,88.0,85.0,72.0,93.0,83.0,65.0,77.0,111.0,35.0,2024-07-01,2025-06-30
391308,75.0,77.0,76.0,51.0,87.0,76.0,68.0,61.0,60.0,23.0,2024-07-01,2025-06-30
391309,79.0,84.0,86.0,68.0,82.0,71.0,67.0,65.0,65.0,46.0,2024-07-01,2025-06-30
391312,77.0,84.0,81.0,63.0,90.0,76.0,55.0,74.0,124.0,37.0,2024-07-01,2025-06-30
391313,81.0,83.0,78.0,71.0,88.0,75.0,59.0,69.0,175.0,31.0,2024-07-01,2025-06-30
391314,72.0,89.0,85.0,71.0,89.0,81.0,65.0,80.0,145.0,32.0,2024-07-01,2025-06-30
391315,81.0,85.0,78.0,66.0,91.0,68.0,65.0,60.0,211.0,36.0,2024-07-01,2025-06-30
391316,88.0,85.0,86.0,70.0,89.0,82.0,61.0,70.0,273.0,29.0,2024-07-01,2025-06-30
391317,84.0,89.0,89.0,77.0,83.0,81.0,63.0,80.0,113.0,31.0,2024-07-01,2025-06-30
391318,,,,,,,,,,,2024-07-01,2025-06-30
393302,,,,,,,,,,,2024-07-01,2025-06-30
393303,,,,,,,,,,,2024-07-01,2025-06-30
393304,,,,,,,,,,,2024-07-01,2025-06-30
393307,,,,,,,,,,,2024-07-01,2025-06-30
393309,,,,,,,,,,,2024-07-01,2025-06-30
400001,,,,,,,,,,,2024-07-01,2025-06-30
400003,,,,,,,,,,,2024-07-01,2025-06-30
400004,,,,,,,,,,,2024-07-01,2025-06-30
400005,,,,,,,,,,,2024-07-01,2025-06-30
400006,71.0,72.0,76.0,39.0,74.0,60.0,58.0,64.0,334.0,38.0,2024-07-01,2025-06-30
400007,,,,,,,,,,,2024-07-01,2025-06-30
400010,,,,,,,,,,,2024-07-01,2025-06-30
400011,,,,,,,,,,,2024-07-01,2025-06-30
400012,,,,,,,,,,,2024-07-01,2025-06-30
400013,,,,,,,,,,,2024-07-01,2025-06-30
400014,,,,,,,,,,,2024-07-01,2025-06-30
400015,,,,,,,,,,,2024-07-01,2025-06-30
400016,,,,,,,,,,,2024-07-01,2025-06-30
400018,,,,,,,,,,,2024-07-01,2025-06-30
400019,,,,,,,,,,,2024-07-01,2025-06-30
400021,,,,,,,,,,,2024-07-01,2025-06-30
400022,77.0,71.0,80.0,47.0,72.0,59.0,61.0,59.0,314.0,16.0,2024-07-01,2025-06-30
400032,49.0,63.0,74.0,45.0,73.0,47.0,55.0,50.0,376.0,13.0,2024-07-01,2025-06-30
40003F,82.0,81.0,87.0,64.0,83.0,76.0,59.0,77.0,541.0,31.0,2024-07-01,2025-06-30
400044,,,,,,,,,,,2024-07-01,2025-06-30
400048,,,,,,,,,,,2024-07-01,2025-06-30
400061,,,,,,,,,,,2024-07-01,2025-06-30
400079,,,,,,,,,,,2024-07-01,2025-06-30
400087,,,,,,,,,,,2024-07-01,2025-06-30
400098,,,,,,,,,,,2024-07-01,2025-06-30
400102,65.0,67.0,72.0,39.0,66.0,53.0,62.0,56.0,323.0,31.0,2024-07-01,2025-06-30
400103,52.0,67.0,71.0,44.0,71.0,49.0,54.0,55.0,384.0,16.0,2024-07-01,2025-06-30
400104,,,,,,,,,,,2024-07-01,2025-06-30
400105,,,,,,,,,,,2024-07-01,2025-06-30
400106,,,,,,,,,,,2024-07-01,2025-06-30
400109,,,,,,,,,,,2024-07-01,2025-06-30
400110,,,,,,,,,,,2024-07-01,2025-06-30
400111,,,,,,,,,,,2024-07-01,2025-06-30
400112,,,,,,,,,,,2024-07-01,2025-06-30
400113,,,,,,,,,,,2024-07-01,2025-06-30
400114,68.0,74.0,78.0,49.0,76.0,62.0,58.0,66.0,383.0,15.0,2024-07-01,2025-06-30
400115,,,,,,,,,,,2024-07-01,2025-06-30
400117,,,,,,,,,,,2024-07-01,2025-06-30
400118,77.0,72.0,76.0,52.0,74.0,66.0,54.0,72.0,354.0,38.0,2024-07-01,2025-06-30
400120,,,,,,,,,,,2024-07-01,2025-06-30
400122,,,,,,,,,,,2024-07-01,2025-06-30
400123,,,,,,,,,,,2024-07-01,2025-06-30
400124,,,,,,,,,,,2024-07-01,2025-06-30
400126,,,,,,,,,,,2024-07-01,2025-06-30
400127,,,,,,,,,,,2024-07-01,2025-06-30
400128,,,,,,,,,,,2024-07-01,2025-06-30
400130,,,,,,,,,,,2024-07-01,2025-06-30
400131,,,,,,,,,,,2024-07-01,2025-06-30
400132,76.0,67.0,75.0,38.0,73.0,57.0,65.0,62.0,377.0,36.0,2024-07-01,2025-06-30
400134,,,,,,,,,,,2024-07-01,2025-06-30
400135,,,,,,,,,,,2024-07-01,2025-06-30
400137,86.0,76.0,77.0,54.0,75.0,70.0,71.0,73.0,518.0,31.0,2024-07-01,2025-06-30
400138,,,,,,,,,,,2024-07-01,2025-06-30
400139,,,,,,,,,,,2024-07-01,2025-06-30
400141,,,,,,,,,,,2024-07-01,2025-06-30
403301,,,,,,,,,,,2024-07-01,2025-06-30
410004,76.0,74.0,77.0,54.0,88.0,63.0,49.0,62.0,350.0,17.0,2024-07-01,2025-06-30
410005,77.0,82.0,77.0,64.0,87.0,70.0,64.0,69.0,480.0,25.0,2024-07-01,2025-06-30
410006,73.0,82.0,79.0,55.0,85.0,74.0,53.0,74.0,436.0,24.0,2024-07-01,2025-06-30
410007,72.0,80.0,77.0,54.0,87.0,68.0,44.0,71.0,408.0,22.0,2024-07-01,2025-06-30
410008,75.0,85.0,83.0,67.0,92.0,78.0,60.0,80.0,1125.0,32.0,2024-07-01,2025-06-30
410009,72.0,80.0,82.0,60.0,90.0,63.0,46.0,62.0,1327.0,27.0,2024-07-01,2025-06-30
410010,79.0,80.0,82.0,65.0,88.0,66.0,49.0,70.0,472.0,12.0,2024-07-01,2025-06-30
410011,74.0,75.0,74.0,58.0,85.0,60.0,42.0,61.0,431.0,28.0,2024-07-01,2025-06-30
410012,66.0,78.0,82.0,57.0,86.0,70.0,45.0,75.0,440.0,25.0,2024-07-01,2025-06-30
410013,79.0,84.0,81.0,65.0,88.0,73.0,56.0,74.0,668.0,30.0,2024-07-01,2025-06-30
41005F,77.0,85.0,84.0,73.0,87.0,80.0,52.0,77.0,479.0,39.0,2024-07-01,2025-06-30
420002,54.0,69.0,73.0,52.0,81.0,53.0,49.0,50.0,1337.0,16.0,2024-07-01,2025-06-30
420004,68.0,78.0,78.0,59.0,84.0,71.0,58.0,72.0,1266.0,18.0,2024-07-01,2025-06-30
420005,78.0,87.0,88.0,70.0,85.0,78.0,63.0,70.0,202.0,13.0,2024-07-01,2025-06-30
420007,58.0,80.0,77.0,60.0,87.0,68.0,58.0,69.0,877.0,21.0,2024-07-01,2025-06-30
420009,68.0,79.0,79.0,60.0,87.0,73.0,62.0,70.0,865.0,17.0,2024-07-01,2025-06-30
420010,73.0,82.0,82.0,65.0,88.0,72.0,68.0,64.0,343.0,14.0,2024-07-01,2025-06-30
420011,83.0,91.0,90.0,78.0,97.0,89.0,80.0,85.0,75.0,17.0,2024-07-01,2025-06-30
420015,67.0,79.0,80.0,59.0,86.0,70.0,59.0,65.0,618.0,15.0,2024-07-01,2025-06-30
420018,61.0,75.0,77.0,56.0,84.0,68.0,54.0,67.0,1224.0,13.0,2024-07-01,2025-06-30
420019,70.0,72.0,75.0,53.0,81.0,56.0,56.0,54.0,101.0,14.0,2024-07-01,2025-06-30
420020,63.0,76.0,81.0,56.0,85.0,62.0,57.0,58.0,473.0,17.0,2024-07-01,2025-06-30
420023,67.0,80.0,80.0,61.0,86.0,75.0,56.0,77.0,1436.0,19.0,2024-07-01,2025-06-30
420026,71.0,78.0,81.0,58.0,83.0,69.0,66.0,69.0,892.0,19.0,2024-07-01,2025-06-30
420027,68.0,82.0,80.0,62.0,87.0,70.0,59.0,66.0,546.0,19.0,2024-07-01,2025-06-30
420030,74.0,81.0,83.0,64.0,85.0,72.0,66.0,67.0,303.0,13.0,2024-07-01,2025-06-30
420033,75.0,82.0,84.0,63.0,90.0,80.0,59.0,79.0,724.0,17.0,2024-07-01,2025-06-30
420036,69.0,79.0,76.0,62.0,87.0,65.0,54.0,61.0,562.0,14.0,2024-07-01,2025-06-30
420037,63.0,82.0,84.0,59.0,89.0,74.0,56.0,73.0,463.0,17.0,2024-07-01,2025-06-30
420038,72.0,81.0,84.0,66.0,87.0,72.0,63.0,63.0,255.0,13.0,2024-07-01,2025-06-30
420043,66.0,87.0,83.0,67.0,89.0,68.0,65.0,65.0,119.0,20.0,2024-07-01,2025-06-30
420048,69.0,72.0,76.0,56.0,86.0,60.0,61.0,57.0,406.0,18.0,2024-07-01,2025-06-30
420049,76.0,78.0,81.0,60.0,86.0,70.0,55.0,68.0,754.0,20.0,2024-07-01,2025-06-30
420051,68.0,78.0,78.0,60.0,83.0,73.0,64.0,72.0,989.0,17.0,2024-07-01,2025-06-30
420053,82.0,84.0,83.0,66.0,88.0,80.0,69.0,77.0,225.0,25.0,2024-07-01,2025-06-30
420055,77.0,87.0,83.0,82.0,88.0,78.0,64.0,70.0,126.0,16.0,2024-07-01,2025-06-30
420065,72.0,83.0,82.0,65.0,88.0,76.0,57.0,79.0,1487.0,20.0,2024-07-01,2025-06-30
420067,65.0,75.0,77.0,56.0,84.0,60.0,55.0,61.0,800.0,18.0,2024-07-01,2025-06-30
420070,70.0,78.0,78.0,58.0,86.0,62.0,57.0,55.0,709.0,12.0,2024-07-01,2025-06-30
420071,72.0,81.0,82.0,64.0,87.0,72.0,65.0,72.0,941.0,21.0,2024-07-01,2025-06-30
420072,83.0,88.0,90.0,71.0,90.0,75.0,84.0,75.0,47.0,15.0,2024-07-01,2025-06-30
420073,76.0,82.0,81.0,63.0,88.0,80.0,65.0,80.0,4522.0,19.0,2024-07-01,2025-06-30
420078,59.0,77.0,77.0,59.0,87.0,67.0,52.0,69.0,2604.0,15.0,2024-07-01,2025-06-30
420079,72.0,77.0,76.0,61.0,85.0,66.0,53.0,65.0,1169.0,16.0,2024-07-01,2025-06-30
420080,57.0,73.0,76.0,55.0,80.0,55.0,44.0,52.0,619.0,28.0,2024-07-01,2025-06-30
420082,56.0,75.0,73.0,60.0,81.0,61.0,53.0,56.0,672.0,16.0,2024-07-01,2025-06-30
420085,66.0,74.0,72.0,50.0,81.0,65.0,55.0,65.0,573.0,26.0,2024-07-01,2025-06-30
420086,69.0,78.0,81.0,63.0,85.0,73.0,67.0,70.0,830.0,11.0,2024-07-01,2025-06-30
420087,66.0,84.0,84.0,66.0,88.0,79.0,63.0,80.0,2501.0,26.0,2024-07-01,2025-06-30
420089,67.0,83.0,82.0,63.0,86.0,73.0,71.0,75.0,512.0,18.0,2024-07-01,2025-06-30
420091,68.0,80.0,80.0,61.0,83.0,72.0,64.0,72.0,941.0,15.0,2024-07-01,2025-06-30
420098,64.0,80.0,80.0,63.0,87.0,72.0,53.0,70.0,578.0,25.0,2024-07-01,2025-06-30
42009F,,,,,,,,,,,2024-07-01,2025-06-30
420101,59.0,79.0,79.0,57.0,83.0,61.0,56.0,61.0,457.0,18.0,2024-07-01,2025-06-30
420102,73.0,79.0,81.0,56.0,87.0,80.0,60.0,81.0,431.0,11.0,2024-07-01,2025-06-30
420103,82.0,87.0,86.0,66.0,91.0,85.0,69.0,87.0,523.0,30.0,2024-07-01,2025-06-30
420104,74.0,87.0,85.0,68.0,89.0,83.0,72.0,83.0,684.0,29.0,2024-07-01,2025-06-30
420105,72.0,81.0,80.0,63.0,87.0,78.0,65.0,79.0,1087.0,25.0,2024-07-01,2025-06-30
420106,66.0,79.0,81.0,57.0,84.0,75.0,65.0,74.0,700.0,15.0,2024-07-01,2025-06-30
420107,75.0,84.0,86.0,69.0,91.0,71.0,69.0,68.0,191.0,12.0,2024-07-01,2025-06-30
420108,79.0,87.0,90.0,80.0,88.0,77.0,75.0,73.0,50.0,23.0,2024-07-01,2025-06-30
420109,71.0,82.0,85.0,63.0,87.0,70.0,68.0,65.0,341.0,17.0,2024-07-01,2025-06-30
420110,70.0,83.0,80.0,64.0,87.0,81.0,64.0,82.0,571.0,19.0,2024-07-01,2025-06-30
42011F,80.0,85.0,86.0,79.0,91.0,79.0,72.0,74.0,470.0,25.0,2024-07-01,2025-06-30
42029F,70.0,83.0,86.0,72.0,90.0,81.0,61.0,81.0,735.0,27.0,2024-07-01,2025-06-30
421300,81.0,89.0,88.0,63.0,85.0,80.0,75.0,79.0,51.0,23.0,2024-07-01,2025-06-30
421301,76.0,89.0,93.0,76.0,93.0,82.0,78.0,81.0,54.0,30.0,2024-07-01,2025-06-30
421304,,,,,,,,,,,2024-07-01,2025-06-30
423300,,,,,,,,,,,2024-07-01,2025-06-30
430005,70.0,81.0,83.0,63.0,85.0,69.0,66.0,61.0,309.0,26.0,2024-07-01,2025-06-30
430008,79.0,84.0,82.0,65.0,94.0,82.0,67.0,82.0,287.0,31.0,2024-07-01,2025-06-30
430012,81.0,79.0,79.0,63.0,91.0,73.0,68.0,70.0,437.0,30.0,2024-07-01,2025-06-30
430014,74.0,81.0,82.0,61.0,89.0,74.0,58.0,73.0,549.0,32.0,2024-07-01,2025-06-30
430015,80.0,82.0,76.0,61.0,90.0,69.0,65.0,61.0,248.0,22.0,2024-07-01,2025-06-30
430016,64.0,79.0,79.0,60.0,90.0,73.0,61.0,76.0,721.0,29.0,2024-07-01,2025-06-30
430027,66.0,78.0,76.0,54.0,86.0,75.0,56.0,75.0,388.0,25.0,2024-07-01,2025-06-30
43002F,84.0,92.0,89.0,84.0,89.0,86.0,70.0,82.0,200.0,40.0,2024-07-01,2025-06-30
430048,81.0,77.0,80.0,59.0,88.0,78.0,58.0,84.0,129.0,12.0,2024-07-01,2025-06-30
43005F,81.0,90.0,87.0,81.0,91.0,86.0,70.0,88.0,294.0,47.0,2024-07-01,2025-06-30
430077,71.0,72.0,75.0,53.0,87.0,67.0,51.0,65.0,1877.0,15.0,2024-07-01,2025-06-30
430084,65.0,82.0,84.0,79.0,96.0,56.0,59.0,57.0,28.0,8.0,2024-07-01,2025-06-30
430089,74.0,87.0,83.0,67.0,91.0,79.0,75.0,83.0,170.0,48.0,2024-07-01,2025-06-30
430090,84.0,89.0,84.0,77.0,94.0,82.0,83.0,84.0,183.0,57.0,2024-07-01,2025-06-30
430091,86.0,89.0,87.0,74.0,92.0,89.0,89.0,89.0,525.0,52.0,2024-07-01,2025-06-30
430093,,,,,,,,,,,2024-07-01,2025-06-30
430095,84.0,86.0,83.0,68.0,91.0,88.0,68.0,89.0,841.0,47.0,2024-07-01,2025-06-30
430097,61.0,80.0,80.0,56.0,88.0,76.0,68.0,76.0,213.0,24.0,2024-07-01,2025-06-30
430098,63.0,59.0,68.0,56.0,66.0,51.0,67.0,48.0,26.0,4.0,2024-07-01,2025-06-30
430779,,,,,,,,,,,2024-07-01,2025-06-30
431300,68.0,78.0,79.0,57.0,88.0,67.0,63.0,62.0,89.0,33.0,2024-07-01,2025-06-30
431301,,,,,,,,,,,2024-07-01,2025-06-30
431302,,,,,,,,,,,2024-07-01,2025-06-30
431305,79.0,92.0,93.0,85.0,78.0,96.0,80.0,83.0,29.0,45.0,2024-07-01,2025-06-30
431306,75.0,81.0,88.0,74.0,89.0,84.0,80.0,84.0,45.0,35.0,2024-07-01,2025-06-30
431307,,,,,,,,,,,2024-07-01,2025-06-30
431308,,,,,,,,,,,2024-07-01,2025-06-30
431309,,,,,,,,,,,2024-07-01,2025-06-30
431310,,,,,,,,,,,2024-07-01,2025-06-30
431311,,,,,,,,,,,2024-07-01,2025-06-30
431312,87.0,85.0,86.0,87.0,90.0,80.0,60.0,84.0,28.0,41.0,2024-07-01,2025-06-30
431313,,,,,,,,,,,2024-07-01,2025-06-30
431314,,,,,,,,,,,2024-07-01,2025-06-30
431315,,,,,,,,,,,2024-07-01,2025-06-30
431316,78.0,90.0,91.0,76.0,94.0,83.0,83.0,80.0,50.0,34.0,2024-07-01,2025-06-30
431318,,,,,,,,,,,2024-07-01,2025-06-30
431319,85.0,85.0,88.0,73.0,82.0,92.0,68.0,87.0,73.0,37.0,2024-07-01,2025-06-30
431320,75.0,73.0,83.0,72.0,88.0,57.0,71.0,61.0,47.0,19.0,2024-07-01,2025-06-30
431321,83.0,81.0,82.0,70.0,87.0,81.0,63.0,70.0,58.0,14.0,2024-07-01,2025-06-30
431322,92.0,85.0,88.0,72.0,85.0,70.0,57.0,70.0,40.0,23.0,2024-07-01,2025-06-30
431323,90.0,80.0,78.0,54.0,86.0,80.0,72.0,73.0,65.0,22.0,2024-07-01,2025-06-30
431324,,,,,,,,,,,2024-07-01,2025-06-30
431325,69.0,81.0,84.0,58.0,75.0,81.0,77.0,79.0,85.0,28.0,2024-07-01,2025-06-30
431326,78.0,86.0,88.0,70.0,85.0,86.0,83.0,84.0,64.0,40.0,2024-07-01,2025-06-30
431327,,,,,,,,,,,2024-07-01,2025-06-30
431328,,,,,,,,,,,2024-07-01,2025-06-30
431329,,,,,,,,,,,2024-07-01,2025-06-30
431330,75.0,83.0,86.0,69.0,84.0,89.0,57.0,88.0,72.0,35.0,2024-07-01,2025-06-30
431331,85.0,100.0,95.0,76.0,83.0,90.0,78.0,86.0,35.0,41.0,2024-07-01,2025-06-30
431332,,,,,,,,,,,2024-07-01,2025-06-30
431333,,,,,,,,,,,2024-07-01,2025-06-30
431334,,,,,,,,,,,2024-07-01,2025-06-30
431335,63.0,77.0,80.0,54.0,85.0,64.0,57.0,57.0,108.0,20.0,2024-07-01,2025-06-30
431336,82.0,80.0,91.0,65.0,94.0,67.0,75.0,82.0,39.0,21.0,2024-07-01,2025-06-30
431337,88.0,91.0,93.0,72.0,91.0,83.0,91.0,91.0,34.0,43.0,2024-07-01,2025-06-30
431338,82.0,82.0,93.0,72.0,92.0,83.0,75.0,88.0,42.0,32.0,2024-07-01,2025-06-30
431339,69.0,81.0,85.0,53.0,84.0,70.0,74.0,47.0,29.0,25.0,2024-07-01,2025-06-30
431340,76.0,78.0,76.0,62.0,90.0,70.0,66.0,65.0,333.0,26.0,2024-07-01,2025-06-30
431383,,,,,,,,,,,2024-07-01,2025-06-30
433300,,,,,,,,,,,2024-07-01,2025-06-30
440002,68.0,78.0,77.0,61.0,85.0,69.0,63.0,67.0,1886.0,20.0,2024-07-01,2025-06-30
440003,66.0,74.0,77.0,57.0,81.0,62.0,59.0,61.0,924.0,19.0,2024-07-01,2025-06-30
440006,79.0,72.0,74.0,54.0,84.0,67.0,60.0,65.0,612.0,17.0,2024-07-01,2025-06-30
440007,94.0,97.0,98.0,77.0,100.0,99.0,86.0,89.0,138.0,31.0,2024-07-01,2025-06-30
440008,85.0,86.0,84.0,74.0,90.0,77.0,64.0,75.0,120.0,23.0,2024-07-01,2025-06-30
440009,76.0,81.0,76.0,59.0,89.0,65.0,54.0,64.0,522.0,27.0,2024-07-01,2025-06-30
440011,63.0,76.0,79.0,56.0,88.0,64.0,58.0,63.0,762.0,32.0,2024-07-01,2025-06-30
440012,63.0,77.0,74.0,59.0,84.0,61.0,57.0,57.0,1422.0,18.0,2024-07-01,2025-06-30
440015,64.0,78.0,80.0,57.0,86.0,73.0,58.0,76.0,2066.0,19.0,2024-07-01,2025-06-30
440016,79.0,86.0,89.0,72.0,89.0,75.0,68.0,79.0,127.0,21.0,2024-07-01,2025-06-30
440017,73.0,75.0,76.0,56.0,83.0,61.0,56.0,57.0,1220.0,21.0,2024-07-01,2025-06-30
440018,67.0,82.0,81.0,64.0,90.0,72.0,63.0,70.0,420.0,20.0,2024-07-01,2025-06-30
440020,64.0,75.0,75.0,54.0,81.0,54.0,61.0,51.0,116.0,16.0,2024-07-01,2025-06-30
440029,75.0,78.0,81.0,61.0,84.0,77.0,68.0,81.0,724.0,25.0,2024-07-01,2025-06-30
440030,65.0,78.0,78.0,60.0,88.0,63.0,56.0,61.0,607.0,18.0,2024-07-01,2025-06-30
440031,72.0,84.0,84.0,65.0,88.0,76.0,70.0,74.0,488.0,23.0,2024-07-01,2025-06-30
440032,78.0,88.0,82.0,81.0,86.0,71.0,61.0,78.0,64.0,23.0,2024-07-01,2025-06-30
440033,79.0,77.0,80.0,61.0,85.0,58.0,61.0,47.0,189.0,16.0,2024-07-01,2025-06-30
440034,70.0,80.0,81.0,59.0,88.0,71.0,62.0,69.0,899.0,22.0,2024-07-01,2025-06-30
440035,63.0,71.0,72.0,54.0,79.0,48.0,50.0,40.0,659.0,14.0,2024-07-01,2025-06-30
440039,63.0,79.0,80.0,60.0,88.0,76.0,54.0,80.0,1519.0,20.0,2024-07-01,2025-06-30
440046,77.0,80.0,80.0,60.0,86.0,73.0,62.0,72.0,607.0,19.0,2024-07-01,2025-06-30
440048,63.0,75.0,75.0,55.0,84.0,67.0,59.0,69.0,1900.0,15.0,2024-07-01,2025-06-30
440049,60.0,74.0,77.0,58.0,80.0,64.0,61.0,65.0,3083.0,14.0,2024-07-01,2025-06-30
440050,71.0,79.0,79.0,59.0,84.0,65.0,53.0,58.0,558.0,18.0,2024-07-01,2025-06-30
440053,55.0,75.0,75.0,55.0,84.0,64.0,53.0,67.0,357.0,16.0,2024-07-01,2025-06-30
440056,69.0,76.0,72.0,55.0,82.0,65.0,63.0,64.0,314.0,19.0,2024-07-01,2025-06-30
440057,85.0,86.0,90.0,62.0,85.0,69.0,62.0,63.0,143.0,21.0,2024-07-01,2025-06-30
440058,75.0,80.0,77.0,60.0,88.0,66.0,64.0,67.0,420.0,17.0,2024-07-01,2025-06-30
440059,65.0,80.0,76.0,60.0,84.0,72.0,55.0,70.0,668.0,20.0,2024-07-01,2025-06-30
440060,79.0,92.0,90.0,76.0,87.0,85.0,83.0,82.0,100.0,28.0,2024-07-01,2025-06-30
440061,75.0,83.0,87.0,66.0,90.0,76.0,66.0,66.0,131.0,17.0,2024-07-01,2025-06-30
440063,61.0,74.0,73.0,56.0,83.0,56.0,48.0,54.0,1297.0,19.0,2024-07-01,2025-06-30
440065,81.0,80.0,80.0,64.0,86.0,71.0,58.0,70.0,518.0,19.0,2024-07-01,2025-06-30
440068,65.0,80.0,82.0,57.0,80.0,62.0,66.0,59.0,314.0,17.0,2024-07-01,2025-06-30
440072,75.0,81.0,81.0,64.0,88.0,70.0,63.0,62.0,279.0,16.0,2024-07-01,2025-06-30
440073,74.0,85.0,83.0,64.0,89.0,75.0,63.0,76.0,461.0,19.0,2024-07-01,2025-06-30
440081,72.0,82.0,81.0,62.0,88.0,75.0,62.0,70.0,617.0,20.0,2024-07-01,2025-06-30
440082,61.0,78.0,79.0,55.0,86.0,73.0,55.0,77.0,353.0,18.0,2024-07-01,2025-06-30
440084,67.0,78.0,82.0,59.0,82.0,64.0,65.0,64.0,285.0,17.0,2024-07-01,2025-06-30
440091,65.0,81.0,83.0,60.0,85.0,76.0,64.0,79.0,642.0,23.0,2024-07-01,2025-06-30
440102,75.0,81.0,83.0,67.0,93.0,76.0,67.0,63.0,119.0,16.0,2024-07-01,2025-06-30
440104,62.0,74.0,79.0,56.0,83.0,67.0,55.0,65.0,776.0,18.0,2024-07-01,2025-06-30
440109,79.0,80.0,86.0,64.0,86.0,63.0,67.0,61.0,194.0,19.0,2024-07-01,2025-06-30
440110,68.0,81.0,80.0,61.0,88.0,68.0,59.0,70.0,387.0,27.0,2024-07-01,2025-06-30
440111,76.0,85.0,80.0,53.0,83.0,68.0,67.0,64.0,113.0,6.0,2024-07-01,2025-06-30
440120,67.0,76.0,77.0,55.0,80.0,67.0,61.0,65.0,1720.0,21.0,2024-07-01,2025-06-30
440125,70.0,78.0,77.0,58.0,85.0,68.0,59.0,70.0,1119.0,20.0,2024-07-01,2025-06-30
440130,85.0,82.0,77.0,63.0,83.0,71.0,65.0,67.0,291.0,16.0,2024-07-01,2025-06-30
440131,71.0,88.0,85.0,67.0,86.0,74.0,65.0,72.0,153.0,14.0,2024-07-01,2025-06-30
440132,81.0,81.0,90.0,67.0,86.0,75.0,71.0,73.0,277.0,30.0,2024-07-01,2025-06-30
440137,84.0,78.0,79.0,52.0,86.0,73.0,64.0,72.0,229.0,18.0,2024-07-01,2025-06-30
44013F,63.0,77.0,82.0,66.0,84.0,67.0,54.0,62.0,478.0,26.0,2024-07-01,2025-06-30
440144,80.0,79.0,74.0,58.0,84.0,67.0,60.0,64.0,485.0,18.0,2024-07-01,2025-06-30
440148,79.0,83.0,77.0,56.0,83.0,64.0,77.0,69.0,43.0,17.0,2024-07-01,2025-06-30
440150,69.0,74.0,74.0,53.0,83.0,65.0,64.0,66.0,621.0,19.0,2024-07-01,2025-06-30
440151,69.0,77.0,78.0,60.0,85.0,67.0,62.0,64.0,258.0,17.0,2024-07-01,2025-06-30
440152,62.0,70.0,73.0,55.0,81.0,61.0,55.0,67.0,1046.0,17.0,2024-07-01,2025-06-30
440153,74.0,81.0,86.0,59.0,82.0,73.0,68.0,68.0,229.0,13.0,2024-07-01,2025-06-30
440156,72.0,79.0,75.0,58.0,82.0,69.0,59.0,72.0,1302.0,16.0,2024-07-01,2025-06-30
440159,,,,,,,,,,,2024-07-01,2025-06-30
440161,70.0,79.0,80.0,63.0,83.0,76.0,65.0,77.0,585.0,21.0,2024-07-01,2025-06-30
44016F,79.0,89.0,87.0,71.0,90.0,87.0,70.0,90.0,467.0,43.0,2024-07-01,2025-06-30
440173,63.0,76.0,77.0,60.0,87.0,68.0,62.0,73.0,1409.0,27.0,2024-07-01,2025-06-30
440175,71.0,81.0,79.0,63.0,88.0,69.0,69.0,63.0,274.0,18.0,2024-07-01,2025-06-30
440176,72.0,83.0,82.0,62.0,86.0,74.0,57.0,76.0,363.0,19.0,2024-07-01,2025-06-30
44017F,,,,,,,,,,,2024-07-01,2025-06-30
440183,49.0,66.0,70.0,50.0,74.0,51.0,57.0,50.0,889.0,11.0,2024-07-01,2025-06-30
440184,64.0,81.0,80.0,62.0,86.0,74.0,66.0,80.0,1144.0,19.0,2024-07-01,2025-06-30
440185,54.0,75.0,76.0,53.0,83.0,58.0,58.0,54.0,548.0,18.0,2024-07-01,2025-06-30
440187,69.0,81.0,84.0,62.0,88.0,70.0,65.0,69.0,264.0,19.0,2024-07-01,2025-06-30
44018F,65.0,80.0,85.0,69.0,89.0,75.0,55.0,75.0,474.0,33.0,2024-07-01,2025-06-30
440192,86.0,84.0,87.0,62.0,82.0,78.0,72.0,83.0,92.0,21.0,2024-07-01,2025-06-30
440193,77.0,80.0,81.0,58.0,87.0,72.0,57.0,73.0,573.0,21.0,2024-07-01,2025-06-30
440194,74.0,73.0,74.0,51.0,83.0,68.0,52.0,66.0,627.0,21.0,2024-07-01,2025-06-30
440197,73.0,74.0,75.0,52.0,81.0,67.0,61.0,61.0,511.0,17.0,2024-07-01,2025-06-30
440200,,,,,,,,,,,2024-07-01,2025-06-30
440218,69.0,79.0,82.0,63.0,87.0,78.0,72.0,86.0,163.0,31.0,2024-07-01,2025-06-30
440227,76.0,77.0,76.0,57.0,85.0,72.0,63.0,70.0,467.0,14.0,2024-07-01,2025-06-30
440228,49.0,67.0,68.0,49.0,75.0,53.0,57.0,53.0,841.0,14.0,2024-07-01,2025-06-30
440231,,,,,,,,,,,2024-07-01,2025-06-30
440238,80.0,93.0,95.0,70.0,87.0,80.0,68.0,83.0,57.0,24.0,2024-07-01,2025-06-30
440779,,,,,,,,,,,2024-07-01,2025-06-30
440780,,,,,,,,,,,2024-07-01,2025-06-30
441300,,,,,,,,,,,2024-07-01,2025-06-30
441301,95.0,93.0,89.0,76.0,94.0,83.0,81.0,85.0,48.0,31.0,2024-07-01,2025-06-30
441303,,,,,,,,,,,2024-07-01,2025-06-30
441304,,,,,,,,,,,2024-07-01,2025-06-30
441305,,,,,,,,,,,2024-07-01,2025-06-30
441306,61.0,89.0,97.0,62.0,94.0,83.0,76.0,82.0,27.0,31.0,2024-07-01,2025-06-30
441307,78.0,90.0,91.0,68.0,87.0,88.0,74.0,84.0,185.0,25.0,2024-07-01,2025-06-30
441309,84.0,92.0,92.0,79.0,95.0,88.0,72.0,72.0,65.0,30.0,2024-07-01,2025-06-30
441310,79.0,83.0,75.0,55.0,84.0,72.0,61.0,66.0,107.0,15.0,2024-07-01,2025-06-30
441313,,,,,,,,,,,2024-07-01,2025-06-30
441314,65.0,99.0,96.0,77.0,93.0,93.0,77.0,83.0,27.0,29.0,2024-07-01,2025-06-30
441316,86.0,95.0,95.0,77.0,91.0,88.0,80.0,87.0,47.0,32.0,2024-07-01,2025-06-30
441320,,,,,,,,,,,2024-07-01,2025-06-30
441322,,,,,,,,,,,2024-07-01,2025-06-30
441323,,,,,,,,,,,2024-07-01,2025-06-30
443302,,,,,,,,,,,2024-07-01,2025-06-30
443303,,,,,,,,,,,2024-07-01,2025-06-30
450002,62.0,64.0,68.0,54.0,82.0,52.0,52.0,54.0,529.0,10.0,2024-07-01,2025-06-30
450007,80.0,81.0,78.0,64.0,91.0,81.0,61.0,80.0,750.0,22.0,2024-07-01,2025-06-30
450010,77.0,79.0,75.0,58.0,87.0,71.0,67.0,71.0,505.0,20.0,2024-07-01,2025-06-30
450011,64.0,77.0,77.0,61.0,83.0,66.0,60.0,66.0,1177.0,13.0,2024-07-01,2025-06-30
450015,77.0,73.0,76.0,56.0,85.0,70.0,61.0,70.0,1727.0,6.0,2024-07-01,2025-06-30
450018,75.0,77.0,76.0,61.0,85.0,74.0,66.0,72.0,1342.0,11.0,2024-07-01,2025-06-30
450021,67.0,78.0,80.0,60.0,87.0,71.0,58.0,74.0,2284.0,12.0,2024-07-01,2025-06-30
450023,76.0,80.0,79.0,61.0,83.0,73.0,68.0,73.0,882.0,19.0,2024-07-01,2025-06-30
450024,75.0,73.0,75.0,56.0,84.0,68.0,56.0,70.0,2423.0,24.0,2024-07-01,2025-06-30
450028,69.0,66.0,69.0,51.0,81.0,58.0,53.0,58.0,410.0,8.0,2024-07-01,2025-06-30
450029,73.0,74.0,75.0,56.0,80.0,59.0,56.0,59.0,387.0,7.0,2024-07-01,2025-06-30
450032,73.0,81.0,78.0,67.0,85.0,72.0,65.0,71.0,486.0,15.0,2024-07-01,2025-06-30
450033,72.0,74.0,75.0,62.0,83.0,63.0,58.0,63.0,696.0,11.0,2024-07-01,2025-06-30
450034,71.0,76.0,76.0,60.0,83.0,66.0,59.0,67.0,451.0,13.0,2024-07-01,2025-06-30
450035,77.0,74.0,74.0,56.0,77.0,60.0,62.0,56.0,261.0,5.0,2024-07-01,2025-06-30
450039,66.0,75.0,78.0,57.0,84.0,69.0,45.0,70.0,2414.0,22.0,2024-07-01,2025-06-30
450040,64.0,76.0,75.0,60.0,85.0,69.0,60.0,70.0,757.0,18.0,2024-07-01,2025-06-30
450042,68.0,76.0,80.0,61.0,87.0,73.0,61.0,72.0,269.0,15.0,2024-07-01,2025-06-30
450044,70.0,80.0,83.0,63.0,90.0,83.0,74.0,85.0,3232.0,16.0,2024-07-01,2025-06-30
450046,77.0,74.0,74.0,56.0,82.0,71.0,61.0,72.0,415.0,12.0,2024-07-01,2025-06-30
450051,75.0,78.0,78.0,60.0,87.0,76.0,59.0,75.0,1086.0,13.0,2024-07-01,2025-06-30
450054,71.0,79.0,80.0,62.0,88.0,74.0,57.0,73.0,1878.0,15.0,2024-07-01,2025-06-30
450055,87.0,82.0,86.0,64.0,87.0,82.0,71.0,74.0,112.0,17.0,2024-07-01,2025-06-30
450056,68.0,77.0,76.0,56.0,83.0,66.0,52.0,67.0,320.0,14.0,2024-07-01,2025-06-30
450058,68.0,75.0,75.0,59.0,83.0,66.0,57.0,63.0,3657.0,12.0,2024-07-01,2025-06-30
450064,81.0,76.0,74.0,60.0,86.0,70.0,65.0,71.0,830.0,15.0,2024-07-01,2025-06-30
450068,72.0,75.0,75.0,57.0,85.0,72.0,60.0,71.0,2120.0,13.0,2024-07-01,2025-06-30
450072,73.0,80.0,82.0,65.0,85.0,70.0,59.0,66.0,450.0,14.0,2024-07-01,2025-06-30
450079,76.0,78.0,77.0,61.0,88.0,74.0,66.0,77.0,753.0,10.0,2024-07-01,2025-06-30
450080,77.0,82.0,82.0,64.0,89.0,68.0,65.0,70.0,379.0,20.0,2024-07-01,2025-06-30
450082,79.0,78.0,71.0,54.0,87.0,60.0,65.0,56.0,131.0,13.0,2024-07-01,2025-06-30
450083,63.0,74.0,74.0,54.0,84.0,65.0,55.0,67.0,968.0,17.0,2024-07-01,2025-06-30
450087,76.0,75.0,71.0,58.0,77.0,68.0,64.0,67.0,487.0,15.0,2024-07-01,2025-06-30
450090,73.0,83.0,75.0,65.0,88.0,68.0,67.0,69.0,315.0,28.0,2024-07-01,2025-06-30
450092,74.0,75.0,78.0,59.0,83.0,61.0,68.0,57.0,150.0,5.0,2024-07-01,2025-06-30
450097,71.0,74.0,72.0,54.0,80.0,66.0,60.0,62.0,676.0,9.0,2024-07-01,2025-06-30
450101,75.0,83.0,83.0,65.0,89.0,79.0,67.0,78.0,1415.0,14.0,2024-07-01,2025-06-30
450102,71.0,76.0,75.0,58.0,85.0,72.0,65.0,74.0,514.0,18.0,2024-07-01,2025-06-30
450104,84.0,86.0,84.0,68.0,89.0,84.0,74.0,81.0,313.0,16.0,2024-07-01,2025-06-30
450107,71.0,75.0,71.0,54.0,82.0,65.0,55.0,60.0,1305.0,13.0,2024-07-01,2025-06-30
450108,78.0,93.0,94.0,80.0,89.0,90.0,78.0,82.0,75.0,32.0,2024-07-01,2025-06-30
450119,71.0,75.0,73.0,56.0,82.0,68.0,62.0,68.0,1465.0,10.0,2024-07-01,2025-06-30
450124,77.0,82.0,82.0,65.0,84.0,79.0,67.0,79.0,316.0,9.0,2024-07-01,2025-06-30
450128,78.0,73.0,76.0,56.0,84.0,66.0,49.0,63.0,409.0,30.0,2024-07-01,2025-06-30
450132,66.0,78.0,76.0,61.0,84.0,69.0,65.0,71.0,2232.0,23.0,2024-07-01,2025-06-30
450133,67.0,73.0,74.0,57.0,86.0,63.0,57.0,66.0,790.0,23.0,2024-07-01,2025-06-30
450135,70.0,78.0,76.0,59.0,88.0,74.0,59.0,76.0,3549.0,16.0,2024-07-01,2025-06-30
450137,66.0,79.0,78.0,62.0,87.0,72.0,57.0,73.0,1144.0,11.0,2024-07-01,2025-06-30
450144,87.0,85.0,83.0,67.0,91.0,88.0,69.0,84.0,93.0,23.0,2024-07-01,2025-06-30
450147,72.0,74.0,75.0,60.0,85.0,64.0,61.0,65.0,490.0,16.0,2024-07-01,2025-06-30
450148,76.0,82.0,78.0,61.0,90.0,74.0,67.0,72.0,347.0,18.0,2024-07-01,2025-06-30
450152,79.0,82.0,82.0,66.0,89.0,78.0,62.0,68.0,500.0,10.0,2024-07-01,2025-06-30
450154,76.0,78.0,81.0,73.0,83.0,63.0,64.0,60.0,98.0,8.0,2024-07-01,2025-06-30
450155,87.0,79.0,83.0,57.0,93.0,82.0,67.0,77.0,33.0,20.0,2024-07-01,2025-06-30
450162,86.0,84.0,78.0,62.0,87.0,85.0,80.0,86.0,62.0,42.0,2024-07-01,2025-06-30
450163,86.0,82.0,77.0,65.0,83.0,68.0,73.0,60.0,157.0,13.0,2024-07-01,2025-06-30
450165,84.0,82.0,76.0,64.0,82.0,72.0,74.0,71.0,147.0,14.0,2024-07-01,2025-06-30
450176,76.0,76.0,78.0,55.0,83.0,71.0,53.0,70.0,519.0,40.0,2024-07-01,2025-06-30
450184,74.0,76.0,76.0,59.0,83.0,72.0,61.0,71.0,1863.0,12.0,2024-07-01,2025-06-30
450193,57.0,73.0,77.0,55.0,83.0,68.0,57.0,64.0,529.0,14.0,2024-07-01,2025-06-30
450194,74.0,81.0,88.0,74.0,87.0,74.0,78.0,75.0,129.0,12.0,2024-07-01,2025-06-30
450196,66.0,75.0,74.0,58.0,82.0,58.0,58.0,55.0,1125.0,17.0,2024-07-01,2025-06-30
450200,,,,,,,,,,,2024-07-01,2025-06-30
450203,74.0,77.0,77.0,58.0,83.0,68.0,63.0,64.0,618.0,19.0,2024-07-01,2025-06-30
450209,66.0,77.0,72.0,57.0,82.0,65.0,55.0,66.0,649.0,12.0,2024-07-01,2025-06-30
450210,86.0,94.0,89.0,80.0,95.0,85.0,80.0,74.0,70.0,22.0,2024-07-01,2025-06-30
450211,71.0,77.0,79.0,62.0,85.0,71.0,63.0,72.0,509.0,16.0,2024-07-01,2025-06-30
450213,75.0,76.0,78.0,59.0,85.0,75.0,58.0,76.0,2306.0,22.0,2024-07-01,2025-06-30
450222,69.0,72.0,67.0,54.0,77.0,61.0,61.0,57.0,554.0,13.0,2024-07-01,2025-06-30
450229,67.0,74.0,77.0,58.0,89.0,64.0,59.0,65.0,361.0,17.0,2024-07-01,2025-06-30
450231,72.0,77.0,76.0,56.0,84.0,73.0,56.0,76.0,1324.0,21.0,2024-07-01,2025-06-30
450235,74.0,84.0,83.0,71.0,92.0,81.0,58.0,72.0,52.0,14.0,2024-07-01,2025-06-30
450236,85.0,86.0,80.0,64.0,88.0,80.0,67.0,76.0,357.0,18.0,2024-07-01,2025-06-30
450237,80.0,75.0,78.0,59.0,86.0,70.0,61.0,70.0,470.0,15.0,2024-07-01,2025-06-30
450241,71.0,88.0,79.0,74.0,90.0,73.0,71.0,69.0,34.0,13.0,2024-07-01,2025-06-30
450253,,,,,,,,,,,2024-07-01,2025-06-30
450272,79.0,77.0,83.0,60.0,85.0,70.0,57.0,69.0,569.0,16.0,2024-07-01,2025-06-30
450289,67.0,77.0,80.0,57.0,84.0,72.0,53.0,71.0,524.0,5.0,2024-07-01,2025-06-30
450292,87.0,86.0,81.0,68.0,89.0,73.0,81.0,71.0,126.0,17.0,2024-07-01,2025-06-30
450324,64.0,79.0,75.0,61.0,85.0,65.0,61.0,67.0,597.0,17.0,2024-07-01,2025-06-30
450330,73.0,75.0,75.0,55.0,82.0,62.0,61.0,59.0,246.0,15.0,2024-07-01,2025-06-30
450346,65.0,77.0,74.0,59.0,85.0,70.0,63.0,69.0,1399.0,12.0,2024-07-01,2025-06-30
450347,78.0,75.0,77.0,58.0,86.0,66.0,60.0,63.0,318.0,18.0,2024-07-01,2025-06-30
450351,84.0,86.0,83.0,67.0,90.0,75.0,68.0,74.0,182.0,18.0,2024-07-01,2025-06-30
450352,71.0,73.0,73.0,53.0,84.0,63.0,60.0,63.0,774.0,15.0,2024-07-01,2025-06-30
450358,73.0,78.0,81.0,60.0,88.0,79.0,67.0,82.0,6495.0,20.0,2024-07-01,2025-06-30
450369,87.0,96.0,98.0,91.0,90.0,92.0,71.0,92.0,92.0,23.0,2024-07-01,2025-06-30
450370,73.0,79.0,77.0,62.0,83.0,73.0,59.0,73.0,124.0,22.0,2024-07-01,2025-06-30
450372,78.0,81.0,79.0,62.0,88.0,78.0,69.0,78.0,559.0,15.0,2024-07-01,2025-06-30
450379,78.0,75.0,71.0,60.0,81.0,59.0,61.0,62.0,225.0,24.0,2024-07-01,2025-06-30
450388,70.0,75.0,74.0,56.0,83.0,68.0,61.0,67.0,3795.0,17.0,2024-07-01,2025-06-30
450389,75.0,82.0,83.0,64.0,87.0,71.0,66.0,70.0,309.0,16.0,2024-07-01,2025-06-30
450395,70.0,83.0,81.0,68.0,81.0,71.0,67.0,61.0,145.0,14.0,2024-07-01,2025-06-30
450399,82.0,79.0,74.0,57.0,86.0,72.0,55.0,68.0,51.0,15.0,2024-07-01,2025-06-30
450400,83.0,90.0,94.0,74.0,90.0,90.0,77.0,88.0,66.0,21.0,2024-07-01,2025-06-30
450403,76.0,75.0,75.0,56.0,83.0,67.0,66.0,68.0,648.0,13.0,2024-07-01,2025-06-30
450419,76.0,79.0,79.0,58.0,86.0,68.0,56.0,65.0,210.0,17.0,2024-07-01,2025-06-30
450422,76.0,80.0,87.0,59.0,90.0,79.0,79.0,80.0,76.0,27.0,2024-07-01,2025-06-30
450424,83.0,81.0,78.0,66.0,89.0,79.0,72.0,78.0,1498.0,13.0,2024-07-01,2025-06-30
450431,76.0,78.0,78.0,61.0,84.0,73.0,66.0,75.0,1688.0,21.0,2024-07-01,2025-06-30
450447,73.0,79.0,80.0,63.0,84.0,63.0,63.0,56.0,206.0,11.0,2024-07-01,2025-06-30
450451,81.0,84.0,94.0,67.0,91.0,89.0,76.0,91.0,45.0,25.0,2024-07-01,2025-06-30
450460,89.0,92.0,83.0,79.0,90.0,91.0,86.0,83.0,32.0,19.0,2024-07-01,2025-06-30
450462,69.0,72.0,76.0,55.0,84.0,69.0,58.0,71.0,1746.0,15.0,2024-07-01,2025-06-30
450465,79.0,82.0,81.0,61.0,82.0,74.0,72.0,63.0,140.0,11.0,2024-07-01,2025-06-30
450469,72.0,76.0,75.0,68.0,83.0,56.0,65.0,61.0,164.0,14.0,2024-07-01,2025-06-30
450475,74.0,82.0,83.0,63.0,87.0,71.0,75.0,68.0,129.0,14.0,2024-07-01,2025-06-30
450484,60.0,74.0,72.0,60.0,82.0,65.0,58.0,68.0,447.0,13.0,2024-07-01,2025-06-30
450489,,,,,,,,,,,2024-07-01,2025-06-30
450508,62.0,75.0,72.0,57.0,81.0,69.0,60.0,74.0,141.0,11.0,2024-07-01,2025-06-30
450518,72.0,80.0,77.0,64.0,82.0,64.0,67.0,55.0,308.0,11.0,2024-07-01,2025-06-30
450537,81.0,78.0,79.0,60.0,87.0,80.0,63.0,79.0,1307.0,19.0,2024-07-01,2025-06-30
450539,74.0,78.0,82.0,63.0,83.0,72.0,64.0,71.0,131.0,15.0,2024-07-01,2025-06-30
450563,73.0,80.0,78.0,61.0,87.0,79.0,62.0,79.0,1329.0,16.0,2024-07-01,2025-06-30
450565,89.0,80.0,75.0,61.0,89.0,69.0,68.0,64.0,123.0,12.0,2024-07-01,2025-06-30
450571,61.0,75.0,78.0,55.0,84.0,65.0,67.0,65.0,425.0,18.0,2024-07-01,2025-06-30
450573,76.0,87.0,82.0,64.0,86.0,76.0,62.0,77.0,69.0,20.0,2024-07-01,2025-06-30
450584,79.0,82.0,88.0,64.0,97.0,70.0,62.0,67.0,94.0,24.0,2024-07-01,2025-06-30
450587,67.0,75.0,73.0,48.0,87.0,60.0,51.0,55.0,405.0,17.0,2024-07-01,2025-06-30
450596,78.0,73.0,72.0,58.0,81.0,55.0,53.0,51.0,423.0,18.0,2024-07-01,2025-06-30
450597,85.0,83.0,84.0,68.0,90.0,80.0,56.0,68.0,29.0,8.0,2024-07-01,2025-06-30
450604,79.0,82.0,81.0,62.0,89.0,74.0,67.0,73.0,405.0,27.0,2024-07-01,2025-06-30
45060F,78.0,85.0,83.0,69.0,88.0,82.0,66.0,82.0,428.0,35.0,2024-07-01,2025-06-30
450610,72.0,72.0,78.0,54.0,86.0,68.0,62.0,69.0,737.0,15.0,2024-07-01,2025-06-30
450617,76.0,72.0,71.0,52.0,80.0,64.0,60.0,61.0,1020.0,12.0,2024-07-01,2025-06-30
450634,75.0,76.0,72.0,58.0,83.0,65.0,59.0,67.0,1105.0,18.0,2024-07-01,2025-06-30
450638,69.0,72.0,70.0,54.0,79.0,60.0,57.0,58.0,710.0,8.0,2024-07-01,2025-06-30
450639,72.0,75.0,76.0,58.0,89.0,72.0,62.0,73.0,959.0,17.0,2024-07-01,2025-06-30
450641,91.0,91.0,94.0,80.0,88.0,83.0,75.0,88.0,56.0,19.0,2024-07-01,2025-06-30
450643,72.0,79.0,78.0,63.0,86.0,68.0,67.0,68.0,435.0,6.0,2024-07-01,2025-06-30
450644,71.0,70.0,70.0,47.0,79.0,59.0,57.0,56.0,647.0,9.0,2024-07-01,2025-06-30
450647,67.0,71.0,74.0,55.0,80.0,66.0,67.0,67.0,1222.0,17.0,2024-07-01,2025-06-30
450651,74.0,73.0,74.0,56.0,81.0,66.0,63.0,66.0,1325.0,16.0,2024-07-01,2025-06-30
450653,68.0,84.0,86.0,72.0,87.0,56.0,65.0,53.0,54.0,10.0,2024-07-01,2025-06-30
450654,77.0,85.0,87.0,67.0,97.0,63.0,70.0,63.0,59.0,7.0,2024-07-01,2025-06-30
450656,68.0,84.0,82.0,62.0,86.0,73.0,62.0,71.0,605.0,13.0,2024-07-01,2025-06-30
450658,,,,,,,,,,,2024-07-01,2025-06-30
450659,71.0,74.0,75.0,55.0,79.0,68.0,66.0,62.0,736.0,15.0,2024-07-01,2025-06-30
450661,67.0,72.0,77.0,59.0,80.0,61.0,57.0,61.0,308.0,8.0,2024-07-01,2025-06-30
450662,76.0,74.0,72.0,59.0,80.0,63.0,51.0,66.0,697.0,10.0,2024-07-01,2025-06-30
450668,63.0,74.0,77.0,59.0,81.0,64.0,55.0,64.0,1254.0,19.0,2024-07-01,2025-06-30
450669,79.0,78.0,76.0,60.0,85.0,69.0,64.0,70.0,525.0,13.0,2024-07-01,2025-06-30
45066F,67.0,76.0,79.0,66.0,86.0,67.0,58.0,65.0,453.0,23.0,2024-07-01,2025-06-30
450670,70.0,76.0,72.0,54.0,82.0,66.0,56.0,61.0,588.0,15.0,2024-07-01,2025-06-30
450672,69.0,73.0,75.0,53.0,83.0,67.0,65.0,66.0,679.0,18.0,2024-07-01,2025-06-30
450674,69.0,72.0,76.0,54.0,80.0,67.0,57.0,68.0,731.0,10.0,2024-07-01,2025-06-30
450675,70.0,71.0,71.0,51.0,80.0,60.0,57.0,58.0,732.0,10.0,2024-07-01,2025-06-30
450677,79.0,77.0,75.0,58.0,87.0,73.0,65.0,71.0,1409.0,13.0,2024-07-01,2025-06-30
450678,,,,,,,,,,,2024-07-01,2025-06-30
450684,74.0,76.0,77.0,60.0,83.0,71.0,60.0,70.0,533.0,11.0,2024-07-01,2025-06-30
450686,72.0,79.0,78.0,64.0,86.0,76.0,60.0,79.0,885.0,13.0,2024-07-01,2025-06-30
450688,71.0,70.0,75.0,57.0,77.0,62.0,59.0,59.0,440.0,21.0,2024-07-01,2025-06-30
45068F,84.0,88.0,86.0,71.0,90.0,85.0,84.0,86.0,637.0,25.0,2024-07-01,2025-06-30
450690,79.0,84.0,88.0,68.0,96.0,81.0,66.0,82.0,122.0,15.0,2024-07-01,2025-06-30
450694,69.0,73.0,80.0,58.0,84.0,54.0,61.0,56.0,109.0,24.0,2024-07-01,2025-06-30
450698,78.0,81.0,91.0,71.0,80.0,72.0,74.0,68.0,47.0,16.0,2024-07-01,2025-06-30
45069F,76.0,86.0,87.0,71.0,92.0,85.0,62.0,88.0,2784.0,29.0,2024-07-01,2025-06-30
450702,68.0,76.0,76.0,58.0,85.0,71.0,64.0,73.0,719.0,16.0,2024-07-01,2025-06-30
450709,76.0,84.0,79.0,65.0,91.0,82.0,62.0,85.0,1165.0,22.0,2024-07-01,2025-06-30
45070F,84.0,84.0,85.0,72.0,89.0,78.0,80.0,76.0,535.0,19.0,2024-07-01,2025-06-30
450711,68.0,75.0,74.0,56.0,83.0,67.0,64.0,66.0,517.0,10.0,2024-07-01,2025-06-30
450713,77.0,75.0,76.0,56.0,84.0,65.0,57.0,68.0,539.0,15.0,2024-07-01,2025-06-30
450718,79.0,75.0,72.0,53.0,85.0,70.0,53.0,70.0,830.0,18.0,2024-07-01,2025-06-30
450723,77.0,80.0,80.0,62.0,88.0,72.0,70.0,67.0,813.0,12.0,2024-07-01,2025-06-30
450730,73.0,72.0,70.0,52.0,77.0,65.0,63.0,58.0,243.0,12.0,2024-07-01,2025-06-30
450742,69.0,76.0,76.0,57.0,85.0,70.0,63.0,67.0,509.0,12.0,2024-07-01,2025-06-30
450743,76.0,79.0,77.0,61.0,87.0,77.0,64.0,79.0,988.0,17.0,2024-07-01,2025-06-30
450747,68.0,79.0,82.0,62.0,84.0,63.0,64.0,59.0,198.0,11.0,2024-07-01,2025-06-30
45074F,71.0,77.0,80.0,67.0,87.0,72.0,63.0,69.0,452.0,23.0,2024-07-01,2025-06-30
450755,86.0,88.0,91.0,77.0,77.0,81.0,72.0,77.0,52.0,16.0,2024-07-01,2025-06-30
450771,73.0,73.0,76.0,52.0,84.0,71.0,63.0,72.0,1361.0,17.0,2024-07-01,2025-06-30
450774,75.0,85.0,81.0,70.0,91.0,81.0,75.0,84.0,140.0,31.0,2024-07-01,2025-06-30
450775,62.0,69.0,70.0,50.0,78.0,57.0,58.0,53.0,1103.0,12.0,2024-07-01,2025-06-30
450779,76.0,81.0,78.0,61.0,87.0,77.0,67.0,79.0,1539.0,18.0,2024-07-01,2025-06-30
450788,72.0,76.0,75.0,59.0,83.0,65.0,60.0,66.0,1284.0,13.0,2024-07-01,2025-06-30
450801,77.0,81.0,82.0,63.0,85.0,71.0,59.0,69.0,542.0,18.0,2024-07-01,2025-06-30
450804,85.0,84.0,86.0,65.0,88.0,83.0,80.0,83.0,366.0,37.0,2024-07-01,2025-06-30
450808,86.0,86.0,85.0,79.0,93.0,82.0,78.0,78.0,82.0,25.0,2024-07-01,2025-06-30
450809,71.0,72.0,75.0,53.0,81.0,67.0,60.0,70.0,977.0,13.0,2024-07-01,2025-06-30
450820,82.0,77.0,77.0,60.0,87.0,79.0,66.0,80.0,2929.0,18.0,2024-07-01,2025-06-30
450822,71.0,75.0,72.0,51.0,80.0,68.0,65.0,67.0,450.0,11.0,2024-07-01,2025-06-30
450825,84.0,86.0,82.0,41.0,84.0,74.0,67.0,74.0,28.0,24.0,2024-07-01,2025-06-30
450827,79.0,78.0,83.0,53.0,88.0,71.0,73.0,73.0,92.0,25.0,2024-07-01,2025-06-30
450828,74.0,85.0,84.0,67.0,84.0,75.0,62.0,64.0,169.0,11.0,2024-07-01,2025-06-30
450831,,,,,,,,,,,2024-07-01,2025-06-30
450833,100.0,86.0,80.0,70.0,83.0,79.0,79.0,81.0,35.0,15.0,2024-07-01,2025-06-30
450834,74.0,87.0,84.0,74.0,91.0,84.0,83.0,86.0,193.0,44.0,2024-07-01,2025-06-30
450840,82.0,81.0,80.0,61.0,88.0,76.0,68.0,77.0,527.0,19.0,2024-07-01,2025-06-30
450844,80.0,81.0,78.0,64.0,90.0,78.0,66.0,78.0,2590.0,15.0,2024-07-01,2025-06-30
450847,73.0,76.0,75.0,54.0,86.0,69.0,61.0,70.0,654.0,13.0,2024-07-01,2025-06-30
450848,72.0,73.0,77.0,56.0,86.0,71.0,57.0,69.0,721.0,13.0,2024-07-01,2025-06-30
450851,84.0,88.0,86.0,73.0,90.0,87.0,67.0,88.0,602.0,24.0,2024-07-01,2025-06-30
450853,80.0,81.0,84.0,62.0,87.0,82.0,72.0,79.0,272.0,11.0,2024-07-01,2025-06-30
450855,79.0,78.0,71.0,57.0,79.0,72.0,60.0,76.0,416.0,41.0,2024-07-01,2025-06-30
450856,79.0,88.0,86.0,71.0,89.0,85.0,75.0,85.0,351.0,42.0,2024-07-01,2025-06-30
450860,78.0,88.0,90.0,71.0,89.0,88.0,80.0,88.0,39.0,23.0,2024-07-01,2025-06-30
450862,74.0,83.0,79.0,62.0,86.0,78.0,64.0,78.0,510.0,13.0,2024-07-01,2025-06-30
450864,74.0,87.0,87.0,65.0,90.0,83.0,71.0,87.0,407.0,43.0,2024-07-01,2025-06-30
450865,80.0,91.0,87.0,77.0,91.0,86.0,74.0,87.0,51.0,22.0,2024-07-01,2025-06-30
450867,78.0,77.0,76.0,56.0,83.0,71.0,59.0,70.0,384.0,14.0,2024-07-01,2025-06-30
450869,76.0,74.0,78.0,56.0,85.0,70.0,54.0,71.0,3274.0,20.0,2024-07-01,2025-06-30
45086F,81.0,88.0,85.0,77.0,89.0,83.0,60.0,78.0,406.0,28.0,2024-07-01,2025-06-30
450872,74.0,75.0,81.0,60.0,79.0,67.0,72.0,66.0,133.0,25.0,2024-07-01,2025-06-30
450874,78.0,78.0,82.0,55.0,88.0,73.0,72.0,76.0,192.0,31.0,2024-07-01,2025-06-30
450875,84.0,88.0,85.0,74.0,91.0,90.0,82.0,90.0,260.0,44.0,2024-07-01,2025-06-30
450876,68.0,81.0,82.0,62.0,84.0,82.0,61.0,83.0,394.0,33.0,2024-07-01,2025-06-30
450880,75.0,78.0,85.0,62.0,88.0,77.0,76.0,76.0,311.0,33.0,2024-07-01,2025-06-30
450883,72.0,76.0,82.0,55.0,87.0,72.0,66.0,73.0,120.0,22.0,2024-07-01,2025-06-30
450885,77.0,79.0,79.0,66.0,88.0,75.0,69.0,75.0,430.0,12.0,2024-07-01,2025-06-30
450888,85.0,88.0,85.0,73.0,90.0,88.0,79.0,90.0,134.0,40.0,2024-07-01,2025-06-30
450889,87.0,91.0,87.0,68.0,91.0,87.0,81.0,89.0,123.0,43.0,2024-07-01,2025-06-30
450890,80.0,81.0,82.0,64.0,88.0,81.0,69.0,83.0,734.0,21.0,2024-07-01,2025-06-30
450891,88.0,90.0,86.0,77.0,86.0,89.0,83.0,88.0,103.0,31.0,2024-07-01,2025-06-30
450893,83.0,86.0,84.0,66.0,92.0,88.0,73.0,86.0,318.0,35.0,2024-07-01,2025-06-30
450895,,,,,,,,,,,2024-07-01,2025-06-30
45090F,77.0,82.0,84.0,69.0,88.0,78.0,59.0,77.0,562.0,27.0,2024-07-01,2025-06-30
451300,,,,,,,,,,,2024-07-01,2025-06-30
451301,,,,,,,,,,,2024-07-01,2025-06-30
451303,98.0,86.0,84.0,77.0,87.0,77.0,82.0,70.0,29.0,19.0,2024-07-01,2025-06-30
451304,,,,,,,,,,,2024-07-01,2025-06-30
451305,,,,,,,,,,,2024-07-01,2025-06-30
451306,,,,,,,,,,,2024-07-01,2025-06-30
451307,,,,,,,,,,,2024-07-01,2025-06-30
451308,80.0,84.0,82.0,65.0,86.0,77.0,59.0,78.0,102.0,28.0,2024-07-01,2025-06-30
451309,,,,,,,,,,,2024-07-01,2025-06-30
451310,,,,,,,,,,,2024-07-01,2025-06-30
451311,73.0,90.0,77.0,51.0,86.0,69.0,66.0,70.0,38.0,19.0,2024-07-01,2025-06-30
451312,,,,,,,,,,,2024-07-01,2025-06-30
451313,,,,,,,,,,,2024-07-01,2025-06-30
451314,,,,,,,,,,,2024-07-01,2025-06-30
451315,,,,,,,,,,,2024-07-01,2025-06-30
451316,,,,,,,,,,,2024-07-01,2025-06-30
451317,,,,,,,,,,,2024-07-01,2025-06-30
451318,,,,,,,,,,,2024-07-01,2025-06-30
451319,81.0,92.0,93.0,68.0,92.0,89.0,72.0,92.0,107.0,21.0,2024-07-01,2025-06-30
451320,,,,,,,,,,,2024-07-01,2025-06-30
451322,,,,,,,,,,,2024-07-01,2025-06-30
451323,84.0,94.0,91.0,79.0,95.0,90.0,77.0,89.0,41.0,23.0,2024-07-01,2025-06-30
451324,,,,,,,,,,,2024-07-01,2025-06-30
451325,,,,,,,,,,,2024-07-01,2025-06-30
451328,,,,,,,,,,,2024-07-01,2025-06-30
451329,,,,,,,,,,,2024-07-01,2025-06-30
451330,76.0,81.0,87.0,70.0,91.0,80.0,68.0,74.0,71.0,16.0,2024-07-01,2025-06-30
451331,86.0,84.0,84.0,60.0,89.0,81.0,61.0,74.0,51.0,36.0,2024-07-01,2025-06-30
451332,,,,,,,,,,,2024-07-01,2025-06-30
451333,89.0,94.0,94.0,74.0,88.0,92.0,76.0,94.0,44.0,27.0,2024-07-01,2025-06-30
451334,,,,,,,,,,,2024-07-01,2025-06-30
451335,,,,,,,,,,,2024-07-01,2025-06-30
451337,83.0,88.0,83.0,77.0,90.0,77.0,77.0,92.0,25.0,25.0,2024-07-01,2025-06-30
451338,,,,,,,,,,,2024-07-01,2025-06-30
451339,,,,,,,,,,,2024-07-01,2025-06-30
451340,,,,,,,,,,,2024-07-01,2025-06-30
451341,,,,,,,,,,,2024-07-01,2025-06-30
451342,88.0,85.0,90.0,79.0,97.0,83.0,73.0,76.0,35.0,24.0,2024-07-01,2025-06-30
451343,97.0,98.0,97.0,95.0,100.0,98.0,86.0,98.0,69.0,39.0,2024-07-01,2025-06-30
451344,,,,,,,,,,,2024-07-01,2025-06-30
451346,85.0,84.0,85.0,57.0,90.0,74.0,53.0,80.0,74.0,27.0,2024-07-01,2025-06-30
451347,94.0,89.0,88.0,72.0,81.0,90.0,70.0,88.0,70.0,28.0,2024-07-01,2025-06-30
451348,,,,,,,,,,,2024-07-01,2025-06-30
451349,,,,,,,,,,,2024-07-01,2025-06-30
451350,,,,,,,,,,,2024-07-01,2025-06-30
451351,88.0,92.0,91.0,82.0,92.0,84.0,83.0,84.0,82.0,28.0,2024-07-01,2025-06-30
451352,,,,,,,,,,,2024-07-01,2025-06-30
451353,,,,,,,,,,,2024-07-01,2025-06-30
451354,97.0,81.0,91.0,64.0,98.0,78.0,55.0,77.0,41.0,19.0,2024-07-01,2025-06-30
451355,,,,,,,,,,,2024-07-01,2025-06-30
451356,89.0,84.0,87.0,74.0,78.0,80.0,77.0,75.0,45.0,15.0,2024-07-01,2025-06-30
451358,,,,,,,,,,,2024-07-01,2025-06-30
451359,98.0,82.0,90.0,65.0,89.0,86.0,74.0,77.0,40.0,16.0,2024-07-01,2025-06-30
451361,,,,,,,,,,,2024-07-01,2025-06-30
451362,,,,,,,,,,,2024-07-01,2025-06-30
451363,,,,,,,,,,,2024-07-01,2025-06-30
451364,,,,,,,,,,,2024-07-01,2025-06-30
451365,,,,,,,,,,,2024-07-01,2025-06-30
451366,,,,,,,,,,,2024-07-01,2025-06-30
451367,81.0,89.0,90.0,72.0,93.0,84.0,81.0,86.0,138.0,22.0,2024-07-01,2025-06-30
451369,77.0,92.0,90.0,73.0,97.0,71.0,83.0,50.0,31.0,13.0,2024-07-01,2025-06-30
451370,70.0,82.0,76.0,51.0,84.0,74.0,64.0,73.0,51.0,19.0,2024-07-01,2025-06-30
451371,,,,,,,,,,,2024-07-01,2025-06-30
451372,,,,,,,,,,,2024-07-01,2025-06-30
451373,93.0,92.0,86.0,93.0,92.0,80.0,85.0,86.0,48.0,19.0,2024-07-01,2025-06-30
451374,82.0,88.0,87.0,77.0,87.0,72.0,78.0,72.0,52.0,20.0,2024-07-01,2025-06-30
451375,,,,,,,,,,,2024-07-01,2025-06-30
451376,82.0,85.0,90.0,74.0,84.0,90.0,83.0,88.0,27.0,14.0,2024-07-01,2025-06-30
451377,91.0,86.0,90.0,80.0,90.0,89.0,79.0,81.0,57.0,10.0,2024-07-01,2025-06-30
451378,71.0,83.0,78.0,59.0,90.0,70.0,60.0,66.0,100.0,22.0,2024-07-01,2025-06-30
451379,77.0,85.0,85.0,70.0,91.0,83.0,73.0,85.0,150.0,29.0,2024-07-01,2025-06-30
451380,84.0,83.0,85.0,63.0,93.0,83.0,82.0,79.0,146.0,25.0,2024-07-01,2025-06-30
451381,,,,,,,,,,,2024-07-01,2025-06-30
451382,89.0,81.0,86.0,50.0,90.0,77.0,56.0,78.0,62.0,24.0,2024-07-01,2025-06-30
451384,80.0,84.0,93.0,67.0,82.0,79.0,71.0,70.0,77.0,14.0,2024-07-01,2025-06-30
451385,,,,,,,,,,,2024-07-01,2025-06-30
451386,90.0,93.0,89.0,78.0,95.0,89.0,74.0,87.0,54.0,11.0,2024-07-01,2025-06-30
451387,86.0,80.0,80.0,67.0,89.0,79.0,72.0,75.0,179.0,15.0,2024-07-01,2025-06-30
451389,,,,,,,,,,,2024-07-01,2025-06-30
451390,,,,,,,,,,,2024-07-01,2025-06-30
451391,84.0,84.0,84.0,57.0,79.0,72.0,79.0,64.0,43.0,12.0,2024-07-01,2025-06-30
451392,88.0,85.0,84.0,74.0,94.0,83.0,70.0,83.0,81.0,30.0,2024-07-01,2025-06-30
451393,,,,,,,,,,,2024-07-01,2025-06-30
451394,,,,,,,,,,,2024-07-01,2025-06-30
451395,72.0,79.0,83.0,58.0,79.0,65.0,70.0,61.0,107.0,15.0,2024-07-01,2025-06-30
451396,,,,,,,,,,,2024-07-01,2025-06-30
451397,72.0,83.0,80.0,66.0,89.0,77.0,71.0,76.0,156.0,17.0,2024-07-01,2025-06-30
451398,,,,,,,,,,,2024-07-01,2025-06-30
451399,87.0,88.0,86.0,76.0,91.0,85.0,83.0,77.0,32.0,21.0,2024-07-01,2025-06-30
453300,,,,,,,,,,,2024-07-01,2025-06-30
453301,,,,,,,,,,,2024-07-01,2025-06-30
453302,,,,,,,,,,,2024-07-01,2025-06-30
453304,,,,,,,,,,,2024-07-01,2025-06-30
453306,,,,,,,,,,,2024-07-01,2025-06-30
453309,,,,,,,,,,,2024-07-01,2025-06-30
453310,,,,,,,,,,,2024-07-01,2025-06-30
453311,,,,,,,,,,,2024-07-01,2025-06-30
453313,,,,,,,,,,,2024-07-01,2025-06-30
453314,,,,,,,,,,,2024-07-01,2025-06-30
453315,,,,,,,,,,,2024-07-01,2025-06-30
453316,,,,,,,,,,,2024-07-01,2025-06-30
453317,,,,,,,,,,,2024-07-01,2025-06-30
453318,,,,,,,,,,,2024-07-01,2025-06-30
453319,,,,,,,,,,,2024-07-01,2025-06-30
453321,,,,,,,,,,,2024-07-01,2025-06-30
460001,79.0,81.0,80.0,60.0,91.0,82.0,60.0,82.0,1500.0,25.0,2024-07-01,2025-06-30
460003,74.0,79.0,78.0,61.0,84.0,63.0,60.0,61.0,100.0,16.0,2024-07-01,2025-06-30
460004,68.0,78.0,80.0,61.0,89.0,76.0,57.0,78.0,1100.0,24.0,2024-07-01,2025-06-30
460005,71.0,77.0,77.0,57.0,87.0,69.0,53.0,71.0,520.0,20.0,2024-07-01,2025-06-30
460006,79.0,79.0,83.0,62.0,89.0,75.0,64.0,76.0,1104.0,21.0,2024-07-01,2025-06-30
460007,89.0,87.0,88.0,67.0,91.0,88.0,65.0,84.0,381.0,24.0,2024-07-01,2025-06-30
460009,76.0,78.0,78.0,58.0,90.0,78.0,61.0,82.0,1157.0,25.0,2024-07-01,2025-06-30
460010,79.0,77.0,79.0,59.0,89.0,77.0,57.0,79.0,1264.0,23.0,2024-07-01,2025-06-30
460011,75.0,77.0,83.0,63.0,86.0,61.0,54.0,61.0,202.0,19.0,2024-07-01,2025-06-30
460013,83.0,84.0,81.0,63.0,87.0,78.0,65.0,76.0,301.0,23.0,2024-07-01,2025-06-30
460014,78.0,81.0,82.0,67.0,91.0,72.0,69.0,66.0,258.0,19.0,2024-07-01,2025-06-30
460015,75.0,82.0,84.0,61.0,91.0,74.0,60.0,76.0,853.0,25.0,2024-07-01,2025-06-30
460017,83.0,79.0,83.0,59.0,87.0,74.0,65.0,77.0,127.0,19.0,2024-07-01,2025-06-30
460019,73.0,74.0,77.0,57.0,84.0,60.0,52.0,60.0,139.0,12.0,2024-07-01,2025-06-30
460021,76.0,80.0,81.0,63.0,89.0,81.0,60.0,84.0,1106.0,28.0,2024-07-01,2025-06-30
460023,75.0,80.0,81.0,59.0,88.0,75.0,56.0,78.0,1029.0,20.0,2024-07-01,2025-06-30
460026,86.0,85.0,87.0,61.0,90.0,84.0,63.0,83.0,149.0,24.0,2024-07-01,2025-06-30
46002F,75.0,85.0,85.0,73.0,91.0,78.0,64.0,79.0,499.0,34.0,2024-07-01,2025-06-30
460030,76.0,76.0,77.0,61.0,90.0,69.0,65.0,64.0,142.0,17.0,2024-07-01,2025-06-30
460039,84.0,93.0,89.0,86.0,94.0,89.0,76.0,85.0,63.0,23.0,2024-07-01,2025-06-30
460041,62.0,72.0,82.0,53.0,87.0,59.0,47.0,55.0,281.0,14.0,2024-07-01,2025-06-30
460042,81.0,79.0,78.0,60.0,88.0,73.0,65.0,69.0,439.0,25.0,2024-07-01,2025-06-30
460043,88.0,79.0,82.0,57.0,90.0,86.0,52.0,86.0,96.0,18.0,2024-07-01,2025-06-30
460044,77.0,81.0,84.0,61.0,91.0,80.0,62.0,81.0,632.0,25.0,2024-07-01,2025-06-30
460047,77.0,73.0,77.0,53.0,84.0,67.0,58.0,70.0,625.0,24.0,2024-07-01,2025-06-30
460051,71.0,73.0,75.0,55.0,85.0,61.0,57.0,59.0,696.0,13.0,2024-07-01,2025-06-30
460052,74.0,78.0,79.0,54.0,85.0,75.0,55.0,74.0,453.0,17.0,2024-07-01,2025-06-30
460054,87.0,85.0,83.0,59.0,90.0,82.0,75.0,87.0,156.0,31.0,2024-07-01,2025-06-30
460057,74.0,81.0,85.0,70.0,90.0,85.0,74.0,83.0,361.0,29.0,2024-07-01,2025-06-30
460058,77.0,79.0,82.0,59.0,89.0,76.0,54.0,77.0,923.0,22.0,2024-07-01,2025-06-30
460060,79.0,79.0,81.0,58.0,88.0,81.0,63.0,79.0,552.0,20.0,2024-07-01,2025-06-30
460061,73.0,80.0,81.0,62.0,90.0,78.0,61.0,79.0,584.0,22.0,2024-07-01,2025-06-30
460062,76.0,80.0,80.0,61.0,88.0,76.0,69.0,78.0,378.0,22.0,2024-07-01,2025-06-30
460063,,,,,,,,,,,2024-07-01,2025-06-30
461300,86.0,90.0,88.0,68.0,93.0,87.0,70.0,89.0,30.0,22.0,2024-07-01,2025-06-30
461301,89.0,89.0,92.0,56.0,93.0,96.0,71.0,93.0,40.0,25.0,2024-07-01,2025-06-30
461302,73.0,84.0,91.0,72.0,93.0,78.0,74.0,74.0,79.0,20.0,2024-07-01,2025-06-30
461303,77.0,86.0,84.0,71.0,92.0,80.0,65.0,77.0,85.0,27.0,2024-07-01,2025-06-30
461304,83.0,81.0,84.0,65.0,94.0,83.0,60.0,83.0,106.0,18.0,2024-07-01,2025-06-30
461305,,,,,,,,,,,2024-07-01,2025-06-30
461306,83.0,85.0,91.0,65.0,87.0,83.0,64.0,92.0,70.0,22.0,2024-07-01,2025-06-30
461307,82.0,90.0,89.0,72.0,95.0,85.0,73.0,85.0,146.0,23.0,2024-07-01,2025-06-30
461308,80.0,82.0,91.0,79.0,88.0,86.0,74.0,91.0,33.0,40.0,2024-07-01,2025-06-30
461309,81.0,79.0,79.0,61.0,83.0,80.0,74.0,77.0,33.0,16.0,2024-07-01,2025-06-30
461310,72.0,75.0,83.0,60.0,84.0,75.0,67.0,67.0,129.0,32.0,2024-07-01,2025-06-30
461333,93.0,93.0,91.0,71.0,94.0,95.0,57.0,93.0,62.0,31.0,2024-07-01,2025-06-30
461335,,,,,,,,,,,2024-07-01,2025-06-30
463301,,,,,,,,,,,2024-07-01,2025-06-30
470001,78.0,84.0,80.0,64.0,88.0,72.0,45.0,71.0,458.0,21.0,2024-07-01,2025-06-30
470003,68.0,82.0,80.0,63.0,88.0,72.0,55.0,76.0,2722.0,24.0,2024-07-01,2025-06-30
470005,72.0,81.0,78.0,62.0,88.0,67.0,51.0,68.0,644.0,25.0,2024-07-01,2025-06-30
470011,75.0,77.0,79.0,61.0,86.0,66.0,45.0,62.0,249.0,20.0,2024-07-01,2025-06-30
470012,74.0,79.0,78.0,60.0,90.0,71.0,50.0,72.0,324.0,22.0,2024-07-01,2025-06-30
47001F,78.0,89.0,90.0,75.0,91.0,85.0,56.0,84.0,421.0,43.0,2024-07-01,2025-06-30
470024,65.0,79.0,80.0,63.0,86.0,70.0,54.0,65.0,429.0,24.0,2024-07-01,2025-06-30
471300,,,,,,,,,,,2024-07-01,2025-06-30
471301,86.0,84.0,88.0,67.0,94.0,81.0,62.0,83.0,156.0,27.0,2024-07-01,2025-06-30
471302,88.0,84.0,84.0,65.0,92.0,79.0,56.0,84.0,141.0,27.0,2024-07-01,2025-06-30
471303,82.0,86.0,83.0,72.0,91.0,76.0,57.0,73.0,262.0,21.0,2024-07-01,2025-06-30
471304,81.0,84.0,86.0,65.0,86.0,72.0,55.0,65.0,183.0,21.0,2024-07-01,2025-06-30
471305,81.0,86.0,84.0,69.0,92.0,81.0,63.0,83.0,184.0,21.0,2024-07-01,2025-06-30
471306,89.0,86.0,84.0,71.0,87.0,69.0,58.0,55.0,73.0,14.0,2024-07-01,2025-06-30
471307,62.0,78.0,77.0,55.0,83.0,65.0,41.0,65.0,282.0,22.0,2024-07-01,2025-06-30
480001,,,,,,,,,,,2024-07-01,2025-06-30
480002,78.0,76.0,77.0,57.0,80.0,54.0,50.0,57.0,206.0,28.0,2024-07-01,2025-06-30
490002,77.0,87.0,84.0,64.0,88.0,74.0,62.0,73.0,126.0,18.0,2024-07-01,2025-06-30
490004,71.0,80.0,79.0,57.0,86.0,72.0,57.0,64.0,603.0,24.0,2024-07-01,2025-06-30
490005,72.0,81.0,78.0,60.0,86.0,72.0,54.0,73.0,1041.0,23.0,2024-07-01,2025-06-30
490007,66.0,80.0,78.0,57.0,85.0,73.0,59.0,77.0,933.0,20.0,2024-07-01,2025-06-30
490009,73.0,81.0,81.0,60.0,88.0,77.0,49.0,80.0,1341.0,23.0,2024-07-01,2025-06-30
490013,73.0,84.0,84.0,61.0,84.0,66.0,65.0,60.0,457.0,23.0,2024-07-01,2025-06-30
490017,69.0,77.0,77.0,61.0,85.0,65.0,57.0,57.0,666.0,16.0,2024-07-01,2025-06-30
490018,66.0,75.0,80.0,57.0,86.0,67.0,47.0,69.0,1005.0,36.0,2024-07-01,2025-06-30
490019,65.0,79.0,76.0,60.0,84.0,64.0,50.0,63.0,525.0,19.0,2024-07-01,2025-06-30
49001F,78.0,87.0,87.0,72.0,91.0,86.0,77.0,87.0,1026.0,32.0,2024-07-01,2025-06-30
490020,69.0,81.0,78.0,60.0,82.0,71.0,64.0,68.0,443.0,17.0,2024-07-01,2025-06-30
490021,63.0,76.0,77.0,55.0,86.0,64.0,53.0,63.0,1277.0,23.0,2024-07-01,2025-06-30
490022,65.0,73.0,75.0,55.0,85.0,62.0,50.0,63.0,2197.0,19.0,2024-07-01,2025-06-30
490023,73.0,78.0,78.0,57.0,89.0,63.0,56.0,58.0,416.0,19.0,2024-07-01,2025-06-30
490024,66.0,77.0,76.0,56.0,84.0,66.0,49.0,70.0,1008.0,20.0,2024-07-01,2025-06-30
490032,63.0,83.0,81.0,64.0,90.0,74.0,49.0,76.0,1892.0,15.0,2024-07-01,2025-06-30
490033,81.0,80.0,83.0,62.0,88.0,76.0,68.0,78.0,280.0,18.0,2024-07-01,2025-06-30
490037,81.0,89.0,88.0,66.0,90.0,79.0,73.0,76.0,231.0,19.0,2024-07-01,2025-06-30
490038,75.0,82.0,85.0,63.0,90.0,75.0,58.0,70.0,208.0,23.0,2024-07-01,2025-06-30
490040,71.0,79.0,78.0,59.0,88.0,71.0,56.0,71.0,646.0,18.0,2024-07-01,2025-06-30
490041,72.0,78.0,79.0,59.0,84.0,66.0,61.0,69.0,523.0,16.0,2024-07-01,2025-06-30
490042,68.0,80.0,81.0,61.0,86.0,69.0,44.0,73.0,828.0,19.0,2024-07-01,2025-06-30
490043,76.0,79.0,76.0,59.0,87.0,76.0,64.0,77.0,674.0,22.0,2024-07-01,2025-06-30
490044,69.0,81.0,81.0,64.0,85.0,74.0,62.0,74.0,781.0,22.0,2024-07-01,2025-06-30
490045,78.0,73.0,74.0,53.0,85.0,65.0,55.0,63.0,885.0,16.0,2024-07-01,2025-06-30
490046,73.0,81.0,78.0,60.0,87.0,76.0,65.0,78.0,760.0,21.0,2024-07-01,2025-06-30
490048,63.0,71.0,72.0,50.0,84.0,60.0,43.0,58.0,590.0,22.0,2024-07-01,2025-06-30
490050,79.0,77.0,81.0,61.0,87.0,75.0,57.0,78.0,2111.0,21.0,2024-07-01,2025-06-30
490052,72.0,79.0,81.0,59.0,87.0,73.0,62.0,74.0,1460.0,20.0,2024-07-01,2025-06-30
490053,81.0,78.0,79.0,62.0,86.0,68.0,64.0,64.0,754.0,18.0,2024-07-01,2025-06-30
490057,70.0,80.0,77.0,58.0,85.0,71.0,61.0,71.0,914.0,26.0,2024-07-01,2025-06-30
490059,65.0,78.0,77.0,57.0,85.0,68.0,53.0,71.0,1900.0,20.0,2024-07-01,2025-06-30
490060,81.0,85.0,85.0,65.0,88.0,73.0,67.0,65.0,394.0,18.0,2024-07-01,2025-06-30
490063,76.0,78.0,76.0,58.0,87.0,77.0,58.0,81.0,784.0,20.0,2024-07-01,2025-06-30
490066,77.0,84.0,81.0,63.0,89.0,78.0,58.0,81.0,857.0,28.0,2024-07-01,2025-06-30
490067,68.0,78.0,74.0,59.0,81.0,64.0,57.0,58.0,806.0,14.0,2024-07-01,2025-06-30
490069,63.0,77.0,74.0,56.0,85.0,65.0,47.0,63.0,1320.0,21.0,2024-07-01,2025-06-30
49006F,76.0,84.0,83.0,69.0,89.0,63.0,70.0,64.0,155.0,18.0,2024-07-01,2025-06-30
490075,75.0,76.0,75.0,56.0,85.0,59.0,58.0,51.0,944.0,17.0,2024-07-01,2025-06-30
490077,78.0,81.0,83.0,62.0,88.0,77.0,63.0,81.0,784.0,28.0,2024-07-01,2025-06-30
490084,81.0,83.0,81.0,67.0,86.0,67.0,62.0,67.0,272.0,20.0,2024-07-01,2025-06-30
490088,69.0,86.0,86.0,70.0,92.0,79.0,67.0,77.0,291.0,29.0,2024-07-01,2025-06-30
490089,68.0,83.0,84.0,59.0,88.0,74.0,51.0,75.0,411.0,26.0,2024-07-01,2025-06-30
49008F,74.0,81.0,84.0,67.0,90.0,70.0,70.0,72.0,863.0,21.0,2024-07-01,2025-06-30
490090,77.0,81.0,85.0,64.0,92.0,69.0,65.0,62.0,352.0,19.0,2024-07-01,2025-06-30
490092,82.0,79.0,75.0,61.0,83.0,66.0,58.0,55.0,110.0,17.0,2024-07-01,2025-06-30
490093,69.0,80.0,80.0,58.0,86.0,73.0,64.0,70.0,720.0,18.0,2024-07-01,2025-06-30
490094,69.0,85.0,84.0,67.0,89.0,70.0,73.0,62.0,62.0,10.0,2024-07-01,2025-06-30
490097,74.0,85.0,92.0,78.0,90.0,72.0,79.0,64.0,64.0,18.0,2024-07-01,2025-06-30
490098,79.0,85.0,83.0,63.0,86.0,74.0,64.0,70.0,420.0,16.0,2024-07-01,2025-06-30
490101,77.0,77.0,77.0,60.0,88.0,79.0,59.0,77.0,650.0,21.0,2024-07-01,2025-06-30
490104,,,,,,,,,,,2024-07-01,2025-06-30
490107,74.0,74.0,75.0,58.0,83.0,65.0,55.0,65.0,519.0,22.0,2024-07-01,2025-06-30
49010F,59.0,77.0,83.0,65.0,92.0,69.0,49.0,70.0,494.0,30.0,2024-07-01,2025-06-30
490110,82.0,84.0,83.0,66.0,88.0,75.0,52.0,77.0,549.0,23.0,2024-07-01,2025-06-30
490111,72.0,82.0,82.0,64.0,88.0,73.0,54.0,65.0,263.0,21.0,2024-07-01,2025-06-30
490112,66.0,76.0,74.0,57.0,83.0,64.0,52.0,66.0,1301.0,22.0,2024-07-01,2025-06-30
490113,77.0,77.0,75.0,58.0,84.0,67.0,58.0,65.0,877.0,17.0,2024-07-01,2025-06-30
490114,73.0,84.0,82.0,65.0,86.0,72.0,61.0,66.0,260.0,16.0,2024-07-01,2025-06-30
490115,77.0,76.0,75.0,58.0,90.0,67.0,58.0,53.0,198.0,19.0,2024-07-01,2025-06-30
490116,86.0,87.0,86.0,68.0,91.0,88.0,73.0,84.0,142.0,16.0,2024-07-01,2025-06-30
490117,80.0,90.0,88.0,71.0,87.0,85.0,65.0,79.0,115.0,20.0,2024-07-01,2025-06-30
490118,67.0,74.0,74.0,54.0,82.0,69.0,55.0,71.0,1322.0,22.0,2024-07-01,2025-06-30
490119,68.0,80.0,78.0,60.0,86.0,79.0,67.0,82.0,829.0,24.0,2024-07-01,2025-06-30
49011F,80.0,88.0,88.0,71.0,92.0,85.0,66.0,82.0,484.0,37.0,2024-07-01,2025-06-30
490120,72.0,75.0,78.0,54.0,85.0,66.0,55.0,63.0,1731.0,20.0,2024-07-01,2025-06-30
490122,71.0,78.0,77.0,62.0,86.0,67.0,51.0,71.0,395.0,20.0,2024-07-01,2025-06-30
490126,84.0,84.0,83.0,67.0,91.0,72.0,69.0,66.0,218.0,23.0,2024-07-01,2025-06-30
490127,83.0,89.0,88.0,77.0,90.0,77.0,74.0,74.0,179.0,29.0,2024-07-01,2025-06-30
490130,75.0,84.0,84.0,67.0,89.0,78.0,62.0,79.0,355.0,26.0,2024-07-01,2025-06-30
490136,60.0,77.0,78.0,52.0,83.0,72.0,58.0,72.0,665.0,18.0,2024-07-01,2025-06-30
490140,76.0,76.0,75.0,58.0,89.0,70.0,54.0,69.0,736.0,17.0,2024-07-01,2025-06-30
490141,71.0,74.0,70.0,54.0,79.0,63.0,56.0,64.0,459.0,16.0,2024-07-01,2025-06-30
490143,75.0,83.0,84.0,63.0,89.0,78.0,69.0,81.0,351.0,30.0,2024-07-01,2025-06-30
490144,84.0,80.0,82.0,65.0,85.0,78.0,63.0,78.0,470.0,25.0,2024-07-01,2025-06-30
490145,75.0,80.0,80.0,57.0,87.0,75.0,67.0,75.0,490.0,19.0,2024-07-01,2025-06-30
490148,,,,,,,,,,,2024-07-01,2025-06-30
491300,95.0,86.0,75.0,78.0,84.0,92.0,72.0,71.0,35.0,26.0,2024-07-01,2025-06-30
491302,83.0,87.0,89.0,72.0,90.0,84.0,69.0,85.0,210.0,21.0,2024-07-01,2025-06-30
491303,,,,,,,,,,,2024-07-01,2025-06-30
491304,79.0,85.0,85.0,63.0,88.0,76.0,55.0,71.0,253.0,23.0,2024-07-01,2025-06-30
491305,80.0,85.0,81.0,64.0,88.0,80.0,59.0,73.0,269.0,25.0,2024-07-01,2025-06-30
491307,88.0,88.0,87.0,63.0,88.0,79.0,68.0,72.0,131.0,25.0,2024-07-01,2025-06-30
491308,80.0,88.0,86.0,61.0,83.0,73.0,48.0,61.0,90.0,20.0,2024-07-01,2025-06-30
491309,81.0,90.0,94.0,78.0,90.0,90.0,69.0,88.0,114.0,30.0,2024-07-01,2025-06-30
493300,,,,,,,,,,,2024-07-01,2025-06-30
493301,,,,,,,,,,,2024-07-01,2025-06-30
500002,81.0,77.0,82.0,60.0,87.0,68.0,55.0,68.0,448.0,26.0,2024-07-01,2025-06-30
500003,74.0,80.0,80.0,59.0,89.0,69.0,50.0,70.0,532.0,20.0,2024-07-01,2025-06-30
500005,69.0,82.0,82.0,62.0,88.0,72.0,54.0,78.0,519.0,26.0,2024-07-01,2025-06-30
500007,76.0,83.0,82.0,64.0,88.0,80.0,60.0,83.0,329.0,26.0,2024-07-01,2025-06-30
500008,75.0,80.0,80.0,62.0,90.0,76.0,55.0,80.0,4161.0,22.0,2024-07-01,2025-06-30
500011,70.0,71.0,73.0,57.0,85.0,59.0,48.0,55.0,547.0,15.0,2024-07-01,2025-06-30
500014,63.0,72.0,74.0,51.0,85.0,57.0,48.0,60.0,531.0,18.0,2024-07-01,2025-06-30
500015,60.0,68.0,70.0,51.0,83.0,50.0,38.0,51.0,701.0,14.0,2024-07-01,2025-06-30
500016,80.0,81.0,81.0,65.0,91.0,73.0,53.0,76.0,381.0,26.0,2024-07-01,2025-06-30
500019,61.0,77.0,77.0,58.0,85.0,66.0,48.0,61.0,470.0,18.0,2024-07-01,2025-06-30
500021,67.0,78.0,77.0,60.0,85.0,66.0,42.0,68.0,646.0,15.0,2024-07-01,2025-06-30
500024,72.0,78.0,77.0,60.0,90.0,71.0,51.0,77.0,421.0,24.0,2024-07-01,2025-06-30
500025,71.0,77.0,79.0,57.0,88.0,73.0,40.0,75.0,439.0,27.0,2024-07-01,2025-06-30
500026,62.0,73.0,73.0,56.0,88.0,60.0,43.0,61.0,391.0,16.0,2024-07-01,2025-06-30
500027,69.0,78.0,78.0,57.0,88.0,69.0,52.0,73.0,491.0,18.0,2024-07-01,2025-06-30
500030,62.0,78.0,79.0,57.0,87.0,63.0,35.0,67.0,417.0,25.0,2024-07-01,2025-06-30
500031,63.0,72.0,77.0,53.0,84.0,51.0,35.0,47.0,322.0,15.0,2024-07-01,2025-06-30
500033,74.0,76.0,78.0,54.0,83.0,63.0,59.0,58.0,318.0,13.0,2024-07-01,2025-06-30
500036,69.0,72.0,74.0,52.0,86.0,51.0,40.0,50.0,537.0,17.0,2024-07-01,2025-06-30
500037,74.0,75.0,78.0,61.0,81.0,74.0,59.0,81.0,61.0,19.0,2024-07-01,2025-06-30
500039,70.0,77.0,77.0,59.0,89.0,68.0,51.0,66.0,729.0,22.0,2024-07-01,2025-06-30
500041,68.0,81.0,79.0,61.0,88.0,69.0,55.0,61.0,426.0,22.0,2024-07-01,2025-06-30
500044,62.0,74.0,78.0,56.0,88.0,66.0,50.0,68.0,1950.0,24.0,2024-07-01,2025-06-30
500050,67.0,78.0,75.0,55.0,83.0,66.0,44.0,65.0,462.0,23.0,2024-07-01,2025-06-30
500051,76.0,79.0,80.0,58.0,86.0,75.0,56.0,80.0,726.0,24.0,2024-07-01,2025-06-30
500052,67.0,75.0,84.0,62.0,91.0,65.0,50.0,62.0,138.0,28.0,2024-07-01,2025-06-30
500053,77.0,73.0,74.0,60.0,86.0,63.0,49.0,64.0,553.0,14.0,2024-07-01,2025-06-30
500054,66.0,75.0,76.0,57.0,86.0,67.0,44.0,75.0,335.0,22.0,2024-07-01,2025-06-30
500058,73.0,77.0,78.0,58.0,87.0,71.0,57.0,74.0,478.0,19.0,2024-07-01,2025-06-30
50005F,73.0,85.0,86.0,69.0,91.0,79.0,57.0,81.0,1439.0,28.0,2024-07-01,2025-06-30
500060,66.0,77.0,76.0,57.0,88.0,65.0,42.0,66.0,314.0,20.0,2024-07-01,2025-06-30
500064,57.0,74.0,75.0,55.0,86.0,64.0,32.0,69.0,1808.0,17.0,2024-07-01,2025-06-30
500072,71.0,81.0,80.0,60.0,89.0,66.0,48.0,64.0,444.0,24.0,2024-07-01,2025-06-30
500077,70.0,76.0,76.0,56.0,85.0,70.0,49.0,72.0,428.0,22.0,2024-07-01,2025-06-30
500079,60.0,67.0,67.0,51.0,84.0,56.0,46.0,58.0,1329.0,19.0,2024-07-01,2025-06-30
500084,76.0,74.0,73.0,59.0,86.0,61.0,39.0,63.0,203.0,23.0,2024-07-01,2025-06-30
500088,74.0,77.0,80.0,58.0,88.0,73.0,59.0,72.0,916.0,16.0,2024-07-01,2025-06-30
500108,59.0,76.0,79.0,56.0,87.0,63.0,47.0,66.0,510.0,15.0,2024-07-01,2025-06-30
500119,70.0,78.0,78.0,59.0,88.0,69.0,49.0,70.0,869.0,23.0,2024-07-01,2025-06-30
50011F,74.0,85.0,85.0,72.0,88.0,84.0,59.0,85.0,190.0,38.0,2024-07-01,2025-06-30
500124,73.0,79.0,82.0,60.0,85.0,77.0,59.0,80.0,463.0,18.0,2024-07-01,2025-06-30
500129,65.0,73.0,75.0,57.0,85.0,64.0,50.0,67.0,1804.0,18.0,2024-07-01,2025-06-30
500139,71.0,77.0,77.0,61.0,86.0,69.0,43.0,72.0,929.0,23.0,2024-07-01,2025-06-30
500141,67.0,74.0,74.0,56.0,85.0,64.0,42.0,65.0,649.0,13.0,2024-07-01,2025-06-30
500150,76.0,81.0,79.0,64.0,86.0,76.0,62.0,79.0,1011.0,20.0,2024-07-01,2025-06-30
500151,79.0,76.0,78.0,58.0,88.0,74.0,53.0,76.0,733.0,21.0,2024-07-01,2025-06-30
500152,72.0,77.0,78.0,60.0,87.0,78.0,58.0,80.0,554.0,20.0,2024-07-01,2025-06-30
500154,71.0,73.0,76.0,55.0,84.0,70.0,62.0,71.0,420.0,17.0,2024-07-01,2025-06-30
50030F,62.0,81.0,85.0,73.0,88.0,70.0,49.0,73.0,552.0,29.0,2024-07-01,2025-06-30
501301,,,,,,,,,,,2024-07-01,2025-06-30
501302,,,,,,,,,,,2024-07-01,2025-06-30
501303,86.0,85.0,84.0,66.0,88.0,79.0,57.0,72.0,65.0,24.0,2024-07-01,2025-06-30
501304,,,,,,,,,,,2024-07-01,2025-06-30
501305,89.0,83.0,84.0,67.0,75.0,75.0,73.0,83.0,52.0,25.0,2024-07-01,2025-06-30
501307,,,,,,,,,,,2024-07-01,2025-06-30
501308,94.0,79.0,82.0,80.0,96.0,82.0,60.0,76.0,31.0,14.0,2024-07-01,2025-06-30
501309,84.0,91.0,86.0,69.0,90.0,81.0,64.0,85.0,50.0,26.0,2024-07-01,2025-06-30
501310,84.0,76.0,80.0,60.0,88.0,68.0,54.0,71.0,78.0,23.0,2024-07-01,2025-06-30
501311,,,,,,,,,,,2024-07-01,2025-06-30
501312,84.0,83.0,85.0,65.0,88.0,80.0,56.0,85.0,258.0,17.0,2024-07-01,2025-06-30
501313,,,,,,,,,,,2024-07-01,2025-06-30
501314,88.0,80.0,88.0,65.0,91.0,75.0,61.0,77.0,75.0,39.0,2024-07-01,2025-06-30
501315,,,,,,,,,,,2024-07-01,2025-06-30
501316,86.0,92.0,94.0,62.0,93.0,86.0,72.0,77.0,33.0,23.0,2024-07-01,2025-06-30
501317,,,,,,,,,,,2024-07-01,2025-06-30
501318,80.0,73.0,80.0,51.0,87.0,62.0,67.0,64.0,41.0,8.0,2024-07-01,2025-06-30
501319,,,,,,,,,,,2024-07-01,2025-06-30
501320,,,,,,,,,,,2024-07-01,2025-06-30
501321,87.0,74.0,68.0,57.0,88.0,67.0,66.0,63.0,35.0,17.0,2024-07-01,2025-06-30
501322,72.0,92.0,82.0,64.0,78.0,62.0,57.0,69.0,36.0,37.0,2024-07-01,2025-06-30
501323,79.0,84.0,85.0,61.0,89.0,81.0,57.0,83.0,264.0,30.0,2024-07-01,2025-06-30
501324,,,,,,,,,,,2024-07-01,2025-06-30
501325,,,,,,,,,,,2024-07-01,2025-06-30
501326,79.0,84.0,83.0,65.0,87.0,76.0,71.0,68.0,112.0,18.0,2024-07-01,2025-06-30
501327,81.0,88.0,88.0,65.0,94.0,81.0,69.0,88.0,59.0,27.0,2024-07-01,2025-06-30
501328,70.0,82.0,88.0,60.0,86.0,63.0,50.0,63.0,42.0,13.0,2024-07-01,2025-06-30
501329,81.0,82.0,85.0,68.0,90.0,74.0,56.0,75.0,130.0,26.0,2024-07-01,2025-06-30
501330,78.0,75.0,79.0,58.0,87.0,64.0,57.0,67.0,171.0,23.0,2024-07-01,2025-06-30
501331,83.0,86.0,85.0,71.0,89.0,87.0,70.0,85.0,166.0,20.0,2024-07-01,2025-06-30
501332,85.0,86.0,85.0,65.0,92.0,85.0,70.0,86.0,203.0,31.0,2024-07-01,2025-06-30
501333,79.0,85.0,83.0,59.0,91.0,72.0,59.0,69.0,144.0,20.0,2024-07-01,2025-06-30
501334,,,,,,,,,,,2024-07-01,2025-06-30
501335,80.0,80.0,78.0,64.0,90.0,78.0,50.0,74.0,202.0,16.0,2024-07-01,2025-06-30
501336,82.0,80.0,76.0,63.0,90.0,78.0,50.0,72.0,373.0,41.0,2024-07-01,2025-06-30
501337,78.0,77.0,72.0,57.0,86.0,64.0,60.0,67.0,187.0,21.0,2024-07-01,2025-06-30
501338,,,,,,,,,,,2024-07-01,2025-06-30
501339,64.0,82.0,84.0,66.0,92.0,68.0,62.0,72.0,139.0,19.0,2024-07-01,2025-06-30
501340,,,,,,,,,,,2024-07-01,2025-06-30
503300,,,,,,,,,,,2024-07-01,2025-06-30
503301,,,,,,,,,,,2024-07-01,2025-06-30
503302,,,,,,,,,,,2024-07-01,2025-06-30
510001,65.0,81.0,78.0,60.0,87.0,75.0,52.0,76.0,934.0,22.0,2024-07-01,2025-06-30
510002,62.0,75.0,74.0,59.0,83.0,58.0,57.0,50.0,512.0,22.0,2024-07-01,2025-06-30
510006,70.0,81.0,78.0,64.0,85.0,72.0,58.0,70.0,765.0,21.0,2024-07-01,2025-06-30
510007,66.0,76.0,74.0,58.0,84.0,70.0,49.0,74.0,508.0,21.0,2024-07-01,2025-06-30
510008,62.0,75.0,71.0,54.0,81.0,57.0,43.0,54.0,525.0,17.0,2024-07-01,2025-06-30
510012,69.0,81.0,75.0,61.0,87.0,64.0,56.0,60.0,138.0,18.0,2024-07-01,2025-06-30
510013,75.0,84.0,82.0,67.0,85.0,70.0,55.0,70.0,460.0,27.0,2024-07-01,2025-06-30
510022,68.0,79.0,76.0,60.0,86.0,69.0,53.0,69.0,2707.0,20.0,2024-07-01,2025-06-30
510023,54.0,72.0,73.0,51.0,82.0,53.0,37.0,52.0,463.0,20.0,2024-07-01,2025-06-30
510024,68.0,82.0,79.0,63.0,87.0,76.0,58.0,77.0,1348.0,23.0,2024-07-01,2025-06-30
510029,61.0,79.0,78.0,60.0,83.0,68.0,51.0,71.0,908.0,23.0,2024-07-01,2025-06-30
51002F,81.0,95.0,90.0,76.0,94.0,90.0,71.0,83.0,248.0,40.0,2024-07-01,2025-06-30
510030,73.0,78.0,75.0,52.0,87.0,60.0,48.0,48.0,306.0,17.0,2024-07-01,2025-06-30
510038,75.0,78.0,80.0,61.0,87.0,70.0,50.0,67.0,201.0,23.0,2024-07-01,2025-06-30
51003F,81.0,87.0,84.0,73.0,91.0,82.0,63.0,79.0,490.0,38.0,2024-07-01,2025-06-30
510046,67.0,80.0,82.0,65.0,85.0,61.0,48.0,57.0,407.0,18.0,2024-07-01,2025-06-30
510048,71.0,74.0,76.0,57.0,85.0,57.0,55.0,51.0,281.0,10.0,2024-07-01,2025-06-30
51004F,81.0,89.0,84.0,70.0,91.0,86.0,62.0,85.0,671.0,36.0,2024-07-01,2025-06-30
510050,70.0,77.0,73.0,56.0,83.0,62.0,51.0,55.0,1632.0,23.0,2024-07-01,2025-06-30
510055,71.0,73.0,80.0,59.0,85.0,68.0,58.0,68.0,365.0,12.0,2024-07-01,2025-06-30
510058,63.0,78.0,78.0,56.0,88.0,65.0,44.0,61.0,990.0,20.0,2024-07-01,2025-06-30
51005F,77.0,87.0,83.0,71.0,88.0,79.0,56.0,80.0,512.0,39.0,2024-07-01,2025-06-30
510062,65.0,81.0,74.0,57.0,84.0,65.0,52.0,68.0,191.0,21.0,2024-07-01,2025-06-30
510070,65.0,77.0,74.0,56.0,83.0,56.0,49.0,48.0,1169.0,17.0,2024-07-01,2025-06-30
510072,89.0,89.0,88.0,81.0,88.0,80.0,65.0,78.0,120.0,26.0,2024-07-01,2025-06-30
510086,83.0,90.0,89.0,73.0,84.0,80.0,78.0,84.0,146.0,30.0,2024-07-01,2025-06-30
510091,,,,,,,,,,,2024-07-01,2025-06-30
510093,82.0,83.0,92.0,69.0,88.0,91.0,65.0,84.0,44.0,20.0,2024-07-01,2025-06-30
510094,,,,,,,,,,,2024-07-01,2025-06-30
511300,,,,,,,,,,,2024-07-01,2025-06-30
511301,,,,,,,,,,,2024-07-01,2025-06-30
511303,,,,,,,,,,,2024-07-01,2025-06-30
511304,,,,,,,,,,,2024-07-01,2025-06-30
511306,78.0,89.0,83.0,65.0,79.0,92.0,44.0,79.0,33.0,16.0,2024-07-01,2025-06-30
511307,,,,,,,,,,,2024-07-01,2025-06-30
511308,84.0,84.0,84.0,66.0,91.0,74.0,69.0,71.0,95.0,27.0,2024-07-01,2025-06-30
511309,92.0,92.0,91.0,77.0,94.0,85.0,72.0,81.0,138.0,30.0,2024-07-01,2025-06-30
511310,89.0,87.0,81.0,74.0,92.0,78.0,64.0,76.0,66.0,28.0,2024-07-01,2025-06-30
511311,86.0,93.0,90.0,68.0,90.0,89.0,78.0,84.0,111.0,25.0,2024-07-01,2025-06-30
511312,88.0,94.0,92.0,81.0,94.0,82.0,67.0,83.0,81.0,21.0,2024-07-01,2025-06-30
511313,91.0,88.0,85.0,69.0,93.0,83.0,82.0,90.0,116.0,27.0,2024-07-01,2025-06-30
511314,86.0,86.0,86.0,76.0,94.0,83.0,67.0,84.0,92.0,20.0,2024-07-01,2025-06-30
511315,78.0,88.0,84.0,70.0,90.0,79.0,64.0,81.0,231.0,34.0,2024-07-01,2025-06-30
511316,85.0,89.0,88.0,71.0,92.0,79.0,66.0,73.0,196.0,27.0,2024-07-01,2025-06-30
511317,88.0,88.0,91.0,73.0,92.0,83.0,70.0,81.0,129.0,27.0,2024-07-01,2025-06-30
511318,76.0,80.0,82.0,72.0,92.0,78.0,76.0,72.0,26.0,22.0,2024-07-01,2025-06-30
511319,81.0,83.0,85.0,67.0,88.0,74.0,50.0,71.0,203.0,20.0,2024-07-01,2025-06-30
511320,91.0,88.0,88.0,71.0,88.0,83.0,75.0,86.0,210.0,32.0,2024-07-01,2025-06-30
511321,82.0,89.0,86.0,72.0,92.0,77.0,66.0,77.0,253.0,24.0,2024-07-01,2025-06-30
511322,84.0,87.0,85.0,69.0,89.0,79.0,60.0,74.0,348.0,24.0,2024-07-01,2025-06-30
520002,64.0,76.0,80.0,57.0,90.0,71.0,58.0,66.0,364.0,20.0,2024-07-01,2025-06-30
520004,83.0,84.0,85.0,68.0,91.0,84.0,64.0,83.0,962.0,33.0,2024-07-01,2025-06-30
520008,72.0,81.0,79.0,61.0,90.0,74.0,64.0,72.0,605.0,33.0,2024-07-01,2025-06-30
520009,72.0,77.0,80.0,63.0,90.0,71.0,64.0,68.0,405.0,35.0,2024-07-01,2025-06-30
520011,86.0,83.0,79.0,63.0,88.0,67.0,65.0,68.0,300.0,31.0,2024-07-01,2025-06-30
520019,79.0,82.0,74.0,65.0,93.0,58.0,47.0,62.0,249.0,20.0,2024-07-01,2025-06-30
520021,69.0,79.0,79.0,61.0,83.0,74.0,56.0,76.0,1247.0,23.0,2024-07-01,2025-06-30
520028,71.0,82.0,84.0,64.0,88.0,77.0,68.0,73.0,579.0,30.0,2024-07-01,2025-06-30
52002F,83.0,84.0,79.0,72.0,82.0,70.0,72.0,71.0,31.0,35.0,2024-07-01,2025-06-30
520030,69.0,77.0,77.0,57.0,87.0,71.0,58.0,73.0,1115.0,22.0,2024-07-01,2025-06-30
520033,84.0,77.0,76.0,62.0,90.0,75.0,64.0,67.0,335.0,20.0,2024-07-01,2025-06-30
520034,82.0,83.0,81.0,66.0,90.0,80.0,63.0,74.0,482.0,29.0,2024-07-01,2025-06-30
520035,81.0,80.0,81.0,63.0,92.0,74.0,66.0,74.0,1047.0,31.0,2024-07-01,2025-06-30
520037,66.0,76.0,74.0,60.0,87.0,61.0,53.0,58.0,2727.0,31.0,2024-07-01,2025-06-30
520038,82.0,86.0,81.0,66.0,93.0,78.0,66.0,73.0,353.0,34.0,2024-07-01,2025-06-30
52003F,76.0,84.0,83.0,73.0,91.0,80.0,66.0,79.0,474.0,39.0,2024-07-01,2025-06-30
520041,77.0,77.0,74.0,56.0,85.0,69.0,54.0,64.0,171.0,21.0,2024-07-01,2025-06-30
520044,68.0,82.0,80.0,60.0,88.0,73.0,65.0,76.0,280.0,28.0,2024-07-01,2025-06-30
520045,68.0,79.0,79.0,60.0,89.0,70.0,53.0,72.0,1868.0,28.0,2024-07-01,2025-06-30
520049,71.0,81.0,81.0,62.0,89.0,79.0,60.0,79.0,507.0,33.0,2024-07-01,2025-06-30
52004F,81.0,91.0,84.0,79.0,94.0,89.0,64.0,88.0,502.0,44.0,2024-07-01,2025-06-30
520051,66.0,74.0,78.0,54.0,82.0,64.0,58.0,63.0,352.0,22.0,2024-07-01,2025-06-30
520057,71.0,82.0,84.0,65.0,91.0,74.0,67.0,70.0,325.0,30.0,2024-07-01,2025-06-30
520059,72.0,84.0,82.0,64.0,92.0,69.0,53.0,64.0,561.0,31.0,2024-07-01,2025-06-30
520062,67.0,79.0,78.0,59.0,89.0,73.0,68.0,72.0,522.0,34.0,2024-07-01,2025-06-30
520063,68.0,80.0,79.0,63.0,90.0,70.0,56.0,70.0,517.0,31.0,2024-07-01,2025-06-30
520066,74.0,76.0,80.0,59.0,84.0,64.0,55.0,61.0,332.0,24.0,2024-07-01,2025-06-30
520070,73.0,82.0,81.0,62.0,90.0,75.0,56.0,79.0,1272.0,30.0,2024-07-01,2025-06-30
520071,69.0,83.0,80.0,66.0,89.0,73.0,57.0,68.0,280.0,25.0,2024-07-01,2025-06-30
520075,71.0,78.0,77.0,55.0,85.0,68.0,59.0,69.0,366.0,27.0,2024-07-01,2025-06-30
520076,73.0,74.0,73.0,53.0,87.0,61.0,57.0,51.0,193.0,28.0,2024-07-01,2025-06-30
520078,74.0,73.0,74.0,64.0,80.0,62.0,55.0,55.0,109.0,14.0,2024-07-01,2025-06-30
520083,75.0,79.0,80.0,59.0,87.0,73.0,60.0,74.0,1112.0,36.0,2024-07-01,2025-06-30
520087,61.0,80.0,77.0,62.0,89.0,77.0,62.0,79.0,439.0,33.0,2024-07-01,2025-06-30
520088,75.0,81.0,79.0,61.0,90.0,70.0,66.0,66.0,547.0,34.0,2024-07-01,2025-06-30
520089,70.0,81.0,79.0,64.0,88.0,75.0,62.0,77.0,515.0,22.0,2024-07-01,2025-06-30
520091,82.0,84.0,79.0,62.0,92.0,75.0,52.0,83.0,177.0,22.0,2024-07-01,2025-06-30
520095,81.0,88.0,88.0,77.0,91.0,89.0,76.0,90.0,349.0,39.0,2024-07-01,2025-06-30
520096,69.0,75.0,76.0,59.0,86.0,59.0,49.0,53.0,282.0,16.0,2024-07-01,2025-06-30
520097,64.0,78.0,78.0,62.0,85.0,65.0,57.0,61.0,552.0,31.0,2024-07-01,2025-06-30
520098,70.0,82.0,79.0,61.0,91.0,77.0,58.0,82.0,3072.0,32.0,2024-07-01,2025-06-30
520100,66.0,78.0,74.0,56.0,85.0,62.0,48.0,56.0,644.0,22.0,2024-07-01,2025-06-30
520102,74.0,84.0,81.0,63.0,92.0,76.0,57.0,74.0,577.0,25.0,2024-07-01,2025-06-30
520103,60.0,81.0,79.0,63.0,87.0,69.0,50.0,71.0,686.0,35.0,2024-07-01,2025-06-30
520107,76.0,83.0,83.0,69.0,90.0,74.0,61.0,72.0,363.0,36.0,2024-07-01,2025-06-30
520109,76.0,84.0,89.0,71.0,92.0,74.0,66.0,72.0,109.0,25.0,2024-07-01,2025-06-30
520113,76.0,84.0,80.0,62.0,91.0,72.0,68.0,69.0,551.0,27.0,2024-07-01,2025-06-30
520116,71.0,83.0,83.0,58.0,87.0,73.0,63.0,64.0,366.0,28.0,2024-07-01,2025-06-30
520136,65.0,80.0,79.0,59.0,86.0,69.0,60.0,68.0,367.0,21.0,2024-07-01,2025-06-30
520138,63.0,79.0,78.0,60.0,89.0,69.0,48.0,71.0,1971.0,23.0,2024-07-01,2025-06-30
520139,65.0,77.0,76.0,55.0,88.0,68.0,52.0,69.0,906.0,20.0,2024-07-01,2025-06-30
520160,74.0,81.0,78.0,62.0,89.0,74.0,63.0,74.0,2346.0,35.0,2024-07-01,2025-06-30
520177,68.0,80.0,79.0,62.0,89.0,75.0,57.0,77.0,2174.0,23.0,2024-07-01,2025-06-30
520189,77.0,81.0,79.0,61.0,91.0,77.0,64.0,77.0,1021.0,23.0,2024-07-01,2025-06-30
520193,77.0,83.0,80.0,63.0,91.0,80.0,64.0,80.0,1244.0,30.0,2024-07-01,2025-06-30
520194,86.0,94.0,90.0,79.0,94.0,92.0,81.0,92.0,285.0,55.0,2024-07-01,2025-06-30
520196,83.0,89.0,86.0,76.0,93.0,91.0,79.0,91.0,160.0,52.0,2024-07-01,2025-06-30
520198,73.0,82.0,81.0,62.0,94.0,76.0,62.0,76.0,701.0,26.0,2024-07-01,2025-06-30
520202,81.0,84.0,83.0,63.0,90.0,75.0,61.0,76.0,866.0,29.0,2024-07-01,2025-06-30
520205,78.0,84.0,84.0,67.0,92.0,81.0,75.0,80.0,159.0,47.0,2024-07-01,2025-06-30
520206,68.0,84.0,81.0,64.0,91.0,79.0,63.0,79.0,1277.0,31.0,2024-07-01,2025-06-30
520207,74.0,83.0,81.0,64.0,91.0,80.0,59.0,82.0,1196.0,33.0,2024-07-01,2025-06-30
520208,63.0,81.0,79.0,66.0,83.0,81.0,69.0,77.0,480.0,26.0,2024-07-01,2025-06-30
520210,74.0,79.0,79.0,58.0,88.0,68.0,63.0,68.0,774.0,26.0,2024-07-01,2025-06-30
520212,86.0,89.0,85.0,71.0,93.0,80.0,68.0,80.0,331.0,34.0,2024-07-01,2025-06-30
520213,78.0,89.0,87.0,72.0,88.0,83.0,78.0,84.0,150.0,33.0,2024-07-01,2025-06-30
520214,88.0,93.0,84.0,78.0,91.0,89.0,80.0,84.0,72.0,23.0,2024-07-01,2025-06-30
520215,94.0,91.0,88.0,79.0,93.0,70.0,86.0,59.0,25.0,34.0,2024-07-01,2025-06-30
521300,92.0,87.0,89.0,77.0,92.0,88.0,64.0,80.0,58.0,28.0,2024-07-01,2025-06-30
521302,75.0,86.0,84.0,70.0,92.0,83.0,63.0,83.0,149.0,37.0,2024-07-01,2025-06-30
521303,83.0,88.0,85.0,82.0,96.0,83.0,65.0,84.0,38.0,44.0,2024-07-01,2025-06-30
521304,94.0,84.0,84.0,83.0,87.0,80.0,66.0,80.0,56.0,29.0,2024-07-01,2025-06-30
521305,77.0,78.0,85.0,63.0,90.0,68.0,60.0,78.0,91.0,30.0,2024-07-01,2025-06-30
521307,,,,,,,,,,,2024-07-01,2025-06-30
521308,83.0,89.0,87.0,70.0,92.0,81.0,73.0,83.0,182.0,30.0,2024-07-01,2025-06-30
521309,90.0,91.0,84.0,52.0,88.0,74.0,80.0,63.0,32.0,24.0,2024-07-01,2025-06-30
521310,75.0,86.0,83.0,70.0,98.0,79.0,67.0,68.0,38.0,32.0,2024-07-01,2025-06-30
521311,83.0,82.0,86.0,60.0,87.0,81.0,77.0,77.0,39.0,23.0,2024-07-01,2025-06-30
521312,88.0,93.0,78.0,70.0,84.0,78.0,69.0,81.0,53.0,46.0,2024-07-01,2025-06-30
521313,81.0,86.0,76.0,59.0,88.0,83.0,68.0,83.0,27.0,20.0,2024-07-01,2025-06-30
521314,82.0,78.0,80.0,68.0,83.0,76.0,62.0,74.0,141.0,28.0,2024-07-01,2025-06-30
521315,87.0,83.0,82.0,65.0,92.0,76.0,63.0,77.0,228.0,36.0,2024-07-01,2025-06-30
521316,90.0,80.0,80.0,70.0,86.0,85.0,71.0,81.0,87.0,34.0,2024-07-01,2025-06-30
521317,,,,,,,,,,,2024-07-01,2025-06-30
521318,84.0,78.0,87.0,67.0,93.0,73.0,65.0,77.0,120.0,38.0,2024-07-01,2025-06-30
521319,90.0,93.0,92.0,83.0,93.0,95.0,77.0,93.0,39.0,36.0,2024-07-01,2025-06-30
521320,87.0,91.0,87.0,72.0,94.0,89.0,74.0,88.0,209.0,27.0,2024-07-01,2025-06-30
521321,80.0,89.0,80.0,68.0,88.0,85.0,82.0,76.0,101.0,33.0,2024-07-01,2025-06-30
521322,81.0,88.0,87.0,63.0,93.0,88.0,74.0,80.0,99.0,33.0,2024-07-01,2025-06-30
521323,93.0,83.0,84.0,68.0,90.0,79.0,73.0,72.0,68.0,42.0,2024-07-01,2025-06-30
521324,73.0,83.0,80.0,64.0,89.0,82.0,66.0,78.0,130.0,23.0,2024-07-01,2025-06-30
521325,93.0,87.0,88.0,74.0,92.0,84.0,76.0,79.0,108.0,40.0,2024-07-01,2025-06-30
521326,86.0,88.0,85.0,65.0,92.0,75.0,72.0,66.0,100.0,33.0,2024-07-01,2025-06-30
521327,84.0,84.0,80.0,68.0,91.0,80.0,76.0,75.0,190.0,33.0,2024-07-01,2025-06-30
521328,72.0,67.0,75.0,58.0,73.0,49.0,65.0,50.0,65.0,35.0,2024-07-01,2025-06-30
521329,66.0,76.0,82.0,68.0,84.0,62.0,62.0,62.0,111.0,25.0,2024-07-01,2025-06-30
521330,92.0,89.0,85.0,77.0,91.0,82.0,77.0,79.0,108.0,31.0,2024-07-01,2025-06-30
521331,83.0,83.0,80.0,71.0,89.0,80.0,70.0,68.0,63.0,35.0,2024-07-01,2025-06-30
521332,94.0,97.0,92.0,80.0,89.0,85.0,86.0,85.0,91.0,36.0,2024-07-01,2025-06-30
521333,83.0,84.0,86.0,75.0,94.0,87.0,66.0,84.0,105.0,33.0,2024-07-01,2025-06-30
521334,71.0,82.0,81.0,67.0,89.0,69.0,62.0,63.0,174.0,31.0,2024-07-01,2025-06-30
521335,73.0,85.0,83.0,63.0,88.0,80.0,72.0,80.0,277.0,26.0,2024-07-01,2025-06-30
521336,81.0,86.0,89.0,65.0,90.0,82.0,64.0,79.0,234.0,27.0,2024-07-01,2025-06-30
521337,78.0,81.0,86.0,64.0,87.0,75.0,67.0,69.0,297.0,34.0,2024-07-01,2025-06-30
521338,82.0,88.0,87.0,72.0,88.0,89.0,76.0,86.0,263.0,39.0,2024-07-01,2025-06-30
521339,90.0,70.0,70.0,48.0,83.0,59.0,66.0,66.0,59.0,18.0,2024-07-01,2025-06-30
521340,84.0,79.0,79.0,61.0,90.0,75.0,64.0,75.0,227.0,28.0,2024-07-01,2025-06-30
521341,82.0,84.0,78.0,70.0,91.0,80.0,64.0,69.0,195.0,28.0,2024-07-01,2025-06-30
521342,,,,,,,,,,,2024-07-01,2025-06-30
521343,84.0,92.0,93.0,78.0,94.0,88.0,74.0,88.0,164.0,47.0,2024-07-01,2025-06-30
521344,94.0,84.0,82.0,59.0,87.0,83.0,61.0,68.0,57.0,36.0,2024-07-01,2025-06-30
521345,83.0,91.0,88.0,72.0,92.0,86.0,72.0,87.0,190.0,25.0,2024-07-01,2025-06-30
521346,74.0,74.0,78.0,58.0,86.0,66.0,66.0,61.0,334.0,31.0,2024-07-01,2025-06-30
521347,70.0,82.0,81.0,60.0,89.0,79.0,70.0,75.0,188.0,25.0,2024-07-01,2025-06-30
521348,87.0,87.0,87.0,72.0,90.0,83.0,73.0,77.0,195.0,37.0,2024-07-01,2025-06-30
521349,79.0,92.0,86.0,73.0,93.0,82.0,65.0,85.0,149.0,38.0,2024-07-01,2025-06-30
521350,71.0,76.0,79.0,59.0,87.0,74.0,64.0,72.0,154.0,19.0,2024-07-01,2025-06-30
521351,86.0,82.0,85.0,68.0,89.0,76.0,77.0,71.0,235.0,29.0,2024-07-01,2025-06-30
521352,89.0,88.0,88.0,75.0,92.0,89.0,81.0,86.0,216.0,36.0,2024-07-01,2025-06-30
521353,93.0,88.0,86.0,71.0,89.0,82.0,79.0,84.0,78.0,38.0,2024-07-01,2025-06-30
521354,84.0,92.0,92.0,78.0,93.0,95.0,72.0,86.0,180.0,30.0,2024-07-01,2025-06-30
521355,76.0,83.0,82.0,75.0,91.0,76.0,46.0,71.0,181.0,35.0,2024-07-01,2025-06-30
521356,69.0,84.0,93.0,66.0,91.0,77.0,63.0,79.0,67.0,41.0,2024-07-01,2025-06-30
521357,81.0,81.0,87.0,68.0,88.0,79.0,71.0,71.0,221.0,30.0,2024-07-01,2025-06-30
521358,87.0,86.0,84.0,69.0,93.0,89.0,72.0,85.0,190.0,35.0,2024-07-01,2025-06-30
521359,86.0,89.0,91.0,74.0,92.0,87.0,70.0,85.0,256.0,24.0,2024-07-01,2025-06-30
523300,,,,,,,,,,,2024-07-01,2025-06-30
523302,,,,,,,,,,,2024-07-01,2025-06-30
530002,71.0,79.0,82.0,68.0,88.0,58.0,64.0,51.0,355.0,19.0,2024-07-01,2025-06-30
530006,72.0,77.0,79.0,59.0,89.0,73.0,59.0,68.0,371.0,29.0,2024-07-01,2025-06-30
530008,59.0,76.0,81.0,58.0,85.0,60.0,59.0,53.0,195.0,16.0,2024-07-01,2025-06-30
530012,62.0,71.0,75.0,56.0,87.0,55.0,46.0,56.0,397.0,22.0,2024-07-01,2025-06-30
530014,82.0,78.0,73.0,56.0,87.0,72.0,60.0,67.0,461.0,20.0,2024-07-01,2025-06-30
530015,85.0,85.0,85.0,69.0,91.0,83.0,71.0,83.0,365.0,26.0,2024-07-01,2025-06-30
530025,74.0,80.0,80.0,67.0,87.0,73.0,69.0,78.0,287.0,22.0,2024-07-01,2025-06-30
530034,82.0,80.0,87.0,78.0,90.0,88.0,86.0,85.0,34.0,47.0,2024-07-01,2025-06-30
53004F,80.0,88.0,86.0,76.0,89.0,79.0,68.0,79.0,246.0,39.0,2024-07-01,2025-06-30
53005F,,,,,,,,,,,2024-07-01,2025-06-30
531301,,,,,,,,,,,2024-07-01,2025-06-30
531302,74.0,81.0,81.0,61.0,91.0,75.0,68.0,75.0,122.0,31.0,2024-07-01,2025-06-30
531303,,,,,,,,,,,2024-07-01,2025-06-30
531304,84.0,84.0,77.0,52.0,96.0,77.0,57.0,70.0,58.0,20.0,2024-07-01,2025-06-30
531305,82.0,87.0,93.0,81.0,93.0,78.0,71.0,78.0,43.0,26.0,2024-07-01,2025-06-30
531306,56.0,78.0,76.0,53.0,90.0,69.0,64.0,69.0,38.0,20.0,2024-07-01,2025-06-30
531307,77.0,88.0,83.0,68.0,91.0,82.0,58.0,72.0,110.0,29.0,2024-07-01,2025-06-30
531308,,,,,,,,,,,2024-07-01,2025-06-30
531309,86.0,94.0,92.0,78.0,83.0,91.0,67.0,89.0,35.0,32.0,2024-07-01,2025-06-30
531310,86.0,86.0,85.0,73.0,94.0,81.0,67.0,81.0,152.0,30.0,2024-07-01,2025-06-30
531311,81.0,91.0,90.0,66.0,96.0,69.0,59.0,80.0,34.0,30.0,2024-07-01,2025-06-30
531312,77.0,80.0,86.0,67.0,86.0,71.0,65.0,70.0,257.0,27.0,2024-07-01,2025-06-30
531313,76.0,80.0,83.0,65.0,86.0,74.0,69.0,71.0,97.0,21.0,2024-07-01,2025-06-30
531314,,,,,,,,,,,2024-07-01,2025-06-30
531315,,,,,,,,,,,2024-07-01,2025-06-30
531316,,,,,,,,,,,2024-07-01,2025-06-30
531317,,,,,,,,,,,2024-07-01,2025-06-30
531318,73.0,82.0,82.0,66.0,89.0,68.0,58.0,63.0,188.0,17.0,2024-07-01,2025-06-30
531319,,,,,,,,,,,2024-07-01,2025-06-30
640001,,,,,,,,,,,2024-07-01,2025-06-30
650001,,,,,,,,,,,2024-07-01,2025-06-30
650003,,,,,,,,,,,2024-07-01,2025-06-30
660001,,,,,,,,,,,2024-07-01,2025-06-30
670005,60.0,84.0,85.0,48.0,88.0,76.0,76.0,79.0,37.0,23.0,2024-07-01,2025-06-30
670006,71.0,76.0,78.0,66.0,83.0,64.0,79.0,68.0,124.0,32.0,2024-07-01,2025-06-30
670008,87.0,88.0,84.0,76.0,87.0,86.0,76.0,88.0,193.0,36.0,2024-07-01,2025-06-30
670010,,,,,,,,,,,2024-07-01,2025-06-30
670023,80.0,82.0,80.0,63.0,89.0,81.0,62.0,83.0,1482.0,18.0,2024-07-01,2025-06-30
670025,80.0,85.0,84.0,68.0,90.0,88.0,72.0,89.0,1917.0,31.0,2024-07-01,2025-06-30
670031,63.0,75.0,72.0,57.0,81.0,68.0,60.0,65.0,389.0,17.0,2024-07-01,2025-06-30
670034,76.0,81.0,80.0,62.0,89.0,77.0,59.0,78.0,1659.0,20.0,2024-07-01,2025-06-30
670041,71.0,75.0,77.0,61.0,85.0,71.0,56.0,72.0,316.0,15.0,2024-07-01,2025-06-30
670043,72.0,73.0,77.0,57.0,81.0,65.0,55.0,62.0,427.0,12.0,2024-07-01,2025-06-30
670044,82.0,80.0,78.0,63.0,88.0,78.0,67.0,80.0,790.0,19.0,2024-07-01,2025-06-30
670047,61.0,69.0,68.0,51.0,77.0,58.0,54.0,57.0,901.0,12.0,2024-07-01,2025-06-30
670049,77.0,78.0,85.0,65.0,91.0,78.0,66.0,80.0,385.0,41.0,2024-07-01,2025-06-30
670053,75.0,71.0,77.0,57.0,86.0,64.0,51.0,61.0,299.0,9.0,2024-07-01,2025-06-30
670054,81.0,87.0,87.0,79.0,88.0,86.0,86.0,84.0,83.0,20.0,2024-07-01,2025-06-30
670055,69.0,75.0,76.0,58.0,82.0,69.0,62.0,71.0,661.0,22.0,2024-07-01,2025-06-30
670056,70.0,74.0,76.0,59.0,85.0,66.0,56.0,65.0,322.0,14.0,2024-07-01,2025-06-30
670059,77.0,78.0,80.0,60.0,86.0,80.0,71.0,77.0,150.0,30.0,2024-07-01,2025-06-30
670060,62.0,63.0,70.0,46.0,78.0,54.0,55.0,50.0,364.0,12.0,2024-07-01,2025-06-30
670062,82.0,90.0,84.0,67.0,87.0,72.0,83.0,70.0,79.0,20.0,2024-07-01,2025-06-30
670067,85.0,84.0,85.0,67.0,91.0,81.0,68.0,82.0,363.0,34.0,2024-07-01,2025-06-30
670068,82.0,77.0,80.0,61.0,89.0,78.0,66.0,79.0,862.0,21.0,2024-07-01,2025-06-30
670069,78.0,88.0,86.0,71.0,91.0,85.0,73.0,88.0,99.0,28.0,2024-07-01,2025-06-30
670071,75.0,84.0,83.0,65.0,89.0,84.0,68.0,86.0,278.0,31.0,2024-07-01,2025-06-30
670073,78.0,82.0,83.0,66.0,89.0,82.0,80.0,83.0,376.0,26.0,2024-07-01,2025-06-30
670075,79.0,80.0,75.0,63.0,83.0,78.0,64.0,78.0,387.0,11.0,2024-07-01,2025-06-30
670076,77.0,90.0,89.0,76.0,89.0,83.0,75.0,86.0,69.0,31.0,2024-07-01,2025-06-30
670077,82.0,79.0,76.0,62.0,89.0,81.0,61.0,83.0,2014.0,16.0,2024-07-01,2025-06-30
670078,77.0,85.0,83.0,71.0,87.0,83.0,85.0,81.0,250.0,17.0,2024-07-01,2025-06-30
670080,77.0,81.0,81.0,68.0,87.0,74.0,73.0,73.0,421.0,16.0,2024-07-01,2025-06-30
670082,74.0,79.0,79.0,59.0,87.0,79.0,65.0,78.0,1116.0,14.0,2024-07-01,2025-06-30
670085,71.0,78.0,77.0,59.0,89.0,73.0,64.0,73.0,597.0,16.0,2024-07-01,2025-06-30
670088,79.0,82.0,84.0,67.0,88.0,81.0,67.0,82.0,1137.0,19.0,2024-07-01,2025-06-30
670090,69.0,71.0,78.0,61.0,79.0,61.0,67.0,49.0,44.0,8.0,2024-07-01,2025-06-30
670093,,,,,,,,,,,2024-07-01,2025-06-30
670098,78.0,79.0,76.0,62.0,84.0,75.0,65.0,75.0,788.0,15.0,2024-07-01,2025-06-30
670102,74.0,71.0,76.0,45.0,70.0,56.0,66.0,58.0,60.0,5.0,2024-07-01,2025-06-30
670103,80.0,76.0,73.0,61.0,84.0,72.0,63.0,70.0,610.0,13.0,2024-07-01,2025-06-30
670106,72.0,73.0,73.0,52.0,81.0,64.0,55.0,60.0,293.0,9.0,2024-07-01,2025-06-30
670107,72.0,80.0,72.0,66.0,83.0,69.0,81.0,71.0,48.0,15.0,2024-07-01,2025-06-30
670108,81.0,83.0,80.0,69.0,91.0,77.0,66.0,79.0,420.0,20.0,2024-07-01,2025-06-30
670109,,,,,,,,,,,2024-07-01,2025-06-30
670112,83.0,87.0,81.0,78.0,89.0,85.0,78.0,84.0,124.0,28.0,2024-07-01,2025-06-30
670115,,,,,,,,,,,2024-07-01,2025-06-30
670120,66.0,74.0,74.0,55.0,80.0,67.0,66.0,64.0,701.0,14.0,2024-07-01,2025-06-30
670121,,,,,,,,,,,2024-07-01,2025-06-30
670122,84.0,80.0,77.0,62.0,89.0,83.0,66.0,84.0,2971.0,20.0,2024-07-01,2025-06-30
670124,87.0,88.0,84.0,75.0,89.0,77.0,79.0,85.0,90.0,18.0,2024-07-01,2025-06-30
670125,,,,,,,,,,,2024-07-01,2025-06-30
670128,78.0,85.0,81.0,64.0,91.0,79.0,64.0,77.0,150.0,14.0,2024-07-01,2025-06-30
670131,85.0,83.0,80.0,63.0,86.0,88.0,75.0,87.0,47.0,14.0,2024-07-01,2025-06-30
670132,85.0,88.0,86.0,69.0,92.0,91.0,74.0,90.0,95.0,24.0,2024-07-01,2025-06-30
670134,90.0,93.0,93.0,76.0,85.0,93.0,97.0,93.0,42.0,25.0,2024-07-01,2025-06-30
670135,,,,,,,,,,,2024-07-01,2025-06-30
670136,74.0,85.0,85.0,67.0,88.0,83.0,84.0,85.0,60.0,15.0,2024-07-01,2025-06-30
670260,79.0,77.0,78.0,57.0,87.0,78.0,72.0,80.0,702.0,15.0,2024-07-01,2025-06-30
670265,72.0,80.0,75.0,61.0,85.0,69.0,86.0,75.0,115.0,22.0,2024-07-01,2025-06-30
670266,65.0,75.0,77.0,55.0,83.0,69.0,78.0,67.0,47.0,10.0,2024-07-01,2025-06-30
670267,74.0,82.0,86.0,55.0,88.0,67.0,77.0,59.0,53.0,18.0,2024-07-01,2025-06-30
670285,,,,,,,,,,,2024-07-01,2025-06-30
670300,83.0,80.0,79.0,67.0,86.0,83.0,72.0,82.0,343.0,20.0,2024-07-01,2025-06-30
670309,82.0,78.0,75.0,57.0,87.0,79.0,69.0,80.0,187.0,11.0,2024-07-01,2025-06-30
670314,,,,,,,,,,,2024-07-01,2025-06-30
670320,,,,,,,,,,,2024-07-01,2025-06-30
670321,,,,,,,,,,,2024-07-01,2025-06-30
670322,88.0,88.0,78.0,68.0,90.0,77.0,90.0,77.0,39.0,26.0,2024-07-01,2025-06-30
670326,,,,,,,,,,,2024-07-01,2025-06-30
670327,,,,,,,,,,,2024-07-01,2025-06-30
670331,,,,,,,,,,,2024-07-01,2025-06-30
670333,,,,,,,,,,,2024-07-01,2025-06-30
670335,,,,,,,,,,,2024-07-01,2025-06-30
670336,,,,,,,,,,,2024-07-01,2025-06-30
670340,,,,,,,,,,,2024-07-01,2025-06-30
670342,,,,,,,,,,,2024-07-01,2025-06-30
670343,,,,,,,,,,,2024-07-01,2025-06-30
670345,,,,,,,,,,,2024-07-01,2025-06-30
670346,,,,,,,,,,,2024-07-01,2025-06-30
670779,,,,,,,,,,,2024-07-01,2025-06-30
670780,,,,,,,,,,,2024-07-01,2025-06-30
670781,,,,,,,,,,,2024-07-01,2025-06-30
670783,,,,,,,,,,,2024-07-01,2025-06-30
671300,91.0,93.0,83.0,73.0,82.0,89.0,81.0,88.0,45.0,33.0,2024-07-01,2025-06-30
671301,,,,,,,,,,,2024-07-01,2025-06-30
671302,,,,,,,,,,,2024-07-01,2025-06-30
671303,,,,,,,,,,,2024-07-01,2025-06-30
