Facility ID,Facility Name,State,Overall_Rating,Patient_Recommendation,MSPB Score,Worse_Readmission_Count,Valid_Readmission_Measures,Worse_Readmission_Rate,Complete_HVI_Data
010001,SOUTHEAST HEALTH MEDICAL CENTER,AL,4.0,77.0,,0.0,6.0,0.0,False
010005,MARSHALL MEDICAL CENTERS,AL,3.0,63.0,,0.0,5.0,0.0,False
010006,NORTH ALABAMA MEDICAL CENTER,AL,2.0,56.0,,0.0,6.0,0.0,False
010007,MIZELL MEMORIAL HOSPITAL,AL,1.0,68.0,,0.0,4.0,0.0,False
010011,ST. VINCENT'S EAST,AL,3.0,69.0,,0.0,5.0,0.0,False
010012,DEKALB REGIONAL MEDICAL CENTER,AL,2.0,60.0,,0.0,6.0,0.0,False
010016,SHELBY BAPTIST MEDICAL CENTER,AL,2.0,62.0,,0.0,6.0,0.0,False
010018,UAB CALLAHAN EYE HOSPITAL AUTHORITY,AL,,91.0,,0.0,0.0,,False
010019,HELEN KELLER HOSPITAL,AL,2.0,79.0,,0.0,5.0,0.0,False
010021,DALE MEDICAL CENTER,AL,,78.0,,0.0,2.0,0.0,False
010022,FLOYD CHEROKEE MEDICAL CENTER,AL,,72.0,,0.0,2.0,0.0,False
010023,BAPTIST MEDICAL CENTER SOUTH,AL,2.0,67.0,,0.0,6.0,0.0,False
010024,JACKSON HOSPITAL & CLINIC INC,AL,2.0,68.0,,0.0,5.0,0.0,False
010029,THE EAST ALABAMA HEALTHCARE AUTHORITY,AL,3.0,72.0,,0.0,6.0,0.0,False
010033,UNIVERSITY OF ALABAMA HOSPITAL,AL,2.0,79.0,,0.0,6.0,0.0,False
010034,COMMUNITY HOSPITAL INC,AL,,66.0,,0.0,1.0,0.0,False
010035,CULLMAN REGIONAL MEDICAL CENTER,AL,2.0,64.0,,0.0,6.0,0.0,False
010036,ANDALUSIA HEALTH,AL,2.0,58.0,,0.0,5.0,0.0,False
010039,HUNTSVILLE HOSPITAL,AL,3.0,76.0,,0.0,6.0,0.0,False
010040,GADSDEN REGIONAL MEDICAL CENTER,AL,2.0,56.0,,0.0,6.0,0.0,False
010044,MARION REGIONAL MEDICAL CENTER,AL,3.0,86.0,,0.0,3.0,0.0,False
010045,FAYETTE MEDICAL CENTER,AL,4.0,82.0,,0.0,4.0,0.0,False
010046,RIVERVIEW REGIONAL MEDICAL CENTER,AL,3.0,74.0,,0.0,6.0,0.0,False
010049,MEDICAL CENTER ENTERPRISE,AL,4.0,60.0,,0.0,5.0,0.0,False
010051,GREENE COUNTY HOSPITAL,AL,,,,0.0,0.0,,False
010052,LAKE MARTIN COMMUNITY HOSPITAL,AL,,76.0,,0.0,2.0,0.0,False
010055,FLOWERS HOSPITAL,AL,2.0,68.0,,0.0,6.0,0.0,False
010056,ST VINCENT'S BIRMINGHAM,AL,3.0,71.0,,0.0,6.0,0.0,False
010058,BIBB MEDICAL CENTER,AL,,69.0,,0.0,2.0,0.0,False
010061,HIGHLANDS MEDICAL CENTER,AL,3.0,64.0,,0.0,4.0,0.0,False
010062,WIREGRASS MEDICAL CENTER,AL,,88.0,,0.0,1.0,0.0,False
010065,RUSSELL MEDICAL CENTER,AL,3.0,69.0,,0.0,6.0,0.0,False
010073,CLAY COUNTY HOSPITAL,AL,,75.0,,0.0,2.0,0.0,False
010078,NORTHEAST ALABAMA REGIONAL MEDICAL CENTER,AL,1.0,53.0,,0.0,6.0,0.0,False
010079,ATHENS LIMESTONE HOSPITAL,AL,2.0,74.0,,0.0,5.0,0.0,False
010083,BALDWIN HEALTH,AL,4.0,68.0,,0.0,6.0,0.0,False
010085,DECATUR MORGAN HOSPITAL - DECATUR CAMPUS,AL,3.0,62.0,,0.0,6.0,0.0,False
010086,NORTHWEST MEDICAL CENTER,AL,4.0,70.0,,0.0,4.0,0.0,False
010087,USA HEALTH UNIVERSITY HOSPITAL,AL,2.0,71.0,,0.0,4.0,0.0,False
010089,WALKER BAPTIST MEDICAL CENTER,AL,3.0,53.0,,0.0,4.0,0.0,False
010090,"USA HEALTH HCA PROVIDENCE HOSPITAL, LLC",AL,3.0,60.0,,0.0,6.0,0.0,False
010091,GROVE HILL MEMORIAL HOSPITAL,AL,,,,0.0,0.0,,False
010092,DCH REGIONAL MEDICAL CENTER,AL,2.0,63.0,,1.0,5.0,0.2,False
010095,HALE COUNTY HOSPITAL,AL,,83.0,,0.0,1.0,0.0,False
010097,ELMORE COMMUNITY HOSPITAL,AL,,70.0,,0.0,2.0,0.0,False
010099,D W MCMILLAN MEMORIAL HOSPITAL,AL,1.0,61.0,,0.0,3.0,0.0,False
010100,THOMAS HOSPITAL,AL,2.0,73.0,,0.0,6.0,0.0,False
010101,CITIZENS BAPTIST MEDICAL CENTER,AL,1.0,73.0,,0.0,3.0,0.0,False
010103,PRINCETON BAPTIST MEDICAL CENTER,AL,3.0,61.0,,0.0,6.0,0.0,False
010104,GRANDVIEW MEDICAL CENTER,AL,3.0,74.0,,1.0,6.0,0.16666666666666666,False
010108,PRATTVILLE BAPTIST HOSPITAL,AL,3.0,70.0,,0.0,4.0,0.0,False
010110,BULLOCK COUNTY HOSPITAL,AL,,,,0.0,0.0,,False
010112,WHITFIELD REGIONAL HOSPITAL,AL,2.0,59.0,,0.0,3.0,0.0,False
010113,MOBILE INFIRMARY MEDICAL CENTER,AL,2.0,64.0,,0.0,6.0,0.0,False
010114,"MEDICAL WEST, AN AFFILIATE OF UAB HEALTH SYSTEM",AL,3.0,69.0,,0.0,4.0,0.0,False
010118,VAUGHAN REGIONAL MEDICAL CENTER PARKWAY CAMPUS,AL,2.0,46.0,,0.0,4.0,0.0,False
010120,MONROE COUNTY HOSPITAL,AL,1.0,60.0,,0.0,3.0,0.0,False
010125,LAKELAND COMMUNITY HOSPITAL,AL,3.0,73.0,,0.0,4.0,0.0,False
010126,TROY REGIONAL MEDICAL CENTER,AL,4.0,71.0,,0.0,3.0,0.0,False
010128,JACKSON MEDICAL CENTER,AL,,86.0,,0.0,2.0,0.0,False
010129,NORTH BALDWIN INFIRMARY,AL,3.0,80.0,,0.0,3.0,0.0,False
010130,ST VINCENT'S ST CLAIR,AL,3.0,73.0,,0.0,4.0,0.0,False
010131,CRESTWOOD MEDICAL CENTER,AL,3.0,68.0,,0.0,6.0,0.0,False
010138,HILL HOSPITAL OF SUMTER COUNTY,AL,,,,0.0,0.0,,False
010139,BAPTIST HEALTH BROOKWOOD HOSPITAL,AL,3.0,58.0,,0.0,5.0,0.0,False
010144,SPRINGHILL MEDICAL CENTER,AL,3.0,72.0,,0.0,6.0,0.0,False
010148,EVERGREEN MEDICAL CENTER,AL,3.0,72.0,,0.0,4.0,0.0,False
010149,BAPTIST MEDICAL CENTER EAST,AL,4.0,76.0,,0.0,5.0,0.0,False
01014F,BIRMINGHAM VA MEDICAL CENTER,AL,4.0,71.0,,0.0,6.0,0.0,False
010150,THE HEALTH CARE AUTHORITY OF THE CITY OF GREENVILLE- LV STABLER HOSPITAL,AL,,57.0,,0.0,1.0,0.0,False
010157,NORTH ALABAMA SHOALS HOSPITAL,AL,,90.0,,0.0,1.0,0.0,False
010158,RUSSELLVILLE HOSPITAL,AL,4.0,65.0,,0.0,4.0,0.0,False
010164,COOSA VALLEY MEDICAL CENTER,AL,3.0,66.0,,0.0,4.0,0.0,False
010168,JACK HUGHSTON MEMORIAL HOSPITAL,AL,4.0,88.0,,0.0,2.0,0.0,False
010169,ATMORE COMMUNITY HOSPITAL,AL,3.0,63.0,,0.0,2.0,0.0,False
010173,ST VINCENT'S CHILTON,AL,,87.0,,0.0,2.0,0.0,False
01019F,VA CENTRAL ALABAMA HEALTHCARE SYSTEM - MONTGOMERY,AL,4.0,70.0,,0.0,4.0,0.0,False
01021F,TUSCALOOSA VA MEDICAL CENTER,AL,,,,0.0,0.0,,False
010779,BULLOCK COUNTY HOSPITAL,AL,,,,0.0,0.0,,False
010780,EAMC - LANIER,AL,,,,0.0,0.0,,False
010781,J PAUL JONES HOSPITAL,AL,,,,0.0,0.0,,False
011300,WASHINGTON COUNTY HOSPITAL,AL,,87.0,,0.0,1.0,0.0,False
011302,RED BAY HOSPITAL,AL,,84.0,,0.0,2.0,0.0,False
011304,OCHSNER CHOCTAW GENERAL,AL,,67.0,,0.0,0.0,,False
011305,ST VINCENTS BLOUNT,AL,,,,0.0,2.0,0.0,False
011306,TANNER MEDICAL CENTER-EAST ALABAMA,AL,,88.0,,0.0,2.0,0.0,False
011307,MEDICAL CENTER BARBOUR,AL,,,,0.0,0.0,,False
011308,CRENSHAW COMMUNITY HOSPITAL,AL,,,,0.0,0.0,,False
011309,WIREGRASS MEDICAL CENTER,AL,,,,0.0,0.0,,False
013300,THE CHILDREN'S HOSPITAL OF ALABAMA,AL,,,,0.0,0.0,,False
013301,USA HEALTH CHILDREN'S & WOMEN'S HOSPITAL,AL,,,,0.0,0.0,,False
014000,HILL CREST BEHAVIORAL HEALTH SERVICES,AL,,,,,,,False
014006,MOUNTAIN VIEW HOSPITAL,AL,,,,,,,False
014007,BRYCE HOSPITAL,AL,,,,,,,False
014012,MARY S HARPER GERIATRIC PSYCHIATRY CENTER,AL,,,,,,,False
014014,BAYPOINTE BEHAVIORAL HEALTH,AL,,,,,,,False
014015,BEACON CHILDREN'S HOSPITAL,AL,,,,,,,False
014016,"SANCTUARY AT THE WOODLANDS, THE",AL,,,,,,,False
014017,EASTPOINTE HOSPITAL,AL,,,,,,,False
014018,UNITY PSYCHIATRIC CARE - HUNTSVILLE,AL,,,,,,,False
020001,PROVIDENCE ALASKA MEDICAL CENTER,AK,3.0,77.0,,0.0,6.0,0.0,False
020006,MAT-SU REGIONAL MEDICAL CENTER,AK,3.0,69.0,,0.0,6.0,0.0,False
020008,BARTLETT REGIONAL HOSPITAL,AK,4.0,80.0,,0.0,4.0,0.0,False
020012,FAIRBANKS MEMORIAL HOSPITAL,AK,2.0,69.0,,0.0,6.0,0.0,False
020017,ALASKA REGIONAL HOSPITAL,AK,1.0,68.0,,0.0,6.0,0.0,False
020018,YUKON KUSKOKWIM DELTA REG HOSPITAL,AK,5.0,65.0,,0.0,3.0,0.0,False
020024,CENTRAL PENINSULA GENERAL HOSPITAL,AK,2.0,77.0,,1.0,5.0,0.2,False
020026,ALASKA NATIVE MEDICAL CENTER,AK,2.0,62.0,,0.0,6.0,0.0,False
02013F,673rd Medical Group (Joint Base Elmendorf-Richardson),AK,,81.0,,0.0,0.0,,False
02014F,Bassett ACH (FT Wainwright),AK,,83.0,,0.0,0.0,,False
021301,PROVIDENCE VALDEZ MEDICAL CENTER,AK,,,,0.0,0.0,,False
021302,PROVIDENCE SEWARD HOSPITAL,AK,,,,0.0,0.0,,False
021304,PETERSBURG MEDICAL CENTER,AK,,,,0.0,1.0,0.0,False
021305,SEARHC WRANGELL MEDICAL CENTER & LTC,AK,,,,0.0,1.0,0.0,False
021306,PROVIDENCE KODIAK ISLAND MEDICAL CTR,AK,,73.0,,0.0,2.0,0.0,False
021307,CORDOVA COMMUNITY MEDICAL CENTER,AK,,,,0.0,0.0,,False
021308,NORTON SOUND REGIONAL HOSPITAL,AK,,,,0.0,4.0,0.0,False
021309,BRISTOL BAY DBA KANAKANAK HOSPITAL,AK,,,,0.0,1.0,0.0,False
021310,MANIILAQ HEALTH CENTER,AK,,,,0.0,0.0,,False
021311,PEACEHEALTH KETCHIKAN MEDICAL CENTER,AK,4.0,74.0,,0.0,4.0,0.0,False
021312,SAMUEL SIMMONDS MEMORIAL HOSPITAL,AK,,,,0.0,3.0,0.0,False
021313,SOUTH PENINSULA HOSPITAL,AK,,80.0,,0.0,2.0,0.0,False
021314,SOUTHEAST ALASKA REGIONAL HEALTH CONSORTIUM,AK,3.0,,,0.0,4.0,0.0,False
024001,NORTH STAR HOSPITAL,AK,,,,,,,False
024002,ALASKA PSYCHIATRIC INSTITUTE,AK,,,,,,,False
030002,BANNER - UNIVERSITY MEDICAL CENTER PHOENIX,AZ,3.0,68.0,,0.0,5.0,0.0,False
030006,TUCSON MEDICAL CENTER,AZ,2.0,70.0,,2.0,6.0,0.3333333333333333,False
030007,VERDE VALLEY MEDICAL CENTER,AZ,4.0,61.0,,0.0,5.0,0.0,False
030010,ST. MARY'S HOSPITAL,AZ,2.0,54.0,,0.0,5.0,0.0,False
030011,ST JOSEPH'S HOSPITAL,AZ,3.0,51.0,,0.0,6.0,0.0,False
030012,YAVAPAI REGIONAL MEDICAL CENTER,AZ,2.0,65.0,,0.0,6.0,0.0,False
030013,YUMA REGIONAL MEDICAL CENTER,AZ,2.0,64.0,,0.0,6.0,0.0,False
030014,HONOR HEALTH JOHN C. LINCOLN MEDICAL CENTER,AZ,3.0,71.0,,0.0,6.0,0.0,False
030016,BANNER CASA GRANDE MEDICAL CENTER,AZ,2.0,57.0,,1.0,5.0,0.2,False
030022,VALLEYWISE HEALTH MEDICAL CENTER,AZ,1.0,72.0,,0.0,3.0,0.0,False
030023,FLAGSTAFF MEDICAL CENTER,AZ,4.0,67.0,,0.0,6.0,0.0,False
030024,ST JOSEPHS HOSPITAL AND MEDICAL CENTER,AZ,4.0,76.0,,0.0,5.0,0.0,False
030030,ABRAZO CENTRAL CAMPUS,AZ,2.0,55.0,,0.0,3.0,0.0,False
030036,CHANDLER REGIONAL MEDICAL CENTER,AZ,4.0,72.0,,0.0,5.0,0.0,False
030037,HONORHEALTH TEMPE MEDICAL CENTER,AZ,,51.0,,0.0,1.0,0.0,False
030038,HONORHEALTH SCOTTSDALE OSBORN MEDICAL CENTER,AZ,3.0,76.0,,0.0,6.0,0.0,False
030043,CANYON VISTA MEDICAL CENTER,AZ,2.0,57.0,,0.0,6.0,0.0,False
030055,KINGMAN REGIONAL MEDICAL CENTER,AZ,3.0,56.0,,0.0,5.0,0.0,False
030061,BANNER BOSWELL MEDICAL CENTER,AZ,3.0,63.0,,0.0,6.0,0.0,False
030062,SUMMIT HEALTHCARE REGIONAL MEDICAL CENTER,AZ,4.0,60.0,,0.0,6.0,0.0,False
030064,BANNER - UNIVERSITY MEDICAL CENTER TUCSON CAMPUS,AZ,3.0,68.0,,0.0,5.0,0.0,False
030065,BANNER DESERT MEDICAL CENTER,AZ,2.0,59.0,,0.0,5.0,0.0,False
030069,HAVASU REGIONAL MEDICAL CENTER,AZ,3.0,53.0,,0.0,6.0,0.0,False
030071,FORT DEFIANCE INDIAN HOSPITAL,AZ,,62.0,,0.0,3.0,0.0,False
030073,TUBA CITY REGIONAL HEALTH CARE CORPORATION,AZ,,61.0,,0.0,2.0,0.0,False
030074,SELLS HOSPITAL,AZ,,,,0.0,0.0,,False
030078,PHOENIX INDIAN MEDICAL CENTER,AZ,,74.0,,0.0,1.0,0.0,False
030083,ABRAZO SCOTTSDALE CAMPUS,AZ,3.0,52.0,,0.0,5.0,0.0,False
030084,CHINLE COMPREHENSIVE HEALTH CARE FACILITY,AZ,,45.0,,0.0,3.0,0.0,False
030085,NORTHWEST MEDICAL CENTER,AZ,2.0,48.0,,0.0,6.0,0.0,False
030087,HONORHEALTH SCOTTSDALE SHEA MEDICAL CENTER,AZ,3.0,73.0,,0.0,6.0,0.0,False
030088,BANNER BAYWOOD MEDICAL CENTER,AZ,2.0,57.0,,0.0,5.0,0.0,False
030089,BANNER THUNDERBIRD MEDICAL CENTER,AZ,4.0,56.0,,0.0,5.0,0.0,False
030092,HONORHEALTH DEER VALLEY MEDICAL CENTER,AZ,3.0,73.0,,0.0,6.0,0.0,False
030093,BANNER DEL E. WEBB MEDICAL CENTER,AZ,3.0,58.0,,0.0,6.0,0.0,False
030094,ABRAZO ARROWHEAD HOSPITAL,AZ,2.0,61.0,,0.0,6.0,0.0,False
030101,WESTERN ARIZONA REGIONAL MEDICAL CENTER,AZ,2.0,56.0,,0.0,6.0,0.0,False
030103,MAYO CLINIC HOSPITAL,AZ,5.0,93.0,,0.0,6.0,0.0,False
030105,BANNER HEART HOSPITAL,AZ,2.0,72.0,,0.0,4.0,0.0,False
030107,ARIZONA SPINE AND JOINT HOSPITAL,AZ,,81.0,,0.0,2.0,0.0,False
030108,THE CORE INSTITUTE SPECIALTY HOSP,AZ,,79.0,,0.0,2.0,0.0,False
030110,ABRAZO WEST CAMPUS,AZ,2.0,49.0,,0.0,5.0,0.0,False
030111,BANNER-UNIVERSITY MEDICAL CENTER SOUTH CAMPUS,AZ,4.0,60.0,,0.0,5.0,0.0,False
030112,ARIZONA ORTHOPEDIC AND SURGICAL SPECIALTY HOSPITAL,AZ,,81.0,,0.0,2.0,0.0,False
030113,WHITERIVER PHS INDIAN HOSPITAL,AZ,,71.0,,0.0,2.0,0.0,False
030114,ORO VALLEY HOSPITAL,AZ,3.0,64.0,,0.0,6.0,0.0,False
030115,BANNER ESTRELLA MEDICAL CENTER,AZ,3.0,69.0,,0.0,5.0,0.0,False
030117,VALLEY VIEW MEDICAL CENTER,AZ,2.0,69.0,,0.0,4.0,0.0,False
030119,MERCY GILBERT MEDICAL CENTER,AZ,5.0,77.0,,0.0,6.0,0.0,False
030121,HONORHEALTH FOUR PEAKS MEDICAL CENTER,AZ,2.0,59.0,,0.0,6.0,0.0,False
030122,BANNER GATEWAY MEDICAL CENTER,AZ,3.0,73.0,,0.0,4.0,0.0,False
030123,HONORHEALTH SCOTTSDALE THOMPSON PEAK MED CTR,AZ,5.0,84.0,,0.0,6.0,0.0,False
03012F,PHOENIX VA MEDICAL CENTER,AZ,5.0,67.0,,0.0,6.0,0.0,False
030130,BANNER IRONWOOD MEDICAL CENTER,AZ,3.0,70.0,,0.0,4.0,0.0,False
030134,BANNER GOLDFIELD MEDICAL CENTER,AZ,5.0,73.0,,0.0,3.0,0.0,False
030136,DIGNITY HEALTH - ARIZONA GENERAL HOSPITAL,AZ,,75.0,,0.0,2.0,0.0,False
030138,CITY OF HOPE CANCER CENTER PHOENIX,AZ,4.0,85.0,,0.0,1.0,0.0,False
030139,DIGNITY HEALTH ARIZONA GENERAL HOSPITAL,AZ,5.0,80.0,,0.0,4.0,0.0,False
03013F,VA S. ARIZONA HEALTHCARE SYSTEM,AZ,5.0,78.0,,0.0,6.0,0.0,False
030146,HONORHEALTH SONORAN CROSSING MEDICAL CENTER,AZ,4.0,83.0,,0.0,5.0,0.0,False
030147,BANNER OCOTILLO MEDICAL CENTER,AZ,3.0,74.0,,0.0,3.0,0.0,False
030148,NORTHWEST MEDICAL CENTER SAHUARITA,AZ,3.0,67.0,,0.0,5.0,0.0,False
030152,EXCEPTIONAL COMMUNITY HOSPITAL - MARICOPA,AZ,,79.0,,0.0,1.0,0.0,False
030153,EAST VALLEY ER & HOSPITAL,AZ,,,,0.0,0.0,,False
030154,EXCEPTIONAL COMMUNITY HOSPITAL YUMA,AZ,,76.0,,0.0,2.0,0.0,False
030155,EXCEPTIONAL COMMUNITY HOSPITAL BULLHEAD CITY,AZ,,,,0.0,0.0,,False
030195,KAYENTA ALTERNATIVE RURAL HOSPITAL,AZ,,,,0.0,0.0,,False
03033F,VA NORTHERN ARIZONA HEALTHCARE SYSTEM,AZ,5.0,76.0,,0.0,4.0,0.0,False
031300,WICKENBURG COMMUNITY HOSPITAL,AZ,,83.0,,0.0,2.0,0.0,False
031301,BENSON HOSPITAL,AZ,,80.0,,0.0,0.0,,False
031302,"NORTHERN COCHISE COMMUNITY HOSPITAL, INC.",AZ,,,,0.0,1.0,0.0,False
031304,PAGE HOSPITAL,AZ,,76.0,,0.0,0.0,,False
031305,HOPI HEALTH CARE CENTER,AZ,,,,0.0,1.0,0.0,False
031307,PARKER INDIAN HEALTH CENTER,AZ,,,,0.0,0.0,,False
031308,HUHU KAM MEMORIAL HOSPITAL,AZ,,,,0.0,0.0,,False
031309,SAGE MEMORIAL HOSPITAL,AZ,,68.0,,0.0,2.0,0.0,False
031311,LITTLE COLORADO MEDICAL CENTER,AZ,,64.0,,0.0,2.0,0.0,False
031312,COPPER QUEEN COMMUNITY HOSPITAL,AZ,,78.0,,0.0,1.0,0.0,False
031313,HOLY CROSS HOSPITAL,AZ,,72.0,,0.0,0.0,,False
031314,COBRE VALLEY REGIONAL MEDICAL CENTER,AZ,2.0,66.0,,0.0,5.0,0.0,False
031315,WHITE MOUNTAIN REGIONAL MEDICAL CENTER,AZ,,79.0,,0.0,2.0,0.0,False
031317,LA PAZ REGIONAL HOSPITAL,AZ,2.0,68.0,,0.0,3.0,0.0,False
031318,BANNER PAYSON MEDICAL CENTER,AZ,4.0,68.0,,0.0,4.0,0.0,False
031319,MT. GRAHAM REGIONAL MEDICAL CENTER,AZ,,68.0,,0.0,3.0,0.0,False
031320,SAN CARLOS APACHE HEALTHCARE CORPORATION,AZ,,,,0.0,1.0,0.0,False
033302,PHOENIX CHILDREN'S HOSPITAL,AZ,,,,0.0,0.0,,False
034004,BANNER BEHAVIORAL HEALTH HOSPITAL,AZ,,,,,,,False
034013,COLLEGE MEDICAL CENTER PHOENIX,AZ,,,,,,,False
034020,HAVEN BEHAVIORAL HOSPITAL OF PHOENIX,AZ,,,,,,,False
034021,ARIZONA STATE HOSPITAL,AZ,,,,,,,False
034022,SONORA BEHAVIORAL HEALTH HOSPITAL,AZ,,,,,,,False
034023,THE GUIDANCE CENTER,AZ,,,,,,,False
034024,AURORA BEHAVIORAL HEALTH SYSTEM,AZ,,,,,,,False
034025,THE HEALING PLACE,AZ,,,,,,,False
034026,VALLEY HOSPITAL,AZ,,,,,,,False
034027,CHANGEPOINT PSYCHIATRIC HOSPITAL,AZ,,,,,,,False
034028,AURORA BEHAVIORAL HEALTHCARE-TEMPE,AZ,,,,,,,False
034029,OASIS BEHAVIORAL HEALTH HOSPITAL,AZ,,,,,,,False
034030,PALO VERDE BEHAVIORAL HEALTH,AZ,,,,,,,False
034031,QUAIL RUN BEHAVIORAL HEALTH,AZ,,,,,,,False
034032,COPPER SPRINGS EAST- GILBERT,AZ,,,,,,,False
034033,EL DORADO SPRINGS,AZ,,,,,,,False
034034,DESTINY SPRINGS HEALTHCARE,AZ,,,,,,,False
034035,AVENIR BEHAVIORAL HEALTH CENTER,AZ,,,,,,,False
034038,"PHOENIX MEDICAL PSYCHIATRIC HOSPITAL, LLC",AZ,,,,,,,False
034040,VIA LINDA BEHAVIORAL HOSPITAL,AZ,,,,,,,False
034041,AGAVE RIDGE BEHAVIORAL HOSPITAL,AZ,,,,,,,False
040001,SILOAM SPRINGS REGIONAL HOSPITAL,AR,3.0,68.0,,0.0,3.0,0.0,False
040002,JOHNSON REGIONAL MEDICAL CENTER,AR,4.0,65.0,,0.0,4.0,0.0,False
040004,WASHINGTON REGIONAL MEDICAL CENTER,AR,4.0,75.0,,0.0,6.0,0.0,False
040007,CHI-ST VINCENT INFIRMARY,AR,3.0,65.0,,0.0,5.0,0.0,False
040010,MERCY HOSPITAL NORTHWEST ARKANSAS,AR,5.0,77.0,,0.0,5.0,0.0,False
040011,CHAMBERS MEMORIAL HOSPITAL,AR,4.0,66.0,,0.0,4.0,0.0,False
040014,WHITE COUNTY MEDICAL CENTER,AR,2.0,60.0,,1.0,6.0,0.16666666666666666,False
040016,University of Arkansas Medical Sciences,AR,2.0,76.0,,0.0,5.0,0.0,False
040017,NORTH ARKANSAS REGIONAL MEDICAL CENTER,AR,2.0,58.0,,0.0,5.0,0.0,False
040018,BAPTIST HEALTH - VAN BUREN,AR,,,,0.0,0.0,,False
040019,FORREST CITY MEDICAL CENTER,AR,,60.0,,0.0,2.0,0.0,False
040020,ST BERNARDS MEDICAL CENTER,AR,1.0,75.0,,0.0,5.0,0.0,False
040022,NORTHWEST MEDICAL CENTER-SPRINGDALE,AR,3.0,66.0,,0.0,5.0,0.0,False
040026,CHI ST. VINCENT HOSPITAL HOT SPRINGS,AR,3.0,72.0,,0.0,6.0,0.0,False
040027,BAXTER HEALTH,AR,2.0,72.0,,0.0,6.0,0.0,False
040029,"CONWAY REGIONAL MEDICAL CENTER, INC",AR,2.0,73.0,,0.0,5.0,0.0,False
040036,BAPTIST HEALTH MEDICAL CENTER NORTH LITTLE ROCK,AR,1.0,58.0,,0.0,6.0,0.0,False
040039,ARKANSAS METHODIST MEDICAL CENTER,AR,2.0,60.0,,0.0,5.0,0.0,False
040041,ST MARYS REGIONAL MEDICAL CENTER,AR,4.0,54.0,,0.0,6.0,0.0,False
040050,OUACHITA COUNTY MEDICAL CENTER,AR,2.0,58.0,,0.0,3.0,0.0,False
040051,BAPTIST HEALTH MEDICAL CENTER-DREW COUNTY,AR,2.0,60.0,,1.0,4.0,0.25,False
040055,BAPTIST HEALTH - FORT SMITH,AR,2.0,68.0,,0.0,5.0,0.0,False
040062,MERCY HOSPITAL FORT SMITH,AR,3.0,74.0,,0.0,6.0,0.0,False
040067,MAGNOLIA REGIONAL MEDICAL CENTER,AR,2.0,67.0,,0.0,3.0,0.0,False
040069,GREAT RIVER MEDICAL CENTER,AR,2.0,55.0,,0.0,3.0,0.0,False
040071,JEFFERSON REGIONAL MEDICAL CENTER,AR,1.0,59.0,,0.0,6.0,0.0,False
040072,BAPTIST HEALTH MEDICAL CENTER-STUTTGART,AR,3.0,82.0,,0.0,3.0,0.0,False
040076,BAPTIST HEALTH MEDICAL CENTER-HOT SPRINGS COUNTY,AR,,74.0,,0.0,2.0,0.0,False
040078,NATIONAL PARK MEDICAL CENTER,AR,2.0,60.0,,0.0,6.0,0.0,False
040084,SALINE MEMORIAL HOSPITAL,AR,3.0,65.0,,0.0,6.0,0.0,False
040088,SOUTH ARKANSAS REGIONAL HOSPITAL LLC,AR,3.0,64.0,,0.0,5.0,0.0,False
04009F,FAYETTEVILLE AR VA MEDICAL CENTER,AR,5.0,84.0,,0.0,4.0,0.0,False
04010F,VA CENTRAL AR. VETERANS HEALTHCARE SYSTEM LR,AR,2.0,68.0,,2.0,5.0,0.4,False
040114,BAPTIST HEALTH MEDICAL CENTER-LITTLE ROCK,AR,3.0,68.0,,1.0,6.0,0.16666666666666666,False
040118,"BAPTIST MEMORIAL HOSPITAL JONESBORO, INC.",AR,3.0,78.0,,0.0,5.0,0.0,False
040119,WHITE RIVER MEDICAL CENTER,AR,3.0,60.0,,0.0,6.0,0.0,False
040132,LEVI HOSPITAL,AR,,,,0.0,0.0,,False
040134,"ARKANSAS HEART HOSPITAL, LLC",AR,3.0,88.0,,0.0,5.0,0.0,False
040137,ST VINCENT MEDICAL CENTER/NORTH,AR,4.0,74.0,,0.0,3.0,0.0,False
040147,ARKANSAS SURGICAL HOSPITAL,AR,,87.0,,0.0,2.0,0.0,False
040153,SOUTHWEST ARKANSAS REGIONAL MEDICAL CENTER LLC,AR,,,,0.0,2.0,0.0,False
040154,BAPTIST HEALTH MEDICAL CENTER- CONWAY,AR,2.0,77.0,,0.0,5.0,0.0,False
040156,"BAPTIST MEMORIAL HOSPITAL-CRITTENDEN, INC",AR,,72.0,,0.0,3.0,0.0,False
040161,ARKANSAS HEART HOSPITAL-ENCORE,AR,2.0,85.0,,0.0,5.0,0.0,False
040164,UNITY HEALTH - JACKSONVILLE,AR,,85.0,,0.0,1.0,0.0,False
040779,ST BERNARDS FIVE RIVERS MEDICAL CENTER,AR,,,,0.0,0.0,,False
040780,EUREKA SPRINGS HOSPITAL COMMISSION,AR,,,,0.0,0.0,,False
040781,HELENA REGIONAL MEDICAL CENTER,AR,,,,0.0,0.0,,False
040782,SOUTH MISSISSIPPI COUNTY REGIONAL MEDICAL CENTER,AR,,,,0.0,0.0,,False
040783,"DEWITT HOSPITAL & NURSING HOME, INC",AR,,,,0.0,0.0,,False
041300,MERCY HOSPITAL PARIS,AR,5.0,88.0,,0.0,3.0,0.0,False
041302,DARDANELLE REGIONAL MEDICAL CENTER,AR,,,,0.0,1.0,0.0,False
041303,MERCY HOSPITAL OZARK,AR,,70.0,,0.0,1.0,0.0,False
041305,MERCY HOSPITAL WALDRON,AR,,84.0,,0.0,2.0,0.0,False
041306,IZARD REGIONAL HOSPITAL LLC,AR,,,,0.0,1.0,0.0,False
041307,CROSSRIDGE COMMUNITY HOSPITAL,AR,,72.0,,0.0,3.0,0.0,False
041308,MCGEHEE HOSPITAL,AR,,,,0.0,1.0,0.0,False
041309,LAWRENCE MEMORIAL HOSPITAL,AR,,,,0.0,1.0,0.0,False
041310,STONE COUNTY MEDICAL CENTER,AR,,68.0,,0.0,3.0,0.0,False
041311,HOWARD MEMORIAL HOSPITAL,AR,3.0,87.0,,0.0,2.0,0.0,False
041312,BAPTIST HEALTH MEDICAL CENTER HEBER SPRINGS,AR,3.0,79.0,,0.0,3.0,0.0,False
041313,OZARK HEALTH,AR,4.0,74.0,,0.0,3.0,0.0,False
041317,DALLAS COUNTY MEDICAL CENTER,AR,,,,0.0,1.0,0.0,False
041318,MERCY HOSPITAL BOONEVILLE,AR,4.0,71.0,,0.0,3.0,0.0,False
041320,LITTLE RIVER MEMORIAL HOSPITAL,AR,,,,0.0,1.0,0.0,False
041321,BAPTIST HEALTH MEDICAL CENTER-ARKADELPHIA,AR,,66.0,,0.0,3.0,0.0,False
041322,BAXTER HEALTH FULTON COUNTY HOSPITAL,AR,,,,0.0,2.0,0.0,False
041323,ASHLEY COUNTY MEDICAL CENTER,AR,4.0,62.0,,0.0,4.0,0.0,False
041324,CHI ST VINCENT MORRILTON,AR,,72.0,,0.0,2.0,0.0,False
041326,DELTA MEMORIAL HOSPITAL,AR,,,,0.0,2.0,0.0,False
041327,BRADLEY COUNTY MEDICAL CENTER,AR,,70.0,,0.0,2.0,0.0,False
041328,CHICOT MEMORIAL MEDICAL CENTER,AR,,79.0,,0.0,2.0,0.0,False
041329,MERCY HOSPITAL BERRYVILLE,AR,,84.0,,0.0,2.0,0.0,False
041330,PIGGOTT COMMUNITY HOSPITAL,AR,3.0,76.0,,0.0,4.0,0.0,False
041331,OZARKS COMMUNITY HOSPITAL OF GRAVETTE,AR,,89.0,,0.0,1.0,0.0,False
041332,UNITY HEALTH - NEWPORT,AR,,72.0,,0.0,3.0,0.0,False
041333,SEVIER COUNTY MEDICAL CENTER,AR,,,,0.0,0.0,,False
041334,MENA REGIONAL HEALTH SYSTEM,AR,,,,0.0,0.0,,False
041335,SOUTHWEST REGIONAL MEDICAL CENTER LLC,AR,,,,0.0,0.0,,False
043300,ARKANSAS CHILDREN'S HOSPITAL,AR,,,,0.0,0.0,,False
043301,"ARKANSAS CHILDREN'S NORTHWEST, INC",AR,,,,0.0,0.0,,False
044004,VISTA HEALTH FAYETTEVILLE,AR,,,,,,,False
044005,BRIDGEWAY HOSPITAL,AR,,,,,,,False
044006,VALLEY BEHAVIORAL HEALTH SYSTEM,AR,,,,,,,False
044007,RIVENDELL BEHAVIORAL HEALTH SERVICES,AR,,,,,,,False
044011,ARKANSAS STATE HOSPITAL,AR,,,,,,,False
044017,UNITED METHODIST BEHAVIORAL HOSPITAL,AR,,,,,,,False
044019,SPRINGWOODS BEHAVIORAL HEALTH SERVICES,AR,,,,,,,False
044020,RIVERVIEW BEHAVIORAL HEALTH,AR,,,,,,,False
044021,PERIMETER BEHAVIORAL HOSPITAL OF WEST MEMPHIS,AR,,,,,,,False
044022,CONWAY BEHAVIORAL HEALTH,AR,,,,,,,False
050002,ST ROSE HOSPITAL,CA,1.0,66.0,,0.0,6.0,0.0,False
050006,PROVIDENCE ST JOSEPH HOSPITAL,CA,4.0,63.0,,0.0,6.0,0.0,False
050007,PENINSULA MEDICAL CENTER,CA,5.0,78.0,,0.0,6.0,0.0,False
050008,CALIFORNIA PACIFIC MEDICAL CTR-DAVIES CAMPUS HOSP,CA,3.0,72.0,,0.0,4.0,0.0,False
050009,PROVIDENCE QUEEN OF THE VALLEY MEDICAL CENTER,CA,4.0,72.0,,0.0,6.0,0.0,False
050013,ADVENTIST HEALTH ST HELENA,CA,4.0,77.0,,0.0,6.0,0.0,False
050014,SUTTER AMADOR HOSPITAL,CA,4.0,78.0,,0.0,5.0,0.0,False
050017,MERCY GENERAL HOSPITAL,CA,3.0,78.0,,0.0,6.0,0.0,False
050022,RIVERSIDE COMMUNITY HOSPITAL,CA,2.0,63.0,,1.0,6.0,0.16666666666666666,False
050024,PARADISE VALLEY HOSPITAL,CA,3.0,59.0,,0.0,5.0,0.0,False
050025,UC SAN DIEGO HEALTH HILLCREST - HILLCREST MED CTR,CA,5.0,74.0,,0.0,6.0,0.0,False
050026,GROSSMONT HOSPITAL,CA,4.0,69.0,,0.0,6.0,0.0,False
050028,MAD RIVER COMMUNITY HOSPITAL,CA,1.0,70.0,,0.0,5.0,0.0,False
050030,OROVILLE HOSPITAL,CA,1.0,34.0,,4.0,6.0,0.6666666666666666,False
050036,BAKERSFIELD MEMORIAL HOSPITAL,CA,3.0,72.0,,0.0,6.0,0.0,False
050038,SANTA CLARA VALLEY MEDICAL CENTER,CA,2.0,68.0,,0.0,6.0,0.0,False
050039,ENLOE HEALTH,CA,3.0,73.0,,2.0,6.0,0.3333333333333333,False
050040,LAC/OLIVE VIEW-UCLA MEDICAL CENTER,CA,2.0,73.0,,0.0,4.0,0.0,False
050042,ST ELIZABETH COMMUNITY HOSPITAL,CA,4.0,67.0,,0.0,4.0,0.0,False
050043,ALTA BATES SUMMIT MEDICAL CENTER,CA,5.0,77.0,,0.0,6.0,0.0,False
050045,EL CENTRO REGIONAL MEDICAL CENTER,CA,1.0,50.0,,0.0,4.0,0.0,False
050047,CALIFORNIA PACIFIC MEDICAL CENTER- VAN NESS CAMPUS,CA,3.0,79.0,,0.0,5.0,0.0,False
050054,SAN GORGONIO MEMORIAL HOSPITAL,CA,3.0,66.0,,0.0,3.0,0.0,False
050055,CALIFORNIA PACIFIC MEDICAL CENTER - MISSION BERNAL,CA,4.0,78.0,,0.0,5.0,0.0,False
050056,ANTELOPE VALLEY HOSPITAL,CA,1.0,49.0,,0.0,5.0,0.0,False
050057,KAWEAH HEALTH MEDICAL CENTER,CA,3.0,64.0,,0.0,6.0,0.0,False
050058,GLENDALE MEM HOSPITAL & HLTH CENTER,CA,4.0,67.0,,0.0,6.0,0.0,False
050060,COMMUNITY REGIONAL MEDICAL CENTER,CA,1.0,71.0,,0.0,5.0,0.0,False
050063,HOLLYWOOD PRESBYTERIAN MEDICAL CENTER,CA,3.0,59.0,,0.0,6.0,0.0,False
050067,OAK VALLEY HOSPITAL DISTRICT,CA,1.0,,,0.0,3.0,0.0,False
050069,PROVIDENCE ST. JOSEPH HOSPITAL,CA,4.0,70.0,,0.0,6.0,0.0,False
050070,KAISER FOUNDATION HOSPITAL - SOUTH SAN FRANCISCO,CA,4.0,71.0,,0.0,1.0,0.0,False
050071,KAISER FOUNDATION HOSPITAL-SANTA CLARA,CA,2.0,74.0,,0.0,3.0,0.0,False
050072,KAISER FOUNDATION HOSPITAL - WALNUT CREEK,CA,3.0,68.0,,0.0,1.0,0.0,False
050073,KAISER FOUNDATION HOSPITAL AND REHAB CENTER,CA,2.0,74.0,,0.0,2.0,0.0,False
050075,KAISER FOUNDATION HOSPITAL - OAKLAND/RICHMOND,CA,2.0,71.0,,0.0,5.0,0.0,False
050076,KAISER FOUNDATION HOSPITAL - SAN FRANCISCO,CA,4.0,71.0,,0.0,1.0,0.0,False
050077,SCRIPPS MERCY HOSPITAL,CA,4.0,68.0,,0.0,6.0,0.0,False
050078,PROVIDENCE LITTLE CO OF MARY MED CTR SAN PEDRO,CA,4.0,74.0,,0.0,4.0,0.0,False
050082,ST JOHNS REGIONAL MEDICAL CENTER,CA,4.0,67.0,,0.0,6.0,0.0,False
050084,ST JOSEPH'S MEDICAL CENTER OF STOCKTON,CA,3.0,66.0,,0.0,5.0,0.0,False
050089,COMMUNITY HOSPITAL OF SAN BERNARDINO,CA,3.0,66.0,,0.0,3.0,0.0,False
050090,SONOMA VALLEY HOSPITAL,CA,2.0,77.0,,0.0,4.0,0.0,False
050091,COMMUNITY HOSPITAL OF HUNTINGTON PARK,CA,1.0,56.0,,0.0,4.0,0.0,False
050093,SAINT AGNES MEDICAL CENTER,CA,2.0,73.0,,2.0,6.0,0.3333333333333333,False
050099,SAN ANTONIO REGIONAL HOSPITAL,CA,3.0,67.0,,0.0,5.0,0.0,False
050100,SHARP MEMORIAL HOSPITAL,CA,4.0,81.0,,0.0,6.0,0.0,False
050101,SUTTER SOLANO MEDICAL CENTER,CA,3.0,64.0,,0.0,5.0,0.0,False
050102,PARKVIEW COMMUNITY HOSPITAL MEDICAL CENTER,CA,3.0,59.0,,0.0,4.0,0.0,False
050103,ADVENTIST HEALTH WHITE MEMORIAL,CA,3.0,64.0,,0.0,5.0,0.0,False
050104,SAINT FRANCIS MEDICAL CENTER,CA,3.0,62.0,,0.0,5.0,0.0,False
050107,MARIAN REGIONAL MEDICAL CENTER,CA,3.0,69.0,,0.0,6.0,0.0,False
050108,"SUTTER MEDICAL CENTER, SACRAMENTO",CA,4.0,79.0,,0.0,6.0,0.0,False
050110,LOMPOC VALLEY MEDICAL CENTER,CA,1.0,51.0,,0.0,5.0,0.0,False
050112,SANTA MONICA - UCLA MED CTR & ORTHOPAEDIC HOSPITAL,CA,5.0,77.0,,1.0,6.0,0.16666666666666666,False
050113,SAN MATEO MEDICAL CENTER,CA,,66.0,,0.0,2.0,0.0,False
050115,PALOMAR HEALTH DOWNTOWN CAMPUS,CA,3.0,67.0,,0.0,6.0,0.0,False
050116,NORTHRIDGE HOSPITAL MEDICAL CENTER,CA,4.0,66.0,,0.0,6.0,0.0,False
050118,DOCTORS HOSPITAL OF MANTECA,CA,2.0,57.0,,0.0,4.0,0.0,False
050121,ADVENTIST HEALTH HANFORD,CA,3.0,65.0,,0.0,6.0,0.0,False
050122,DAMERON HOSPITAL,CA,2.0,59.0,,0.0,5.0,0.0,False
050124,USC VERDUGO HILLS HOSPITAL,CA,4.0,68.0,,0.0,5.0,0.0,False
050125,REGIONAL MEDICAL CENTER OF SAN JOSE,CA,3.0,,,2.0,6.0,0.3333333333333333,False
050126,VALLEY PRESBYTERIAN HOSPITAL,CA,1.0,62.0,,0.0,6.0,0.0,False
050127,WOODLAND MEMORIAL HOSPITAL,CA,5.0,72.0,,0.0,4.0,0.0,False
050128,TRI-CITY MEDICAL CENTER,CA,1.0,54.0,,0.0,6.0,0.0,False
050129,ST BERNARDINE MEDICAL CENTER,CA,2.0,67.0,,0.0,6.0,0.0,False
050131,NOVATO COMMUNITY HOSPITAL,CA,5.0,83.0,,0.0,5.0,0.0,False
050132,SAN GABRIEL VALLEY MEDICAL CENTER,CA,4.0,64.0,,0.0,5.0,0.0,False
050133,ADVENTIST HEALTH AND RIDEOUT,CA,2.0,51.0,,0.0,5.0,0.0,False
050135,SOUTHERN CALIFORNIA HOSPITAL AT HOLLYWOOD,CA,3.0,39.0,,0.0,5.0,0.0,False
050136,PETALUMA VALLEY HOSPITAL,CA,4.0,69.0,,0.0,5.0,0.0,False
050137,KAISER FOUNDATION HOSPITAL - PANORAMA CITY,CA,4.0,72.0,,0.0,1.0,0.0,False
050138,KAISER FOUNDATION HOSPITAL - LOS ANGELES,CA,5.0,75.0,,0.0,3.0,0.0,False
050139,KAISER FOUNDATION HOSPITAL - DOWNEY,CA,4.0,71.0,,0.0,1.0,0.0,False
050140,KAISER FOUNDATION HOSPITAL FONTANA/ONTARIO,CA,3.0,78.0,,0.0,3.0,0.0,False
050145,COMMUNITY HOSPITAL OF THE MONTEREY PENINSULA,CA,4.0,82.0,,0.0,6.0,0.0,False
050149,CALIFORNIA HOSPITAL MEDICAL CENTER LA,CA,2.0,63.0,,0.0,5.0,0.0,False
050150,SIERRA NEVADA MEMORIAL HOSPITAL,CA,3.0,71.0,,0.0,5.0,0.0,False
050152,UCSF HEALTH SAINT FRANCIS HOSPITAL,CA,3.0,58.0,,0.0,5.0,0.0,False
050158,ENCINO HOSPITAL MEDICAL CENTER,CA,3.0,53.0,,0.0,4.0,0.0,False
050159,VENTURA COUNTY MEDICAL CENTER,CA,2.0,69.0,,1.0,5.0,0.2,False
05015F,60th Medical Group (Travis AFB),CA,,84.0,,0.0,0.0,,False
050167,SAN JOAQUIN GENERAL HOSPITAL,CA,2.0,60.0,,0.0,4.0,0.0,False
050168,PROVIDENCE ST. JUDE MEDICAL CENTER,CA,4.0,77.0,,0.0,6.0,0.0,False
050169,PIH HEALTH HOSPITAL-WHITTIER,CA,4.0,78.0,,1.0,6.0,0.16666666666666666,False
050174,PROVIDENCE SANTA ROSA MEMORIAL HOSPITAL,CA,3.0,67.0,,0.0,6.0,0.0,False
050179,EMANUEL MEDICAL CENTER,CA,2.0,57.0,,0.0,6.0,0.0,False
050180,JOHN MUIR MEDICAL CENTER - WALNUT CREEK CAMPUS,CA,2.0,77.0,,0.0,6.0,0.0,False
050191,ST MARY MEDICAL CENTER,CA,5.0,62.0,,0.0,5.0,0.0,False
050192,ADVENTIST HEALTH REEDLEY,CA,,73.0,,0.0,2.0,0.0,False
050194,WATSONVILLE COMMUNITY HOSPITAL,CA,2.0,68.0,,0.0,4.0,0.0,False
050195,WASHINGTON HOSPITAL,CA,2.0,68.0,,1.0,6.0,0.16666666666666666,False
050197,SEQUOIA HOSPITAL,CA,5.0,80.0,,0.0,6.0,0.0,False
050204,PALMDALE REGIONAL MEDICAL CENTER,CA,3.0,68.0,,0.0,6.0,0.0,False
05020F,NH Camp Pendleton,CA,,74.0,,0.0,0.0,,False
050211,ALAMEDA HOSPITAL,CA,4.0,61.0,,0.0,4.0,0.0,False
050222,SHARP CHULA VISTA MEDICAL CENTER,CA,4.0,73.0,,0.0,5.0,0.0,False
050224,HOAG MEMORIAL HOSPITAL PRESBYTERIAN,CA,5.0,84.0,,0.0,5.0,0.0,False
050226,AHMC ANAHEIM REGIONAL MEDICAL CENTER,CA,4.0,52.0,,0.0,5.0,0.0,False
050228,ZUCKERBERG SAN FRANCISCO GENERAL HOSP & TRAUMA CTR,CA,2.0,70.0,,0.0,6.0,0.0,False
05022F,NMC San Diego,CA,,77.0,,0.0,0.0,,False
050230,GARDEN GROVE HOSPITAL & MEDICAL CENTER,CA,2.0,57.0,,0.0,4.0,0.0,False
050231,POMONA VALLEY HOSPITAL MEDICAL CENTER,CA,3.0,68.0,,0.0,6.0,0.0,False
050232,FRENCH HOSPITAL MEDICAL CENTER,CA,5.0,78.0,,0.0,6.0,0.0,False
050234,SHARP CORONADO HOSPITAL AND HLTHCR CTR,CA,4.0,85.0,,0.0,5.0,0.0,False
050235,PROVIDENCE SAINT JOSEPH MEDICAL CTR,CA,3.0,76.0,,2.0,6.0,0.3333333333333333,False
050236,ADVENTIST HEALTH SIMI VALLEY,CA,2.0,68.0,,0.0,6.0,0.0,False
050238,USC ARCADIA HOSPITAL,CA,3.0,60.0,,0.0,6.0,0.0,False
050239,GLENDALE ADVENTIST MEDICAL CENTER,CA,4.0,69.0,,1.0,6.0,0.16666666666666666,False
050242,DOMINICAN HOSPITAL,CA,4.0,67.0,,0.0,6.0,0.0,False
050243,DESERT REGIONAL MEDICAL CENTER,CA,2.0,62.0,,0.0,5.0,0.0,False
050245,ARROWHEAD REGIONAL MEDICAL CENTER,CA,2.0,71.0,,0.0,3.0,0.0,False
050248,NATIVIDAD MEDICAL CENTER,CA,3.0,70.0,,0.0,4.0,0.0,False
050254,MARSHALL MEDICAL CENTER,CA,4.0,69.0,,0.0,5.0,0.0,False
050257,"GOOD SAMARITAN HOSPITAL, LP",CA,,,,0.0,2.0,0.0,False
05025F,FRESNO VA MEDICAL CENTER (VA CENTRAL CALIFORNIA HEALTHCARE SYSTEM),CA,5.0,72.0,,0.0,6.0,0.0,False
050261,SIERRA VIEW MEDICAL CENTER,CA,3.0,52.0,,0.0,6.0,0.0,False
050262,RONALD REAGAN UCLA MEDICAL CENTER,CA,4.0,78.0,,0.0,5.0,0.0,False
050272,REDLANDS COMMUNITY HOSPITAL,CA,2.0,75.0,,0.0,5.0,0.0,False
050276,CONTRA COSTA REGIONAL MEDICAL CENTER,CA,4.0,73.0,,0.0,4.0,0.0,False
050278,PROVIDENCE HOLY CROSS MEDICAL CENTER,CA,4.0,78.0,,0.0,6.0,0.0,False
050279,HI-DESERT MEDICAL CENTER,CA,2.0,50.0,,0.0,3.0,0.0,False
05027F,VA LONG BEACH HEALTHCARE SYSTEM,CA,4.0,72.0,,0.0,5.0,0.0,False
050280,MERCY MEDICAL CENTER REDDING,CA,2.0,71.0,,0.0,6.0,0.0,False
050281,ALHAMBRA HOSPITAL MEDICAL CENTER,CA,4.0,67.0,,0.0,3.0,0.0,False
050283,STANFORD HEALTH CARE TRI-VALLEY,CA,5.0,74.0,,0.0,6.0,0.0,False
050289,AHMC SETON MEDICAL CENTER,CA,1.0,56.0,,0.0,5.0,0.0,False
050290,SAINT JOHN'S HEALTH CENTER,CA,4.0,74.0,,0.0,6.0,0.0,False
050291,SUTTER SANTA ROSA REGIONAL HOSPITAL,CA,5.0,80.0,,0.0,6.0,0.0,False
050292,RIVERSIDE UNIVERSITY HEALTH SYSTEM-MEDICAL CENTER,CA,3.0,62.0,,0.0,4.0,0.0,False
050295,MERCY HOSPITAL,CA,3.0,65.0,,0.0,4.0,0.0,False
050298,BARSTOW COMMUNITY HOSPITAL,CA,1.0,65.0,,0.0,3.0,0.0,False
050300,PROVIDENCE ST MARY MEDICAL CENTER,CA,2.0,53.0,,0.0,6.0,0.0,False
050301,ADVENTIST HEALTH UKIAH VALLEY,CA,4.0,65.0,,0.0,4.0,0.0,False
050305,ALTA BATES SUMMIT MEDICAL CENTER - ALTA BATES CAMP,CA,4.0,63.0,,0.0,5.0,0.0,False
050308,EL CAMINO HEALTH,CA,4.0,80.0,,0.0,6.0,0.0,False
050309,SUTTER ROSEVILLE MEDICAL CENTER,CA,5.0,80.0,,0.0,6.0,0.0,False
05030F,VA N CALIFORNIA HEALTHCARE SYSTEM,CA,4.0,72.0,,0.0,4.0,0.0,False
050313,SUTTER TRACY COMMUNITY HOSPITAL,CA,4.0,69.0,,0.0,5.0,0.0,False
050315,KERN MEDICAL CENTER,CA,1.0,57.0,,0.0,3.0,0.0,False
05031F,PALO ALTO VA MEDICAL CENTER,CA,5.0,83.0,,0.0,6.0,0.0,False
050320,HIGHLAND HOSPITAL,CA,1.0,68.0,,0.0,5.0,0.0,False
050324,SCRIPPS MEMORIAL HOSPITAL LA JOLLA,CA,5.0,83.0,,0.0,6.0,0.0,False
050327,LOMA LINDA UNIVERSITY MEDICAL CENTER,CA,4.0,78.0,,0.0,5.0,0.0,False
050329,CORONA REGIONAL MEDICAL CENTER,CA,3.0,48.0,,0.0,5.0,0.0,False
050334,SALINAS VALLEY MEMORIAL HOSPITAL,CA,4.0,74.0,,0.0,5.0,0.0,False
050335,ADVENTIST HEALTH SONORA,CA,3.0,65.0,,0.0,5.0,0.0,False
050336,ADVENTIST HEALTH LODI MEMORIAL,CA,3.0,68.0,,0.0,5.0,0.0,False
050342,PIONEERS MEMORIAL HEALTHCARE DISTRICT,CA,3.0,61.0,,0.0,4.0,0.0,False
050348,UCI HEALTH-ORANGE,CA,4.0,69.0,,0.0,6.0,0.0,False
050350,ADVENTIST HEALTH WHITE MEMORIAL MONTEBELLO,CA,3.0,,,0.0,6.0,0.0,False
050351,TORRANCE MEMORIAL MEDICAL CENTER,CA,5.0,81.0,,0.0,6.0,0.0,False
050352,BARTON MEMORIAL HOSPITAL,CA,3.0,75.0,,0.0,3.0,0.0,False
050353,PROVIDENCE LITTLE COMPANY OF MARY MED CTR TORRANCE,CA,5.0,69.0,,0.0,6.0,0.0,False
050357,GOLETA VALLEY COTTAGE HOSPITAL,CA,5.0,88.0,,0.0,4.0,0.0,False
050360,MARINHEALTH MEDICAL CENTER,CA,5.0,76.0,,0.0,6.0,0.0,False
050367,NORTHBAY MEDICAL CENTER,CA,2.0,67.0,,0.0,6.0,0.0,False
050373,LOS ANGELES GENERAL MEDICAL CENTER,CA,2.0,70.0,,1.0,5.0,0.2,False
050376,LAC/HARBOR-UCLA MED CENTER,CA,1.0,64.0,,0.0,6.0,0.0,False
050378,PACIFICA HOSPITAL OF THE VALLEY,CA,,,,0.0,1.0,0.0,False
050380,GOOD SAMARITAN HOSPITAL,CA,2.0,66.0,,1.0,6.0,0.16666666666666666,False
050382,EMANATE HEALTH INTER-COMMUNITY HOSPITAL,CA,1.0,60.0,,0.0,6.0,0.0,False
050390,HEMET GLOBAL MEDICAL CENTER,CA,1.0,38.0,,0.0,4.0,0.0,False
050393,PIH HEALTH DOWNEY HOSPITAL,CA,4.0,69.0,,1.0,5.0,0.2,False
050394,COMMUNITY MEMORIAL HOSPITAL - VENTURA,CA,4.0,80.0,,0.0,6.0,0.0,False
050396,SANTA BARBARA COTTAGE HOSPITAL,CA,4.0,85.0,,0.0,6.0,0.0,False
05039F,NH Twentynine Palms,CA,,62.0,,0.0,0.0,,False
050407,CHINESE HOSPITAL,CA,2.0,58.0,,0.0,4.0,0.0,False
050411,KAISER FOUNDATION HOSPITAL - SOUTH BAY,CA,3.0,72.0,,0.0,1.0,0.0,False
050414,MERCY HOSPITAL OF FOLSOM,CA,4.0,74.0,,0.0,5.0,0.0,False
050417,SUTTER COAST HOSPITAL,CA,2.0,62.0,,0.0,5.0,0.0,False
05041F,Weed ACH (FT Irwin),CA,,,,0.0,0.0,,False
050424,SCRIPPS GREEN HOSPITAL,CA,5.0,86.0,,0.0,5.0,0.0,False
050425,KAISER FOUNDATION HOSPITAL - SACRAMENTO,CA,4.0,62.0,,0.0,3.0,0.0,False
050426,WEST ANAHEIM MEDICAL CENTER,CA,2.0,57.0,,2.0,5.0,0.4,False
050438,HUNTINGTON HOSPITAL,CA,,75.0,,0.0,6.0,0.0,False
050441,STANFORD HEALTH CARE,CA,5.0,83.0,,0.0,6.0,0.0,False
050444,MERCY MEDICAL CENTER,CA,3.0,59.0,,0.0,5.0,0.0,False
050454,UCSF MEDICAL CENTER,CA,4.0,82.0,,0.0,6.0,0.0,False
050455,ADVENTIST HEALTH BAKERSFIELD,CA,2.0,67.0,,0.0,5.0,0.0,False
050457,UCSF HEALTH ST. MARY'S HOSPITAL,CA,4.0,61.0,,0.0,6.0,0.0,False
050464,DOCTORS MEDICAL CENTER,CA,1.0,61.0,,0.0,5.0,0.0,False
050468,MEMORIAL HOSPITAL OF GARDENA,CA,1.0,43.0,,1.0,4.0,0.25,False
050471,PIH HEALTH GOOD SAMARITAN HOSPITAL,CA,2.0,66.0,,1.0,6.0,0.16666666666666666,False
050481,UCLA WEST VALLEY MEDICAL CENTER,CA,2.0,52.0,,1.0,6.0,0.16666666666666666,False
050485,MEMORIALCARE LONG BEACH MEDICAL CENTER,CA,2.0,70.0,,0.0,6.0,0.0,False
050488,EDEN MEDICAL CENTER,CA,4.0,74.0,,0.0,5.0,0.0,False
050492,CLOVIS COMMUNITY MEDICAL CENTER,CA,2.0,79.0,,0.0,6.0,0.0,False
050496,JOHN MUIR MEDICAL CENTER - CONCORD CAMPUS,CA,4.0,75.0,,0.0,6.0,0.0,False
050498,SUTTER AUBURN FAITH HOSPITAL,CA,5.0,79.0,,0.0,5.0,0.0,False
050503,SCRIPPS MEMORIAL HOSPITAL - ENCINITAS,CA,4.0,79.0,,0.0,6.0,0.0,False
050506,ADVENTIST HEALTH SIERRA VISTA,CA,3.0,56.0,,0.0,5.0,0.0,False
050510,KAISER FOUNDATION HOSPITAL,CA,4.0,72.0,,0.0,1.0,0.0,False
050512,KAISER FOUNDATION HOSPITAL - FREMONT,CA,4.0,67.0,,0.0,1.0,0.0,False
050515,KAISER FOUNDATION HOSPITAL - SAN DIEGO,CA,4.0,78.0,,0.0,2.0,0.0,False
050516,MERCY SAN JUAN MEDICAL CENTER,CA,3.0,65.0,,0.0,6.0,0.0,False
050517,VICTOR VALLEY GLOBAL MEDICAL CENTER,CA,1.0,45.0,,0.0,5.0,0.0,False
050523,SUTTER DELTA MEDICAL CENTER,CA,3.0,60.0,,0.0,5.0,0.0,False
050526,HUNTINGTON BEACH HOSPITAL,CA,1.0,50.0,,0.0,3.0,0.0,False
050528,MEMORIAL HOSPITAL LOS BANOS,CA,3.0,61.0,,0.0,3.0,0.0,False
050534,JOHN F KENNEDY MEMORIAL HOSPITAL,CA,2.0,52.0,,0.0,5.0,0.0,False
050537,SUTTER DAVIS HOSPITAL,CA,4.0,80.0,,0.0,4.0,0.0,False
050541,KAISER FOUNDATION HOSPITAL - REDWOOD CITY,CA,4.0,80.0,,0.0,1.0,0.0,False
050543,COLLEGE HOSPITAL COSTA MESA,CA,,,,0.0,0.0,,False
050546,PORTERVILLE DEVELOPMENTAL CENTER,CA,,,,0.0,0.0,,False
050549,LOS ROBLES HOSPITAL & MEDICAL CENTER,CA,4.0,63.0,,0.0,6.0,0.0,False
050551,UCI HEALTH - LOS ALAMITOS,CA,1.0,52.0,,0.0,6.0,0.0,False
050557,MEMORIAL MEDICAL CENTER,CA,3.0,73.0,,0.0,6.0,0.0,False
050561,KAISER FOUNDATION HOSPITAL - WEST LA,CA,3.0,71.0,,0.0,3.0,0.0,False
050567,PROVIDENCE MISSION HOSPITAL,CA,5.0,73.0,,0.0,6.0,0.0,False
050570,UCI HEALTH - FOUNTAIN VALLEY,CA,2.0,,,0.0,6.0,0.0,False
050573,EISENHOWER MEDICAL CENTER,CA,4.0,78.0,,0.0,6.0,0.0,False
050580,LA PALMA INTERCOMMUNITY HOSPITAL,CA,3.0,57.0,,0.0,5.0,0.0,False
050581,UCI HEALTH-LAKEWOOD,CA,2.0,45.0,,0.0,5.0,0.0,False
050586,CHINO VALLEY MEDICAL CENTER,CA,4.0,61.0,,0.0,3.0,0.0,False
050588,SAN DIMAS COMMUNITY HOSPITAL,CA,2.0,54.0,,1.0,5.0,0.2,False
050590,METHODIST HOSPITAL OF SACRAMENTO,CA,3.0,63.0,,0.0,4.0,0.0,False
050597,EMANATE HEALTH FOOTHILL PRESBYTERIAN HOSPITAL,CA,3.0,62.0,,0.0,4.0,0.0,False
050599,UNIVERSITY OF CALIFORNIA DAVIS MEDICAL CENTER,CA,4.0,72.0,,0.0,6.0,0.0,False
050603,MEMORIALCARE SADDLEBACK MEDICAL CENTER,CA,4.0,74.0,,0.0,5.0,0.0,False
050604,KAISER FOUNDATION HOSPITAL-SAN JOSE,CA,3.0,66.0,,0.0,2.0,0.0,False
050608,ADVENTIST HEALTH DELANO,CA,2.0,55.0,,0.0,3.0,0.0,False
050609,KAISER FOUNDATION HOSPITAL - ORANGE COUNTY - ANAHEIM,CA,4.0,80.0,,0.0,2.0,0.0,False
050624,HENRY MAYO NEWHALL  HOSPITAL,CA,2.0,65.0,,0.0,5.0,0.0,False
050625,CEDARS-SINAI MEDICAL CENTER,CA,5.0,78.0,,0.0,6.0,0.0,False
050633,ADVENTIST HEALTH TWIN CITIES,CA,2.0,57.0,,0.0,5.0,0.0,False
050636,PALOMAR MEDICAL CENTER POWAY,CA,4.0,60.0,,0.0,4.0,0.0,False
050641,EAST LOS ANGELES DOCTORS HOSPITAL,CA,1.0,42.0,,0.0,3.0,0.0,False
050663,LOS ANGELES COMMUNITY HOSPITAL,CA,3.0,42.0,,0.0,4.0,0.0,False
050668,LAGUNA HONDA HOSPITAL & REHABILITATION CENTER,CA,,,,0.0,2.0,0.0,False
050674,KAISER FOUNDATION HOSP SO SACRAMENTO,CA,2.0,69.0,,0.0,4.0,0.0,False
050677,KAISER FOUNDATION HOSPITAL - WOODLAND HILLS,CA,4.0,71.0,,0.0,1.0,0.0,False
050678,MEMORIALCARE ORANGE COAST MEDICAL CENTER,CA,4.0,72.0,,0.0,6.0,0.0,False
050684,MENIFEE GLOBAL MEDICAL CENTER,CA,,56.0,,0.0,2.0,0.0,False
050686,"KAISER FOUNDATION HOSPITAL, RIVERSIDE",CA,4.0,74.0,,0.0,1.0,0.0,False
050689,SAN RAMON REGIONAL MEDICAL CENTER,CA,4.0,65.0,,0.0,6.0,0.0,False
050690,KAISER FOUNDATION HOSPITAL-SANTA ROSA,CA,3.0,74.0,,0.0,1.0,0.0,False
050696,KECK HOSPITAL OF USC,CA,5.0,82.0,,0.0,5.0,0.0,False
050697,PATIENTS' HOSPITAL OF REDDING,CA,,,,0.0,2.0,0.0,False
050701,SOUTHWEST HEALTHCARE RANCHO SPRINGS HOSPITAL,CA,3.0,66.0,,0.0,4.0,0.0,False
050704,MISSION COMMUNITY HOSPITAL,CA,3.0,51.0,,0.0,5.0,0.0,False
050708,FRESNO SURGICAL HOSPITAL,CA,,86.0,,0.0,2.0,0.0,False
050709,DESERT VALLEY HOSPITAL,CA,3.0,62.0,,0.0,6.0,0.0,False
050710,KAISER FOUNDATION HOSPITAL - FRESNO,CA,4.0,73.0,,0.0,1.0,0.0,False
050714,SUTTER MATERNITY & SURGERY CENTER OF SANTA CRUZ,CA,,86.0,,0.0,2.0,0.0,False
050717,LAC/RANCHO LOS AMIGOS NATIONAL REHABILITATION  CTR,CA,3.0,74.0,,0.0,1.0,0.0,False
050723,KAISER FOUNDATION HOSPITAL - BALDWIN PARK,CA,3.0,74.0,,0.0,2.0,0.0,False
050726,STANISLAUS SURGICAL HOSPITAL,CA,,,,0.0,1.0,0.0,False
050735,WHITTIER HOSPITAL MEDICAL CENTER,CA,4.0,59.0,,0.0,4.0,0.0,False
050736,MONTEREY PARK HOSPITAL,CA,2.0,58.0,,0.0,3.0,0.0,False
050737,GARFIELD MEDICAL CENTER,CA,1.0,63.0,,0.0,5.0,0.0,False
050738,GREATER EL MONTE COMMUNITY HOSPITAL,CA,2.0,66.0,,0.0,4.0,0.0,False
050739,CENTINELA HOSPITAL MEDICAL CENTER,CA,2.0,47.0,,2.0,5.0,0.4,False
050740,CEDAR-SINAI MARINA DEL REY HOSPITAL,CA,4.0,62.0,,0.0,5.0,0.0,False
050744,ANAHEIM GLOBAL MEDICAL CENTER,CA,2.0,54.0,,0.0,2.0,0.0,False
050745,CHAPMAN GLOBAL MEDICAL CENTER,CA,2.0,48.0,,0.0,3.0,0.0,False
050746,ORANGE COUNTY GLOBAL MEDICAL CENTER,CA,2.0,46.0,,0.0,4.0,0.0,False
050747,COASTAL COMMUNITIES HOSPITAL,CA,1.0,35.0,,0.0,2.0,0.0,False
050748,KAISER FOUNDATION HOSPITAL MANTECA,CA,4.0,72.0,,0.0,1.0,0.0,False
050755,SHERMAN OAKS HOSPITAL,CA,2.0,52.0,,0.0,6.0,0.0,False
050758,MONTCLAIR HOSPITAL MEDICAL CENTER,CA,3.0,58.0,,1.0,3.0,0.3333333333333333,False
050760,KAISER FOUNDATION HOSPITAL - ANTIOCH,CA,1.0,72.0,,0.0,2.0,0.0,False
050761,PROVIDENCE CEDARS SINAI TARZANA MEDICAL CENTER,CA,3.0,76.0,,0.0,6.0,0.0,False
050763,L A DOWNTOWN MEDICAL CENTER,CA,3.0,,,1.0,4.0,0.25,False
050764,SHASTA REGIONAL MEDICAL CENTER,CA,2.0,60.0,,1.0,6.0,0.16666666666666666,False
050765,KAISER FOUNDATION HOSPITAL-MORENO VALLEY,CA,4.0,72.0,,0.0,1.0,0.0,False
050766,SUTTER SURGICAL HOSPITAL - NORTH VALLEY,CA,,90.0,,0.0,2.0,0.0,False
050767,KAISER FOUNDATION HOSPITAL - VACAVILLE,CA,4.0,74.0,,0.0,1.0,0.0,False
050769,HOAG ORTHOPEDIC INSTITUTE,CA,,89.0,,0.0,2.0,0.0,False
050770,LOMA LINDA UNIVERSITY MEDICAL CENTER-MURRIETA,CA,2.0,69.0,,1.0,5.0,0.2,False
050771,COAST PLAZA HOSPITAL,CA,1.0,35.0,,0.0,3.0,0.0,False
050772,KAISER FOUNDATION HOSPITAL - ROSEVILLE,CA,4.0,68.0,,0.0,1.0,0.0,False
050775,TEMECULA VALLEY HOSPITAL,CA,4.0,73.0,,0.0,6.0,0.0,False
050776,COLLEGE MEDICAL CENTER,CA,3.0,53.0,,0.0,4.0,0.0,False
050777,KAISER FOUNDATION HOSPITAL - SAN LEANDRO,CA,2.0,72.0,,0.0,2.0,0.0,False
050778,LOMA LINDA UNIVERSITY CHILDREN'S HOSPITAL,CA,3.0,75.0,,0.0,0.0,,False
050779,"MARTIN LUTHER KING, JR. COMMUNITY HOSPITAL",CA,4.0,69.0,,0.0,4.0,0.0,False
050780,FOOTHILL REGIONAL MEDICAL CENTER,CA,3.0,44.0,,0.0,3.0,0.0,False
050782,CASA COLINA HOSPITAL,CA,,82.0,,0.0,3.0,0.0,False
050783,COLUSA MEDICAL CENTER,CA,1.0,27.0,,0.0,4.0,0.0,False
050784,ADVENTIST HEALTH TULARE,CA,3.0,66.0,,0.0,3.0,0.0,False
050785,DOCS SURGICAL HOSPITAL,CA,,75.0,,0.0,2.0,0.0,False
050854,"ANAHEIM COMMUNITY HOSPITAL, LLC",CA,,,,0.0,0.0,,False
050855,KAISER FOUNDATION HOSPITAL - SAN MARCOS,CA,4.0,88.0,,0.0,1.0,0.0,False
050856,MADERA COMMUNITY HOSPITAL,CA,,,,0.0,0.0,,False
05114F,VA SAN DIEGO HEALTHCARE SYSTEM,CA,5.0,72.0,,0.0,6.0,0.0,False
05127F,LOMA LINDA VA MEDICAL CENTER,CA,3.0,77.0,,0.0,6.0,0.0,False
05128F,VA GREATER LOS ANGELES HEALTHCARE SYSTEM,CA,3.0,66.0,,2.0,6.0,0.3333333333333333,False
051300,EASTERN PLUMAS HOSPITAL - PORTOLA CAMPUS,CA,,,,0.0,0.0,,False
051301,ADVENTIST HEALTH TEHACHAPI VALLEY,CA,3.0,85.0,,0.0,3.0,0.0,False
051302,SOUTHERN INYO HOSPITAL,CA,,,,0.0,1.0,0.0,False
051303,MAMMOTH HOSPITAL,CA,,86.0,,0.0,2.0,0.0,False
051304,JOHN C FREMONT HEALTHCARE DISTRICT,CA,,53.0,,0.0,2.0,0.0,False
051305,MAYERS MEMORIAL HOSPITAL,CA,,82.0,,0.0,2.0,0.0,False
051306,GLENN MEDICAL CENTER,CA,,60.0,,0.0,2.0,0.0,False
051307,CATALINA ISLAND MEDICAL CENTER,CA,,,,0.0,0.0,,False
051308,SURPRISE VALLEY COMMUNITY HOSPITAL,CA,,,,0.0,0.0,,False
051309,JEROLD PHELPS COMMUNITY HOSPITAL,CA,,,,0.0,0.0,,False
05130F,SAN FRANCISCO VA MEDICAL CENTER,CA,4.0,78.0,,0.0,6.0,0.0,False
051310,ADVENTIST HEALTH HOWARD MEMORIAL,CA,5.0,83.0,,0.0,4.0,0.0,False
051311,ORCHARD HOSPITAL,CA,,77.0,,0.0,2.0,0.0,False
051312,MOUNTAINS COMMUNITY HOSPITAL,CA,,,,0.0,1.0,0.0,False
051314,KERN VALLEY HEALTHCARE DISTRICT,CA,3.0,58.0,,0.0,3.0,0.0,False
051315,TRINITY HOSPITAL,CA,,,,0.0,1.0,0.0,False
051316,FAIRCHILD MEDICAL CENTER,CA,2.0,68.0,,0.0,5.0,0.0,False
051317,ADVENTIST HEALTH CLEARLAKE,CA,2.0,61.0,,0.0,4.0,0.0,False
051318,PROVIDENCE REDWOOD MEMORIAL HOSPITAL,CA,4.0,78.0,,0.0,4.0,0.0,False
051319,MERCY MEDICAL CENTER OF MT SHASTA,CA,4.0,83.0,,0.0,3.0,0.0,False
051320,BANNER LASSEN MEDICAL CENTER,CA,3.0,60.0,,0.0,4.0,0.0,False
051321,HEALDSBURG HOSPITAL,CA,,78.0,,0.0,3.0,0.0,False
051323,COLORADO RIVER MEDICAL CENTER,CA,,,,0.0,1.0,0.0,False
051324,NORTHERN INYO HOSPITAL,CA,3.0,64.0,,0.0,3.0,0.0,False
051325,ADVENTIST HEALTH MENDOCINO COAST,CA,3.0,70.0,,0.0,3.0,0.0,False
051326,PLUMAS DISTRICT HOSPITAL,CA,,75.0,,0.0,3.0,0.0,False
051327,SENECA DISTRICT HOSPITAL,CA,,,,0.0,0.0,,False
051328,TAHOE FOREST HOSPITAL,CA,3.0,87.0,,0.0,4.0,0.0,False
051329,SUTTER LAKESIDE HOSPITAL,CA,4.0,76.0,,0.0,4.0,0.0,False
051330,MODOC MEDICAL CENTER,CA,4.0,69.0,,0.0,3.0,0.0,False
051331,SANTA YNEZ VALLEY COTTAGE HOSPITAL,CA,,94.0,,0.0,2.0,0.0,False
051332,MARK TWAIN MEDICAL CENTER,CA,3.0,73.0,,0.0,4.0,0.0,False
051333,RIDGECREST REGIONAL HOSPITAL,CA,,,,0.0,0.0,,False
051334,COMMUNITY MEMORIAL HOSPITAL - OJAI,CA,,84.0,,0.0,1.0,0.0,False
051335,BEAR VALLEY COMMUNITY HOSPITAL,CA,,83.0,,0.0,0.0,,False
051336,SOUTHERN MONTEREY COUNTY MEMORIAL HOSPITAL,CA,,63.0,,0.0,1.0,0.0,False
051337,HAZEL HAWKINS MEMORIAL HOSPITAL,CA,,,,0.0,0.0,,False
051338,COALINGA REGIONAL MEDICAL CENTER,CA,,,,0.0,0.0,,False
051339,PALO VERDE HOSPITAL,CA,,,,0.0,0.0,,False
053300,VALLEY CHILDREN'S HOSPITAL,CA,,,,0.0,0.0,,False
053301,UCSF BENIOFF CHILDREN'S HOSPITAL OAKLAND,CA,,,,0.0,0.0,,False
053302,CHILDREN'S HOSP OF LOS ANGELES,CA,,,,0.0,0.0,,False
053303,RADY CHILDREN'S HOSPITAL - SAN DIEGO,CA,,,,0.0,0.0,,False
053304,CHILDREN'S HOSPITAL OF ORANGE COUNTY,CA,,,,0.0,0.0,,False
053305,LUCILE SALTER PACKARD CHILDREN'S HSP AT STANFORD,CA,,,,0.0,0.0,,False
053306,CHILDREN'S HOSPITAL AT MISSION,CA,,,,0.0,0.0,,False
053308,HEALTHBRIDGE CHILDREN'S HOSPITAL - ORANGE,CA,,,,0.0,0.0,,False
053309,MEMORIAL CARE MILLER CHILDREN'S &  WOMEN'S HOSP LB,CA,,,,0.0,0.0,,False
053311,SHRINERS HOSPITALS FOR CHILDREN NORTHERN CALIF,CA,,,,0.0,0.0,,False
054009,RESNICK NEUROPSYCHIATRIC HOSPITAL AT UCLA,CA,,,,,,,False
054028,GATEWAYS HOSP  MENTAL HEALTH CTR,CA,,,,,,,False
054032,BHC ALHAMBRA HOSPITAL,CA,,,,,,,False
054053,DEL AMO HOSPITAL,CA,,,,,,,False
054055,COLLEGE HOSPITAL,CA,,,,,,,False
054069,AURORA CHARTER OAK,CA,,,,,,,False
054074,ADVENTIST HEALTH VALLEJO,CA,,,,,,,False
054075,ALVARADO PARKWAY INSTITUTE BEHAVIORAL HEALTH SYSTE,CA,,,,,,,False
054077,AURORA VISTA DEL MAR HOSPITAL,CA,,,,,,,False
054078,AURORA LAS ENCINAS,CA,,,,,,,False
054087,"BHC SIERRA VISTA HOSPITAL, INC",CA,,,,,,,False
054089,JEWISH HOME & REHAB CENTER,CA,,,,,,,False
054095,AURORA SAN DIEGO,CA,,,,,,,False
054096,SUTTER CENTER FOR PSYCHIATRY,CA,,,,,,,False
054104,HERITAGE OAKS HOSPITAL,CA,,,,,,,False
054110,BHC FREMONT HOSPITAL INC,CA,,,,,,,False
054111,CANYON RIDGE HOSPITAL,CA,,,,,,,False
054122,DEPT OF STATE HOSPITALS - NAPA,CA,,,,,,,False
054123,ST JOSEPH'S BEHAVIORAL HEALTH CENTER,CA,,,,,,,False
054124,SEMPERVIRENS,CA,,,,,,,False
054125,SANTA BARBARA COUNTY PSYCHIATRIC HEALTH FACILITY,CA,,,,,,,False
054130,PACIFIC GROVE HOSPITAL,CA,,,,,,,False
054131,JOHN MUIR BEHAVIORAL HEALTH CENTER,CA,,,,,,,False
054133,DEPT OF STATE HOSPITALS - METROPOLITAN - PSY,CA,,,,,,,False
054144,UCSF LANGLEY PORTER PSYCHIATRIC HOSPITAL AND CLINICS,CA,,,,,,,False
054145,SHARP MESA VISTA HOSPITAL,CA,,,,,,,False
054146,TELECARE HERITAGE PSYCHIATRIC HEALTH FACILITY,CA,,,,,,,False
054147,JOYCE EISENBERG KEEFER MEDICAL CENTER,CA,,,,,,,False
054148,TARZANA TREATMENT CENTER,CA,,,,,,,False
054149,WILLOW ROCK CENTER,CA,,,,,,,False
054150,KAISER PERMANENTE PSYCHIATRIC HEALTH FACILITY-SANT,CA,,,,,,,False
054151,"AURORA BEHAVIORAL HEALTHCARE-SANTA ROSA, LLC",CA,,,,,,,False
054152,SANTA CRUZ COUNTY PSYCHIATRIC HEALTH FACILITY,CA,,,,,,,False
054153,OCEAN VIEW PSYCHIATRIC HEALTH FACILITY,CA,,,,,,,False
054154,SAN JOSE BEHAVIORAL HEALTH,CA,,,,,,,False
054155,"BAKERSFIELD BEHAVIORAL HEALTHCARE HOSPITAL, LLC",CA,,,,,,,False
054157,GLENDORA  HOSPITAL,CA,,,,,,,False
054158,"ALISO RIDGE BEHAVIORAL HEALTH, LLC",CA,,,,,,,False
054159,"SACRAMENTO BEHAVIORAL HEALTHCARE HOSPITAL, LLC",CA,,,,,,,False
054160,RIVER VISTA BEHAVIORAL HEALTH,CA,,,,,,,False
060001,BANNER NORTH COLORADO MEDICAL CENTER,CO,4.0,67.0,,0.0,6.0,0.0,False
060003,LONGMONT UNITED HOSPITAL,CO,3.0,66.0,,0.0,4.0,0.0,False
060004,INTERMOUNTAIN HEALTH PLATTE VALLEY HOSPITAL,CO,3.0,73.0,,0.0,3.0,0.0,False
060006,MONTROSE REGIONAL HEALTH,CO,4.0,74.0,,0.0,5.0,0.0,False
060008,SAN LUIS VALLEY REGIONAL  MEDICAL CENTER,CO,3.0,61.0,,0.0,3.0,0.0,False
060009,LUTHERAN MEDICAL CENTER,CO,4.0,78.0,,0.0,5.0,0.0,False
060010,POUDRE VALLEY HOSPITAL,CO,5.0,79.0,,0.0,6.0,0.0,False
060011,DENVER HEALTH & HOSPITAL AUTHORITY,CO,3.0,71.0,,0.0,4.0,0.0,False
060012,ST MARY-CORWIN HOSPITAL,CO,4.0,80.0,,0.0,3.0,0.0,False
060013,MERCY REGIONAL MEDICAL CENTER,CO,5.0,73.0,,0.0,5.0,0.0,False
060014,HCA HEALTHONE PRESBYTERIAN ST LUKE'S,CO,2.0,73.0,,0.0,4.0,0.0,False
060015,CENTURA HEALTH-ST ANTHONY HOSPITAL,CO,4.0,67.0,,0.0,5.0,0.0,False
060020,"PARKVIEW MEDICAL CENTER, INC",CO,3.0,61.0,,0.0,6.0,0.0,False
060022,UCH-MEMORIAL HEALTH SYSTEM,CO,4.0,72.0,,0.0,6.0,0.0,False
060023,INTERMOUNTAIN HEALTH ST. MARY'S REGIONAL HOSPITAL,CO,4.0,71.0,,0.0,6.0,0.0,False
060024,UNIVERSITY OF COLORADO HOSPITAL AUTHORITY,CO,5.0,76.0,,0.0,6.0,0.0,False
060027,BOULDER COMMUNITY HEALTH,CO,4.0,80.0,,0.0,6.0,0.0,False
060028,SAINT JOSEPH HOSPITAL,CO,5.0,80.0,,0.0,5.0,0.0,False
060030,BANNER NORTH CO MEDICAL CENTER - LOVELAND CAMPUS,CO,3.0,67.0,,0.0,4.0,0.0,False
060031,CENTURA HEALTH-PENROSE ST FRANCIS HEALTH SERVICES,CO,3.0,67.0,,0.0,6.0,0.0,False
060032,HCA HEALTHONE ROSE,CO,4.0,76.0,,0.0,5.0,0.0,False
060034,HCA-HEALTHONE DBA SWEDISH MEDICAL CENTER,CO,4.0,64.0,,0.0,6.0,0.0,False
06003F,Evans ACH (FT Carson),CO,,74.0,,0.0,0.0,,False
060044,ST ELIZABETH HOSPITAL,CO,4.0,66.0,,0.0,4.0,0.0,False
060049,UCHEALTH YAMPA VALLEY MEDICAL CENTER,CO,,84.0,,0.0,2.0,0.0,False
060054,COMMUNITY HOSPITAL,CO,4.0,83.0,,0.0,4.0,0.0,False
06005F,VA EASTERN COLORADO HEALTHCARE SYSTEM,CO,5.0,80.0,,0.0,6.0,0.0,False
060064,AdventHealth Porter,CO,4.0,68.0,,0.0,6.0,0.0,False
060065,HCA HEALTHONE MOUNTAIN RIDGE,CO,3.0,51.0,,0.0,5.0,0.0,False
060071,DELTA COUNTY MEMORIAL HOSPITAL,CO,3.0,66.0,,0.0,3.0,0.0,False
060075,VALLEY VIEW HOSPITAL ASSOCIATION,CO,4.0,79.0,,0.0,5.0,0.0,False
060076,STERLING REGIONAL MEDCENTER,CO,3.0,57.0,,0.0,3.0,0.0,False
06007F,GRAND JUNCTION VA MEDICAL CENTER,CO,5.0,81.0,,0.0,5.0,0.0,False
060096,VAIL HEALTH HOSPITAL,CO,5.0,82.0,,0.0,5.0,0.0,False
060100,THE MEDICAL CENTER OF AURORA & SOUTH HOSPITAL,CO,4.0,58.0,,0.0,6.0,0.0,False
060103,ADVENTHEALTH AVISTA,CO,4.0,78.0,,0.0,3.0,0.0,False
060104,CENTURA HEALTH-ST ANTHONY NORTH HEALTH CAMPUS,CO,5.0,70.0,,0.0,5.0,0.0,False
060107,NATIONAL JEWISH HEALTH,CO,,,,0.0,0.0,,False
060112,SKY RIDGE MEDICAL CENTER,CO,3.0,70.0,,0.0,6.0,0.0,False
060113,AdventHealth Littleton,CO,4.0,77.0,,0.0,6.0,0.0,False
060114,AdventHealth Parker,CO,5.0,74.0,,0.0,6.0,0.0,False
060116,GOOD SAMARITAN MEDICAL CENTER LLC,CO,4.0,75.0,,0.0,5.0,0.0,False
060117,"ANIMAS SURGICAL HOSPITAL, LLC",CO,,91.0,,0.0,2.0,0.0,False
060118,ST ANTHONY SUMMIT MEDICAL CENTER,CO,,85.0,,0.0,1.0,0.0,False
060119,MEDICAL CENTER OF THE ROCKIES,CO,5.0,82.0,,0.0,6.0,0.0,False
060124,ORTHOCOLORADO HOSP AT ST ANTHONY MED CAMPUS,CO,,80.0,,0.0,1.0,0.0,False
060125,ADVENTHEALTH CASTLE ROCK,CO,5.0,77.0,,0.0,5.0,0.0,False
060126,BANNER FORT COLLINS MEDICAL CENTER,CO,,80.0,,0.0,1.0,0.0,False
060128,LONGS PEAK HOSPITAL,CO,5.0,78.0,,0.0,5.0,0.0,False
060129,UCHEALTH BROOMFIELD HOSPITAL,CO,,76.0,,0.0,1.0,0.0,False
060130,UCHEALTH GRANDVIEW HOSPITAL,CO,,86.0,,0.0,3.0,0.0,False
060131,UCHEALTH GREELEY HOSPITAL,CO,4.0,79.0,,0.0,5.0,0.0,False
060132,UCHEALTH HIGHLANDS RANCH HOSPITAL,CO,5.0,80.0,,0.0,5.0,0.0,False
060133,ST FRANCIS HOSPITAL - INTERQUEST,CO,,80.0,,0.0,1.0,0.0,False
061300,WEISBROD MEMORIAL COUNTY HOSPITAL,CO,,,,0.0,0.0,,False
061301,RIO GRANDE HOSPITAL,CO,4.0,84.0,,0.0,4.0,0.0,False
061302,FAMILY HEALTH WEST HOSPITAL,CO,,88.0,,0.0,2.0,0.0,False
061303,EAST MORGAN COUNTY HOSPITAL,CO,,84.0,,0.0,2.0,0.0,False
061304,HAXTUN HOSPITAL DISTRICT,CO,,,,0.0,1.0,0.0,False
061305,MELISSA MEMORIAL HOSPITAL,CO,,,,0.0,1.0,0.0,False
061306,LINCOLN HEALTH HOSPITAL,CO,,83.0,,0.0,2.0,0.0,False
061307,RANGELY DISTRICT HOSPITAL,CO,,,,0.0,0.0,,False
061308,SAN LUIS VALLEY HEALTH CONEJOS COUNTY HOSPITAL,CO,,76.0,,0.0,1.0,0.0,False
061309,WRAY COMMUNITY DISTRICT HOSPITAL,CO,,72.0,,0.0,2.0,0.0,False
061310,SEDGWICK COUNTY MEMORIAL HOSPITAL,CO,,,,0.0,1.0,0.0,False
061311,SOUTHEAST COLORADO HOSPITAL DISTRICT,CO,,,,0.0,2.0,0.0,False
061312,ESTES PARK MEDICAL CENTER,CO,,77.0,,0.0,1.0,0.0,False
061313,KIT CARSON COUNTY MEMORIAL HOSPITAL,CO,,72.0,,0.0,1.0,0.0,False
061314,"MEMORIAL HOSPITAL, THE",CO,,71.0,,0.0,2.0,0.0,False
061315,YUMA DISTRICT HOSPITAL,CO,,,,0.0,1.0,0.0,False
061316,SPANISH PEAKS REGIONAL HEALTH CENTER,CO,,68.0,,0.0,1.0,0.0,False
061317,GRAND RIVER HOSPITAL DISTRICT,CO,,77.0,,0.0,2.0,0.0,False
061318,MIDDLE PARK MEDICAL CENTER,CO,,,,0.0,1.0,0.0,False
061319,ST VINCENT GENERAL HOSPITAL DISTRICT,CO,,,,0.0,1.0,0.0,False
061320,GUNNISON VALLEY HOSPITAL,CO,,82.0,,0.0,1.0,0.0,False
061321,MT SAN RAFAEL HOSPITAL,CO,5.0,78.0,,0.0,3.0,0.0,False
061322,HEART OF THE ROCKIES REGIONAL MEDICAL CENTER,CO,1.0,69.0,,0.0,4.0,0.0,False
061323,PROWERS MEDICAL CENTER,CO,,,,0.0,0.0,,False
061324,ASPEN VALLEY HOSPITAL,CO,,81.0,,0.0,2.0,0.0,False
061325,EASTERN RIO BLANCO COUNTY HEALTH SERVICE DISTRICT,CO,,83.0,,0.0,3.0,0.0,False
061326,UCHEALTH PIKES PEAK REGIONAL HOSPITAL,CO,,94.0,,0.0,2.0,0.0,False
061327,SOUTHWEST MEMORIAL HOSPITAL,CO,4.0,73.0,,0.0,3.0,0.0,False
061328,PAGOSA SPRINGS MEDICAL CENTER,CO,,,,0.0,0.0,,False
061336,ARKANSAS VALLEY REGIONAL MEDICAL CENTER,CO,,,,0.0,0.0,,False
061343,KEEFE MEMORIAL HOSPITAL,CO,,,,0.0,0.0,,False
061344,ST THOMAS MORE HOSPITAL,CO,4.0,62.0,,0.0,4.0,0.0,False
063301,CHILDREN'S HOSPITAL COLORADO,CO,,,,0.0,0.0,,False
063303,CHILDREN'S HOSPITAL COLORADO - COLORADO SPRINGS,CO,,,,0.0,0.0,,False
064001,COLORADO MENTAL HEALTH HOSPITAL IN PUEBLO,CO,,,,,,,False
064003,COLORADO MENTAL HEALTH HOSPITAL IN FORT LOGAN,CO,,,,,,,False
064007,CENTENNIAL PEAKS HOSPITAL,CO,,,,,,,False
064009,CEDAR SPRINGS HOSPITAL,CO,,,,,,,False
064024,HIGHLANDS BEHAVIORAL HEALTH SYSTEM,CO,,,,,,,False
064026,PEAK VIEW BEHAVIORAL HEALTH,CO,,,,,,,False
064028,DENVER SPRINGS,CO,,,,,,,False
064029,JOHNSTOWN HEIGHTS BEHAVIORAL HEALTH,CO,,,,,,,False
064030,WEST PINES BEHAVIORAL HOSPITAL,CO,,,,,,,False
070002,ST FRANCIS HOSPITAL & MEDICAL CENTER,CT,2.0,63.0,,0.0,6.0,0.0,False
070003,DAY KIMBALL HOSPITAL,CT,2.0,60.0,,0.0,4.0,0.0,False
070004,SHARON HOSPITAL,CT,5.0,77.0,,0.0,5.0,0.0,False
070005,WATERBURY HOSPITAL,CT,2.0,58.0,,0.0,5.0,0.0,False
070006,STAMFORD HOSPITAL,CT,5.0,76.0,,0.0,6.0,0.0,False
070007,LAWRENCE & MEMORIAL HOSPITAL,CT,3.0,65.0,,0.0,5.0,0.0,False
070008,JOHNSON MEMORIAL HOSPITAL,CT,3.0,65.0,,0.0,4.0,0.0,False
070010,BRIDGEPORT HOSPITAL,CT,4.0,65.0,,1.0,6.0,0.16666666666666666,False
070011,CHARLOTTE HUNGERFORD HOSPITAL,CT,3.0,62.0,,0.0,4.0,0.0,False
070016,SAINT MARY'S HOSPITAL,CT,3.0,59.0,,0.0,5.0,0.0,False
070017,MIDSTATE MEDICAL CENTER,CT,4.0,75.0,,0.0,5.0,0.0,False
070018,GREENWICH HOSPITAL ASSOCIATION -,CT,5.0,76.0,,0.0,6.0,0.0,False
070020,MIDDLESEX HOSPITAL,CT,3.0,76.0,,1.0,6.0,0.16666666666666666,False
070021,WINDHAM COMMUNITY MEMORIAL HOSPITAL,CT,3.0,65.0,,0.0,4.0,0.0,False
070022,YALE-NEW HAVEN HOSPITAL,CT,5.0,68.0,,0.0,6.0,0.0,False
070024,WILLIAM W BACKUS HOSPITAL,CT,4.0,61.0,,0.0,5.0,0.0,False
070025,HARTFORD HOSPITAL,CT,4.0,68.0,,1.0,6.0,0.16666666666666666,False
070027,MANCHESTER MEMORIAL HOSPITAL,CT,4.0,59.0,,0.0,5.0,0.0,False
070028,ST VINCENT'S MEDICAL CENTER,CT,4.0,71.0,,0.0,6.0,0.0,False
070029,BRISTOL HOSPITAL,CT,2.0,64.0,,0.0,4.0,0.0,False
070031,GRIFFIN HOSPITAL,CT,4.0,75.0,,0.0,5.0,0.0,False
070033,DANBURY HOSPITAL,CT,4.0,70.0,,0.0,6.0,0.0,False
070034,NORWALK HOSPITAL,CT,3.0,66.0,,0.0,5.0,0.0,False
070035,THE HOSPITAL OF CENTRAL CONNECTICUT,CT,2.0,64.0,,0.0,5.0,0.0,False
070036,JOHN DEMPSEY HOSPITAL OF THE UNIVERSITY OF CONNECT,CT,3.0,80.0,,0.0,5.0,0.0,False
070038,THE CONNECTICUT HOSPICE INC.,CT,,,,0.0,0.0,,False
07003F,WEST HAVEN VA MEDICAL CENTER,CT,3.0,74.0,,0.0,5.0,0.0,False
073300,CONNECTICUT CHILDRENS MEDICAL CENTER,CT,,,,0.0,0.0,,False
074003,CONNECTICUT VALLEY HOSP,CT,,,,,,,False
074008,NATCHAUG HOSPITAL,CT,,,,,,,False
074011,CONNECTICUT MENTAL HEALTH CENTER,CT,,,,,,,False
074012,SOUTHWEST CONNECTICUT MENTAL HEALTH SYSTEM,CT,,,,,,,False
074014,SILVER HILL HOSPITAL INC,CT,,,,,,,False
074015,ALBERT J SOLNIT CHILDREN'S CENTER - SOUTH CAMPUS,CT,,,,,,,False
074016,MASONICARE HEALTH CENTER,CT,,,,,,,False
074017,HEBREW HOME AND HOSPITAL,CT,,,,,,,False
080001,CHRISTIANA HOSPITAL,DE,4.0,67.0,,0.0,6.0,0.0,False
080003,ST FRANCIS HOSPITAL,DE,3.0,65.0,,0.0,5.0,0.0,False
080004,"BAYHEALTH MEDICAL CENTER, KENT CAMPUS",DE,2.0,55.0,,0.0,6.0,0.0,False
080006,"TIDALHEALTH NANTICOKE, INC.",DE,3.0,65.0,,0.0,5.0,0.0,False
080007,BEEBE MEDICAL CENTER,DE,3.0,60.0,,0.0,6.0,0.0,False
080009,"BAYHEALTH HOSPITAL, SUSSEX CAMPUS",DE,3.0,74.0,,0.0,6.0,0.0,False
08002F,WILMINGTON VA MEDICAL CENTER,DE,4.0,65.0,,0.0,4.0,0.0,False
083300,"NEMOURS CHILDREN'S HOSPITAL, DELAWARE",DE,,,,0.0,0.0,,False
084001,DELAWARE PSYCHIATRIC CENTER,DE,,,,,,,False
084002,ROCKFORD CENTER,DE,,,,,,,False
084003,MEADOWWOOD BEHAVIORAL HEALTH SYSTEM,DE,,,,,,,False
084004,DOVER BEHAVIORAL HEALTH SYSTEM,DE,,,,,,,False
084005,SUN BEHAVIORAL DELAWARE LLC,DE,,,,,,,False
090001,GEORGE WASHINGTON UNIV HOSPITAL,DC,2.0,61.0,,0.0,6.0,0.0,False
090003,HOWARD UNIVERSITY HOSPITAL CORP,DC,1.0,52.0,,0.0,5.0,0.0,False
090004,MEDSTAR GEORGETOWN UNIVERSITY HOSPITAL,DC,3.0,71.0,,0.0,5.0,0.0,False
090005,SIBLEY MEMORIAL HOSPITAL,DC,5.0,79.0,,0.0,6.0,0.0,False
090008,UNITED MEDICAL CENTER,DC,3.0,34.0,,0.0,4.0,0.0,False
090011,MEDSTAR WASHINGTON HOSPITAL CENTER,DC,3.0,60.0,,0.0,6.0,0.0,False
09002F,WASHINGTON DC VA MEDICAL CENTER,DC,3.0,58.0,,0.0,6.0,0.0,False
093300,CHILDREN'S NATIONAL HOSPITAL,DC,,,,0.0,0.0,,False
094001,ST ELIZABETHS HOSPITAL,DC,,,,,,,False
094004,PSYCHIATRIC INSTITUTE OF WASHINGTON,DC,,,,,,,False
100001,SHANDS JACKSONVILLE,FL,4.0,70.0,0.95,0.0,5.0,0.0,True
100002,BETHESDA HOSPITAL EAST,FL,2.0,60.0,1.02,0.0,6.0,0.0,True
100006,ORLANDO HEALTH,FL,4.0,74.0,1.0,1.0,6.0,0.16666666666666666,True
100007,ADVENTHEALTH ORLANDO,FL,3.0,74.0,0.99,4.0,6.0,0.6666666666666666,True
100008,BAPTIST HOSPITAL OF MIAMI,FL,5.0,74.0,1.02,0.0,5.0,0.0,True
100012,LEE MEMORIAL HOSPITAL,FL,5.0,72.0,0.95,0.0,6.0,0.0,True
100014,ADVENTHEALTH NEW SMYRNA BEACH,FL,4.0,69.0,0.97,0.0,6.0,0.0,True
100017,HALIFAX HEALTH MEDICAL CENTER,FL,2.0,66.0,1.03,0.0,6.0,0.0,True
100018,NAPLES COMMUNITY HOSPITAL,FL,3.0,66.0,1.02,0.0,6.0,0.0,True
100019,HOLMES REGIONAL MEDICAL CENTER,FL,4.0,64.0,1.08,0.0,6.0,0.0,True
100022,JACKSON HEALTH SYSTEM,FL,1.0,69.0,1.11,1.0,5.0,0.2,True
100023,HCA FLORIDA CITRUS HOSPITAL,FL,2.0,63.0,1.0,1.0,6.0,0.16666666666666666,True
100025,SACRED HEART HOSPITAL,FL,4.0,64.0,1.0,0.0,6.0,0.0,True
100026,ASCENSION SACRED HEART BAY,FL,3.0,72.0,1.08,0.0,5.0,0.0,True
100028,PARRISH MEDICAL CENTER,FL,2.0,61.0,1.05,0.0,6.0,0.0,True
100029,NORTH SHORE MEDICAL CENTER,FL,1.0,46.0,1.14,1.0,6.0,0.16666666666666666,True
100030,ORLANDO HEALTH-HEALTH CENTRAL HOSPITAL,FL,3.0,73.0,0.98,0.0,6.0,0.0,True
100032,ORLANDO HEALTH BAYFRONT HOSPITAL,FL,2.0,67.0,1.11,0.0,6.0,0.0,True
100034,"MOUNT SINAI MEDICAL CENTER OF FLORIDA, INC",FL,3.0,74.0,1.02,0.0,6.0,0.0,True
100035,MANATEE MEMORIAL HOSPITAL,FL,3.0,58.0,1.03,0.0,6.0,0.0,True
100038,MEMORIAL REGIONAL HOSPITAL,FL,3.0,71.0,1.04,1.0,6.0,0.16666666666666666,True
100039,BROWARD HEALTH MEDICAL CENTER,FL,3.0,63.0,1.06,0.0,5.0,0.0,True
100040,ASCENSION ST VINCENT'S RIVERSIDE,FL,3.0,72.0,1.01,0.0,6.0,0.0,True
100043,MEASE DUNEDIN HOSPITAL,FL,4.0,81.0,1.0,0.0,5.0,0.0,True
100044,CLEVELAND CLINIC MARTIN NORTH HOSPITAL,FL,3.0,61.0,1.02,1.0,6.0,0.16666666666666666,True
100045,ADVENTHEALTH DELAND,FL,4.0,68.0,1.0,0.0,5.0,0.0,True
100046,Adventhealth Zephyrhills,FL,4.0,71.0,0.98,0.0,5.0,0.0,True
100049,HCA FLORIDA HIGHLANDS HOSPITAL,FL,3.0,66.0,1.01,0.0,5.0,0.0,True
100050,LARKIN COMMUNITY HOSPITAL PALM SPRINGS CAMPUS,FL,4.0,61.0,1.26,0.0,4.0,0.0,True
100051,ORLANDO HEALTH SOUTH LAKE HOSPITAL,FL,3.0,75.0,0.98,0.0,6.0,0.0,True
100052,WINTER HAVEN HOSPITAL,FL,3.0,65.0,1.0,0.0,5.0,0.0,True
100053,HIALEAH HOSPITAL,FL,3.0,55.0,1.17,0.0,5.0,0.0,True
100054,HCA FLORIDA TWIN CITIES HOSPITAL,FL,5.0,83.0,0.98,1.0,4.0,0.25,True
100055,ADVENTHEALTH NORTH PINELLAS,FL,4.0,74.0,1.02,0.0,5.0,0.0,True
100057,ADVENTHEALTH WATERMAN,FL,4.0,73.0,1.01,0.0,6.0,0.0,True
100062,ADVENTHEALTH OCALA,FL,4.0,68.0,1.01,0.0,6.0,0.0,True
100063,MORTON PLANT NORTH BAY HOSPITAL,FL,3.0,80.0,0.98,0.0,5.0,0.0,True
100067,ST ANTHONYS HOSPITAL,FL,3.0,81.0,1.03,0.0,5.0,0.0,True
100068,ADVENTHEALTH DAYTONA BEACH,FL,5.0,75.0,0.97,0.0,6.0,0.0,True
100069,AdventHealth Carrollwood,FL,3.0,71.0,1.02,0.0,6.0,0.0,True
100071,TAMPA GENERAL HOSPITAL BROOKSVILLE,FL,1.0,54.0,1.04,1.0,5.0,0.2,True
100072,ADVENTHEALTH FISH MEMORIAL,FL,5.0,74.0,0.95,0.0,5.0,0.0,True
100073,HOLY CROSS HOSPITAL,FL,4.0,70.0,1.06,0.0,6.0,0.0,True
100075,ST JOSEPHS HOSPITAL,FL,4.0,77.0,1.01,2.0,5.0,0.4,True
100077,Adventhealth Port Charlotte,FL,1.0,52.0,1.01,0.0,5.0,0.0,True
100080,HCA FLORIDA JFK HOSPITAL,FL,2.0,58.0,1.0,1.0,6.0,0.16666666666666666,True
100084,UF HEALTH LEESBURG HOSPITAL,FL,3.0,67.0,1.04,0.0,6.0,0.0,True
100086,BROWARD HEALTH NORTH,FL,3.0,65.0,1.11,1.0,6.0,0.16666666666666666,True
100087,SARASOTA MEMORIAL HOSPITAL,FL,5.0,77.0,1.05,1.0,6.0,0.16666666666666666,True
100088,BAPTIST HEALTH MEDICAL CENTER - JACKSONVILLE,FL,4.0,77.0,0.98,0.0,6.0,0.0,True
100090,FLAGLER HOSPITAL,FL,3.0,66.0,1.08,0.0,6.0,0.0,True
100093,BAPTIST HOSPITAL,FL,4.0,78.0,1.05,0.0,6.0,0.0,True
100099,ADVENTHEALTH LAKE WALES,FL,2.0,66.0,0.98,0.0,4.0,0.0,True
10009F,BAY PINES VA MEDICAL CENTER,FL,3.0,77.0,,3.0,6.0,0.5,False
100105,CLEVELAND CLINIC INDIAN RIVER HOSPITAL,FL,4.0,58.0,1.01,0.0,6.0,0.0,True
100107,HCA FLORIDA LEHIGH HOSPITAL,FL,2.0,55.0,0.95,0.0,4.0,0.0,True
100109,ADVENTHEALTH SEBRING,FL,3.0,65.0,1.02,0.0,6.0,0.0,True
100110,HCA FLORIDA OSCEOLA HOSPITAL,FL,2.0,60.0,1.06,1.0,5.0,0.2,True
100113,UF HEALTH SHANDS HOSPITAL,FL,5.0,78.0,0.98,1.0,6.0,0.16666666666666666,True
100117,BAPTIST MEDICAL CENTER  BEACHES,FL,4.0,83.0,1.0,0.0,6.0,0.0,True
100118,AdventHealth Palm Coast,FL,5.0,72.0,0.93,0.0,6.0,0.0,True
100121,BARTOW REGIONAL MEDICAL CENTER,FL,3.0,67.0,0.98,0.0,5.0,0.0,True
100122,NORTH OKALOOSA MEDICAL CENTER,FL,3.0,53.0,1.03,1.0,5.0,0.2,True
100124,SANTA ROSA MEDICAL CENTER,FL,4.0,61.0,0.96,0.0,5.0,0.0,True
100125,HOMESTEAD HOSPITAL,FL,4.0,67.0,0.98,0.0,4.0,0.0,True
100126,HCA FLORIDA PASADENA HOSPITAL A PART OF HCA FLORID,FL,4.0,73.0,1.03,0.0,6.0,0.0,True
100127,MORTON PLANT HOSPITAL,FL,4.0,81.0,1.03,0.0,6.0,0.0,True
100128,TAMPA GENERAL HOSPITAL,FL,3.0,71.0,1.0,1.0,6.0,0.16666666666666666,True
100130,LAKESIDE MEDICAL CENTER,FL,,61.0,1.07,0.0,1.0,0.0,False
100131,HCA FLORIDA AVENTURA HOSPITAL,FL,3.0,64.0,1.06,0.0,6.0,0.0,True
100132,SOUTH FLORIDA BAPTIST HOSPITAL,FL,3.0,75.0,1.03,0.0,5.0,0.0,True
100134,ED FRASER MEMORIAL HOSPITAL,FL,1.0,76.0,0.9,0.0,3.0,0.0,True
100135,TALLAHASSEE MEMORIAL HEALTHCARE,FL,3.0,66.0,1.04,0.0,6.0,0.0,True
100137,ADVENTHEALTH HEART OF FLORIDA,FL,3.0,63.0,0.98,0.0,6.0,0.0,True
10013F,NH Jacksonville,FL,,66.0,,0.0,0.0,,False
100140,BAPTIST MEDICAL CENTER - NASSAU,FL,4.0,77.0,0.88,0.0,4.0,0.0,True
100142,JACKSON HOSPITAL,FL,1.0,70.0,1.05,0.0,5.0,0.0,True
100150,LOWER KEYS MEDICAL CENTER,FL,4.0,63.0,0.9,0.0,5.0,0.0,True
100151,MAYO CLINIC,FL,5.0,89.0,1.02,0.0,6.0,0.0,True
100154,SOUTH MIAMI HOSPITAL,FL,4.0,77.0,1.08,0.0,5.0,0.0,True
100156,HCA FLORIDA LAKE CITY HOSPITAL,FL,3.0,61.0,1.01,1.0,5.0,0.2,True
100157,LAKELAND REGIONAL MEDICAL CENTER,FL,1.0,66.0,1.0,2.0,6.0,0.3333333333333333,True
10015F,VA NORTH FLORIDA/SOUTH GEORGIA HEALTHCARE SYSTEM - LAKE CITY,FL,,,,1.0,4.0,0.25,False
100161,CENTRAL FLORIDA LAKE MONROE HOSPITAL,FL,2.0,54.0,1.06,0.0,6.0,0.0,True
100166,HCA FLORIDA SARASOTA DOCTORS HOSPITAL,FL,4.0,68.0,1.03,0.0,6.0,0.0,True
100167,HCA FLORIDA MERCY HOSPITAL,FL,2.0,67.0,1.1,0.0,6.0,0.0,True
100168,BOCA RATON REGIONAL HOSPITAL,FL,2.0,64.0,1.05,0.0,6.0,0.0,True
100173,ADVENTHEALTH TAMPA,FL,3.0,66.0,1.04,0.0,6.0,0.0,True
100175,DESOTO MEMORIAL HOSPITAL,FL,2.0,67.0,1.09,0.0,4.0,0.0,True
100176,PALM BEACH GARDENS MEDICAL CENTER,FL,2.0,55.0,0.99,0.0,6.0,0.0,True
100177,CAPE CANAVERAL HOSPITAL,FL,3.0,70.0,1.04,0.0,6.0,0.0,True
100179,HCA FLORIDA MEMORIAL HOSPITAL,FL,2.0,62.0,1.08,0.0,6.0,0.0,True
100180,HCA FLORIDA ST PETERSBURG HOSPITAL,FL,2.0,66.0,1.06,0.0,4.0,0.0,True
100181,LARKIN COMMUNITY HOSPITAL,FL,1.0,68.0,1.13,1.0,3.0,0.3333333333333333,True
100183,CORAL GABLES HOSPITAL,FL,3.0,64.0,1.17,0.0,4.0,0.0,True
100187,PALMETTO GENERAL HOSPITAL,FL,2.0,56.0,1.08,0.0,6.0,0.0,True
100189,HCA FLORIDA NORTHWEST HOSPITAL,FL,2.0,56.0,1.01,1.0,5.0,0.2,True
100191,HCA FLORIDA TRINITY HOSPITAL,FL,2.0,64.0,1.01,0.0,6.0,0.0,True
100200,BROWARD HEALTH IMPERIAL POINT,FL,3.0,72.0,1.09,0.0,4.0,0.0,True
100204,HCA FLORIDA NORTH FLORIDA HOSPITAL,FL,3.0,59.0,1.0,1.0,6.0,0.16666666666666666,True
100206,HCA FLORIDA SOUTH TAMPA HOSPITAL,FL,5.0,75.0,1.04,0.0,5.0,0.0,True
100209,HCA FLORIDA KENDALL HOSPITAL,FL,4.0,60.0,1.06,0.0,5.0,0.0,True
100211,ADVENTHEALTH DADE CITY,FL,4.0,77.0,1.02,0.0,5.0,0.0,True
100212,MARION COMMUNTIY HOSPITAL,FL,1.0,67.0,1.03,2.0,6.0,0.3333333333333333,True
100213,HCA FLORIDA BLAKE HOSPITAL,FL,2.0,56.0,1.06,1.0,6.0,0.16666666666666666,True
100217,ORLANDO HEALTH SEBASTIAN RIVER HOSPITAL,FL,4.0,56.0,1.01,0.0,5.0,0.0,True
10021F,96th Medical Group (Eglin AFB),FL,,80.0,,0.0,0.0,,False
100220,GULF COAST MEDICAL CENTER LEE HEALTH,FL,4.0,73.0,0.98,0.0,6.0,0.0,True
100223,HCA FLORIDA FORT WALTON-DESTIN HOSPITAL,FL,3.0,64.0,1.06,2.0,6.0,0.3333333333333333,True
100224,UNIVERSITY HOSPITAL AND MEDICAL CENTER,FL,2.0,56.0,1.16,1.0,5.0,0.2,True
100226,HCA FLORIDA ORANGE PARK HOSPITAL,FL,3.0,63.0,1.05,0.0,6.0,0.0,True
100228,WESTSIDE REGIONAL MEDICAL CENTER,FL,2.0,64.0,1.06,1.0,5.0,0.2,True
100230,MEMORIAL HOSPITAL PEMBROKE,FL,4.0,75.0,0.93,0.0,4.0,0.0,True
100231,HCA FLORIDA WEST HOSPITAL,FL,3.0,72.0,1.02,0.0,6.0,0.0,True
100232,HCA FLORIDA PUTNAM HOSPITAL,FL,2.0,57.0,1.0,0.0,6.0,0.0,True
100236,HCA FLORIDA FAWCETT HOSPITAL,FL,1.0,49.0,0.99,2.0,6.0,0.3333333333333333,True
100238,HCA FLORIDA NORTHSIDE HOSPITAL,FL,1.0,53.0,1.05,1.0,6.0,0.16666666666666666,True
100242,HCA FLORIDA GULF COAST HOSPITAL,FL,2.0,61.0,1.08,0.0,6.0,0.0,True
100243,HCA FLORIDA BRANDON HOSPITAL,FL,3.0,56.0,0.99,1.0,6.0,0.16666666666666666,True
100244,CAPE CORAL HOSPITAL,FL,3.0,70.0,0.98,0.0,5.0,0.0,True
100246,HCA FLORIDA LAWNWOOD HOSPITAL,FL,1.0,61.0,1.09,1.0,5.0,0.2,True
100248,HCA FLORIDA LARGO HOSPITAL,FL,2.0,58.0,1.07,1.0,5.0,0.2,True
100249,TAMPA GENERAL HOSPITAL CRYSTAL RIVER,FL,2.0,56.0,0.99,0.0,6.0,0.0,True
100252,HCA FLORIDA RAULERSON HOSPITAL,FL,3.0,66.0,1.0,0.0,5.0,0.0,True
100253,JUPITER MEDICAL CENTER,FL,4.0,79.0,1.01,1.0,6.0,0.16666666666666666,True
100254,HCA FLORIDA CAPITAL HOSPITAL,FL,2.0,60.0,1.01,1.0,6.0,0.16666666666666666,True
100256,HCA FLORIDA BAYONET POINT HOSPITAL,FL,2.0,58.0,1.05,3.0,6.0,0.5,True
100258,DELRAY MEDICAL CENTER,FL,1.0,45.0,1.02,1.0,6.0,0.16666666666666666,True
100259,HCA FLORIDA SOUTH SHORE HOSPITAL,FL,2.0,58.0,0.98,0.0,6.0,0.0,True
100260,ST LUCIE MEDICAL CENTER,FL,1.0,67.0,1.0,4.0,6.0,0.6666666666666666,True
100264,HCA FLORIDA OAK HILL HOSPITAL,FL,1.0,59.0,1.03,2.0,6.0,0.3333333333333333,True
100265,MEASE COUNTRYSIDE HOSPITAL,FL,4.0,80.0,1.01,0.0,5.0,0.0,True
100266,GULF BREEZE HOSPITAL,FL,4.0,83.0,1.05,0.0,5.0,0.0,True
100267,HCA FLORIDA ENGLEWOOD HOSPITAL,FL,3.0,66.0,1.01,0.0,6.0,0.0,True
100268,WEST BOCA MEDICAL CENTER,FL,3.0,52.0,1.0,0.0,4.0,0.0,True
100269,HCA FLORIDA PALMS WEST HOSPITAL,FL,2.0,61.0,0.96,1.0,5.0,0.2,True
100275,WELLINGTON REGIONAL MEDICAL CENTER,FL,2.0,57.0,1.0,1.0,6.0,0.16666666666666666,True
100276,BROWARD HEALTH CORAL SPRINGS,FL,4.0,72.0,1.05,0.0,5.0,0.0,True
100277,DOUGLAS GARDENS HOSPITAL,FL,,,,0.0,0.0,,False
100281,MEMORIAL HOSPITAL WEST,FL,3.0,75.0,0.97,0.0,6.0,0.0,True
100284,KERALTY HOSPITAL,FL,2.0,67.0,1.39,0.0,3.0,0.0,True
100285,MEMORIAL HOSPITAL MIRAMAR,FL,5.0,78.0,1.0,0.0,4.0,0.0,True
100286,PHYSICIANS REGIONAL MEDICAL CENTER - PINE RIDGE,FL,2.0,64.0,1.0,1.0,6.0,0.16666666666666666,True
100287,GOOD SAMARITAN MEDICAL CENTER,FL,2.0,60.0,1.0,0.0,6.0,0.0,True
100288,ST MARY'S MEDICAL CENTER,FL,1.0,56.0,1.04,0.0,3.0,0.0,True
100289,CLEVELAND CLINIC HOSPITAL,FL,5.0,80.0,0.93,0.0,6.0,0.0,True
100290,"VILLAGES REGIONAL HOSPITAL, THE",FL,4.0,64.0,1.04,0.0,6.0,0.0,True
100291,ORLANDO HEALTH MELBOURNE HOSPITAL,FL,3.0,63.0,1.04,0.0,6.0,0.0,True
100292,SACRED HEART HOSPITAL ON THE EMERALD COAST,FL,3.0,73.0,0.94,0.0,5.0,0.0,True
100296,DOCTORS HOSPITAL,FL,5.0,73.0,0.97,0.0,5.0,0.0,True
100298,FLORIDA STATE HOSPITAL UNIT 31 MED,FL,,,,0.0,0.0,,False
100299,LAKEWOOD RANCH MEDICAL CENTER,FL,4.0,67.0,1.09,0.0,6.0,0.0,True
100302,ORLANDO HEALTH ST CLOUD HOSPITAL,FL,2.0,65.0,0.98,1.0,5.0,0.2,True
100307,ASCENSION ST VINCENT'S SOUTHSIDE,FL,4.0,66.0,1.11,0.0,6.0,0.0,True
100313,ASCENSION SACRED HEART GULF,FL,3.0,98.0,,0.0,3.0,0.0,False
100314,WEST KENDALL BAPTIST HOSPITAL,FL,5.0,75.0,0.92,0.0,4.0,0.0,True
100315,VIERA HOSPITAL,FL,5.0,74.0,1.02,0.0,5.0,0.0,True
100316,PALM BAY HOSPITAL,FL,3.0,67.0,1.04,0.0,6.0,0.0,True
100319,ADVENTHEALTH WESLEY CHAPEL,FL,5.0,78.0,0.95,0.0,6.0,0.0,True
100320,HCA FLORIDA POINCIANA HOSPITAL,FL,2.0,64.0,0.91,0.0,5.0,0.0,True
100321,ASCENSION ST VINCENT'S CLAY COUNTY,FL,3.0,72.0,0.89,0.0,6.0,0.0,True
100329,OVIEDO MEDICAL CENTER,FL,3.0,74.0,0.99,0.0,5.0,0.0,True
100330,HALIFAX HEALTH /UF HEALTH MEDICAL CENTER OF DELTON,FL,,73.0,0.96,0.0,2.0,0.0,False
100350,UCF LAKE NONA HOSPITAL,FL,3.0,76.0,0.9,0.0,3.0,0.0,True
100359,SARASOTA MEMORIAL HOSPITAL - VENICE,FL,5.0,86.0,1.02,0.0,6.0,0.0,True
100360,HCA FLORIDA UNIVERSITY HOSPITAL,FL,3.0,69.0,0.99,0.0,3.0,0.0,True
100361,ASCENSION ST VINCENT'S ST JOHNS COUNTY,FL,4.0,76.0,0.97,0.0,3.0,0.0,True
100362,BAYCARE HOSPITAL WESLEY CHAPEL,FL,,82.0,1.0,0.0,2.0,0.0,False
100363,ADVENTHEALTH PALM COAST PARKWAY,FL,4.0,75.0,0.88,0.0,3.0,0.0,True
100364,ADVENTHEALTH RIVERVIEW,FL,,,,0.0,0.0,,False
100365,NORTH WALTON DOCTORS HOSPITAL,FL,,,,0.0,0.0,,False
10057F,VA NORTH FLORIDA/SOUTH GEORGIA HEALTHCARE SYSTEM - GAINESVILLE,FL,4.0,78.0,,1.0,6.0,0.16666666666666666,False
10063F,TAMPA VA MEDICAL CENTER,FL,4.0,78.0,,0.0,6.0,0.0,False
10064F,MIAMI VA MEDICAL CENTER,FL,4.0,74.0,,0.0,6.0,0.0,False
10065F,W PALM BEACH VA MEDICAL CENTER,FL,3.0,75.0,,1.0,6.0,0.16666666666666666,False
10099F,ORLANDO VA MEDICAL CENTER,FL,5.0,80.0,,0.0,6.0,0.0,False
101300,ADVENTHEALTH WAUCHULA,FL,,,,0.0,0.0,,False
101303,LAKE BUTLER HOSPITAL,FL,,95.0,,0.0,0.0,,False
101304,CALHOUN-LIBERTY HOSPITAL,FL,,,,0.0,2.0,0.0,False
101305,GEORGE E WEEMS MEMORIAL HOSPITAL,FL,,,,0.0,0.0,,False
101307,DOCTORS MEMORIAL HOSPITAL,FL,2.0,,,0.0,2.0,0.0,False
101308,NORTHWEST FLORIDA COMMUNITY HOSPITAL,FL,2.0,61.0,,0.0,4.0,0.0,False
101309,HENDRY REGIONAL MEDICAL CENTER,FL,,,,0.0,1.0,0.0,False
101311,MADISON COUNTY MEMORIAL HOSPITAL,FL,,,,0.0,1.0,0.0,False
101312,FISHERMEN'S COMMUNITY HOSPITAL,FL,,,,0.0,1.0,0.0,False
101313,MARINERS HOSPITAL,FL,5.0,89.0,,0.0,3.0,0.0,False
101314,DOCTORS MEMORIAL HOSPITAL INC,FL,,,,0.0,0.0,,False
101315,JAY HOSPITAL,FL,,90.0,,0.0,1.0,0.0,False
103300,JOHNS HOPKINS ALL CHILDREN'S HOSPITAL,FL,,,,0.0,0.0,,False
103301,NICKLAUS CHILDREN'S HOSPITAL,FL,,,,0.0,0.0,,False
103304,"NEMOURS CHILDRENS HOSPITAL, FLORIDA",FL,,,,0.0,0.0,,False
104000,FLORIDA STATE HOSPITAL UNIT 14 PSYCH,FL,,,,,,,False
104001,SOUTH FLORIDA STATE HOSPITAL,FL,,,,,,,False
104007,NORTHEAST FLORIDA STATE HOSPITAL,FL,,,,,,,False
104016,RIVER POINT BEHAVIORAL HEALTH,FL,,,,,,,False
104017,WINDMOOR HEALTHCARE OF CLEARWATER,FL,,,,,,,False
104018,LIFESTREAM BEHAVIORAL CENTER,FL,,,,,,,False
104024,"CIRCLES OF CARE, INC",FL,,,,,,,False
104026,FORT LAUDERDALE BEHAVIORAL HEALTH CENTER,FL,,,,,,,False
104040,CENTERSTONE OF FLORIDA,FL,,,,,,,False
104049,SOUTHERN WINDS HOSPITAL,FL,,,,,,,False
104057,SPRINGBROOK HOSPITAL,FL,,,,,,,False
104059,EASTSIDE PSYCHIATRIC HOSPITAL,FL,,,,,,,False
104063,"WILLOUGH AT NAPLES, THE",FL,,,,,,,False
104067,ASPIRE HEALTH PARTNERS,FL,,,,,,,False
104069,WEKIVA SPRINGS,FL,,,,,,,False
104070,PORT ST LUCIE HOSPITAL,FL,,,,,,,False
104071,THE VINES HOSPITAL,FL,,,,,,,False
104072,CENTRAL FLORIDA BEHAVIORAL HOSPITAL,FL,,,,,,,False
104073,EMERALD COAST BEHAVIORAL HOSPITAL,FL,,,,,,,False
104074,PARK ROYAL HOSPITAL,FL,,,,,,,False
104075,NORTH TAMPA BEHAVIORAL HEALTH,FL,,,,,,,False
104076,UNIVERSITY BEHAVIORAL CENTER,FL,,,,,,,False
104078,SUNCOAST BEHAVIORAL HEALTH CENTER,FL,,,,,,,False
104079,LARKIN COMMUNITY HOSPITAL BEHAVIORAL HEALTH SRVS,FL,,,,,,,False
104080,CORAL SHORES BEHAVIORAL HEALTH,FL,,,,,,,False
104081,BLACKBERRY CENTER - OGLETHORPE OF ORLANDO,FL,,,,,,,False
104082,PALM POINT BEHAVIORAL HEALTH,FL,,,,,,,False
104084,NEUROBEHAVIORAL HOSPITAL OF THE PALM BEACHES-NORTH,FL,,,,,,,False
104085,NEUROBEHAVIORAL HOSPITAL OF THE PALM BEACHES-SOUTH,FL,,,,,,,False
104087,NORTH PORT BEHAVIORAL HEALTH,FL,,,,,,,False
110001,HAMILTON MEDICAL CENTER,GA,3.0,66.0,0.94,0.0,5.0,0.0,True
110002,UPSON REGIONAL MEDICAL CENTER,GA,1.0,72.0,1.02,0.0,5.0,0.0,True
110003,Memorial Satilla Health,GA,3.0,63.0,0.99,1.0,5.0,0.2,True
110005,NORTHSIDE HOSPITAL FORSYTH,GA,4.0,81.0,0.96,0.0,6.0,0.0,True
110006,ST MARY'S HOSPITAL,GA,1.0,73.0,0.99,1.0,6.0,0.16666666666666666,True
110007,PHOEBE PUTNEY MEMORIAL HOSPITAL,GA,2.0,55.0,0.93,0.0,6.0,0.0,True
110008,NORTHSIDE HOSPITAL CHEROKEE,GA,4.0,87.0,0.94,0.0,6.0,0.0,True
110010,EMORY UNIVERSITY HOSPITAL,GA,4.0,76.0,0.94,0.0,6.0,0.0,True
110011,TANNER MEDICAL CENTER - CARROLLTON,GA,2.0,69.0,1.05,0.0,5.0,0.0,True
110015,TANNER MEDICAL CENTER VILLA RICA,GA,3.0,76.0,1.01,0.0,5.0,0.0,True
110016,WELLSTAR WEST GEORGIA MEDICAL CENTER,GA,5.0,76.0,0.93,0.0,5.0,0.0,True
110018,PIEDMONT NEWTON HOSPITAL,GA,3.0,61.0,0.98,0.0,6.0,0.0,True
110023,ADVENTHEALTH GORDON,GA,3.0,74.0,0.87,0.0,5.0,0.0,True
110024,CANDLER HOSPITAL,GA,2.0,69.0,1.01,0.0,4.0,0.0,True
110025,SOUTHEAST GEORGIA HEALTH SYSTEM- BRUNSWICK CAMPUS,GA,2.0,57.0,0.96,0.0,6.0,0.0,True
110027,"TY COBB REGIONAL MEDICAL CENTER, LLC",GA,3.0,70.0,0.95,0.0,4.0,0.0,True
110028,PIEDMONT AUGUSTA HOSPITAL,GA,2.0,67.0,1.02,0.0,6.0,0.0,True
110029,"NORTHEAST GEORGIA MEDICAL CENTER, INC",GA,3.0,69.0,0.96,0.0,6.0,0.0,True
110030,PIEDMONT CARTERSVILLE MEDICAL CENTER,GA,3.0,67.0,0.94,0.0,5.0,0.0,True
110031,WELLSTAR SPALDING MEDICAL CENTER,GA,2.0,57.0,1.0,0.0,5.0,0.0,True
110032,STEPHENS COUNTY HOSPITAL,GA,2.0,74.0,0.89,0.0,4.0,0.0,True
110034,"WELLSTAR MCG HEALTH, AFFILIATED WITH MED COL",GA,1.0,64.0,1.04,0.0,5.0,0.0,True
110035,WELLSTAR KENNESTONE REGIONAL MEDICAL CENTER,GA,4.0,67.0,0.95,0.0,6.0,0.0,True
110036,SAVANNAH HEALTH SERVICES LLC DBA MEMORIAL HEALTH UNIVERSITY MEDICAL CENTER,GA,1.0,64.0,1.05,0.0,6.0,0.0,True
110038,ARCHBOLD MEMORIAL HOSPITAL,GA,2.0,67.0,1.0,0.0,6.0,0.0,True
110041,NORTHEAST GEORGIA MEDICAL CENTER HABERSHAM,GA,3.0,70.0,0.84,0.0,4.0,0.0,True
110042,WELLSTAR PAULDING MEDICAL CENTER,GA,4.0,79.0,0.88,0.0,5.0,0.0,True
110043,ST JOSEPH'S HOSPITAL - SAVANNAH,GA,2.0,74.0,1.05,0.0,6.0,0.0,True
110044,PHOEBE SUMTER MEDICAL CENTER,GA,3.0,68.0,0.88,0.0,4.0,0.0,True
110045,"NGMC BARROW, LLC",GA,4.0,63.0,0.85,0.0,4.0,0.0,True
110046,PIEDMONT WALTON HOSPITAL,GA,4.0,66.0,0.95,0.0,4.0,0.0,True
110050,ADVENTHEALTH MURRAY,GA,5.0,85.0,0.78,0.0,3.0,0.0,True
110051,UNION GENERAL HOSPITAL,GA,3.0,77.0,1.06,0.0,5.0,0.0,True
110054,ATRIUM HEALTH FLOYD MEDICAL CENTER,GA,2.0,73.0,0.99,0.0,6.0,0.0,True
110064,PIEDMONT COLUMBUS REGIONAL MIDTOWN,GA,2.0,67.0,1.08,0.0,5.0,0.0,True
110069,EMORY HOUSTON HOSPITAL WARNER ROBINS,GA,2.0,56.0,0.94,0.0,6.0,0.0,True
110071,APPLING HEALTHCARE,GA,,,0.9,0.0,2.0,0.0,False
110073,DORMINY MEDICAL CENTER,GA,,60.0,0.88,0.0,3.0,0.0,False
110074,PIEDMONT ATHENS REGIONAL MEDICAL CENTER,GA,4.0,78.0,0.95,0.0,5.0,0.0,True
110075,EAST GEORGIA REGIONAL MEDICAL CENTER,GA,3.0,68.0,1.04,0.0,6.0,0.0,True
110076,EMORY DECATUR HOSPITAL,GA,2.0,61.0,0.97,0.0,6.0,0.0,True
110078,EMORY UNIVERSITY HOSPITAL MIDTOWN,GA,2.0,71.0,0.95,0.0,5.0,0.0,True
110079,GRADY MEMORIAL HOSPITAL,GA,2.0,68.0,0.98,0.0,5.0,0.0,True
110082,"SAINT JOSEPH'S HOSPITAL OF ATLANTA, INC",GA,3.0,76.0,0.93,0.0,5.0,0.0,True
110083,"PIEDMONT HOSPITAL, INC",GA,4.0,74.0,0.94,0.0,6.0,0.0,True
110086,WASHINGTON COUNTY REGIONAL MEDICAL CENTER,GA,,60.0,1.03,0.0,2.0,0.0,False
110087,NORTHSIDE HOSPITAL GWINNETT,GA,3.0,70.0,1.03,0.0,6.0,0.0,True
110089,"COFFEE REGIONAL MEDICAL CENTER, INC",GA,3.0,62.0,0.99,0.0,5.0,0.0,True
110091,PIEDMONT ROCKDALE HOSPITAL,GA,3.0,57.0,0.96,0.0,5.0,0.0,True
110092,DODGE COUNTY HOSPITAL,GA,,76.0,1.17,0.0,2.0,0.0,False
110095,TIFT REGIONAL MEDICAL CENTER,GA,3.0,66.0,0.93,0.0,5.0,0.0,True
110100,JEFFERSON HOSPITAL,GA,,57.0,,0.0,2.0,0.0,False
110101,"SOUTHWELL MEDICAL, A CAMPUS OF TRMC",GA,,93.0,0.92,0.0,1.0,0.0,False
110104,CRISP REGIONAL HOSPITAL,GA,2.0,63.0,0.87,0.0,4.0,0.0,True
110105,COLQUITT REGIONAL MEDICAL CENTER,GA,4.0,79.0,0.91,0.0,5.0,0.0,True
110107,ATRIUM HEALTH NAVICENT THE MEDICAL CENTER,GA,2.0,59.0,1.01,0.0,6.0,0.0,True
110109,EMANUEL MEDICAL CENTER,GA,4.0,65.0,0.91,0.0,4.0,0.0,True
110111,UNIVERSITY MCDUFFIE COUNTY REGIONAL MEDICAL CENTER,GA,,72.0,0.89,0.0,3.0,0.0,False
110113,BURKE MEDICAL CENTER,GA,,86.0,1.01,0.0,1.0,0.0,False
110121,GRADY GENERAL HOSPITAL,GA,,69.0,0.97,0.0,2.0,0.0,False
110122,SGMC HEALTH,GA,2.0,67.0,0.95,1.0,5.0,0.2,True
110124,WAYNE MEMORIAL HOSPITAL,GA,3.0,68.0,1.1,0.0,4.0,0.0,True
110125,FAIRVIEW PARK HOSPITAL,GA,4.0,74.0,0.96,0.0,5.0,0.0,True
110128,MEMORIAL HEALTH MEADOWS HOSPITAL,GA,5.0,76.0,0.89,0.0,5.0,0.0,True
110129,ST FRANCIS HOSPITAL- EMORY HEALTHCARE,GA,3.0,68.0,1.0,0.0,5.0,0.0,True
110132,MEMORIAL HOSPITAL AND MANOR,GA,1.0,52.0,0.88,0.0,3.0,0.0,True
110142,EVANS MEMORIAL HOSPITAL,GA,,77.0,1.04,0.0,2.0,0.0,False
110143,WELLSTAR COBB MEDICAL CENTER,GA,3.0,68.0,0.95,0.0,5.0,0.0,True
110146,SOUTHEAST GEORGIA HEALTH SYSTEM -- CAMDEN CAMPUS,GA,4.0,64.0,0.93,0.0,3.0,0.0,True
110150,NAVICENT HEALTH BALDWIN,GA,2.0,56.0,0.86,0.0,4.0,0.0,True
110161,NORTHSIDE HOSPITAL,GA,3.0,75.0,0.93,0.0,6.0,0.0,True
110164,"COLISEUM MEDICAL CENTERS, LLC, DBA",GA,3.0,69.0,1.01,0.0,5.0,0.0,True
110165,SOUTHERN REGIONAL MEDICAL CENTER,GA,1.0,48.0,1.05,0.0,3.0,0.0,True
110168,ADVENTHEALTH REDMOND,GA,4.0,78.0,0.97,0.0,6.0,0.0,True
110177,DOCTORS HOSPITAL,GA,3.0,73.0,0.97,0.0,6.0,0.0,True
110184,WELLSTAR DOUGLAS MEDICAL CENTER,GA,3.0,69.0,0.91,0.0,5.0,0.0,True
110190,FLINT RIVER COMMUNITY HOSPITAL,GA,,,,0.0,0.0,,False
110191,PIEDMONT HENRY HOSPITAL,GA,2.0,57.0,0.99,0.0,6.0,0.0,True
110192,PIEDMONT EASTSIDE MEDICAL CENTER,GA,2.0,56.0,1.01,0.0,6.0,0.0,True
110194,DONALSONVILLE HOSPITAL INC,GA,,69.0,0.82,0.0,2.0,0.0,False
110198,WELLSTAR NORTH FULTON MEDICAL CENTER,GA,2.0,64.0,0.95,0.0,5.0,0.0,True
110200,PIEDMONT COLUMBUS REGIONAL NORTHSIDE,GA,5.0,79.0,1.07,0.0,5.0,0.0,True
110201,PIEDMONT MACON NORTH HOSPITAL,GA,4.0,70.0,1.0,0.0,3.0,0.0,True
110209,TURNING POINT HOSPITAL,GA,,,1.29,0.0,1.0,0.0,False
110215,PIEDMONT FAYETTE HOSPITAL,GA,3.0,73.0,0.93,0.0,6.0,0.0,True
110225,PIEDMONT MOUNTAINSIDE HOSPITAL INC,GA,4.0,70.0,0.91,0.0,4.0,0.0,True
110226,EMORY HILLANDALE HOSPITAL,GA,1.0,64.0,0.9,0.0,3.0,0.0,True
110229,"PIEDMONT NEWNAN HOSPITAL, INC",GA,4.0,70.0,0.92,0.0,6.0,0.0,True
110230,EMORY JOHNS CREEK HOSPITAL,GA,4.0,72.0,0.9,0.0,6.0,0.0,True
110233,"SOUTHEASTERN REGIONAL MEDICAL CENTER, INC",GA,5.0,95.0,1.08,0.0,1.0,0.0,True
110234,SGMC BERRIEN CAMPUS,GA,,,,0.0,0.0,,False
110236,CHI MEMORIAL HOSPITAL- GEORGIA,GA,3.0,76.0,1.08,0.0,3.0,0.0,True
110237,NORTHEAST GEORGIA MEDICAL CENTER LUMPKIN,GA,5.0,86.0,0.83,0.0,4.0,0.0,True
110252,NORTHSIDE HOSPITAL DULUTH,GA,4.0,71.0,0.96,0.0,4.0,0.0,True
110253,SOUTH GEORGIA SPECIALTY HOSPITAL,GA,,,,0.0,0.0,,False
110256,TAYLOR REGIONAL HOSPITAL,GA,,,,0.0,0.0,,False
11029F,DECATUR (ATLANTA) VA MEDICAL CENTER,GA,3.0,57.0,,0.0,6.0,0.0,False
11030F,AUGUSTA VA MEDICAL CENTER,GA,4.0,72.0,,0.0,6.0,0.0,False
11031F,DUBLIN VA MEDICAL CENTER,GA,,,,0.0,4.0,0.0,False
11032F,Martin ACH (FT Benning),GA,,82.0,,0.0,0.0,,False
11033F,Dwight Eisenhower AMC (FT Gordon),GA,,81.0,,0.0,0.0,,False
11035F,Winn ACH (FT Stewart),GA,,71.0,,0.0,0.0,,False
110779,IRWIN COUNTY HOSPITAL,GA,,,,0.0,0.0,,False
111302,BLECKLEY MEMORIAL HOSPITAL,GA,,,,0.0,1.0,0.0,False
111303,JASPER MEMORIAL HOSPITAL,GA,,,,0.0,0.0,,False
111304,MORGAN MEDICAL CENTER,GA,,85.0,,0.0,1.0,0.0,False
111305,MILLER COUNTY HOSPITAL,GA,,,,0.0,1.0,0.0,False
111306,EFFINGHAM HEALTH SYSTEM,GA,,73.0,,0.0,2.0,0.0,False
111308,CLINCH MEMORIAL HOSPITAL,GA,,79.0,,0.0,0.0,,False
111310,ATRIUM HEALTH NAVICENT PEACH,GA,1.0,74.0,,0.0,4.0,0.0,False
111311,JENKINS COUNTY MEDICAL CENTER,GA,,,,0.0,0.0,,False
111312,OPTIM MEDICAL CENTER - SCREVEN,GA,,,,0.0,0.0,,False
111313,PUTNAM GENERAL HOSPITAL,GA,,,,0.0,2.0,0.0,False
111314,LIFEBRITE COMMUNITY HOSPITAL OF EARLY,GA,,,,0.0,0.0,,False
111316,WARM SPRINGS MEDICAL CENTER,GA,,,,0.0,0.0,,False
111318,MONROE COUNTY HOSPITAL,GA,,72.0,,0.0,1.0,0.0,False
111319,WELLSTAR SYLVAN GROVE MEDICAL CENTER,GA,,76.0,,0.0,0.0,,False
111320,HIGGINS GENERAL HOSPITAL,GA,,86.0,,0.0,0.0,,False
111323,OPTIM MEDICAL CENTER - TATTNALL,GA,,86.0,,0.0,2.0,0.0,False
111324,CHATUGE REGIONAL HOSPITAL,GA,,70.0,,0.0,2.0,0.0,False
111325,WILLS MEMORIAL HOSPITAL,GA,,77.0,,0.0,1.0,0.0,False
111326,SGMC HEALTH LANIER,GA,,80.0,,0.0,0.0,,False
111327,BACON COUNTY HOSPITAL,GA,,77.0,,0.0,2.0,0.0,False
111328,PHOEBE WORTH MEDICAL CENTER,GA,,,,0.0,1.0,0.0,False
111329,ST MARYS GOOD SAMARITAN HOSPITAL,GA,4.0,87.0,,0.0,4.0,0.0,False
111330,ATRIUM HEALTH FLOYD POLK MEDICAL CENTER,GA,,,,0.0,1.0,0.0,False
111331,ARCHBOLD MITCHELL,GA,,75.0,,0.0,0.0,,False
111332,ARCHBOLD BROOKS,GA,,,,0.0,0.0,,False
111333,JEFF DAVIS HOSPITAL,GA,,72.0,,0.0,2.0,0.0,False
111334,CANDLER COUNTY HOSPITAL,GA,,,,0.0,1.0,0.0,False
111335,LIBERTY REGIONAL MEDICAL CENTER,GA,,62.0,,0.0,2.0,0.0,False
111336,MOUNTAIN LAKES MEDICAL CENTER,GA,,,,0.0,1.0,0.0,False
111337,ELBERT MEMORIAL HOSPITAL,GA,,72.0,,0.0,2.0,0.0,False
111338,BLUE RIDGE MEDICAL CENTER,GA,,,,0.0,0.0,,False
113300,ATHUR M BLANK HOSPITAL,GA,,,,0.0,0.0,,False
113301,CHILDREN'S HEALTHCARE OF ATLANTA AT SCOTTISH RITE,GA,,,,0.0,0.0,,False
114004,SUMMITRIDGE CENTER- PSYCHIATRY & ADDICTIVE MED,GA,,,,,,,False
114008,COASTAL HARBOR TREATMENT CENTER,GA,,,,,,,False
114010,PEACHFORD BEHAVIORAL HEALTH SYSTEM OF ATLANTA,GA,,,,,,,False
114012,RIDGEVIEW INSTITUTE,GA,,,,,,,False
114013,WEST CENTRAL GEORGIA REGIONAL HOSPITAL,GA,,,,,,,False
114016,ST SIMONS-BY-THE-SEA,GA,,,,,,,False
114019,GEORGIA REGIONAL HOSPITAL ATLANTA,GA,,,,,,,False
114028,GEORGIA REGIONAL HOSP SAVANNAH,GA,,,,,,,False
114029,EAST CENTRAL REGIONAL HOSPITAL,GA,,,,,,,False
114032,SO CRESCENT BEH HLTH SYS - ANCHOR HOSPITAL CAMPUS,GA,,,,,,,False
114035,RIVERWOODS BEHAVIORAL HEALTH SYSTEM,GA,,,,,,,False
114036,GREENLEAF CENTER,GA,,,,,,,False
114037,RIDGEVIEW INSTITUTE MONROE,GA,,,,,,,False
120001,THE QUEENS MEDICAL CENTER,HI,3.0,76.0,0.93,0.0,6.0,0.0,True
120002,MAUI MEMORIAL MEDICAL CENTER,HI,2.0,63.0,0.86,0.0,5.0,0.0,True
120005,HILO BENIOFF MEDICAL CENTER,HI,3.0,64.0,0.89,0.0,5.0,0.0,True
120006,ADVENTIST HEALTH CASTLE,HI,4.0,77.0,0.91,0.0,6.0,0.0,True
120007,KUAKINI MEDICAL CENTER,HI,4.0,57.0,0.94,0.0,5.0,0.0,True
120011,KAISER FOUNDATION HOSPITAL,HI,4.0,80.0,0.82,0.0,3.0,0.0,True
120014,WILCOX MEMORIAL HOSPITAL,HI,2.0,69.0,0.82,0.0,3.0,0.0,True
120019,KONA COMMUNITY HOSPITAL,HI,2.0,63.0,0.85,0.0,4.0,0.0,True
12001F,Tripler AMC (FT Shafter),HI,,71.0,,0.0,0.0,,False
120022,STRAUB CLINIC AND HOSPITAL,HI,4.0,76.0,0.95,0.0,6.0,0.0,True
120026,PALI MOMI MEDICAL CENTER,HI,4.0,79.0,0.92,0.0,5.0,0.0,True
120028,"NORTH HAWAII COMMUNITY HOSPITAL, INC",HI,3.0,78.0,0.85,0.0,3.0,0.0,True
121300,KAUAI VETERANS MEMORIAL HOSPITAL,HI,,86.0,,0.0,1.0,0.0,False
121301,KAU HOSPITAL,HI,,,,0.0,0.0,,False
121302,KOHALA HOSPITAL,HI,,,,0.0,0.0,,False
121303,MOLOKAI GENERAL HOSPITAL,HI,,,,0.0,0.0,,False
121304,KAHUKU MEDICAL CENTER,HI,,64.0,,0.0,0.0,,False
121305,LANAI COMMUNITY HOSPITAL,HI,,,,0.0,0.0,,False
121306,SAMUEL MAHELONA MEMORIAL HOSPITAL,HI,,,,0.0,0.0,,False
121307,HONOKA'A HOSPITAL AND SKILLED NURSING,HI,,,,0.0,0.0,,False
121308,KULA HOSPITAL,HI,,,,0.0,0.0,,False
123300,KAPIOLANI MEDICAL CENTER FOR WOMEN & CHILDREN,HI,,,,0.0,0.0,,False
123301,SHRINERS HOSPITAL FOR CHILDREN,HI,,,,0.0,0.0,,False
124001,KAHI MOHALA,HI,,,,,,,False
130002,ST LUKES MAGIC VALLEY MEDICAL CENTER,ID,4.0,61.0,0.94,0.0,5.0,0.0,True
130003,ST JOSEPH REGIONAL MEDICAL CENTER,ID,2.0,58.0,1.07,0.0,5.0,0.0,True
130006,ST LUKE'S REGIONAL MEDICAL CENTER,ID,5.0,81.0,0.96,0.0,6.0,0.0,True
130007,SAINT ALPHONSUS REGIONAL MEDICAL CENTER,ID,3.0,77.0,1.02,0.0,6.0,0.0,True
130013,SAINT ALPHONSUS MEDICAL CENTER - NAMPA,ID,3.0,78.0,0.98,0.0,6.0,0.0,True
130014,WEST VALLEY MEDICAL CENTER,ID,5.0,74.0,0.91,0.0,3.0,0.0,True
130018,EASTERN IDAHO REGIONAL MEDICAL CENTER,ID,3.0,66.0,1.0,0.0,6.0,0.0,True
130025,MADISON MEMORIAL HOSPITAL,ID,,63.0,1.01,0.0,3.0,0.0,False
130028,PORTNEUF MEDICAL CENTER,ID,4.0,58.0,1.0,0.0,6.0,0.0,True
13003F,BOISE VA MEDICAL CENTER,ID,5.0,89.0,,0.0,6.0,0.0,False
130049,KOOTENAI HEALTH,ID,4.0,72.0,1.0,0.0,6.0,0.0,True
130063,TREASURE VALLEY HOSPITAL,ID,,90.0,0.9,0.0,1.0,0.0,False
130065,MOUNTAIN VIEW HOSPITAL,ID,3.0,81.0,0.97,0.0,2.0,0.0,True
130066,NORTHWEST SPECIALTY HOSPITAL,ID,,85.0,0.97,0.0,2.0,0.0,False
130071,ST LUKE'S NAMPA MEDICAL CENTER,ID,5.0,81.0,0.92,0.0,4.0,0.0,True
130073,GROVE CREEK MEDICAL CENTER,ID,,88.0,,0.0,0.0,,False
130074,"IDAHO FALLS COMMUNITY HOSPITAL, LLC",ID,4.0,80.0,1.01,0.0,5.0,0.0,True
130779,CASCADE MEDICAL CENTER,ID,,,,0.0,0.0,,False
131301,BOUNDARY COMMUNITY HOSPITAL,ID,,,,0.0,1.0,0.0,False
131302,NORTH CANYON MEDICAL CENTER,ID,,93.0,,0.0,2.0,0.0,False
131303,NELL J REDFIELD MEMORIAL HOSPITAL,ID,,,,0.0,2.0,0.0,False
131304,POWER COUNTY HOSPITAL DISTRICT,ID,,,,0.0,0.0,,False
131305,STEELE MEMORIAL MEDICAL CENTER,ID,3.0,75.0,,0.0,4.0,0.0,False
131307,WEISER MEMORIAL HOSPITAL,ID,,73.0,,0.0,1.0,0.0,False
131309,CARIBOU MEDICAL CENTER,ID,,76.0,,0.0,1.0,0.0,False
131310,ST LUKE'S JEROME,ID,,60.0,,0.0,1.0,0.0,False
131311,ST LUKE'S ELMORE MEDICAL CENTER,ID,5.0,79.0,,0.0,3.0,0.0,False
131312,ST LUKE'S MCCALL,ID,,84.0,,0.0,2.0,0.0,False
131313,TETON VALLEY HOSPITAL,ID,,,,0.0,1.0,0.0,False
131314,SHOSHONE MEDICAL CENTER,ID,3.0,84.0,,0.0,3.0,0.0,False
131315,SYRINGA GENERAL HOSPITAL,ID,,80.0,,0.0,2.0,0.0,False
131316,BEAR LAKE MEMORIAL HOSPITAL,ID,,76.0,,0.0,2.0,0.0,False
131317,BENEWAH COMMUNITY HOSPITAL,ID,,,,0.0,1.0,0.0,False
131318,VALOR HEALTH,ID,,,,0.0,0.0,,False
131319,MINIDOKA MEMORIAL HOSPITAL,ID,,70.0,,0.0,2.0,0.0,False
131320,CLEARWATER VALLEY HOSPITAL & CLINICS,ID,2.0,58.0,,0.0,4.0,0.0,False
131321,ST MARY'S HOSPITAL,ID,,75.0,,0.0,2.0,0.0,False
131322,FRANKLIN COUNTY MEDICAL CENTER,ID,3.0,77.0,,0.0,3.0,0.0,False
131323,ST LUKE'S WOOD RIVER MEDICAL CENTER,ID,4.0,81.0,,0.0,3.0,0.0,False
131324,LOST RIVERS MEDICAL CENTER,ID,,,,0.0,0.0,,False
131325,BINGHAM MEMORIAL HOSPITAL,ID,,68.0,,0.0,4.0,0.0,False
131326,CASSIA REGIONAL HOSPITAL,ID,3.0,67.0,,0.0,3.0,0.0,False
131327,GRITMAN MEDICAL CENTER,ID,3.0,73.0,,0.0,3.0,0.0,False
131328,BONNER GENERAL HOSPITAL,ID,2.0,72.0,,0.0,2.0,0.0,False
134002,INTERMOUNTAIN HOSPITAL,ID,,,,,,,False
134009,LIFEWAYS HOSPITAL,ID,,,,,,,False
134010,STATE HOSPITAL SOUTH,ID,,,,,,,False
134017,COTTONWOOD CREEK BEHAVIORAL HOSPITAL,ID,,,,,,,False
140001,GRAHAM HOSPITAL ASSOCIATION,IL,3.0,63.0,0.93,0.0,5.0,0.0,True
140002,ALTON MEMORIAL HOSPITAL,IL,4.0,75.0,0.93,0.0,6.0,0.0,True
140007,SAINT JOSEPH MEDICAL CENTER,IL,1.0,49.0,1.07,1.0,6.0,0.16666666666666666,True
140008,LOYOLA GOTTLIEB MEMORIAL HOSPITAL,IL,3.0,62.0,1.01,0.0,5.0,0.0,True
140010,NORTHSHORE UNIVERSITY HEALTHSYSTEM - EVANSTON HOSPITAL,IL,5.0,70.0,0.97,0.0,6.0,0.0,True
140011,HERRIN HOSPITAL,IL,1.0,71.0,1.01,1.0,5.0,0.2,True
140012,OSF SAINT KATHARINE MEDICAL CENTER,IL,2.0,64.0,0.96,0.0,5.0,0.0,True
140013,CARLE HEALTH PROCTOR HOSPITAL,IL,3.0,61.0,0.99,0.0,5.0,0.0,True
140015,BLESSING HOSPITAL,IL,4.0,68.0,1.0,0.0,6.0,0.0,True
140018,MT SINAI HOSPITAL MEDICAL CENTER,IL,1.0,47.0,0.99,0.0,5.0,0.0,True
140029,COPLEY MEMORIAL HOSPITAL,IL,4.0,69.0,0.96,0.0,6.0,0.0,True
140030,ADVOCATE SHERMAN HOSPITAL,IL,4.0,74.0,0.99,0.0,5.0,0.0,True
140032,ST ANTHONYS MEMORIAL HOSPITAL,IL,3.0,67.0,0.94,0.0,4.0,0.0,True
140034,SSM HEALTH ST MARY'S HOSPITAL -CENTRALIA,IL,3.0,61.0,0.92,0.0,4.0,0.0,True
14003F,JESSE BROWN VA MEDICAL CENTER - VA CHICAGO HEALTHCARE SYSTEM,IL,4.0,69.0,,0.0,6.0,0.0,False
140043,CGH MEDICAL CENTER,IL,1.0,65.0,0.96,0.0,6.0,0.0,True
140046,GOOD SAMARITAN REGIONAL HLTH CENTER,IL,4.0,67.0,0.98,0.0,6.0,0.0,True
140048,ADVOCATE TRINITY HOSPITAL,IL,2.0,56.0,0.94,0.0,6.0,0.0,True
140049,WEST SUBURBAN MEDICAL CENTER,IL,1.0,48.0,0.95,0.0,4.0,0.0,True
14004F,VA ILLIANA HEALTHCARE SYSTEM - DANVILLE,IL,,73.0,,0.0,3.0,0.0,False
140052,OSF SAINT ANTHONY'S HEALTH CENTER,IL,4.0,76.0,1.0,0.0,5.0,0.0,True
140053,ST JOHNS HOSPITAL,IL,2.0,63.0,1.05,0.0,5.0,0.0,True
140054,MACNEAL  HOSPITAL,IL,3.0,58.0,0.98,0.0,5.0,0.0,True
140059,JERSEY COMMUNITY HOSPITAL,IL,3.0,82.0,1.0,0.0,5.0,0.0,True
140062,PALOS COMMUNITY HOSPITAL,IL,4.0,67.0,0.99,0.0,6.0,0.0,True
140063,RUSH OAK PARK HOSPITAL,IL,4.0,64.0,0.9,0.0,5.0,0.0,True
140064,ST MARY MEDICAL CENTER,IL,2.0,62.0,0.96,0.0,4.0,0.0,True
140065,UCHICAGO MEDICINE ADVENTHEALTH LA GRANGE,IL,5.0,73.0,1.07,0.0,6.0,0.0,True
140067,SAINT FRANCIS MEDICAL CENTER,IL,2.0,65.0,0.97,1.0,6.0,0.16666666666666666,True
140068,ROSELAND COMMUNITY HOSPITAL,IL,1.0,44.0,1.13,0.0,4.0,0.0,True
140077,TOUCHETTE REGIONAL HOSPITAL INC,IL,,,0.88,0.0,0.0,,False
14007F,HINES VA MEDICAL CENTER,IL,3.0,76.0,,0.0,6.0,0.0,False
140080,SAINT FRANCIS HOSPITAL-EVANSTON,IL,2.0,64.0,1.08,1.0,6.0,0.16666666666666666,True
140082,LOUIS A WEISS MEMORIAL HOSPITAL,IL,1.0,,1.12,0.0,6.0,0.0,False
140083,LORETTO HOSPITAL,IL,,,1.18,0.0,2.0,0.0,False
140084,VISTA MEDICAL CENTER EAST,IL,2.0,30.0,1.0,0.0,5.0,0.0,True
140088,THE UNIVERSITY OF CHICAGO MEDICAL CENTER,IL,4.0,73.0,0.99,1.0,5.0,0.2,True
140089,MC DONOUGH DISTRICT HOSPITAL,IL,3.0,58.0,0.93,0.0,4.0,0.0,True
14008F,MARION IL VA MEDICAL CENTER,IL,3.0,78.0,,1.0,4.0,0.25,False
140091,CARLE FOUNDATION HOSPITAL,IL,2.0,69.0,0.96,2.0,6.0,0.3333333333333333,True
140093,OSF SACRED HEART MEDICAL CENTER,IL,2.0,54.0,0.93,0.0,5.0,0.0,True
140095,SAINT ANTHONY HOSPITAL,IL,2.0,69.0,1.02,0.0,2.0,0.0,True
140100,"MIDWESTERN REGION MED CENTER, INC",IL,4.0,89.0,1.04,0.0,1.0,0.0,True
140101,MORRIS HOSPITAL & HEALTHCARE CENTERS,IL,4.0,77.0,1.04,0.0,6.0,0.0,True
140103,ST BERNARD HOSPITAL,IL,1.0,44.0,1.03,0.0,4.0,0.0,True
140110,OSF SAINT ELIZABETH MDL CTR,IL,3.0,57.0,1.02,0.0,4.0,0.0,True
140113,OSF HEART OF MARY MEDICAL CENTER,IL,3.0,74.0,0.98,0.0,5.0,0.0,True
140114,SWEDISH HOSPITAL,IL,3.0,58.0,1.08,0.0,5.0,0.0,True
140115,THOREK MEMORIAL HOSPITAL,IL,,71.0,1.01,0.0,2.0,0.0,False
140116,NORTHWESTERN MEDICINE MCHENRY,IL,5.0,75.0,1.0,0.0,6.0,0.0,True
140117,AMITA HEALTH RESURRECTION MEDICAL CENTER,IL,3.0,67.0,1.12,0.0,6.0,0.0,True
140119,RUSH UNIVERSITY MEDICAL CENTER,IL,5.0,78.0,0.94,1.0,6.0,0.16666666666666666,True
140120,CARLE HEALTH PEKIN HOSPITAL,IL,3.0,54.0,0.91,0.0,4.0,0.0,True
140122,UCHICAGO MEDICINE ADVENTHEALTH HINSDALE,IL,5.0,73.0,1.02,0.0,5.0,0.0,True
140124,JOHN H STROGER JR HOSPITAL,IL,2.0,68.0,0.98,0.0,5.0,0.0,True
140125,GATEWAY REGIONAL MEDICAL CENTER,IL,2.0,38.0,1.0,0.0,4.0,0.0,True
140127,CARLE BROMENN MEDICAL CENTER,IL,3.0,77.0,0.96,1.0,6.0,0.16666666666666666,True
140130,NORTHWESTERN LAKE FOREST HOSPITAL,IL,5.0,78.0,0.95,0.0,6.0,0.0,True
140133,HOLY CROSS HOSPITAL,IL,2.0,46.0,0.99,0.0,4.0,0.0,True
140135,DECATUR MEMORIAL HOSPITAL,IL,3.0,58.0,1.03,0.0,5.0,0.0,True
140137,HSHS HOLY FAMILY HOSPITAL INC,IL,3.0,67.0,0.92,0.0,3.0,0.0,True
140145,ST JOSEPHS HOSPITAL,IL,4.0,68.0,0.97,0.0,4.0,0.0,True
140148,MEMORIAL MEDICAL CENTER,IL,3.0,70.0,1.03,0.0,5.0,0.0,True
140150,UNIVERSITY OF ILLINOIS HOSPITAL AND CLINICS,IL,4.0,65.0,1.04,0.0,6.0,0.0,True
140155,PRESENCE ST MARYS HOSPITAL,IL,4.0,69.0,0.97,0.0,6.0,0.0,True
140158,INSIGHT HOSPITAL AND MEDICAL CENTER CHICAGO,IL,1.0,51.0,1.07,0.0,3.0,0.0,True
140160,FHN MEMORIAL HOSPITAL,IL,3.0,63.0,1.05,0.0,5.0,0.0,True
140161,SAINT JAMES HOSPITAL,IL,4.0,61.0,0.92,0.0,5.0,0.0,True
140162,ST JOSEPH MEDICAL CENTER,IL,2.0,65.0,0.96,0.0,6.0,0.0,True
140164,MEMORIAL HOSPITAL OF CARBONDALE,IL,1.0,64.0,1.07,0.0,5.0,0.0,True
140166,ST MARYS HOSPITAL,IL,1.0,60.0,1.0,0.0,5.0,0.0,True
140172,FRANCISCAN HEALTH OLYMPIA & CHICAGO HEIGHTS,IL,3.0,59.0,1.03,0.0,6.0,0.0,True
140174,PRESENCE MERCY MEDICAL CENTER,IL,3.0,58.0,0.93,0.0,5.0,0.0,True
140177,JACKSON PARK HOSPITAL,IL,1.0,29.0,1.05,0.0,3.0,0.0,True
140179,OSF LITTLE COMPANY OF MARY MEDICAL CENTER,IL,2.0,70.0,0.95,1.0,5.0,0.2,True
140180,PRESENCE SAINTS MARY AND ELIZABETH MEDICAL CENTER,IL,3.0,67.0,1.03,0.0,5.0,0.0,True
140181,SOUTH SHORE HOSPITAL,IL,,31.0,1.02,0.0,2.0,0.0,False
140182,ADVOCATE ILLINOIS MASONIC MEDICAL CENTER,IL,3.0,70.0,1.01,1.0,5.0,0.2,True
140184,HEARTLAND REGIONAL MEDICAL CENTER,IL,2.0,68.0,1.09,0.0,5.0,0.0,True
140185,MEMORIAL HOSPITAL,IL,5.0,75.0,0.96,0.0,6.0,0.0,True
140186,RIVERSIDE MEDICAL CENTER,IL,4.0,68.0,1.09,0.0,5.0,0.0,True
140187,HSHS ST ELIZABETH'S HOSPITAL,IL,4.0,79.0,1.0,0.0,6.0,0.0,True
140189,SARAH BUSH LINCOLN HEALTH CENTER,IL,3.0,73.0,0.93,0.0,6.0,0.0,True
140191,INGALLS MEMORIAL HOSPITAL,IL,2.0,49.0,1.03,1.0,6.0,0.16666666666666666,True
140197,METHODIST HOSPITAL OF CHICAGO,IL,,,1.06,0.0,0.0,,False
140200,ELMHURST MEMORIAL HOSPITAL,IL,3.0,76.0,0.98,0.0,6.0,0.0,True
140202,ADVOCATE CONDELL MEDICAL CENTER,IL,4.0,66.0,1.0,0.0,6.0,0.0,True
140206,HUMBOLDT PARK HEALTH,IL,1.0,53.0,1.05,0.0,4.0,0.0,True
140208,ADVOCATE CHRIST HOSPITAL & MEDICAL CENTER,IL,3.0,61.0,0.97,0.0,6.0,0.0,True
140209,CARLE HEALTH METHODIST HOSPITAL,IL,2.0,61.0,0.97,0.0,5.0,0.0,True
140210,HARRISBURG MEDICAL CENTER,IL,2.0,50.0,0.79,0.0,4.0,0.0,True
140211,NORTHWESTERN MEDICINE DELNOR COMMUNITY HOSPITAL,IL,5.0,76.0,0.98,0.0,6.0,0.0,True
140213,SILVER CROSS HOSPITAL  AND MEDICAL CENTERS,IL,5.0,73.0,0.97,1.0,6.0,0.16666666666666666,True
140217,SAINT JOSEPH HOSPITAL-ELGIN,IL,4.0,64.0,,0.0,6.0,0.0,False
140223,ADVOCATE LUTHERAN GENERAL HOSPITAL,IL,4.0,72.0,1.0,0.0,6.0,0.0,True
140224,PRESENCE SAINT JOSEPH HOSPITAL - CHICAGO,IL,4.0,69.0,,0.0,6.0,0.0,False
140228,UW HEALTH,IL,3.0,64.0,0.99,0.0,5.0,0.0,True
140231,EDWARD HOSPITAL,IL,3.0,74.0,0.96,1.0,6.0,0.16666666666666666,True
140233,SAINT ANTHONY MEDICAL CENTER,IL,2.0,68.0,1.05,0.0,6.0,0.0,True
140239,JAVON BEA HOSPITAL,IL,3.0,67.0,1.02,0.0,5.0,0.0,True
140242,NORTHWESTERN MEDICINE CENTRAL DUPAGE HOSPITAL,IL,5.0,82.0,1.0,0.0,6.0,0.0,True
140251,COMMUNITY FIRST MEDICAL CENTER,IL,2.0,,1.18,0.0,5.0,0.0,False
140252,NORTHWEST COMMUNITY HOSPITAL 1,IL,4.0,64.0,1.0,1.0,6.0,0.16666666666666666,True
140258,ALEXIAN BROTHERS MEDICAL CENTER 1,IL,3.0,63.0,1.09,1.0,6.0,0.16666666666666666,True
140275,GENESIS HLTH SYSTEM DBA GENESIS MDL CTR-ILLINI,IL,2.0,58.0,1.11,0.0,6.0,0.0,True
140276,LOYOLA UNIVERSITY MEDICAL CENTER,IL,2.0,63.0,0.98,1.0,6.0,0.16666666666666666,True
140280,TRINITY ROCK ISLAND,IL,3.0,60.0,1.03,0.0,6.0,0.0,True
140281,NORTHWESTERN MEMORIAL HOSPITAL,IL,5.0,82.0,0.94,0.0,6.0,0.0,True
140286,NORTHWESTERN MEDICINE KISHWAUKEE HOSPITAL,IL,5.0,67.0,1.0,0.0,5.0,0.0,True
140288,ADVOCATE GOOD SAMARITAN HOSPITAL,IL,4.0,71.0,0.98,0.0,6.0,0.0,True
140289,ANDERSON HOSPITAL,IL,3.0,67.0,1.03,0.0,6.0,0.0,True
140290,ST ALEXIUS MEDICAL CENTER,IL,5.0,55.0,1.05,0.0,6.0,0.0,True
140291,ADVOCATE GOOD SHEPHERD HOSPITAL,IL,5.0,76.0,0.91,0.0,6.0,0.0,True
140292,UCHICAGO MEDICINE ADVENTHEALTH GLENOAKS,IL,3.0,57.0,1.08,0.0,5.0,0.0,True
140294,DEACONESS ILLINOIS CROSSROADS,IL,,77.0,1.11,0.0,3.0,0.0,False
140300,PROVIDENT HOSPITAL OF CHICAGO,IL,,58.0,0.75,0.0,1.0,0.0,False
140304,UCHICAGO MEDICINE ADVENTHEALTH BOLINGBROOK,IL,3.0,63.0,1.05,0.0,5.0,0.0,True
140308,MERCYHEALTH HOSPITAL & PHYSICIAN CLINIC-CRYSTAL LA,IL,,78.0,1.01,0.0,1.0,0.0,False
14034F,NORTH CHICAGO VA MEDICAL CENTER,IL,4.0,74.0,,0.0,4.0,0.0,False
141300,THOMAS H BOYD MEMORIAL HOSPITAL,IL,,,,0.0,2.0,0.0,False
141301,KIRBY MEDICAL CENTER,IL,,91.0,,0.0,2.0,0.0,False
141302,MIDWEST MEDICAL CENTER,IL,,91.0,,0.0,2.0,0.0,False
141303,WARNER HOSPITAL AND HEALTH SERVICES,IL,,,,0.0,0.0,,False
141304,"GENESIS MEDICAL CENTER, ALEDO",IL,,,,0.0,1.0,0.0,False
141305,MEMORIAL HOSPITAL,IL,4.0,86.0,,0.0,5.0,0.0,False
141306,COMMUNITY HOSPITAL OF STAUNTON,IL,,79.0,,0.0,1.0,0.0,False
141307,PINCKNEYVILLE COMMUNITY HOSPITAL,IL,,74.0,,0.0,2.0,0.0,False
141308,WASHINGTON COUNTY HOSPITAL,IL,,70.0,,0.0,0.0,,False
141309,CARLE EUREKA  HOSPITAL,IL,,89.0,,0.0,1.0,0.0,False
141310,OSF SAINT PAUL MEDICAL CENTER,IL,3.0,73.0,,0.0,4.0,0.0,False
141311,FAIRFIELD MEMORIAL HOSPITAL 1,IL,3.0,65.0,,0.0,4.0,0.0,False
141312,ROCHELLE COMMUNITY HOSPITAL,IL,,76.0,,0.0,4.0,0.0,False
141313,MASON DISTRICT HOSPITAL,IL,,,,0.0,2.0,0.0,False
141315,ILLINI COMMUNITY HOSPITAL,IL,3.0,81.0,,0.0,4.0,0.0,False
141316,CARLE HOOPESTON REGIONAL HEALTH CENTER,IL,,76.0,,0.0,3.0,0.0,False
141317,GIBSON COMMUNITY HOSPITAL,IL,4.0,77.0,,0.0,5.0,0.0,False
141318,OSF HOLY FAMILY MEDICAL CENTER,IL,4.0,83.0,,0.0,3.0,0.0,False
141319,HAMMOND HENRY HOSPITAL,IL,,80.0,,0.0,4.0,0.0,False
141320,PARIS COMMUNITY HOSPITAL,IL,3.0,86.0,,0.0,5.0,0.0,False
141321,FRANKLIN HOSPITAL,IL,,,,0.0,2.0,0.0,False
141322,ABRAHAM LINCOLN MEMORIAL HOSPITAL,IL,4.0,76.0,,0.0,4.0,0.0,False
141323,MASSAC MEMORIAL HOSPITAL,IL,2.0,85.0,,0.0,4.0,0.0,False
141324,FERRELL HOSPITAL COMMUNITY FOUNDATIONS,IL,1.0,80.0,,0.0,4.0,0.0,False
141325,OSF SAINT LUKE MEDICAL CENTER,IL,4.0,71.0,,0.0,3.0,0.0,False
141326,HAMILTON MEMORIAL HOSPITAL,IL,3.0,61.0,,0.0,4.0,0.0,False
141327,WABASH GENERAL HOSPITAL 1,IL,,80.0,,0.0,4.0,0.0,False
141328,HARDIN COUNTY GENERAL HOSPITAL & CLINIC,IL,1.0,84.0,,0.0,3.0,0.0,False
141329,MORRISON COMMUNITY HOSPITAL,IL,,,,0.0,1.0,0.0,False
141330,HOPEDALE HOSPITAL,IL,,99.0,,0.0,1.0,0.0,False
141331,MARSHALL BROWNING HOSPITAL,IL,,83.0,,0.0,3.0,0.0,False
141332,HILLSBORO AREA HOSPITAL,IL,,76.0,,0.0,2.0,0.0,False
141333,SARAH D CULBERTSON MEMORIAL HOSPITAL,IL,,,,0.0,2.0,0.0,False
141334,ST JOSEPH MEMORIAL HOSPITAL,IL,,86.0,,0.0,1.0,0.0,False
141335,MERCY HARVARD HOSPITAL,IL,,67.0,,0.0,1.0,0.0,False
141336,ST JOSEPH'S HOSPITAL,IL,3.0,75.0,,0.0,4.0,0.0,False
141337,OSF SAINT CLARE MEDICAL CENTER,IL,2.0,72.0,,0.0,4.0,0.0,False
141338,MEMORIAL HOSPITAL,IL,,84.0,,0.0,2.0,0.0,False
141339,TAYLORVILLE MEMORIAL HOSPITAL,IL,2.0,87.0,,0.0,4.0,0.0,False
141340,VALLEY WEST COMMUNITY HOSPITAL,IL,4.0,79.0,,0.0,4.0,0.0,False
141341,PANA COMMUNITY HOSPITAL,IL,4.0,90.0,,0.0,3.0,0.0,False
141342,DEACONESS ILLINOIS UNION COUNTY,IL,,,,0.0,2.0,0.0,False
141343,CRAWFORD MEMORIAL HOSPITAL,IL,4.0,76.0,,0.0,4.0,0.0,False
141344,LAWRENCE COUNTY MEMORIAL HOSPITAL,IL,,72.0,,0.0,2.0,0.0,False
141345,SALEM TOWNSHIP HOSPITAL,IL,4.0,69.0,,0.0,3.0,0.0,False
141346,FAYETTE COUNTY HOSPITAL,IL,,78.0,,0.0,2.0,0.0,False
141347,CARLINVILLE AREA HOSPITAL,IL,2.0,87.0,,0.0,3.0,0.0,False
141348,RED BUD REGIONAL HOSPITAL,IL,4.0,71.0,,0.0,3.0,0.0,False
141349,SPARTA COMMUNITY HOSPITAL,IL,3.0,64.0,,0.0,3.0,0.0,False
141350,ST FRANCIS HOSPITAL,IL,2.0,76.0,,0.0,4.0,0.0,False
141351,CLAY COUNTY HOSPITAL,IL,3.0,78.0,,0.0,3.0,0.0,False
141352,JACKSONVILLE MEMORIAL HOSPITAL,IL,,,,0.0,0.0,,False
141353,IROQUOIS MEMORIAL HOSPITAL,IL,,,,0.0,1.0,0.0,False
141354,HSHS GOOD SHEPHERD HOSPITAL INC,IL,,,,0.0,1.0,0.0,False
141355,CARLE RICHLAND MEMORIAL HOSPITAL,IL,2.0,60.0,,0.0,4.0,0.0,False
143300,ANN & ROBERT H LURIE CHILDRENS HOSPITAL OF CHICAGO,IL,,,,0.0,0.0,,False
143301,LARABIDA CHILDRENS HOSPITAL I,IL,,,,0.0,0.0,,False
143302,SHRINERS HOSPITAL FOR CHILDREN,IL,,,,0.0,0.0,,False
144009,"AERIES HEALTHCARE OF ILLINOIS, INC., DBA RIVEREDGE HOSPITAL",IL,,,,,,,False
144010,CHICAGO READ MENTAL HEALTH CENTER,IL,,,,,,,False
144016,ALTON MENTAL HEALTH CENTER,IL,,,,,,,False
144021,ANDREW MCFARLAND MENTAL HLTH CTR,IL,,,,,,,False
144026,HARTGROVE HOSPITAL,IL,,,,,,,False
144028,MADDEN MENTAL HEALTH CENTER,IL,,,,,,,False
144029,THE PAVILION,IL,,,,,,,False
144031,ALEXIAN BROTHERS BEHAVIORAL HLTH HOSP,IL,,,,,,,False
144034,BHC STREAMWOOD HOSPITAL INC,IL,,,,,,,False
144035,LINDEN OAKS AT EDWARD,IL,,,,,,,False
144037,ELGIN MENTAL HEALTH CENTER,IL,,,,,,,False
144038,CHOATE MENTAL HEALTH & DEVELOPMENT CTR,IL,,,,,,,False
144039,GARFIELD PARK HOSPITAL,IL,,,,,,,False
144040,CHICAGO BEHAVIORAL HOSPITAL,IL,,,,,,,False
144041,SILVER OAKS BEHAVIORAL HOSPITAL,IL,,,,,,,False
144042,LAKE BEHAVIORAL HOSPITAL,IL,,,,,,,False
144043,MONTROSE BEHAVIORAL HEALTH HOSPITAL,IL,,,,,,,False
150001,JOHNSON MEMORIAL HOSPITAL,IN,5.0,72.0,0.96,0.0,4.0,0.0,True
150002,METHODIST HOSPITALS INC,IN,1.0,53.0,1.07,0.0,5.0,0.0,True
150005,HENDRICKS REGIONAL HEALTH,IN,5.0,86.0,0.94,0.0,6.0,0.0,True
150006,NORTHWEST HEALTH-LA PORTE,IN,3.0,65.0,1.03,0.0,5.0,0.0,True
150007,COMMUNITY HOWARD REGIONAL HEALTH INC.,IN,4.0,78.0,0.99,0.0,6.0,0.0,True
150008,ST CATHERINE HOSPITAL INC,IN,4.0,69.0,1.1,0.0,4.0,0.0,True
150009,NORTON CLARK HOSPITAL,IN,3.0,50.0,1.09,0.0,5.0,0.0,True
150010,ASCENSION ST VINCENT KOKOMO,IN,4.0,76.0,0.96,0.0,5.0,0.0,True
150011,MARION GENERAL HOSPITAL,IN,3.0,58.0,0.98,0.0,5.0,0.0,True
150012,SAINT JOSEPH REGIONAL MEDICAL CENTER,IN,2.0,67.0,0.96,0.0,6.0,0.0,True
150015,FRANCISCAN HEALTH MICHIGAN CITY,IN,3.0,74.0,0.99,0.0,6.0,0.0,True
150017,LUTHERAN HOSPITAL OF INDIANA,IN,3.0,59.0,1.07,0.0,5.0,0.0,True
150018,ELKHART GENERAL HOSPITAL,IN,4.0,63.0,0.98,0.0,6.0,0.0,True
150021,PARKVIEW REGIONAL MEDICAL CENTER,IN,3.0,80.0,1.0,0.0,5.0,0.0,True
150022,FRANCISCAN HEALTH CRAWFORDSVILLE,IN,5.0,70.0,1.03,0.0,4.0,0.0,True
150023,UNION HOSPITAL INC,IN,3.0,64.0,1.01,1.0,6.0,0.16666666666666666,True
150024,ESKENAZI HEALTH,IN,3.0,75.0,0.98,0.0,5.0,0.0,True
150026,GOSHEN HOSPITAL,IN,3.0,75.0,1.0,0.0,5.0,0.0,True
150030,HENRY COUNTY MEMORIAL HOSPITAL,IN,4.0,66.0,1.06,0.0,5.0,0.0,True
150034,ST MARY MEDICAL CENTER INC,IN,3.0,72.0,1.04,0.0,6.0,0.0,True
150035,NORTHWEST HEALTH - PORTER,IN,2.0,49.0,1.05,0.0,6.0,0.0,True
150037,HANCOCK REGIONAL HOSPITAL,IN,4.0,76.0,1.03,0.0,5.0,0.0,True
15003F,INDIANAPOLIS VA MEDICAL CENTER,IN,3.0,70.0,,0.0,6.0,0.0,False
150042,GOOD SAMARITAN HOSPITAL,IN,2.0,66.0,1.16,0.0,6.0,0.0,True
150044,BAPTIST HEALTH FLOYD,IN,3.0,72.0,1.13,0.0,6.0,0.0,True
150045,PARKVIEW DEKALB HOSPITAL,IN,3.0,62.0,0.92,0.0,4.0,0.0,True
150046,TERRE HAUTE REGIONAL HOSPITAL,IN,2.0,66.0,1.02,0.0,5.0,0.0,True
150047,"ST JOSEPH HEALTH SYSTEM, LLC",IN,4.0,72.0,1.16,0.0,3.0,0.0,True
150048,REID HEALTH,IN,2.0,65.0,0.99,0.0,6.0,0.0,True
15004F,VA N. INDIANA HEALTHCARE SYSTEM,IN,5.0,76.0,,0.0,4.0,0.0,False
150051,INDIANA UNIVERSITY HEALTH BLOOMINGTON HOSPITAL,IN,3.0,58.0,1.06,0.0,6.0,0.0,True
150056,INDIANA UNIVERSITY HEALTH,IN,3.0,64.0,1.05,0.0,6.0,0.0,True
150057,FRANCISCAN HEALTH MOORESVILLE,IN,5.0,79.0,0.93,0.0,5.0,0.0,True
150058,MEMORIAL HOSPITAL OF SOUTH BEND,IN,2.0,70.0,0.97,0.0,6.0,0.0,True
150059,RIVERVIEW HEALTH,IN,4.0,73.0,1.03,0.0,5.0,0.0,True
150061,DAVIESS COMMUNITY HOSPITAL,IN,3.0,64.0,1.07,0.0,4.0,0.0,True
150065,SCHNECK MEDICAL CENTER,IN,4.0,71.0,1.02,0.0,4.0,0.0,True
150069,NORTON-KING'S DAUGHTERS' HEALTH,IN,2.0,61.0,1.01,0.0,4.0,0.0,True
150072,MEMORIAL HOSPITAL,IN,4.0,68.0,1.15,0.0,4.0,0.0,True
150074,COMMUNITY HOSPITAL EAST,IN,3.0,79.0,1.04,0.0,6.0,0.0,True
150075,BLUFFTON REGIONAL MEDICAL CENTER,IN,4.0,65.0,0.95,0.0,4.0,0.0,True
150076,SAINT JOSEPH REGIONAL MEDICAL CENTER - PLYMOUTH,IN,4.0,63.0,0.95,0.0,4.0,0.0,True
150082,DEACONESS HOSPITAL INC,IN,2.0,73.0,1.05,1.0,6.0,0.16666666666666666,True
150084,ASCENSION ST VINCENT HOSPITAL,IN,2.0,62.0,1.04,0.0,6.0,0.0,True
150086,ST ELIZABETH DEARBORN HOSPITAL,IN,5.0,71.0,1.04,0.0,5.0,0.0,True
150088,ASCENSION ST VINCENT ANDERSON,IN,2.0,67.0,0.95,0.0,5.0,0.0,True
150089,INDIANA UNIVERSITY HEALTH BALL MEMORIAL HOSPITAL,IN,3.0,49.0,1.01,0.0,6.0,0.0,True
150090,FRANCISCAN HEALTH DYER,IN,2.0,57.0,1.07,0.0,5.0,0.0,True
150091,PARKVIEW HUNTINGTON HOSPITAL,IN,4.0,70.0,0.9,0.0,4.0,0.0,True
150097,MAJOR HOSPITAL,IN,4.0,72.0,1.01,0.0,4.0,0.0,True
150100,ASCENSION ST VINCENT EVANSVILLE,IN,4.0,72.0,0.99,0.0,6.0,0.0,True
150101,PARKVIEW WHITLEY HOSPITAL,IN,4.0,76.0,0.89,0.0,3.0,0.0,True
150102,NORTHWEST HEALTH - STARKE,IN,1.0,76.0,1.08,0.0,4.0,0.0,True
150104,WITHAM HEALTH SERVICES,IN,4.0,62.0,0.96,0.0,6.0,0.0,True
150109,FRANCISCAN HEALTH LAFAYETTE,IN,3.0,76.0,1.03,0.0,6.0,0.0,True
150112,COLUMBUS REGIONAL HOSPITAL,IN,4.0,65.0,0.97,0.0,6.0,0.0,True
150113,COMMUNITY HOSPITAL OF ANDERSON AND MADISON COUNTY,IN,3.0,77.0,1.01,0.0,6.0,0.0,True
150115,MEMORIAL HOSPITAL AND HEALTH CARE CENTER,IN,4.0,75.0,0.99,0.0,6.0,0.0,True
150125,COMMUNITY HOSPITAL,IN,3.0,75.0,1.1,1.0,6.0,0.16666666666666666,True
150126,FRANCISCAN HEALTH CROWN POINT,IN,3.0,69.0,1.01,0.0,6.0,0.0,True
150128,"COMMUNITY HOSPITAL SOUTH, INC.",IN,3.0,79.0,1.09,0.0,6.0,0.0,True
150133,KOSCIUSKO COMMUNITY HOSPITAL,IN,4.0,63.0,0.97,0.0,4.0,0.0,True
150146,PARKVIEW NOBLE HOSPITAL,IN,3.0,68.0,0.9,0.0,4.0,0.0,True
150149,THE WOMEN'S HOSPITAL,IN,5.0,82.0,,0.0,0.0,,False
150150,DUPONT HOSPITAL LLC,IN,4.0,69.0,1.04,0.0,4.0,0.0,True
150153,ST VINCENT HEART CENTER,IN,5.0,85.0,0.97,0.0,3.0,0.0,True
150157,ASCENSION ST VINCENT CARMEL,IN,3.0,69.0,0.97,0.0,4.0,0.0,True
150158,IU HEALTH WEST HOSPITAL,IN,4.0,70.0,0.97,0.0,6.0,0.0,True
150160,ORTHOINDY HOSPITAL,IN,,86.0,0.94,0.0,2.0,0.0,False
150161,INDIANA UNIVERSITY HEALTH NORTH HOSPITAL,IN,4.0,77.0,1.03,0.0,5.0,0.0,True
150162,FRANCISCAN HEALTH INDIANAPOLIS,IN,4.0,76.0,0.99,0.0,5.0,0.0,True
150165,FRANCISCAN HEALTH MUNSTER,IN,3.0,74.0,0.99,0.0,6.0,0.0,True
150166,PINNACLE HOSPITAL,IN,,75.0,1.06,0.0,2.0,0.0,False
150167,ORTHOPAEDIC HOSPITAL AT PARKVIEW NORTH,IN,,82.0,0.9,0.0,1.0,0.0,False
150168,THE ORTHOPAEDIC HOSPITAL OF LUTHERAN HEALTH NETWOR,IN,,72.0,0.98,0.0,2.0,0.0,False
150169,COMMUNITY HOSPITAL NORTH,IN,3.0,71.0,1.06,0.0,5.0,0.0,True
150172,PHYSICIANS' MEDICAL CENTER LLC,IN,,83.0,0.97,0.0,1.0,0.0,False
150173,INDIANA UNIVERSITY HEALTH ARNETT HOSPITAL,IN,4.0,73.0,0.99,0.0,6.0,0.0,True
150177,UNITY PHYSICIANS HOSPITAL,IN,,84.0,0.9,0.0,2.0,0.0,False
150179,FAIRBANKS,IN,,,0.99,0.0,0.0,,False
150181,ASCENSION ST VINCENT FISHERS,IN,4.0,77.0,1.0,0.0,4.0,0.0,True
150183,MONROE HOSPITAL,IN,4.0,82.0,0.91,0.0,4.0,0.0,True
150193,FRANCISCAN HEALTH ORTHOPEDIC HOSPITAL CARMEL,IN,,91.0,1.03,0.0,1.0,0.0,False
150195,UCHICAGO MEDICINE NORTHWEST INDIANA,IN,,93.0,,0.0,0.0,,False
151300,COMMUNITY HOSPITAL OF BREMEN INC,IN,,83.0,,0.0,1.0,0.0,False
151301,ASCENSION ST VINCENT RANDOLPH,IN,,,,0.0,1.0,0.0,False
151303,ASCENSION ST VINCENT JENNINGS,IN,,,,0.0,2.0,0.0,False
151304,RUSH MEMORIAL HOSPITAL,IN,,61.0,,0.0,3.0,0.0,False
151305,PULASKI MEMORIAL HOSPITAL,IN,,80.0,,0.0,2.0,0.0,False
151306,INDIANA UNIVERSITY HEALTH PAOLI HOSPITAL,IN,,,,0.0,2.0,0.0,False
151307,ASCENSION ST VINCENT WILLIAMSPORT,IN,,,,0.0,4.0,0.0,False
151308,ASCENSION ST VINCENT MERCY,IN,,,,0.0,1.0,0.0,False
151309,ASCENSION ST VINCENT CLAY,IN,,,,0.0,1.0,0.0,False
151310,"PARKVIEW WABASH HOSPITAL, INC",IN,3.0,73.0,,0.0,3.0,0.0,False
151311,INDIANA UNIVERSITY HEALTH TIPTON HOSPITAL INC,IN,3.0,,,0.0,3.0,0.0,False
151312,INDIANA UNIVERSITY HEALTH WHITE MEMORIAL HOSPITAL,IN,5.0,,,0.0,4.0,0.0,False
151313,WOODLAWN HOSPITAL,IN,3.0,75.0,,0.0,3.0,0.0,False
151314,ASCENSION ST VINCENT SALEM,IN,,,,0.0,1.0,0.0,False
151315,CAMERON MEMORIAL COMMUNITY HOSPITAL INC,IN,3.0,73.0,,0.0,4.0,0.0,False
151316,INDIANA UNIVERSITY HEALTH FRANKFORT INC,IN,,,,0.0,2.0,0.0,False
151317,GREENE COUNTY GENERAL HOSPITAL,IN,4.0,80.0,,0.0,4.0,0.0,False
151318,DUKES MEMORIAL HOSPITAL,IN,2.0,55.0,,0.0,4.0,0.0,False
151319,GIBSON GENERAL HOSPITAL,IN,,74.0,,0.0,0.0,,False
151320,"INDIANA UNIVERSITY HEALTH JAY, INC.",IN,5.0,,,0.0,3.0,0.0,False
151322,PERRY COUNTY MEMORIAL HOSPITAL,IN,2.0,66.0,,0.0,4.0,0.0,False
151323,PARKVIEW LAGRANGE HOSPITAL,IN,5.0,80.0,,0.0,3.0,0.0,False
151324,"FRANCISCAN HEALTH RENSSELAER, INC",IN,,73.0,,0.0,3.0,0.0,False
151325,ASCENSION ST VINCENT WARRICK,IN,,,,0.0,1.0,0.0,False
151326,UNION HOSPITAL CLINTON,IN,2.0,,,0.0,4.0,0.0,False
151327,SULLIVAN COUNTY COMMUNITY HOSPITAL,IN,,72.0,,0.0,2.0,0.0,False
151328,INDIANA UNIVERSITY HEALTH BEDFORD HOSPITAL,IN,3.0,,,0.0,4.0,0.0,False
151329,MARGARET MARY COMMUNITY HOSPITAL INC,IN,,73.0,,0.0,5.0,0.0,False
151330,ADAMS MEMORIAL HOSPITAL,IN,,64.0,,0.0,3.0,0.0,False
151331,HARRISON COUNTY HOSPITAL,IN,3.0,69.0,,0.0,4.0,0.0,False
151332,DECATUR COUNTY MEMORIAL HOSPITAL,IN,3.0,70.0,,0.0,4.0,0.0,False
151333,PUTNAM COUNTY HOSPITAL,IN,5.0,77.0,,0.0,3.0,0.0,False
151334,NORTON SCOTT HOSPITAL,IN,2.0,68.0,,0.0,4.0,0.0,False
154005,"WABASH VALLEY ALLIANCE, INC. / RIVER BEND HOSPITAL",IN,,,,,,,False
154008,NEURODIAGNOSTIC INSTITUTE,IN,,,,,,,False
154009,HAMILTON CENTER INC,IN,,,,,,,False
154011,INCOMPASS HEALTHCARE,IN,,,,,,,False
154014,OTIS R BOWEN CENTER FOR HUMAN SERVICES INC,IN,,,,,,,False
154018,RICHMOND STATE HOSPITAL,IN,,,,,,,False
154019,MADISON STATE HOSPITAL,IN,,,,,,,False
154020,REGIONAL MENTAL HEALTH CENTER,IN,,,,,,,False
154021,"GRANT-BLACKFORD MENTAL HEALTH, INC",IN,,,,,,,False
154024,VALLE VISTA HEALTH SYSTEM,IN,,,,,,,False
154031,OAKLAWN PSYCHIATRIC CENTER INC,IN,,,,,,,False
154035,4C HEALTH,IN,,,,,,,False
154041,BLOOMINGTON MEADOWS HOSPITAL,IN,,,,,,,False
154047,MICHIANA BEHAVIORAL HEALTH CENTER,IN,,,,,,,False
154050,NORTHEASTERN CENTER,IN,,,,,,,False
154051,WELLSTONE REGIONAL HOSPITAL,IN,,,,,,,False
154052,PORTER-STARKE SERVICES INC,IN,,,,,,,False
154054,HARSHA BEHAVIORAL CENTER INC,IN,,,,,,,False
154055,BRENTWOOD MEADOWS LLC,IN,,,,,,,False
154056,EVANSVILLE STATE HOSPITAL,IN,,,,,,,False
154057,OPTIONS BEHAVIORAL HEALTH SYSTEM,IN,,,,,,,False
154058,DOCTORS NEUROPSYCHIATRIC HOSPITAL,IN,,,,,,,False
154059,SYCAMORE SPRINGS,IN,,,,,,,False
154060,"PARK CENTER, INC",IN,,,,,,,False
154061,MEDICAL BEHAVIORAL HOSPITAL - MISHAWAKA,IN,,,,,,,False
154063,"NEUROPSYCHIATRIC HOSPITAL OF INDIANAPOLIS, LLC",IN,,,,,,,False
154064,ASSURANCE HEALTH PSYCHIATRIC HOSPITAL,IN,,,,,,,False
154065,NEURO BEHAVIORAL HOSPITAL,IN,,,,,,,False
154066,BRIGHTWELL BEHAVIORAL HEALTH,IN,,,,,,,False
154067,HENDRICKS BEHAVIORAL HOSPITAL,IN,,,,,,,False
154068,MEDICAL BEHAVIORAL HOSPITAL OF INDIANAPOLIS,IN,,,,,,,False
154070,MAPLE HEIGHTS BEHAVIORAL HEALTH,IN,,,,,,,False
154071,ETHAN CROSSING ADDICTION CAMPUS OF INDIANAPOLIS,IN,,,,,,,False
154072,MISSION BEHAVIORAL HEALTH HOSPITAL,IN,,,,,,,False
160001,UNITYPOINT HEALTH - MARSHALLTOWN,IA,3.0,65.0,0.84,0.0,4.0,0.0,True
160013,TRINITY MUSCATINE,IA,4.0,57.0,0.93,0.0,4.0,0.0,True
160016,TRINITY REGIONAL MEDICAL CENTER,IA,2.0,54.0,0.93,0.0,5.0,0.0,True
160028,CHI HEALTH MERCY COUNCIL BLUFFS,IA,5.0,66.0,0.97,0.0,4.0,0.0,True
160029,UNIVERSITY OF IOWA HEALTH CARE MEDICAL CENTER DOWN,IA,4.0,72.0,0.99,0.0,6.0,0.0,True
160030,MARY GREELEY MEDICAL CENTER,IA,4.0,82.0,0.95,0.0,6.0,0.0,True
160032,MERCYONE NEWTON MEDICAL CENTER,IA,4.0,58.0,0.99,0.0,3.0,0.0,True
160033,GENESIS MEDICAL CENTER-DAVENPORT,IA,2.0,63.0,0.96,1.0,6.0,0.16666666666666666,True
16003F,VA CENTRAL IOWA HEALTHCARE SYSTEM,IA,4.0,72.0,,0.0,6.0,0.0,False
160040,"SARTORI MEMORIAL HOSPITAL, INC",IA,,80.0,0.92,0.0,2.0,0.0,False
160045,ST LUKES HOSPITAL,IA,4.0,78.0,0.95,0.0,6.0,0.0,True
160047,METHODIST JENNIE EDMUNDSON,IA,3.0,73.0,0.95,0.0,6.0,0.0,True
16004F,IOWA CITY VA MEDICAL CENTER,IA,5.0,79.0,,0.0,6.0,0.0,False
160057,SOUTHEAST IOWA REGIONAL MEDICAL CENTER,IA,4.0,56.0,0.93,0.0,6.0,0.0,True
160058,UNIVERSITY OF IOWA HOSPITAL & CLINICS,IA,2.0,74.0,1.05,0.0,6.0,0.0,True
160064,MERCYONE NORTH IOWA MEDICAL CENTER,IA,2.0,58.0,0.96,0.0,6.0,0.0,True
160067,MERCYONE WATERLOO MEDICAL CENTER,IA,4.0,65.0,0.89,0.0,6.0,0.0,True
160069,MERCYONE DUBUQUE MEDICAL CENTER,IA,3.0,76.0,0.93,0.0,5.0,0.0,True
160079,MERCY MEDICAL CENTER - CEDAR RAPIDS,IA,4.0,81.0,0.95,0.0,6.0,0.0,True
160080,MERCYONE CLINTON MEDICAL CENTER,IA,4.0,65.0,0.86,0.0,5.0,0.0,True
160082,UNITYPOINT HEALTH - DES MOINES IOWA METHODIST MEDI,IA,3.0,71.0,0.97,0.0,6.0,0.0,True
160083,MERCYONE DES MOINES MEDICAL CENTER,IA,1.0,59.0,1.01,0.0,6.0,0.0,True
160089,OTTUMWA REGIONAL HEALTH CENTER,IA,2.0,41.0,1.0,0.0,4.0,0.0,True
160101,BROADLAWNS MEDICAL CENTER,IA,3.0,78.0,0.98,0.0,1.0,0.0,True
160104,TRINITY - BETTENDORF,IA,3.0,68.0,0.95,0.0,6.0,0.0,True
160110,ALLEN HOSPITAL,IA,3.0,69.0,0.93,0.0,6.0,0.0,True
160112,SPENCER MUNICIPAL HOSPITAL,IA,4.0,79.0,0.9,0.0,5.0,0.0,True
160117,FINLEY HOSPITAL,IA,3.0,74.0,0.9,0.0,6.0,0.0,True
160124,LAKES REGIONAL HEALTHCARE,IA,2.0,78.0,0.88,0.0,5.0,0.0,True
160146,ST LUKES REGIONAL MEDICAL CENTER,IA,2.0,70.0,0.95,0.0,5.0,0.0,True
160147,GRINNELL REGIONAL MEDICAL CENTER,IA,2.0,72.0,0.89,0.0,4.0,0.0,True
160153,MERCYONE SIOUXLAND MEDICAL CENTER,IA,2.0,54.0,0.98,0.0,6.0,0.0,True
161301,IOWA SPECIALTY HOSPITAL - BELMOND,IA,,82.0,,0.0,1.0,0.0,False
161302,IOWA SPECIALTY HOSPITAL - CLARION,IA,,84.0,,0.0,3.0,0.0,False
161303,GRUNDY COUNTY MEMORIAL HOSPITAL,IA,,93.0,,0.0,2.0,0.0,False
161304,CHI HEALTH - MERCY CORNING,IA,3.0,82.0,,0.0,3.0,0.0,False
161305,POCAHONTAS COMMUNITY HOSPITAL,IA,,,,0.0,0.0,,False
161306,JONES REGIONAL MEDICAL CENTER,IA,4.0,79.0,,0.0,3.0,0.0,False
161307,HANCOCK COUNTY HEALTH SYSTEM,IA,,88.0,,0.0,2.0,0.0,False
161308,FRANKLIN GENERAL HOSPITAL,IA,,79.0,,0.0,2.0,0.0,False
161309,CHI HEALTH MISSOURI VALLEY,IA,4.0,64.0,,0.0,3.0,0.0,False
161310,ADAIR COUNTY MEMORIAL HOSPITAL,IA,,84.0,,0.0,1.0,0.0,False
161311,HAWARDEN REGIONAL HEALTHCARE,IA,,82.0,,0.0,2.0,0.0,False
161312,GUTTENBERG MUNICIPAL HOSPITAL,IA,,71.0,,0.0,1.0,0.0,False
161313,GENESIS MEDICAL CENTER-DEWITT,IA,,92.0,,0.0,2.0,0.0,False
161314,GUTHRIE COUNTY HOSPITAL,IA,,73.0,,0.0,2.0,0.0,False
161315,KEOKUK COUNTY HEALTH CENTER,IA,,,,0.0,1.0,0.0,False
161316,GUNDERSEN PALMER LUTHERAN HOSPITAL AND CLINICS,IA,5.0,78.0,,0.0,3.0,0.0,False
161317,COMPASS MEMORIAL HEALTHCARE,IA,4.0,80.0,,0.0,3.0,0.0,False
161318,VETERANS MEMORIAL HOSPITAL,IA,,83.0,,0.0,3.0,0.0,False
161319,MERCYONE ELKADER MEDICAL CENTER,IA,,,,0.0,1.0,0.0,False
161320,COMMUNITY MEMORIAL HOSPITAL MEDICAL CENTER,IA,,,,0.0,2.0,0.0,False
161321,AVERA MERRILL PIONEER HOSPITAL,IA,,,,0.0,1.0,0.0,False
161322,DALLAS COUNTY HOSPITAL,IA,,,,0.0,1.0,0.0,False
161323,MITCHELL COUNTY REGIONAL HEALTH,IA,3.0,84.0,,0.0,3.0,0.0,False
161324,GEORGE C GRAPE COMMUNITY HOSPITAL,IA,,92.0,,0.0,1.0,0.0,False
161325,GREENE COUNTY MEDICAL CENTER,IA,,76.0,,0.0,1.0,0.0,False
161326,MADISON COUNTY HEALTH CARE SYSTEM,IA,,91.0,,0.0,2.0,0.0,False
161327,DAVIS COUNTY HOSPITAL,IA,,87.0,,0.0,1.0,0.0,False
161328,REGIONAL HEALTH SERVICES OF HOWARD COUNTY,IA,4.0,67.0,,0.0,3.0,0.0,False
161329,JACKSON COUNTY REGIONAL HEALTH CENTER,IA,,,,0.0,2.0,0.0,False
161330,AUDUBON COUNTY MEMORIAL HOSPITAL,IA,,,,0.0,1.0,0.0,False
161331,MERCY MEDICAL CENTER-NEW HAMPTON,IA,,,,0.0,2.0,0.0,False
161332,MANNING REGIONAL HEALTHCARE CENTER,IA,,,,0.0,1.0,0.0,False
161333,STORY COUNTY HOSPITAL,IA,,,,0.0,1.0,0.0,False
161334,HUMBOLDT COUNTY MEMORIAL HOSPITAL,IA,,61.0,,0.0,2.0,0.0,False
161335,BUCHANAN COUNTY HEALTH CENTER,IA,,87.0,,0.0,2.0,0.0,False
161336,HEGG MEMORIAL HEALTH CENTER,IA,,70.0,,0.0,2.0,0.0,False
161337,VAN BUREN COUNTY HOSPITAL,IA,,88.0,,0.0,2.0,0.0,False
161338,MERCYONE OELWEIN MEDICAL CENTER,IA,,,,0.0,1.0,0.0,False
161339,WAVERLY HEALTH CENTER,IA,5.0,81.0,,0.0,3.0,0.0,False
161340,DECATUR COUNTY HOSPITAL,IA,,74.0,,0.0,2.0,0.0,False
161341,LUCAS COUNTY HEALTH CENTER,IA,,78.0,,0.0,2.0,0.0,False
161342,MONROE COUNTY HOSPITAL,IA,,,,0.0,2.0,0.0,False
161343,REGIONAL MEDICAL CENTER,IA,4.0,75.0,,0.0,3.0,0.0,False
161344,WASHINGTON COUNTY HOSPITAL AND CLINICS,IA,,83.0,,0.0,2.0,0.0,False
161345,OSCEOLA COMMUNITY HOSPITAL,IA,,67.0,,0.0,1.0,0.0,False
161346,SIOUX CENTER HEALTH,IA,,82.0,,0.0,2.0,0.0,False
161347,FLOYD COUNTY MEDICAL CENTER,IA,3.0,85.0,,0.0,3.0,0.0,False
161348,CLARKE COUNTY HOSPITAL,IA,5.0,85.0,,0.0,3.0,0.0,False
161349,VIRGINIA GAY HOSPITAL,IA,4.0,77.0,,0.0,3.0,0.0,False
161350,STEWART MEMORIAL COMMUNITY HOSPITAL,IA,,79.0,,0.0,2.0,0.0,False
161351,AVERA HOLY FAMILY HOSPITAL,IA,2.0,80.0,,0.0,4.0,0.0,False
161352,CLARINDA REGIONAL HEALTH CENTER,IA,4.0,76.0,,0.0,4.0,0.0,False
161353,KOSSUTH REGIONAL HEALTH CENTER,IA,1.0,82.0,,0.0,4.0,0.0,False
161354,HORN MEMORIAL HOSPITAL,IA,,,,0.0,2.0,0.0,False
161355,KNOXVILLE HOSPITAL & CLINICS,IA,2.0,86.0,,0.0,2.0,0.0,False
161356,HENRY COUNTY HEALTH CENTER,IA,,70.0,,0.0,2.0,0.0,False
161357,PALO ALTO COUNTY HOSPITAL,IA,,84.0,,0.0,2.0,0.0,False
161358,WAYNE COUNTY HOSPITAL,IA,,91.0,,0.0,4.0,0.0,False
161359,BURGESS HEALTH CENTER,IA,3.0,78.0,,0.0,3.0,0.0,False
161360,ORANGE CITY AREA HEALTH SYSTEM,IA,3.0,89.0,,0.0,3.0,0.0,False
161361,VAN DIEST MEDICAL CENTER,IA,5.0,84.0,,0.0,3.0,0.0,False
161362,CHEROKEE REGIONAL MEDICAL CENTER,IA,2.0,70.0,,0.0,3.0,0.0,False
161363,MONTGOMERY COUNTY MEMORIAL HOSPITAL,IA,,66.0,,0.0,2.0,0.0,False
161364,JEFFERSON COUNTY HEALTH CENTER,IA,2.0,72.0,,0.0,3.0,0.0,False
161365,GREATER REGIONAL MEDICAL CENTER,IA,3.0,67.0,,0.0,5.0,0.0,False
161366,SHENANDOAH MEDICAL CENTER,IA,,70.0,,0.0,2.0,0.0,False
161367,PELLA REGIONAL HEALTH CENTER,IA,4.0,77.0,,0.0,4.0,0.0,False
161368,FLOYD VALLEY HEALTHCARE,IA,3.0,67.0,,0.0,2.0,0.0,False
161369,CRAWFORD COUNTY MEMORIAL HOSPITAL,IA,2.0,68.0,,0.0,4.0,0.0,False
161370,LORING HOSPITAL,IA,,,,0.0,2.0,0.0,False
161371,WINNMED,IA,4.0,78.0,,0.0,4.0,0.0,False
161372,BOONE COUNTY HOSPITAL,IA,,69.0,,0.0,2.0,0.0,False
161373,RINGGOLD COUNTY HOSPITAL,IA,,79.0,,0.0,2.0,0.0,False
161374,MYRTUE MEDICAL CENTER,IA,3.0,79.0,,0.0,4.0,0.0,False
161375,BUENA VISTA REGIONAL MEDICAL CENTER,IA,2.0,78.0,,0.0,4.0,0.0,False
161376,CASS COUNTY MEMORIAL HOSPITAL,IA,5.0,80.0,,0.0,4.0,0.0,False
161377,MERCYONE CENTERVILLE MEDICAL CENTER,IA,,72.0,,0.0,2.0,0.0,False
161378,MERCYONE DYERSVILLE MEDICAL CENTER,IA,,85.0,,0.0,0.0,,False
161379,MAHASKA  HEALTH PARTNERSHIP,IA,4.0,79.0,,0.0,4.0,0.0,False
161380,HANSEN FAMILY HOSPITAL,IA,,,,0.0,2.0,0.0,False
161381,SANFORD SHELDON MEDICAL CENTER,IA,,69.0,,0.0,2.0,0.0,False
161382,ST ANTHONY REGIONAL HOSPITAL & NURSING HOME,IA,2.0,78.0,,0.0,4.0,0.0,False
164002,MENTAL HEALTH INSTITUTE,IA,,,,,,,False
164003,MENTAL HEALTH INSTITUTE,IA,,,,,,,False
164006,EAGLE VIEW BEHAVIORAL HEALTH,IA,,,,,,,False
164007,CLIVE BEHAVIORAL HEALTH,IA,,,,,,,False
170006,"MERCY HOSPITAL PITTSBURG, INC",KS,3.0,67.0,,0.0,6.0,0.0,False
170009,SAINT JOHN HOSPITAL,KS,3.0,64.0,0.88,0.0,3.0,0.0,True
170012,SALINA REGIONAL HEALTH CENTER,KS,3.0,66.0,1.05,0.0,6.0,0.0,True
170013,HAYS MEDICAL CENTER,KS,3.0,65.0,1.05,0.0,6.0,0.0,True
170014,ADVENTHEALTH OTTAWA,KS,3.0,67.0,0.94,0.0,4.0,0.0,True
170016,UNIVERSITY OF KANSAS HEALTH SYSTEM - ST FRANCIS CAMPUS,KS,3.0,65.0,0.98,0.0,6.0,0.0,True
170017,SUSAN B ALLEN MEMORIAL HOSPITAL,KS,,76.0,0.84,0.0,2.0,0.0,False
170020,HUTCHINSON REGIONAL MEDICAL CENTER INC,KS,2.0,64.0,0.95,0.0,6.0,0.0,True
170023,ST. CATHERINE HOSPITAL - GARDEN CITY,KS,2.0,53.0,1.03,0.0,5.0,0.0,True
170027,PRATT REGIONAL MEDICAL CENTER,KS,4.0,81.0,0.95,0.0,5.0,0.0,True
17002F,Irwin ACH (FT Riley),KS,,72.0,,0.0,0.0,,False
170040,UNIVERSITY OF KANSAS HOSPITAL,KS,5.0,83.0,0.99,0.0,5.0,0.0,True
170049,UNIVERSITY OF KANSAS HEALTH SYSTEM OLATHE HOSPITAL,KS,4.0,69.0,1.0,0.0,5.0,0.0,True
17005F,VA EASTERN KANSAS HEALTHCARE SYSTEM,KS,4.0,74.0,,0.0,4.0,0.0,False
170068,SOUTHWEST MEDICAL CENTER,KS,1.0,56.0,0.92,0.0,5.0,0.0,True
170074,"STORMONT VAIL HEALTH FLINT HILLS, LLC",KS,4.0,72.0,0.82,0.0,4.0,0.0,True
170086,STORMONT VAIL HOSPITAL,KS,4.0,76.0,1.06,0.0,6.0,0.0,True
17008F,WICHITA VA MEDICAL CENTER,KS,5.0,83.0,,0.0,6.0,0.0,False
170103,NMC HEALTH,KS,5.0,77.0,1.01,0.0,5.0,0.0,True
170104,ADVENTHEALTH SHAWNEE MISSION,KS,3.0,75.0,0.99,0.0,6.0,0.0,True
170105,MCPHERSON HOSPITAL,KS,2.0,66.0,0.92,0.0,4.0,0.0,True
170109,MIAMI COUNTY MEDICAL CENTER,KS,,68.0,0.86,0.0,2.0,0.0,False
170120,LABETTE HEALTH,KS,3.0,69.0,0.9,0.0,5.0,0.0,True
170122,"ASCENSION VIA CHRISTI HOSPITALS WICHITA, INC.",KS,2.0,61.0,0.96,0.0,6.0,0.0,True
170123,WESLEY MEDICAL CENTER,KS,4.0,65.0,1.02,0.0,6.0,0.0,True
170137,LMH,KS,4.0,69.0,0.92,0.0,6.0,0.0,True
170142,"ASCENSION VIA CHRISTI HOSPITAL MANHATTAN, INC",KS,4.0,70.0,0.94,0.0,6.0,0.0,True
170146,PROVIDENCE MEDICAL CENTER,KS,3.0,56.0,0.97,0.0,6.0,0.0,True
170175,CENTURA ST. CATHERINE-DODGE CITY,KS,3.0,58.0,0.95,0.0,5.0,0.0,True
170176,OVERLAND PARK REG MED CTR,KS,4.0,67.0,1.03,0.0,6.0,0.0,True
170182,MENORAH MEDICAL CENTER,KS,3.0,73.0,1.02,0.0,6.0,0.0,True
170183,KANSAS SURGERY & RECOVERY CENTER,KS,,86.0,0.98,0.0,2.0,0.0,False
170185,SAINT LUKE'S SOUTH HOSPITAL,KS,4.0,78.0,1.06,0.0,6.0,0.0,True
170186,KANSAS HEART HOSPITAL,KS,4.0,89.0,1.02,0.0,3.0,0.0,True
170187,SALINA SURGICAL HOSPITAL,KS,,89.0,0.85,0.0,2.0,0.0,False
170188,KANSAS CITY ORTHOPAEDIC INSTITUTE,KS,,90.0,0.8,0.0,2.0,0.0,False
170190,MANHATTAN SURGICAL HOSPITAL LLC,KS,,83.0,0.96,0.0,2.0,0.0,False
170191,UNIVERSITY  OF KS HLTH SYSTEM GREAT BEND CAMPUS,KS,4.0,57.0,0.97,0.0,4.0,0.0,True
170194,ASCENTIST HOSPITAL LLC,KS,,82.0,0.97,0.0,1.0,0.0,False
170196,"KANSAS SPINE & SPECIALTY HOSPITAL, LLC",KS,,83.0,0.97,0.0,2.0,0.0,False
170197,KANSAS MEDICAL CENTER LLC,KS,2.0,76.0,1.03,0.0,5.0,0.0,True
170198,"SUMMIT SURGICAL, LLC",KS,,87.0,0.91,0.0,2.0,0.0,False
170199,MINIMALLY INVASIVE SURGERY HOSPITAL,KS,,52.0,,0.0,0.0,,False
170200,"VIA CHRISTI HOSPITAL WICHITA ST TERESA, INC",KS,4.0,79.0,0.99,0.0,4.0,0.0,True
170203,MERCY SPECIALTY HOSPITAL SOUTHEAST KANSAS,KS,,84.0,1.0,0.0,2.0,0.0,False
170204,"ROCK REGIONAL HOSPITAL, LLC",KS,4.0,90.0,0.98,0.0,4.0,0.0,True
170208,"ADVENTHEALTH SOUTH OVERLAND PARK, INC",KS,4.0,83.0,0.99,0.0,3.0,0.0,True
170779,SCK HEALTH,KS,,,,0.0,0.0,,False
170780,"MERCY HOSPITAL, INC",KS,,,,0.0,0.0,,False
170781,RUSH COUNTY MEMORIAL HOSPITAL,KS,,,,0.0,0.0,,False
171300,GRISELL MEMORIAL HOSPITAL,KS,,,,0.0,0.0,,False
171301,ELLINWOOD DISTRICT HOSPITAL,KS,,,,0.0,1.0,0.0,False
171303,LANE COUNTY HOSPITAL,KS,,,,0.0,0.0,,False
171304,ASHLAND HEALTH CENTER,KS,,,,0.0,0.0,,False
171306,WICHITA COUNTY HEALTH CENTER,KS,,,,0.0,1.0,0.0,False
171307,RAWLINS COUNTY HEALTH CENTER,KS,,82.0,,0.0,1.0,0.0,False
171308,MERCY HOSPITAL COLUMBUS,KS,,,,0.0,0.0,,False
171309,JEWELL COUNTY HOSPITAL,KS,,,,0.0,1.0,0.0,False
171310,CHEYENNE COUNTY HOSPITAL,KS,,,,0.0,2.0,0.0,False
171311,ROOKS COUNTY HEALTH CENTER,KS,,84.0,,0.0,2.0,0.0,False
171312,COMANCHE COUNTY HOSPITAL,KS,,83.0,,0.0,1.0,0.0,False
171313,KEARNY COUNTY HOSPITAL,KS,,88.0,,0.0,2.0,0.0,False
171314,F W HUSTON MEDICAL CENTER,KS,,,,0.0,0.0,,False
171315,NEMAHA VALLEY COMMUNITY HOSPITAL,KS,,91.0,,0.0,2.0,0.0,False
171316,ANDERSON COUNTY HOSPITAL,KS,,84.0,,0.0,2.0,0.0,False
171317,EDWARDS COUNTY MEDICAL CENTER,KS,,,,0.0,0.0,,False
171318,SEDAN CITY HOSPITAL,KS,,,,0.0,2.0,0.0,False
171319,HOLTON COMMUNITY HOSPITAL,KS,,93.0,,0.0,2.0,0.0,False
171321,MEADE DISTRICT HOSPITAL,KS,,,,0.0,1.0,0.0,False
171322,HAMILTON COUNTY HOSPITAL,KS,,,,0.0,1.0,0.0,False
171323,STAFFORD COUNTY HOSPITAL,KS,,,,0.0,1.0,0.0,False
171324,"SATANTA DISTRICT HOSPITAL, CLINICS, & LTCU",KS,,,,0.0,1.0,0.0,False
171325,GRAHAM COUNTY HOSPITAL,KS,,85.0,,0.0,2.0,0.0,False
171326,LOGAN COUNTY HOSPITAL,KS,,83.0,,0.0,2.0,0.0,False
171327,ELLSWORTH COUNTY MEDICAL CENTER,KS,2.0,76.0,,0.0,4.0,0.0,False
171328,OTTAWA COUNTY HEALTH CENTER,KS,,93.0,,0.0,1.0,0.0,False
171329,CALDWELL REGIONAL MEDICAL CENTER,KS,,,,0.0,2.0,0.0,False
171330,HOSPITAL DISTRICT #1 OF RICE COUNTY,KS,,95.0,,0.0,2.0,0.0,False
171331,KIOWA DISTRICT HOSPITAL,KS,,,,0.0,2.0,0.0,False
171332,KIOWA COUNTY MEMORIAL HOSPITAL,KS,,94.0,,0.0,1.0,0.0,False
171333,CLARA BARTON HOSPITAL,KS,2.0,87.0,,0.0,4.0,0.0,False
171334,MEDICINE LODGE MEMORIAL HOSPITAL,KS,,,,0.0,2.0,0.0,False
171335,STEVENS COUNTY HOSPITAL,KS,4.0,,,0.0,3.0,0.0,False
171336,NESS COUNTY HOSPITAL DISTRICT #2,KS,,,,0.0,2.0,0.0,False
171337,WAMEGO HEALTH CENTER,KS,,,,0.0,2.0,0.0,False
171338,GREAT PLAINS OF SABETHA,KS,,87.0,,0.0,2.0,0.0,False
171339,GREENWOOD COUNTY HOSPITAL,KS,,89.0,,0.0,3.0,0.0,False
171341,HIAWATHA COMMUNITY HOSPITAL,KS,3.0,68.0,,0.0,4.0,0.0,False
171343,STANTON COUNTY HOSPITAL,KS,,,,0.0,1.0,0.0,False
171344,WILSON MEDICAL CENTER,KS,,,,0.0,2.0,0.0,False
171345,PAWNEE VALLEY COMMUNITY HOSPITAL,KS,,76.0,,0.0,2.0,0.0,False
171346,HOSPITAL DISTRICT #6 PATTERSON HEALTH CENTER,KS,,86.0,,0.0,2.0,0.0,False
171347,SHERIDAN COUNTY HOSPITAL,KS,,87.0,,0.0,2.0,0.0,False
171348,NORTON COUNTY HOSPITAL,KS,,76.0,,0.0,2.0,0.0,False
171349,CLOUD COUNTY HEALTH CENTER,KS,,85.0,,0.0,2.0,0.0,False
171350,RUSSELL REGIONAL HOSPITAL,KS,3.0,75.0,,0.0,3.0,0.0,False
171351,WASHINGTON COUNTY HOSPITAL,KS,,,,0.0,1.0,0.0,False
171352,DECATUR HEALTH,KS,,73.0,,0.0,0.0,,False
171353,PHILLIPS COUNTY HOSPITAL,KS,,76.0,,0.0,2.0,0.0,False
171354,"COMMUNITY HOSPITAL, ONAGA AND ST MARYS CAMPUS",KS,,83.0,,0.0,2.0,0.0,False
171355,TREGO COUNTY LEMKE MEMORIAL HOSPITAL,KS,,,,0.0,2.0,0.0,False
171356,ST LUKE HOSPITAL & LIVING CENTER,KS,,,,0.0,1.0,0.0,False
171357,HILLSBORO COMMUNITY HOSPITAL,KS,,,,0.0,1.0,0.0,False
171358,LINDSBORG COMMUNITY HOSPITAL,KS,,92.0,,0.0,2.0,0.0,False
171359,GREELEY COUNTY HEALTH SERVICES,KS,,,,0.0,2.0,0.0,False
171360,LINCOLN COUNTY HOSPITAL,KS,,,,0.0,1.0,0.0,False
171361,REPUBLIC COUNTY HOSPITAL,KS,3.0,86.0,,0.0,4.0,0.0,False
171362,CITIZENS MEDICAL CENTER,KS,3.0,77.0,,0.0,5.0,0.0,False
171363,"COMMUNITY MEMORIAL HEALTHCARE, INC.",KS,4.0,70.0,,0.0,5.0,0.0,False
171364,OSBORNE COUNTY MEMORIAL HOSPITAL,KS,,85.0,,0.0,2.0,0.0,False
171365,HANOVER HOSPITAL,KS,,,,0.0,1.0,0.0,False
171367,GOVE COUNTY MEDICAL CENTER,KS,,92.0,,0.0,2.0,0.0,False
171368,MINNEOLA DISTRICT HOSPITAL,KS,,,,0.0,2.0,0.0,False
171369,HODGEMAN COUNTY HEALTH CENTER,KS,,85.0,,0.0,2.0,0.0,False
171370,GOODLAND REGIONAL MEDICAL CENTER,KS,2.0,45.0,,0.0,4.0,0.0,False
171371,CLAY COUNTY MEDICAL CENTER,KS,3.0,86.0,,0.0,4.0,0.0,False
171372,SCOTT COUNTY HOSPITAL,KS,2.0,,,0.0,4.0,0.0,False
171373,ALLEN COUNTY REGIONAL HOSPITAL,KS,4.0,71.0,,0.0,3.0,0.0,False
171374,FREDONIA REGIONAL HOSPITAL,KS,,72.0,,0.0,2.0,0.0,False
171375,MITCHELL COUNTY HOSPITAL HEALTH SYSTEMS,KS,3.0,90.0,,0.0,4.0,0.0,False
171376,GIRARD MEDICAL CENTER,KS,2.0,93.0,,0.0,3.0,0.0,False
171377,SMITH COUNTY MEMORIAL HOSPITAL,KS,,83.0,,0.0,3.0,0.0,False
171378,KINGMAN HEALTHCARE CENTER,KS,,92.0,,0.0,2.0,0.0,False
171379,MORRIS COUNTY HOSPITAL,KS,3.0,,,0.0,3.0,0.0,False
171380,NEOSHO MEMORIAL REGIONAL MEDICAL CENTER,KS,1.0,79.0,,0.0,4.0,0.0,False
171381,MEMORIAL HOSPITAL,KS,2.0,82.0,,0.0,3.0,0.0,False
171382,AMBERWELL ATCHISON ASSOCIATION,KS,,71.0,,0.0,3.0,0.0,False
171383,WILLIAM NEWTON HOSPITAL,KS,4.0,,,0.0,4.0,0.0,False
171384,NEWMAN REGIONAL HEALTH,KS,2.0,65.0,,0.0,5.0,0.0,False
171385,COFFEY COUNTY HOSPITAL,KS,4.0,88.0,,0.0,3.0,0.0,False
171386,MORTON COUNTY HOSPITAL,KS,,,,0.0,0.0,,False
171388,BOB WILSON MEMORIAL HOSPITAL,KS,,,,0.0,2.0,0.0,False
173300,CHILDREN'S MERCY SOUTH,KS,,,,0.0,0.0,,False
174006,LARNED STATE HOSPITAL,KS,,,,,,,False
174020,COTTONWOOD SPRINGS LLC,KS,,,,,,,False
174022,ADAIR ACUTE CARE AT OSAWATOMIE STATE HOSPITAL,KS,,,,,,,False
174026,CORTERRA OF WICHITA LLC,KS,,,,,,,False
174027,ST VERONICA,KS,,,,,,,False
180001,ST ELIZABETH FT THOMAS,KY,5.0,68.0,1.09,0.0,4.0,0.0,True
180002,WHITESBURG ARH HOSPITAL,KY,3.0,65.0,0.91,0.0,4.0,0.0,True
180004,OWENSBORO HEALTH MUHLENBERG COMMUNITY HOSPITAL,KY,4.0,71.0,0.92,0.0,4.0,0.0,True
180005,HIGHLANDS ARH REGIONAL MEDICAL CENTER,KY,2.0,64.0,1.05,0.0,5.0,0.0,True
180009,KING'S DAUGHTERS' MEDICAL CENTER,KY,3.0,68.0,1.0,0.0,6.0,0.0,True
180010,SAINT JOSEPH HOSPITAL,KY,3.0,64.0,1.0,0.0,6.0,0.0,True
180011,SAINT JOSEPH LONDON,KY,3.0,73.0,0.93,0.0,6.0,0.0,True
180012,BAPTIST HEALTH HARDIN,KY,3.0,69.0,1.03,0.0,5.0,0.0,True
180013,THE MEDICAL CENTER (BOWLING GREEN),KY,2.0,70.0,1.06,0.0,5.0,0.0,True
180016,UOFL HEALTH - SHELBYVILLE HOSPITAL,KY,3.0,64.0,0.92,0.0,4.0,0.0,True
180017,T J SAMSON COMMUNITY HOSPITAL,KY,3.0,68.0,1.06,0.0,6.0,0.0,True
180018,ST CLAIRE REGIONAL MEDICAL CENTER,KY,2.0,68.0,0.92,1.0,5.0,0.2,True
180019,MEADOWVIEW REGIONAL MEDICAL CENTER,KY,4.0,55.0,1.1,0.0,5.0,0.0,True
180020,MIDDLESBORO ARH HOSPITAL,KY,1.0,56.0,1.09,0.0,4.0,0.0,True
180024,SPRING VIEW HOSPITAL,KY,5.0,64.0,0.83,0.0,5.0,0.0,True
180025,CHI SAINT JOSEPH FLAGET MEMORIAL HOSPITAL,KY,3.0,61.0,0.87,0.0,3.0,0.0,True
180027,MURRAY-CALLOWAY COUNTY HOSPITAL,KY,3.0,74.0,1.02,0.0,6.0,0.0,True
180029,HAZARD ARH REGIONAL MEDICAL CENTER,KY,2.0,55.0,1.06,0.0,5.0,0.0,True
180035,ST ELIZABETH EDGEWOOD,KY,5.0,74.0,1.04,0.0,6.0,0.0,True
180038,OWENSBORO HEALTH REGIONAL HOSPITAL,KY,2.0,68.0,0.97,0.0,5.0,0.0,True
18003F,Blanchfield ACH (FT Campbell),KY,,74.0,,0.0,0.0,,False
180040,UOFL HEALTH - JEWISH HOSPITAL and Mary & Elizabeth Hospital,KY,2.0,65.0,1.01,0.0,6.0,0.0,True
180043,AdventHealthManchester,KY,3.0,75.0,0.97,0.0,3.0,0.0,True
180044,PIKEVILLE MEDICAL CENTER,KY,1.0,66.0,0.95,0.0,5.0,0.0,True
180045,ST ELIZABETH FLORENCE,KY,3.0,69.0,1.03,0.0,4.0,0.0,True
180046,BOURBON COMMUNITY HOSPITAL,KY,2.0,73.0,1.22,0.0,3.0,0.0,True
180048,EPHRAIM MCDOWELL REGIONAL MEDICAL CENTER,KY,3.0,64.0,1.07,0.0,5.0,0.0,True
180049,BAPTIST HEALTH RICHMOND,KY,4.0,78.0,1.02,0.0,5.0,0.0,True
180050,HARLAN ARH HOSPITAL,KY,2.0,59.0,0.95,0.0,4.0,0.0,True
180051,JENNIE STUART MEDICAL CENTER,KY,1.0,57.0,1.05,0.0,4.0,0.0,True
180056,DEACONESS HENDERSON HOSPITAL,KY,2.0,61.0,1.03,0.0,4.0,0.0,True
180064,SAINT JOSEPH MOUNT STERLING,KY,4.0,73.0,1.02,0.0,3.0,0.0,True
180066,The Medical Center at Russellville,KY,2.0,67.0,0.92,0.0,3.0,0.0,True
180067,UNIVERSITY OF KENTUCKY HOSPITAL,KY,4.0,76.0,1.02,0.0,5.0,0.0,True
180069,TUG VALLEY ARH REGIONAL MEDICAL CENTER,KY,2.0,54.0,0.81,1.0,4.0,0.25,True
18006F,LOUISVILLE VA MEDICAL CENTER,KY,5.0,76.0,,0.0,6.0,0.0,False
180070,OWENSBORO HEALTH TWIN LAKES MEDICAL CENTER,KY,3.0,71.0,1.05,0.0,4.0,0.0,True
180078,PAINTSVILLE ARH HOSPITAL,KY,2.0,58.0,0.96,0.0,4.0,0.0,True
180079,HARRISON MEMORIAL HOSPITAL,KY,3.0,82.0,0.95,0.0,5.0,0.0,True
18007F,LEXINGTON VA MEDICAL CENTER,KY,3.0,80.0,,1.0,6.0,0.16666666666666666,False
180080,BAPTIST HEALTH CORBIN,KY,3.0,75.0,1.0,0.0,5.0,0.0,True
180087,TAYLOR REGIONAL HOSPITAL,KY,2.0,69.0,1.09,0.0,4.0,0.0,True
180088,"NORTON HOSPITALS, INC",KY,2.0,73.0,1.0,2.0,6.0,0.3333333333333333,True
180092,CLARK REGIONAL MEDICAL CENTER,KY,3.0,70.0,1.01,0.0,5.0,0.0,True
180093,BAPTIST HEALTH DEACONESS MADISONVILLE,KY,2.0,62.0,1.04,0.0,5.0,0.0,True
180101,GEORGETOWN COMMUNITY HOSPITAL,KY,3.0,65.0,0.96,0.0,3.0,0.0,True
180102,MERCY HEALTH - LOURDES HOSPITAL,KY,3.0,68.0,1.03,0.0,6.0,0.0,True
180103,BAPTIST HEALTH LEXINGTON,KY,4.0,84.0,1.09,0.0,6.0,0.0,True
180104,BAPTIST HEALTH PADUCAH,KY,4.0,79.0,1.02,0.0,5.0,0.0,True
180105,MONROE COUNTY MEDICAL CENTER,KY,1.0,67.0,0.92,0.0,4.0,0.0,True
180115,"ROCKCASTLE COUNTY HOSPITAL, INC.",KY,2.0,85.0,1.0,0.0,4.0,0.0,True
180116,JACKSON PURCHASE MEDICAL CENTER,KY,1.0,60.0,1.06,0.0,4.0,0.0,True
180124,TRISTAR GREENVIEW REGIONAL HOSPITAL,KY,2.0,71.0,1.08,0.0,6.0,0.0,True
180127,FRANKFORT REGIONAL MEDICAL CENTER,KY,3.0,51.0,0.94,0.0,5.0,0.0,True
180128,THREE RIVERS MEDICAL CENTER,KY,3.0,79.0,0.88,0.0,4.0,0.0,True
180130,BAPTIST HEALTH LOUISVILLE,KY,4.0,75.0,1.02,0.0,6.0,0.0,True
180132,LAKE CUMBERLAND REGIONAL HOSPITAL,KY,2.0,53.0,1.03,0.0,5.0,0.0,True
180138,BAPTIST HEALTH LAGRANGE,KY,5.0,80.0,1.01,0.0,4.0,0.0,True
180141,UNIVERSITY OF LOUISVILLE HOSPITAL,KY,1.0,66.0,1.13,1.0,5.0,0.2,True
180143,SAINT JOSEPH EAST,KY,2.0,65.0,0.94,0.0,5.0,0.0,True
180149,TJ HEALTH COLUMBIA,KY,,59.0,0.94,0.0,2.0,0.0,False
180154,"PINEVILLE COMMUNITY HEALTH CENTER, INC",KY,1.0,,1.33,0.0,3.0,0.0,False
180779,CRITTENDEN COMMUNITY HOSPITAL,KY,,,,0.0,0.0,,False
180780,FLEMING COUNTY HOSPITAL,KY,,,,0.0,0.0,,False
181301,MARCUM AND WALLACE MEMORIAL HOSPITAL,KY,4.0,81.0,,0.0,4.0,0.0,False
181302,THE JAMES B. HAGGIN MEMORIAL HOSPITAL,KY,,72.0,,0.0,1.0,0.0,False
181304,TRIGG COUNTY HOSPITAL,KY,,,,0.0,1.0,0.0,False
181305,ARH OUR LADY OF THE WAY,KY,,78.0,,0.0,0.0,,False
181306,METHODIST HOSPITAL UNION COUNTY,KY,,71.0,,0.0,1.0,0.0,False
181307,MORGAN COUNTY ARH HOSPITAL,KY,,64.0,,0.0,2.0,0.0,False
181308,BLUEGRASS COMMUNITY HOSPITAL,KY,,65.0,,0.0,1.0,0.0,False
181309,CASEY COUNTY HOSPITAL,KY,3.0,86.0,,0.0,4.0,0.0,False
181310,CARROLL COUNTY MEMORIAL HOSPITAL,KY,,,,0.0,1.0,0.0,False
181311,ST ELIZABETH GRANT,KY,,,,0.0,1.0,0.0,False
181314,CAVERNA MEMORIAL HOSPITAL,KY,,,,0.0,0.0,,False
181315,EPHRAIM MCDOWELL FORT LOGAN HOSPITAL,KY,,83.0,,0.0,2.0,0.0,False
181316,MARY BRECKINRIDGE ARH HOSPITAL,KY,,88.0,,0.0,1.0,0.0,False
181317,CUMBERLAND COUNTY HOSPITAL,KY,,86.0,,0.0,2.0,0.0,False
181318,THE MEDICAL CENTER AT FRANKLIN,KY,,,,0.0,2.0,0.0,False
181319,BRECKINRIDGE MEMORIAL HOSPITAL,KY,1.0,82.0,,0.0,3.0,0.0,False
181320,"LIVINGSTON HOSPITAL AND HEALTHCARE SERVICES, INC",KY,4.0,84.0,,0.0,4.0,0.0,False
181321,WAYNE COUNTY HOSPITAL,KY,,,,0.0,1.0,0.0,False
181322,CALDWELL MEDICAL CENTER,KY,,,,0.0,1.0,0.0,False
181323,OHIO COUNTY HOSPITAL,KY,2.0,,,0.0,3.0,0.0,False
181324,THE MEDICAL CENTER AT SCOTTSVILLE,KY,,,,0.0,2.0,0.0,False
181325,JANE TODD CRAWFORD HOSPITAL,KY,,,,0.0,1.0,0.0,False
181327,MARSHALL COUNTY HOSPITAL,KY,2.0,78.0,,0.0,3.0,0.0,False
181328,KNOX COUNTY HOSPITAL,KY,,75.0,,0.0,2.0,0.0,False
181329,CHI SAINT JOSEPH BEREA NF,KY,4.0,81.0,,0.0,3.0,0.0,False
181330,RUSSELL COUNTY HOSPITAL,KY,,86.0,,0.0,2.0,0.0,False
181331,MCDOWELL ARH HOSPITAL,KY,,90.0,,0.0,1.0,0.0,False
181333,THE MEDICAL CENTER AT ALBANY,KY,,,,0.0,0.0,,False
181334,KENTUCKY RIVER MEDICAL CENTER,KY,,,,0.0,0.0,,False
184002,WESTERN STATE HOSPITAL,KY,,,,,,,False
184004,EASTERN STATE HOSPITAL,KY,,,,,,,False
184006,SUN BEHAVIORAL HEALTH,KY,,,,,,,False
184007,THE BROOK HOSPITAL - DUPONT,KY,,,,,,,False
184008,THE BROOK HOSPITAL - KMI,KY,,,,,,,False
184009,THE RIDGE BEHAVIORAL HEALTH SYSTEM,KY,,,,,,,False
184012,LINCOLN TRAIL BEHAVIORAL HEALTH SYSTEM,KY,,,,,,,False
184014,CUMBERLAND HALL HOSPITAL,KY,,,,,,,False
184015,CENTRAL STATE HOSPITAL,KY,,,,,,,False
184017,RIVENDELL BEHAVIORAL HEALTH SERVICES,KY,,,,,,,False
190002,OCHSNER LAFAYETTE GENERAL MEDICAL CENTER,LA,3.0,74.0,1.02,0.0,6.0,0.0,True
190004,THIBODAUX REGIONAL MEDICAL CENTER,LA,3.0,80.0,1.04,0.0,5.0,0.0,True
190005,UNIVERSITY MEDICAL CENTER NEW ORLEANS,LA,2.0,75.0,1.02,0.0,4.0,0.0,True
190006,OCHSNER UNIVERSITY HOSPITAL AND CLINICS,LA,3.0,75.0,1.03,0.0,4.0,0.0,True
190007,NATCHITOCHES REGIONAL MEDICAL CENTER,LA,4.0,65.0,1.11,0.0,3.0,0.0,True
190008,TERREBONNE GENERAL MEDICAL CENTER - PARISH,LA,4.0,72.0,1.04,0.0,5.0,0.0,True
190011,OCHSNER LSU HEALTH MONROE,LA,3.0,77.0,1.12,0.0,2.0,0.0,True
190013,WEST CALCASIEU CAMERON HOSPITAL,LA,4.0,75.0,1.03,0.0,5.0,0.0,True
190014,OCHSNER ST MARY,LA,2.0,63.0,1.16,0.0,4.0,0.0,True
190015,NORTH OAKS MEDICAL CENTER,LA,2.0,63.0,1.15,1.0,5.0,0.2,True
190017,OPELOUSAS GENERAL HEALTH SYSTEM,LA,2.0,66.0,1.03,0.0,6.0,0.0,True
190019,CHRISTUS ST FRANCES CABRINI HOSPITAL,LA,3.0,70.0,1.06,1.0,5.0,0.2,True
190020,LANE REGIONAL MEDICAL CENTER,LA,3.0,69.0,1.1,0.0,5.0,0.0,True
190025,SAVOY MEDICAL CENTER,LA,4.0,88.0,1.25,0.0,3.0,0.0,True
190026,RAPIDES REGIONAL MEDICAL CENTER,LA,2.0,60.0,1.07,0.0,5.0,0.0,True
190027,CHRISTUS OCHSNER ST PATRICK HOSPITAL,LA,3.0,67.0,1.05,0.0,5.0,0.0,True
190034,ABBEVILLE GENERAL HOSPITAL,LA,3.0,74.0,1.02,0.0,3.0,0.0,True
190036,OCHSNER MEDICAL CENTER ACUTE,LA,4.0,73.0,0.99,1.0,6.0,0.16666666666666666,True
190039,WEST JEFFERSON MEDICAL CENTER,LA,3.0,72.0,1.1,0.0,5.0,0.0,True
190040,SLIDELL MEMORIAL HOSPITAL,LA,2.0,63.0,0.98,1.0,5.0,0.2,True
190041,CHRISTUS SHREVEPORT-BOSSIER HEALTH SYSTEM,LA,3.0,71.0,1.06,0.0,6.0,0.0,True
190044,ACADIA GENERAL HOSPITAL,LA,3.0,68.0,1.09,0.0,5.0,0.0,True
190045,ST TAMMANY PARISH HOSPITAL,LA,4.0,80.0,1.01,0.0,6.0,0.0,True
190046,TOURO INFIRMARY,LA,3.0,73.0,0.96,0.0,6.0,0.0,True
190050,BEAUREGARD MEMORIAL HOSPITAL,LA,3.0,72.0,1.23,0.0,4.0,0.0,True
190053,OCHSNER AMERICAN LEGION HOSPITAL,LA,2.0,70.0,1.09,0.0,4.0,0.0,True
190054,IBERIA MEDICAL CENTER,LA,2.0,62.0,0.99,0.0,6.0,0.0,True
190060,LAKE CHARLES MEMORIAL HOSPITAL,LA,3.0,68.0,1.02,0.0,5.0,0.0,True
190064,OUR LADY OF THE LAKE REGIONAL MEDICAL CENTER,LA,3.0,72.0,1.02,0.0,5.0,0.0,True
190065,BATON ROUGE GENERAL MEDICAL CENTER,LA,3.0,74.0,0.98,0.0,6.0,0.0,True
190079,ST CHARLES PARISH HOSPITAL,LA,,75.0,0.82,0.0,1.0,0.0,False
190086,NORTHERN LOUISIANA MEDICAL CENTER,LA,2.0,47.0,1.32,0.0,5.0,0.0,True
190088,SPRINGHILL MEDICAL CENTER,LA,4.0,68.0,0.98,0.0,3.0,0.0,True
190090,WINN PARISH MEDICAL CENTER,LA,,58.0,1.23,0.0,2.0,0.0,False
190098,OCHSNER LSU HEALTH SHREVEPORT,LA,2.0,68.0,1.16,0.0,5.0,0.0,True
190099,AVOYELLES HOSPITAL,LA,1.0,66.0,1.22,0.0,3.0,0.0,True
190102,"OUR LADY OF LOURDES REGIONAL MEDICAL CENTER, INC",LA,3.0,82.0,1.04,0.0,5.0,0.0,True
190106,OAKDALE COMMUNITY HOSPITAL,LA,3.0,82.0,1.04,0.0,3.0,0.0,True
190111,WILLIS KNIGHTON MEDICAL CENTER,LA,3.0,70.0,1.17,0.0,6.0,0.0,True
190114,CLAIBORNE MEMORIAL MEDICAL CENTER,LA,1.0,75.0,1.02,0.0,3.0,0.0,True
190116,MOREHOUSE GENERAL HOSPITAL,LA,2.0,54.0,1.16,0.0,3.0,0.0,True
190118,DESOTO REGIONAL HEALTH SYSTEM,LA,2.0,73.0,1.02,0.0,3.0,0.0,True
190125,ST FRANCIS MEDICAL CENTER,LA,3.0,76.0,1.08,0.0,5.0,0.0,True
190128,WOMANS HOSPITAL,LA,4.0,83.0,1.06,0.0,1.0,0.0,True
190133,ALLEN PARISH HOSPITAL,LA,,87.0,1.03,0.0,1.0,0.0,False
190140,FRANKLIN MEDICAL CENTER,LA,,69.0,1.18,0.0,2.0,0.0,False
190144,MINDEN MEDICAL CENTER,LA,2.0,67.0,1.14,0.0,4.0,0.0,True
190145,LASALLE GENERAL HOSPITAL,LA,1.0,,1.1,0.0,3.0,0.0,False
190151,RICHARDSON MEDICAL CENTER,LA,,,1.11,0.0,2.0,0.0,False
190160,GLENWOOD REGIONAL MEDICAL CENTER,LA,2.0,72.0,1.08,1.0,6.0,0.16666666666666666,True
190164,BYRD REGIONAL HOSPITAL,LA,2.0,64.0,1.26,1.0,4.0,0.25,True
190167,MERCY REGIONAL MEDICAL CENTER,LA,3.0,79.0,1.18,0.0,4.0,0.0,True
190176,EAST JEFFERSON GENERAL HOSPITAL,LA,2.0,74.0,1.06,0.0,6.0,0.0,True
190183,LEONARD J CHABERT MEDICAL CENTER,LA,3.0,75.0,0.91,0.0,3.0,0.0,True
190184,CITIZENS MEDICAL CENTER,LA,3.0,88.0,0.96,0.0,4.0,0.0,True
190190,"CALDWELL MEMORIAL HOSPITAL, INC",LA,,91.0,1.1,0.0,2.0,0.0,False
190201,CHRISTUS OCHSNER LAKE AREA HOSPITAL,LA,,79.0,0.96,0.0,1.0,0.0,False
190202,OCHSNER MEDICAL CENTER - BATON ROUGE,LA,4.0,66.0,0.99,0.0,5.0,0.0,True
190208,EAST CARROLL PARISH HOSPITAL,LA,,,0.93,0.0,2.0,0.0,False
190218,SABINE MEDICAL CENTER,LA,,61.0,1.09,0.0,2.0,0.0,False
190241,PHYSICIANS MEDICAL CENTER,LA,,81.0,,0.0,0.0,,False
190245,MONROE SURGICAL HOSPITAL,LA,,,1.18,0.0,1.0,0.0,False
190251,SURGICAL SPECIALTY CENTER OF BATON ROUGE,LA,,89.0,0.88,0.0,2.0,0.0,False
190255,PARK PLACE SURGICAL HOSPITAL,LA,,86.0,0.88,0.0,1.0,0.0,False
190256,STERLING SURGICAL HOSPITAL,LA,,91.0,0.9,0.0,2.0,0.0,False
190259,LAFAYETTE SURGICAL SPECIALTY HOSPITAL,LA,,87.0,1.02,0.0,2.0,0.0,False
190266,THE SPINE HOSPITAL OF LOUISIANA,LA,,87.0,0.99,0.0,1.0,0.0,False
190267,AVALA,LA,,90.0,0.96,0.0,2.0,0.0,False
190270,OUR LADY OF THE LAKE SURGICAL HOSPITAL,LA,,89.0,0.9,0.0,1.0,0.0,False
190274,OCHSNER MEDICAL CENTER-KENNER,LA,4.0,67.0,0.94,0.0,5.0,0.0,True
190278,SPECIALISTS HOSPITAL SHREVEPORT,LA,,83.0,1.02,0.0,2.0,0.0,False
190298,CHRISTUS CENTRAL LOUISIANA SURGICAL HOSPITAL,LA,,88.0,1.13,0.0,2.0,0.0,False
190300,ST CHARLES SURGICAL HOSPITAL,LA,,,1.02,0.0,1.0,0.0,False
190302,"OMEGA HOSPITAL, LLC",LA,,,,0.0,0.0,,False
190303,CYPRESS POINTE SURGICAL HOSPITAL,LA,,86.0,0.96,0.0,1.0,0.0,False
190308,ST BERNARD PARISH HOSPITAL,LA,4.0,69.0,0.81,0.0,3.0,0.0,True
190312,OUR LADY OF THE ANGELS HOSPITAL,LA,4.0,74.0,1.22,0.0,3.0,0.0,True
190313,NEW ORLEANS EAST HOSPITAL,LA,,74.0,1.05,0.0,1.0,0.0,False
190316,THE GENERAL,LA,,67.0,1.01,0.0,3.0,0.0,False
190317,OCHSNER LSU HEALTH SHREVEPORT-ST MARY MEDICAL CENT,LA,2.0,73.0,,0.0,0.0,,False
190318,ACADIAN MEDICAL CENTER,LA,3.0,63.0,1.16,0.0,4.0,0.0,True
190319,ALEXANDRIA HOSPITAL,LA,,,,0.0,0.0,,False
19043F,ALEXANDRIA VA MEDICAL CENTER,LA,,70.0,,0.0,2.0,0.0,False
19047F,SOUTHEAST LOUISIANA VETERANS HEALTH CARE SYSTEM,LA,3.0,77.0,,1.0,5.0,0.2,False
19048F,OVERTON BROOKS VA MEDICAL CENTER (SHREVEPORT),LA,2.0,66.0,,0.0,6.0,0.0,False
19050F,Bayne-Jones ACH (Ft Johnson),LA,,95.0,,0.0,0.0,,False
190779,ASSUMPTION COMMUNITY HOSPITAL,LA,,,,0.0,0.0,,False
191300,ST HELENA PARISH HOSPITAL,LA,,,,0.0,0.0,,False
191301,UNION GENERAL HOSPITAL,LA,,89.0,,0.0,2.0,0.0,False
191302,OCHSNER ST MARTIN HOSPITAL,LA,,82.0,,0.0,2.0,0.0,False
191304,NORTH CADDO MEDICAL CENTER,LA,,75.0,,0.0,3.0,0.0,False
191305,ST JAMES PARISH HOSPITAL,LA,,75.0,,0.0,0.0,,False
191306,WEST FELICIANA PARISH HOSPITAL,LA,,,,0.0,0.0,,False
191307,DEQUINCY MEMORIAL HOSPITAL,LA,,,,0.0,0.0,,False
191308,PREVOST MEMORIAL HOSPITAL,LA,,,,0.0,0.0,,False
191309,HOOD MEMORIAL HOSPITAL,LA,,,,0.0,0.0,,False
191310,BAYOU BEND HEALTH SYSTEM,LA,,69.0,,0.0,2.0,0.0,False
191311,BUNKIE GENERAL HOSPITAL,LA,,,,0.0,0.0,,False
191312,CHRISTUS COUSHATTA HEALTH CARE CENTER,LA,4.0,,,0.0,4.0,0.0,False
191313,RIVERSIDE MEDICAL CENTER,LA,,,,0.0,2.0,0.0,False
191314,MADISON PARISH HOSPITAL,LA,,,,0.0,0.0,,False
191315,HARDTNER MEDICAL CENTER,LA,,89.0,,0.0,3.0,0.0,False
191316,POINTE COUPEE GENERAL HOSPITAL,LA,,,,0.0,0.0,,False
191317,JACKSON PARISH HOSPITAL,LA,,81.0,,0.0,2.0,0.0,False
191318,RIVERLAND MEDICAL CENTER,LA,,,,0.0,4.0,0.0,False
191319,ACADIA ST LANDRY,LA,,,,0.0,0.0,,False
191320,BIENVILLE MEDICAL CENTER,LA,,,,0.0,0.0,,False
191321,LALLIE KEMP MEDICAL CENTER,LA,,83.0,,0.0,0.0,,False
191322,ABROM KAPLAN MEMORIAL HOSPITAL,LA,,85.0,,0.0,2.0,0.0,False
191323,RICHLAND PARISH HOSPITAL-DELHI,LA,,,,0.0,3.0,0.0,False
191324,OCHSNER ST ANNE GENERAL HOSPITAL,LA,,86.0,,0.0,3.0,0.0,False
191325,LADY OF THE SEA GENERAL HOSPITAL,LA,,,,0.0,0.0,,False
191326,REEVES MEMORIAL MEDICAL CENTER,LA,,95.0,,0.0,1.0,0.0,False
191327,WEST CARROLL MEMORIAL HOSPITAL,LA,,84.0,,0.0,2.0,0.0,False
192008,SAGE SPECIALTY HOSPITAL,LA,,,,,,,False
192010,INTENSIVE SPECIALTY HOSPITAL,LA,,,,,,,False
193300,CHILDRENS HOSPITAL,LA,,,,0.0,0.0,,False
194007,NORTHLAKE BEHAVIORAL HEALTH SYSTEM,LA,,,,,,,False
194008,EASTERN LA MENTAL HEALTH SYSTEM,LA,,,,,,,False
194020,BRENTWOOD HOSPITAL,LA,,,,,,,False
194022,LONGLEAF HOSPITAL,LA,,,,,,,False
194025,CENTRAL LOUISIANA STATE HOSPITAL,LA,,,,,,,False
194031,RIVER OAKS HOSPITAL,LA,,,,,,,False
194044,VERMILION BEHAVIORAL HEALTH SYSTEMS,LA,,,,,,,False
194056,COMMUNITY CARE HOSPITAL,LA,,,,,,,False
194069,GREENBRIER BEHAVIORAL HEALTH,LA,,,,,,,False
194073,OCEANS HOSPITAL OF BROUSSARD,LA,,,,,,,False
194074,SERENITY SPRINGS SPECIALTY HOSPITAL,LA,,,,,,,False
194079,"RED RIVER BEHAVIORAL CENTER, LLC",LA,,,,,,,False
194080,"BEACON BEHAVIORAL HOSPITAL - NORTHSHORE, LLC",LA,,,,,,,False
194081,OCEANS BEHAVIORAL HOSPITAL OF DERIDDER,LA,,,,,,,False
194082,COMPASS SENIOR CARE HOSPITAL,LA,,,,,,,False
194083,FREEDOM BEHAVIORAL HOSPITAL OF BASTROP,LA,,,,,,,False
194084,"BEACON BEHAVIORAL HOSPITAL- NEW ORLEANS, LLC",LA,,,,,,,False
194085,COMPASS BEHAVIORAL CENTER OF LAFAYETTE,LA,,,,,,,False
194086,OCEANS BEHAVIORAL HOSPITAL OF BATON ROUGE,LA,,,,,,,False
194087,FREEDOM BEHAVIORAL HOSPITAL OF MONROE,LA,,,,,,,False
194088,"ST JAMES BEHAVIORAL HEALTH HOSPITAL, INC",LA,,,,,,,False
194089,GENESIS BEHAVIORAL HOSPITAL,LA,,,,,,,False
194090,OCEANS BEHAVIORAL HOSPITAL OF LAKE CHARLES,LA,,,,,,,False
194091,OCEANS BEHAVIORAL HOSPITAL OF KENTWOOD,LA,,,,,,,False
194094,PHYSICIANS BEHAVIORAL HOSPITAL,LA,,,,,,,False
194095,OCEANS BEHAVIORAL HOSPITAL OF OPELOUSAS,LA,,,,,,,False
194096,OCEANS BEHAVIORAL HOSPITAL OF ALEXANDRIA,LA,,,,,,,False
194098,OCEANS BEHAVIORAL HOSPITAL OF GREATER NEW ORLEANS,LA,,,,,,,False
194102,BEACON BEHAVIORAL HOSPITAL - LUTCHER,LA,,,,,,,False
194103,SEASIDE HEALTH SYSTEM,LA,,,,,,,False
194105,"APOLLO BEHAVIORAL HEALTH HOSPITAL, L L C",LA,,,,,,,False
194106,"COMPASS BEHAVIORAL CENTER OF ALEXANDRIA, INC",LA,,,,,,,False
194107,BATON ROUGE BEHAVIORAL HOSPITAL,LA,,,,,,,False
194109,"COMPASS BEHAVIORAL CENTER OF HOUMA, LLC",LA,,,,,,,False
194112,BEACON BEHAVIORAL HOSPITAL - CENTRAL,LA,,,,,,,False
194113,PERIMETER BEHAVIORAL HOSPITAL OF NEW ORLEANS,LA,,,,,,,False
194114,RIVER PLACE BEHAVIORAL HEALTH,LA,,,,,,,False
194115,REGIONS BEHAVIORAL HOSPITAL,LA,,,,,,,False
194116,LOUISIANA BEHAVIORAL HEALTH,LA,,,,,,,False
194117,UNIVERSAL BEHAVIORAL HEALTH HOSPITAL,LA,,,,,,,False
194118,MERCY BEHAVIORAL HOSPITAL,LA,,,,,,,False
194119,FREEDOM BEHAVIORAL HOSPITAL OF FERRIDAY,LA,,,,,,,False
194120,STONEBRIDGE BEHAVIORAL HOSPITAL,LA,,,,,,,False
194121,FREEDOM BEHAVIORAL HOSPITAL OF LEESVILLE,LA,,,,,,,False
200001,ST JOSEPH HOSPITAL,ME,3.0,84.0,0.92,1.0,6.0,0.16666666666666666,True
200008,NORTHERN LIGHT MERCY HOSPITAL,ME,4.0,86.0,1.0,0.0,4.0,0.0,True
200009,MAINEHEALTH MAINE MEDICAL CENTER,ME,4.0,74.0,1.02,0.0,6.0,0.0,True
200018,NORTHERN LIGHT  A R GOULD HOSPITAL,ME,2.0,61.0,0.86,0.0,4.0,0.0,True
200020,YORK HOSPITAL,ME,4.0,77.0,0.95,0.0,5.0,0.0,True
200021,MAINEHEALTH MID COAST HOSPITAL,ME,3.0,74.0,0.9,0.0,4.0,0.0,True
200024,CENTRAL MAINE MEDICAL CENTER,ME,4.0,66.0,1.02,0.0,5.0,0.0,True
200031,CARY MEDICAL CENTER,ME,1.0,80.0,0.84,0.0,4.0,0.0,True
200033,NORTHERN LIGHT EASTERN MAINE MEDICAL CENTER,ME,5.0,59.0,0.99,0.0,6.0,0.0,True
200034,ST MARY'S REGIONAL MEDICAL CENTER,ME,4.0,78.0,0.97,0.0,3.0,0.0,True
200039,MAINE GENERAL MEDICAL CENTER,ME,4.0,73.0,0.92,0.0,5.0,0.0,True
20003F,TOGUS VA MEDICAL CENTER,ME,4.0,85.0,,0.0,6.0,0.0,False
200050,NORTHERN LIGHT MAINE COAST HOSPITAL,ME,3.0,58.0,0.87,0.0,3.0,0.0,True
200063,MAINEHEALTH PEN BAY HOSPITAL,ME,3.0,69.0,0.92,0.0,4.0,0.0,True
201300,NORTHERN LIGHT BLUE HILL MEMORIAL HOSPITAL,ME,,72.0,,0.0,2.0,0.0,False
201301,NORTHERN LIGHT C A DEAN HOSPITAL,ME,,96.0,,0.0,1.0,0.0,False
201302,LINCOLNHEALTH,ME,3.0,82.0,,0.0,4.0,0.0,False
201303,PENOBSCOT VALLEY HOSPITAL,ME,,77.0,,0.0,1.0,0.0,False
201304,MOUNT DESERT ISLAND HOSPITAL,ME,,92.0,,0.0,2.0,0.0,False
201305,CALAIS COMMUNITY HOSPITAL,ME,,72.0,,0.0,2.0,0.0,False
201306,RUMFORD  HOSPITAL,ME,,66.0,,0.0,2.0,0.0,False
201307,MILLINOCKET REGIONAL HOSPITAL,ME,,72.0,,0.0,2.0,0.0,False
201308,HOULTON REGIONAL HOSPITAL,ME,3.0,61.0,,0.0,3.0,0.0,False
201309,NORTHERN LIGHT MAYO HOSPITAL,ME,2.0,64.0,,0.0,2.0,0.0,False
201310,BRIDGTON HOSPITAL,ME,3.0,65.0,,0.0,3.0,0.0,False
201311,DOWN EAST COMMUNITY HOSPITAL,ME,4.0,70.0,,0.0,3.0,0.0,False
201312,MAINEHEALTH WALDO HOSPITAL,ME,3.0,77.0,,0.0,4.0,0.0,False
201313,NORTHERN LIGHT SEBASTICOOK VALLEY HOSPITAL,ME,2.0,62.0,,0.0,3.0,0.0,False
201314,REDINGTON FAIRVIEW GENERAL HOSPITAL,ME,2.0,78.0,,0.0,4.0,0.0,False
201315,MAINEHEALTH STEPHENS HOSPITAL,ME,4.0,76.0,,0.0,4.0,0.0,False
201316,MAINEHEALTH FRANKLIN HOSPITAL,ME,3.0,70.0,,0.0,4.0,0.0,False
201317,NORTHERN MAINE MEDICAL CENTER,ME,,77.0,,0.0,0.0,,False
204004,DOROTHEA DIX PSYCHIATRIC CENTER,ME,,,,,,,False
204005,MAINEHEALTH BEHAVIORAL HEALTH AT SPRING HARBOR,ME,,,,,,,False
204006,NORTHERN LIGHT ACADIA HOSPITAL,ME,,,,,,,False
204008,RIVERVIEW PSYCHIATRIC CENTER,ME,,,,,,,False
210001,MERITUS MEDICAL CENTER,MD,3.0,64.0,,1.0,6.0,0.16666666666666666,False
210002,UNIVERSITY OF MARYLAND MEDICAL CENTER,MD,3.0,70.0,,0.0,5.0,0.0,False
210003,UNIVERSITY OF MD CAPITAL REGION MEDICAL CENTER,MD,1.0,55.0,,0.0,5.0,0.0,False
210004,HOLY CROSS HOSPITAL,MD,2.0,65.0,,0.0,6.0,0.0,False
210005,FREDERICK HEALTH HOSPITAL,MD,3.0,59.0,,0.0,6.0,0.0,False
210008,MERCY MEDICAL CENTER INC,MD,3.0,79.0,,0.0,5.0,0.0,False
210009,"JOHNS HOPKINS HOSPITAL, THE",MD,5.0,82.0,,0.0,5.0,0.0,False
210011,SAINT AGNES HOSPITAL,MD,3.0,55.0,,0.0,6.0,0.0,False
210012,SINAI HOSPITAL OF BALTIMORE,MD,3.0,59.0,,0.0,6.0,0.0,False
210015,MEDSTAR FRANKLIN SQUARE MEDICAL CENTER,MD,3.0,58.0,,0.0,5.0,0.0,False
210016,ADVENTIST HEALTHCARE WHITE OAK MEDICAL CENTER,MD,3.0,76.0,,0.0,6.0,0.0,False
210017,GARRETT REGIONAL MEDICAL CENTER,MD,4.0,78.0,,0.0,5.0,0.0,False
210018,MEDSTAR MONTGOMERY MEDICAL CENTER,MD,3.0,61.0,,0.0,6.0,0.0,False
210019,"TIDALHEALTH PENINSULA REGIONAL, INC",MD,4.0,67.0,,0.0,6.0,0.0,False
210022,SUBURBAN HOSPITAL,MD,4.0,81.0,,0.0,6.0,0.0,False
210023,"LUMINIS HEALTH ANNE ARUNDEL MEDICAL CENTER, INC",MD,3.0,70.0,,0.0,6.0,0.0,False
210024,MEDSTAR UNION MEMORIAL HOSPITAL,MD,5.0,69.0,,0.0,6.0,0.0,False
210027,WESTERN MARYLAND REGIONAL MEDICAL CENTER,MD,4.0,56.0,,0.0,6.0,0.0,False
210028,MEDSTAR SAINT MARY'S HOSPITAL,MD,4.0,58.0,,0.0,6.0,0.0,False
210029,JOHNS HOPKINS BAYVIEW MEDICAL CENTER,MD,3.0,67.0,,0.0,6.0,0.0,False
210030,UNIVERSITY OF MD SHORE MEDICAL CTR AT CHESTERTOWN,MD,5.0,65.0,,0.0,4.0,0.0,False
210032,UNION HOSPITAL OF CECIL COUNTY,MD,4.0,65.0,,0.0,6.0,0.0,False
210033,CARROLL HOSPITAL CENTER,MD,3.0,61.0,,0.0,5.0,0.0,False
210034,MEDSTAR HARBOR HOSPITAL,MD,4.0,63.0,,0.0,5.0,0.0,False
210035,UNIVERSITY OF MD CHARLES REGIONAL  MEDICAL CENTER,MD,3.0,56.0,,0.0,5.0,0.0,False
210037,UNIVERSITY OF MD SHORE MEDICAL CENTER AT EASTON,MD,4.0,52.0,,0.0,6.0,0.0,False
210038,UNIVERSITY OF MD MEDICAL CENTER MIDTOWN CAMPUS,MD,3.0,64.0,,0.0,4.0,0.0,False
210039,CALVERTHEALTH MEDICAL CENTER,MD,5.0,70.0,,0.0,5.0,0.0,False
210040,NORTHWEST HOSPITAL CENTER,MD,2.0,56.0,,0.0,5.0,0.0,False
210043,UNIVERSITY OF MD BALTIMORE WASHINGTON MEDICAL CENTER,MD,5.0,65.0,,0.0,6.0,0.0,False
210044,GREATER BALTIMORE MEDICAL CENTER,MD,5.0,77.0,,0.0,5.0,0.0,False
210048,JOHNS HOPKINS HOWARD COUNTY MEDICAL CENTER,MD,3.0,68.0,,0.0,6.0,0.0,False
210049,UMD UPPER CHESAPEAKE MEDICAL CENTER,MD,2.0,57.0,,0.0,6.0,0.0,False
210051,"LUMINIS HEALTH DOCTORS COMMUNITY MEDICAL CTR, INC",MD,3.0,59.0,,0.0,5.0,0.0,False
210056,MEDSTAR GOOD SAMARITAN HOSPITAL,MD,3.0,60.0,,0.0,5.0,0.0,False
210057,ADVENTIST HEALTHCARE SHADY GROVE MEDICAL CENTER,MD,2.0,68.0,,0.0,6.0,0.0,False
210058,UMD REHABILITATION &  ORTHOPAEDIC INSTITUTE,MD,,,,0.0,0.0,,False
210060,ADVENTIST HEALTHCARE FORT WASHINGTON MEDICAL CTR,MD,4.0,65.0,,0.0,5.0,0.0,False
210061,ATLANTIC GENERAL HOSPITAL,MD,3.0,74.0,,0.0,4.0,0.0,False
210062,MEDSTAR SOUTHERN MARYLAND HOSPITAL CENTER,MD,2.0,47.0,,0.0,6.0,0.0,False
210063,UNIVERSITY OF MD ST JOSEPH MEDICAL CENTER,MD,5.0,80.0,,0.0,6.0,0.0,False
210064,LEVINDALE HEBREW GERIATRIC CENTER AND HOSPITAL,MD,,,,0.0,1.0,0.0,False
210065,HOLY CROSS GERMANTOWN HOSPITAL,MD,1.0,66.0,,0.0,6.0,0.0,False
21007F,Walter Reed National Military Med Cen,MD,,83.0,,0.0,0.0,,False
21010F,VA MARYLAND HEALTHCARE SYSTEM - PERRY POINT,MD,,,,0.0,0.0,,False
21020F,VA MARYLAND HEALTHCARE SYSTEM - BALTIMORE,MD,2.0,55.0,,2.0,6.0,0.3333333333333333,False
213300,MOUNT WASHINGTON PEDIATRIC HOSPITAL,MD,,,,0.0,0.0,,False
213301,KENNEDY KRIEGER INSTITUTE,MD,,,,0.0,0.0,,False
214000,"SHEPPARD AND ENOCH PRATT HOSPITAL, THE",MD,,,,,,,False
214002,EASTERN SHORE HOSPITAL CENTER,MD,,,,,,,False
214003,BROOK LANE HEALTH SERVICES,MD,,,,,,,False
214004,SPRINGFIELD HOSPITAL CENTER,MD,,,,,,,False
214012,THOMAS B FINAN CENTER,MD,,,,,,,False
214018,SPRING GROVE HOSPITAL CENTER,MD,,,,,,,False
214020,LUMINIS HEALTH J KENT MCNEW FAMILY MEDICAL CENTER,MD,,,,,,,False
214022,UM UPPER CHESAPEAKE BEHAVIORAL HEALTH PAVILION AT,MD,,,,,,,False
220001,UMASS MEMORIAL HEALTHALLIANCE HOSPITALS,MA,3.0,54.0,1.04,0.0,5.0,0.0,True
220002,MOUNT AUBURN HOSPITAL,MA,4.0,76.0,0.98,0.0,6.0,0.0,True
220008,STURDY MEMORIAL HOSPITAL,MA,3.0,65.0,0.97,1.0,5.0,0.2,True
220010,MERRIMACK HEALTH LAWRENCE HOSPITAL,MA,2.0,63.0,1.07,0.0,6.0,0.0,True
220011,CAMBRIDGE HEALTH ALLIANCE,MA,3.0,64.0,0.99,0.0,5.0,0.0,True
220012,CAPE COD HOSPITAL,MA,2.0,72.0,0.97,2.0,6.0,0.3333333333333333,True
220015,"COOLEY DICKINSON HOSPITAL INC,THE",MA,2.0,74.0,0.92,0.0,5.0,0.0,True
220016,BAYSTATE FRANKLIN MEDICAL CENTER,MA,3.0,63.0,0.92,1.0,4.0,0.25,True
220017,CARNEY HOSPITAL,MA,,,,0.0,0.0,,False
220019,UMASS MEMORIAL HEALTH - HARRINGTON HOSPITAL,MA,3.0,64.0,0.97,0.0,4.0,0.0,True
22001F,BEDFORD VA MEDICAL CENTER,MA,,,,0.0,0.0,,False
220020,SAINT ANNE'S HOSPITAL,MA,3.0,74.0,0.98,0.0,6.0,0.0,True
220024,HOLYOKE MEDICAL CENTER,MA,4.0,72.0,0.97,0.0,5.0,0.0,True
220029,ANNA JAQUES HOSPITAL,MA,3.0,62.0,0.97,0.0,5.0,0.0,True
220030,BAYSTATE WING HOSPITAL,MA,4.0,67.0,0.99,0.0,4.0,0.0,True
220031,BOSTON MEDICAL CENTER,MA,3.0,74.0,1.0,0.0,6.0,0.0,True
220033,NORTHEAST HOSPITAL CORPORATION,MA,3.0,66.0,0.98,0.0,6.0,0.0,True
220035,NORTH SHORE MEDICAL CENTER -,MA,5.0,68.0,0.91,0.0,6.0,0.0,True
220036,BOSTON MEDICAL CENTER-BRIGHTON,MA,3.0,69.0,1.06,2.0,6.0,0.3333333333333333,True
220046,BERKSHIRE MEDICAL CENTER,MA,4.0,58.0,1.02,0.0,6.0,0.0,True
220049,UMASS MEMORIAL HEALTHCARE-MARLBOROUGH HOSPITAL,MA,2.0,58.0,0.97,0.0,5.0,0.0,True
220052,SIGNATURE HEALTHCARE BROCKTON HOSPITAL,MA,3.0,63.0,1.01,0.0,5.0,0.0,True
220060,BETH ISRAEL DEACONESS HOSPITAL PLYMOUTH,MA,4.0,65.0,0.96,0.0,6.0,0.0,True
220062,ADCARE HOSPITAL OF WORCESTER INC,MA,,,0.93,0.0,1.0,0.0,False
220063,LOWELL GENERAL HOSPITAL,MA,2.0,66.0,0.98,1.0,6.0,0.16666666666666666,True
220065,BAYSTATE NOBLE HOSPITAL,MA,2.0,64.0,0.96,0.0,4.0,0.0,True
220066,MERCY MEDICAL CTR,MA,2.0,70.0,1.01,0.0,5.0,0.0,True
220070,MELROSEWAKEFIELD HEALTHCARE,MA,3.0,63.0,1.0,0.0,6.0,0.0,True
220071,MASSACHUSETTS GENERAL HOSPITAL,MA,5.0,85.0,0.98,0.0,6.0,0.0,True
220073,BROWN UNIVERSITY HEALTH MORTON HOSPITAL,MA,1.0,47.0,1.01,2.0,6.0,0.3333333333333333,True
220074,SOUTHCOAST HOSPITALS GROUP,MA,4.0,69.0,1.02,0.0,6.0,0.0,True
220075,MASSACHUSETTS EYE AND EAR INFIRMARY -,MA,,84.0,0.96,0.0,1.0,0.0,False
220077,BAYSTATE MEDICAL CENTER,MA,2.0,63.0,1.03,3.0,6.0,0.5,True
220080,HOLY FAMILY HOSPITAL,MA,2.0,54.0,1.07,1.0,6.0,0.16666666666666666,True
220083,BETH ISRAEL DEACONESS HOSPITAL - NEEDHAM,MA,5.0,71.0,0.89,0.0,5.0,0.0,True
220084,EMERSON HOSPITAL -,MA,5.0,77.0,1.01,0.0,5.0,0.0,True
220086,BETH ISRAEL DEACONESS MEDICAL CENTER,MA,3.0,79.0,0.98,1.0,6.0,0.16666666666666666,True
220088,NEW ENGLAND BAPTIST HOSPITAL,MA,5.0,87.0,0.91,0.0,2.0,0.0,True
220090,MILFORD REGIONAL MEDICAL CENTER,MA,4.0,75.0,0.97,4.0,6.0,0.6666666666666666,True
220095,HEYWOOD HOSPITAL -,MA,2.0,68.0,1.08,0.0,5.0,0.0,True
220098,NASHOBA VALLEY MEDICAL CENTER,MA,,,,0.0,0.0,,False
22009F,NORTHAMPTON VA MEDICAL CENTER,MA,,,,0.0,0.0,,False
220100,SOUTH SHORE HOSPITAL,MA,2.0,65.0,0.99,2.0,6.0,0.3333333333333333,True
220101,NEWTON-WELLESLEY HOSPITAL,MA,5.0,80.0,0.88,0.0,6.0,0.0,True
220105,WINCHESTER HOSPITAL,MA,3.0,74.0,0.93,4.0,6.0,0.6666666666666666,True
220108,BETH ISRAEL DEACONESS HOSPITAL - MILTON,MA,4.0,70.0,0.92,1.0,5.0,0.2,True
22010F,VA BOSTON HEALTHCARE SYSTEM - JAMAICA PLAIN,MA,4.0,77.0,,1.0,6.0,0.16666666666666666,False
220110,BRIGHAM AND WOMEN'S HOSPITAL,MA,5.0,81.0,1.0,1.0,6.0,0.16666666666666666,True
220111,GOOD SAMARITAN MEDICAL CENTER,MA,2.0,51.0,1.0,1.0,6.0,0.16666666666666666,True
220116,TUFTS MEDICAL CENTER,MA,2.0,80.0,1.03,1.0,6.0,0.16666666666666666,True
220119,BRIGHAM AND WOMEN FAULKNER HOSPITAL,MA,5.0,72.0,0.9,0.0,5.0,0.0,True
220126,NORWOOD HOSPITAL,MA,,,,0.0,0.0,,False
220135,FALMOUTH HOSPITAL,MA,4.0,72.0,0.99,0.0,6.0,0.0,True
220163,UMASS MEMORIAL MEDICAL CENTER/UNIVERSITY CAMPUS,MA,3.0,71.0,1.02,0.0,6.0,0.0,True
220171,"LAHEY HOSPITAL & MEDICAL CENTER, BURLINGTON",MA,4.0,73.0,0.97,0.0,6.0,0.0,True
220175,METROWEST MEDICAL CENTER,MA,1.0,42.0,1.04,0.0,5.0,0.0,True
220176,ST VINCENT HOSPITAL,MA,2.0,51.0,1.0,0.0,6.0,0.0,True
220177,NANTUCKET COTTAGE HOSPITAL,MA,3.0,78.0,0.76,0.0,3.0,0.0,True
221300,MARTHA'S VINEYARD HOSPITAL INC,MA,4.0,81.0,,1.0,5.0,0.2,False
221302,FAIRVIEW HOSPITAL,MA,5.0,93.0,,0.0,4.0,0.0,False
221303,ATHOL MEMORIAL HOSPITAL,MA,2.0,73.0,,0.0,4.0,0.0,False
221304,NORTH ADAMS REGIONAL HOSPITAL CORPORATION,MA,,90.0,,0.0,0.0,,False
223300,FRANCISCAN CHILDREN'S HOSPITAL & REHAB CENTER,MA,,,,0.0,0.0,,False
223302,BOSTON CHILDREN'S HOSPITAL,MA,,,,0.0,0.0,,False
223304,THE SHRINERS' HOSPITAL FOR CHILDREN - BOSTON,MA,,,,0.0,0.0,,False
224001,TAUNTON STATE HOSPITAL,MA,,,,,,,False
224007,MCLEAN HOSPITAL CORPORATION,MA,,,,,,,False
224013,ARBOUR HOSPITAL,MA,,,,,,,False
224018,ARBOUR HUMAN RESOURCE INSTITUTE,MA,,,,,,,False
224021,ARBOUR-FULLER HOSPITAL,MA,,,,,,,False
224022,BOURNEWOOD HOSPITAL,MA,,,,,,,False
224023,WESTWOOD PEMBROKE HEALTH SYSTEMS,MA,,,,,,,False
224028,DR JOHN C CORRIGAN MENTAL HEALTH CENTER,MA,,,,,,,False
224031,CAPE COD & ISLANDS COMMUNITY MENTAL HEALTH CENTER,MA,,,,,,,False
224032,WORCESTER RECOVERY CENTER AND HOSPITAL,MA,,,,,,,False
224038,"WALDEN BEHAVIORAL CARE, LLC",MA,,,,,,,False
224039,WHITTIER PAVILION,MA,,,,,,,False
224040,DR SOLOMON CARTER FULLER MENTAL HEALTH CENTER,MA,,,,,,,False
224041,SOUTHCOAST BEHAVIORAL HEALTH,MA,,,,,,,False
224043,TARAVISTA BEHAVIORAL HEALTH CENTER,MA,,,,,,,False
224044,WESTBOROUGH BEHAVIORAL HEALTHCARE HOSPITAL LLC,MA,,,,,,,False
224045,HOSPITAL FOR BEHAVIORAL MEDICINE,MA,,,,,,,False
224046,MIRAVISTA BEHAVIORAL HEALTH CENTER,MA,,,,,,,False
224047,VALLEY SPRINGS BEHAVIORAL HEALTH HOSPITAL,MA,,,,,,,False
230002,ST JOE MERCY HOSPITAL SYSTEM LIVONIA,MI,2.0,64.0,0.96,2.0,6.0,0.3333333333333333,True
230003,COREWELL HEALTH ZEELAND HOSPITAL,MI,5.0,84.0,0.86,0.0,3.0,0.0,True
230005,PROMEDICA CHARLES AND VIRGINIA HICKMAN HOSPITAL,MI,3.0,58.0,0.91,0.0,5.0,0.0,True
230015,THREE RIVERS HEALTH,MI,2.0,62.0,0.99,0.0,4.0,0.0,True
230017,BRONSON METHODIST HOSPITAL,MI,4.0,76.0,0.95,0.0,6.0,0.0,True
230019,"ASCENSION PROVIDENCE HOSPITAL, SOUTHFIELD AND NOVI",MI,4.0,64.0,0.95,0.0,6.0,0.0,True
230020,BEAUMONT HOSPITAL - DEARBORN,MI,2.0,48.0,1.05,0.0,6.0,0.0,True
230021,"LAKELAND HOSPITAL, ST JOSEPH",MI,4.0,60.0,0.93,0.0,5.0,0.0,True
230022,INSIGHT HOSPITAL AND MEDICAL CENTER COLDWATER,MI,2.0,57.0,0.91,0.0,4.0,0.0,True
230024,SINAI-GRACE HOSPITAL,MI,1.0,35.0,1.03,0.0,5.0,0.0,True
230029,TRINITY HEALTH OAKLAND HOSPITAL,MI,2.0,66.0,0.99,0.0,6.0,0.0,True
230030,MYMICHIGAN MEDICAL CENTER ALMA,MI,4.0,78.0,0.93,0.0,5.0,0.0,True
230031,LAKE HURON MEDICAL CENTER,MI,4.0,66.0,0.88,0.0,5.0,0.0,True
230035,SPECTRUM HEALTH UNITED HOSPITAL,MI,4.0,72.0,0.88,0.0,4.0,0.0,True
230036,MYMICHIGAN MEDICAL CENTER ALPENA,MI,3.0,71.0,0.97,0.0,5.0,0.0,True
230037,HILLSDALE HOSPITAL,MI,3.0,62.0,0.87,0.0,5.0,0.0,True
230038,SPECTRUM HEALTH,MI,4.0,73.0,0.96,0.0,6.0,0.0,True
230041,MCLAREN BAY REGION,MI,1.0,49.0,1.01,1.0,6.0,0.16666666666666666,True
230046,UNIVERSITY OF MICHIGAN HEALTH SYSTEM,MI,4.0,85.0,0.91,0.0,6.0,0.0,True
230047,HENRY FORD MACOMB HOSPITAL,MI,3.0,66.0,0.97,0.0,5.0,0.0,True
230053,HENRY FORD HEALTH HOSPITAL,MI,3.0,71.0,0.96,1.0,5.0,0.2,True
230054,UPHS MARQUETTE DLP HOSPITAL,MI,3.0,61.0,1.01,0.0,6.0,0.0,True
230055,DICKINSON COUNTY MEMORIAL HOSPITAL,MI,2.0,60.0,0.96,0.0,4.0,0.0,True
230058,MUNSON HEALTHCARE GRAYLING HOSPITAL,MI,3.0,70.0,0.86,0.0,4.0,0.0,True
230059,MERCY HEALTH SAINT MARY'S,MI,3.0,78.0,0.92,0.0,6.0,0.0,True
23005F,IRON MOUNTAIN MI VA MEDICAL CENTER,MI,,92.0,,0.0,3.0,0.0,False
230066,TRINITY HEALTH MUSKEGON HOSPITAL,MI,3.0,62.0,0.92,0.0,6.0,0.0,True
230069,TRINITY HEALTH LIVINGSTON HOSPITAL,MI,4.0,71.0,0.88,0.0,4.0,0.0,True
230070,COVENANT MEDICAL CENTER,MI,2.0,69.0,1.04,1.0,6.0,0.16666666666666666,True
230071,STRAITH HOSPITAL FOR SPECIAL SURGERY,MI,,,1.01,1.0,1.0,1.0,False
230072,HOLLAND COMMUNITY HOSPITAL,MI,5.0,77.0,0.87,0.0,6.0,0.0,True
230075,BRONSON BATTLE CREEK HOSPITAL,MI,3.0,63.0,0.94,0.0,5.0,0.0,True
230077,MYMICHIGAN MEDICAL CENTER SAGINAW,MI,3.0,69.0,1.01,0.0,5.0,0.0,True
230078,COREWELL HEALTH WATERVLIET HOSPITAL,MI,,,,0.0,0.0,,False
230080,MCLAREN CENTRAL MICHIGAN,MI,3.0,66.0,0.85,0.0,5.0,0.0,True
230081,MUNSON HEALTHCARE CADILLAC HOSPITAL,MI,4.0,69.0,0.82,0.0,4.0,0.0,True
230085,BRONSON SOUTH HAVEN HOSPITAL,MI,,73.0,0.84,0.0,3.0,0.0,False
230089,BEAUMONT HOSPITAL - GROSSE POINTE,MI,4.0,63.0,0.92,0.0,6.0,0.0,True
230092,HENRY FORD ALLEGIANCE HEALTH,MI,3.0,58.0,0.93,0.0,5.0,0.0,True
230093,COREWELL HEALTH BIG RAPIDS HOSPITAL,MI,3.0,67.0,0.86,0.0,4.0,0.0,True
230095,MYMICHIGAN MEDICAL CENTER WEST BRANCH,MI,5.0,78.0,0.94,0.0,5.0,0.0,True
230097,MUNSON MEDICAL CENTER,MI,4.0,71.0,0.91,0.0,6.0,0.0,True
230099,PROMEDICA MONROE REGIONAL HOSPITAL,MI,1.0,50.0,1.02,1.0,5.0,0.2,True
230100,TAWAS ST JOSEPH HOSPITAL,MI,3.0,64.0,0.91,0.0,4.0,0.0,True
230104,HARPER UNIVERSITY HOSPITAL,MI,1.0,49.0,0.95,0.0,5.0,0.0,True
230105,MCLAREN NORTHERN MICHIGAN,MI,3.0,62.0,0.93,0.0,6.0,0.0,True
230108,UP HEALTH SYSTEM PORTAGE,MI,5.0,78.0,0.77,0.0,3.0,0.0,True
230110,COREWELL HEALTH LUDINGTON HOSPITAL,MI,4.0,68.0,0.83,0.0,4.0,0.0,True
230117,BORGESS MEDICAL CENTER,MI,3.0,61.0,0.98,0.0,6.0,0.0,True
23011F,VA ANN ARBOR HEALTHCARE SYSTEM,MI,5.0,87.0,,0.0,6.0,0.0,False
230121,MEMORIAL HEALTHCARE,MI,3.0,63.0,0.9,0.0,5.0,0.0,True
23012F,BATTLE CREEK VA MEDICAL CENTER,MI,,,,0.0,0.0,,False
230130,BEAUMONT HOSPITAL ROYAL OAK,MI,3.0,63.0,1.0,0.0,6.0,0.0,True
230132,HURLEY MEDICAL CENTER,MI,2.0,64.0,0.96,0.0,6.0,0.0,True
230133,MUNSON HEALTHCARE OTSEGO MEMORIAL HOSPITAL,MI,4.0,58.0,0.9,0.0,4.0,0.0,True
230141,MCLAREN FLINT,MI,2.0,55.0,1.0,1.0,6.0,0.16666666666666666,True
230142,COREWELL HEALTH WAYNE HOSPITAL,MI,2.0,45.0,1.03,0.0,5.0,0.0,True
230144,FOREST HEALTH MEDICAL CENTER,MI,,83.0,,0.0,0.0,,False
230146,WYANDOTTE HOSPITAL AND MEDICAL CENTER,MI,2.0,64.0,1.04,0.0,5.0,0.0,True
230151,BEAUMONT HOSPITAL - FARMINGTON HILLS,MI,3.0,48.0,1.01,0.0,6.0,0.0,True
230156,TRINITY HEALTH ANN ARBOR HOSPITAL,MI,4.0,78.0,0.92,0.0,6.0,0.0,True
230165,HENRY FORD HEALTH ST JOHN HOSPITAL,MI,1.0,55.0,0.96,0.0,5.0,0.0,True
230167,MCLAREN GREATER LANSING,MI,3.0,67.0,0.92,0.0,6.0,0.0,True
230174,TRINITY HEALTH GRAND HAVEN HOSPITAL,MI,4.0,66.0,0.84,0.0,2.0,0.0,True
230176,COREWELL HEALTH TRENTON HOSPITAL,MI,3.0,67.0,1.01,0.0,5.0,0.0,True
230180,MYMICHIGAN MEDICAL CENTER CLARE,MI,2.0,66.0,0.87,0.0,4.0,0.0,True
230193,MCLAREN LAPEER REGION,MI,2.0,46.0,0.94,0.0,5.0,0.0,True
230195,Henry Ford Health Warren Hospital,MI,1.0,47.0,0.99,0.0,6.0,0.0,True
230197,ASCENSION GENESYS HOSPITAL,MI,3.0,59.0,0.94,0.0,6.0,0.0,True
230207,MCLAREN OAKLAND,MI,2.0,46.0,1.04,0.0,4.0,0.0,True
230208,UNIVERSITY OF MICHIGAN HEALTH-SPARROW CARSON,MI,4.0,85.0,0.93,0.0,4.0,0.0,True
230216,MCLAREN PORT HURON,MI,2.0,63.0,0.94,0.0,6.0,0.0,True
230217,OAKLAWN HOSPITAL,MI,4.0,74.0,0.87,0.0,4.0,0.0,True
230222,MYMICHIGAN MEDICAL CENTER MIDLAND,MI,4.0,81.0,0.96,0.0,6.0,0.0,True
230227,MCLAREN MACOMB,MI,1.0,52.0,1.02,0.0,5.0,0.0,True
230230,EDWARD W SPARROW HOSPITAL,MI,3.0,62.0,0.98,0.0,5.0,0.0,True
230236,UNIVERSITY OF MICHIGAN HEALTH - WEST,MI,4.0,77.0,0.95,0.0,6.0,0.0,True
230239,CHIPPEWA COUNTY WAR MEMORIAL HOSPITAL,MI,2.0,66.0,0.86,0.0,4.0,0.0,True
230241,ASCENSION RIVER DISTRICT HOSPITAL,MI,3.0,73.0,,0.0,4.0,0.0,False
230244,GARDEN CITY HOSPITAL,MI,2.0,52.0,1.04,1.0,6.0,0.16666666666666666,True
230254,ASCENSION PROVIDENCE ROCHESTER HOSPITAL,MI,3.0,56.0,1.0,0.0,6.0,0.0,True
230259,CHELSEA HOSPITAL,MI,4.0,87.0,0.84,0.0,5.0,0.0,True
230264,SOUTHEAST MICHIGAN SURGICAL HOSPITAL LLC,MI,,77.0,,0.0,0.0,,False
230269,"BEAUMONT HOSPITAL, TROY",MI,4.0,63.0,0.99,1.0,6.0,0.16666666666666666,True
230270,BEAUMONT HOSPITAL - TAYLOR,MI,2.0,57.0,1.05,0.0,4.0,0.0,True
230273,DETROIT RECEIVING HOSPITAL,MI,1.0,39.0,0.95,0.0,5.0,0.0,True
230275,HEALTHSOURCE SAGINAW,MI,,,,0.0,0.0,,False
230277,HURON VALLEY-SINAI HOSPITAL,MI,3.0,59.0,0.94,0.0,6.0,0.0,True
230279,HENRY FORD HEALTH BRIGHTON CENTER FOR RECOVERY,MI,,,0.81,0.0,1.0,0.0,False
230297,KARMANOS CANCER CENTER,MI,3.0,76.0,1.07,0.0,2.0,0.0,True
230301,SURGEONS CHOICE MEDICAL CENTER,MI,,73.0,1.06,0.0,1.0,0.0,False
230302,HENRY FORD HEALTH WEST BLOOMFIELD HOSPITAL,MI,3.0,71.0,0.9,1.0,5.0,0.2,True
230303,MUNSON HEALTHCARE MANISTEE HOSPITAL,MI,4.0,60.0,0.77,0.0,3.0,0.0,True
23037F,DETROIT (JOHN D. DINGELL) VA MEDICAL CENTER,MI,5.0,68.0,,0.0,6.0,0.0,False
230779,STURGIS HOSPITAL,MI,,,,0.0,0.0,,False
231300,PAUL OLIVER MEMORIAL HOSPITAL,MI,,,,0.0,0.0,,False
231301,KALKASKA MEMORIAL HEALTH CENTER,MI,,,,0.0,2.0,0.0,False
231303,SCHOOLCRAFT MEMORIAL HOSPITAL,MI,,86.0,,0.0,1.0,0.0,False
231304,HELEN NEWBERRY JOY HOSPITAL,MI,,71.0,,0.0,1.0,0.0,False
231305,SAINT MARY'S STANDISH COMMUNITY HOSPITAL,MI,4.0,,,0.0,3.0,0.0,False
231306,MACKINAC STRAITS HOSPITAL AND HEALTH CENTER,MI,,87.0,,0.0,1.0,0.0,False
231307,BARAGA COUNTY MEMORIAL HOSPITAL,MI,,66.0,,0.0,1.0,0.0,False
231308,MUNISING MEMORIAL HOSPITAL,MI,,,,0.0,1.0,0.0,False
231310,SCHEURER HOSPITAL,MI,,88.0,,0.0,3.0,0.0,False
231311,DECKERVILLE COMMUNITY HOSPITAL,MI,,,,0.0,0.0,,False
231312,SHERIDAN COMMUNITY HOSPITAL,MI,,,,0.0,0.0,,False
231313,HARBOR BEACH COMMUNITY HOSPITAL,MI,,,,0.0,1.0,0.0,False
231314,MCKENZIE HEALTH SYSTEM,MI,,60.0,,0.0,1.0,0.0,False
231315,ASCENSION BORGESS LEE HOSPITAL,MI,,,,0.0,1.0,0.0,False
231316,HILLS & DALES GENERAL HOSPITAL,MI,4.0,94.0,,0.0,3.0,0.0,False
231318,"ASPIRUS IRON RIVER HOSPITAL & CLINICS, INC",MI,,76.0,,0.0,3.0,0.0,False
231319,ASPIRUS KEWEENAW HOSPITAL AND CLINICS,MI,,78.0,,0.0,3.0,0.0,False
231320,MERCY HEALTH LAKESHORE CAMPUS,MI,,83.0,,0.0,2.0,0.0,False
231321,BELL HOSPITAL,MI,,83.0,,0.0,3.0,0.0,False
231322,CHARLEVOIX AREA HOSPITAL,MI,,81.0,,0.0,2.0,0.0,False
231323,COREWELL HEALTH REED CITY HOSPITAL,MI,,69.0,,0.0,1.0,0.0,False
231324,EATON RAPIDS MEDICAL CENTER,MI,,88.0,,0.0,1.0,0.0,False
231325,MYMICHIGAN MEDICAL CENTER GLADWIN,MI,,82.0,,0.0,2.0,0.0,False
231326,UNIVERSITY OF MICHIGAN HEALTH- SPARROW CLINTON,MI,4.0,81.0,,0.0,4.0,0.0,False
231327,UNIVERSITY OF MICHIGAN HEALTH - SPARROW EATON,MI,1.0,73.0,,0.0,4.0,0.0,False
231328,ASCENSION BORGESS ALLEGAN HOSPITAL,MI,,,,0.0,1.0,0.0,False
231329,MCLAREN CARO REGION,MI,,,,0.0,0.0,,False
231330,MARLETTE REGIONAL HOSPITAL,MI,,80.0,,0.0,1.0,0.0,False
231331,SPARROW IONIA HOSPITAL,MI,2.0,72.0,,0.0,4.0,0.0,False
231332,BRONSON LAKEVIEW HOSPITAL,MI,5.0,84.0,,0.0,4.0,0.0,False
231333,ASPIRUS IRONWOOD HOSPITAL,MI,,61.0,,0.0,4.0,0.0,False
231337,OSF ST FRANCIS HOSPITAL AND MEDICAL GROUP,MI,4.0,73.0,,0.0,4.0,0.0,False
231338,COREWELL HEALTH GERBER HOSPITAL,MI,5.0,82.0,,0.0,4.0,0.0,False
231339,COREWELL HEALTH PENNOCK HOSPITAL,MI,3.0,70.0,,0.0,4.0,0.0,False
231340,MCLAREN THUMB REGION,MI,5.0,63.0,,0.0,4.0,0.0,False
233300,CHILDREN'S HOSPITAL OF MICHIGAN,MI,,,,0.0,0.0,,False
234006,PINE REST CHRISTIAN MENTAL HEALTH SERVICES,MI,,,,,,,False
234011,HENRY FORD HEALTH BEHAVIORAL HEALTH HOSPITAL,MI,,,,,,,False
234021,HARBOR OAKS HOSPITAL,MI,,,,,,,False
234023,HAVENWYCK HOSPITAL,MI,,,,,,,False
234025,CARO PSYCHIATRIC HOSPITAL,MI,,,,,,,False
234026,KALAMAZOO REGIONAL PSYCHIATRIC HOSPITAL,MI,,,,,,,False
234030,FOREST VIEW PSYCHIATRIC HOSPITAL,MI,,,,,,,False
234035,WALTER P REUTHER PSYCHIATRIC HOSPITAL,MI,,,,,,,False
234038,BCA STONECREST CENTER,MI,,,,,,,False
234040,SAMARITAN BEHAVIORAL CENTER,MI,,,,,,,False
234041,THE CENTER FOR FORENSIC PSYCHIATRY,MI,,,,,,,False
234042,THE BEHAVIORAL CENTER OF MICHIGAN,MI,,,,,,,False
234043,CEDAR CREEK HOSPITAL,MI,,,,,,,False
234044,BRIGHTWELL BEHAVIORAL HEALTH,MI,,,,,,,False
234045,METROPOLITAN BEHAVIORAL HEALTH,MI,,,,,,,False
234046,BRONSON BEHAVIORAL HEALTH HOSPITAL,MI,,,,,,,False
234047,KALAMAZOO BEHAVIORAL HEALTH HOSPITAL,MI,,,,,,,False
240001,NORTH MEMORIAL HEALTH HOSPITAL,MN,1.0,68.0,0.93,0.0,5.0,0.0,True
240002,ESSENTIA HEALTH ST MARY'S MEDICAL CENTER,MN,4.0,74.0,1.02,0.0,5.0,0.0,True
240004,HENNEPIN COUNTY MEDICAL CENTER,MN,3.0,64.0,0.99,0.0,5.0,0.0,True
240006,OLMSTED MEDICAL CENTER,MN,4.0,78.0,0.87,0.0,4.0,0.0,True
240010,MAYO CLINIC HOSPITAL ROCHESTER,MN,5.0,88.0,0.95,0.0,6.0,0.0,True
240014,NORTHFIELD HOSPITAL,MN,4.0,81.0,0.84,0.0,3.0,0.0,True
240018,MAYO CLINIC HEALTH SYSTEM IN RED WING,MN,4.0,75.0,0.83,0.0,3.0,0.0,True
240019,ESSENTIA HEALTH DULUTH,MN,,62.0,0.96,0.0,1.0,0.0,False
240020,CAMBRIDGE MEDICAL CENTER,MN,4.0,66.0,0.81,0.0,5.0,0.0,True
240022,SANFORD WORTHINGTON MEDICAL CENTER,MN,4.0,69.0,0.95,0.0,4.0,0.0,True
24002F,ST CLOUD VA MEDICAL CENTER,MN,,,,0.0,0.0,,False
240030,ALOMERE HEALTH,MN,4.0,73.0,0.9,0.0,5.0,0.0,True
240036,ST CLOUD HOSPITAL,MN,4.0,70.0,0.94,0.0,6.0,0.0,True
240038,ALLINA UNITED HOSPITAL,MN,3.0,65.0,0.94,0.0,6.0,0.0,True
24003F,MINNEAPOLIS VA MEDICAL CENTER,MN,5.0,80.0,,1.0,6.0,0.16666666666666666,False
240040,RANGE REGIONAL HEALTH SERVICES,MN,4.0,67.0,0.91,0.0,3.0,0.0,True
240043,MAYO CLINIC HEALTH SYSTEM - ALBERT LEA AND AUSTIN,MN,5.0,66.0,0.9,0.0,5.0,0.0,True
240044,WINONA HEALTH SERVICES,MN,2.0,66.0,0.86,0.0,3.0,0.0,True
240047,ST LUKES HOSPITAL,MN,3.0,72.0,0.99,0.0,6.0,0.0,True
240050,FAIRVIEW LAKES HEALTH SERVICES,MN,3.0,64.0,0.9,0.0,4.0,0.0,True
240052,LAKE REGION HEALTHCARE CORPORATION,MN,4.0,79.0,0.91,0.0,4.0,0.0,True
240053,PARK NICOLLET METHODIST HOSPITAL,MN,3.0,82.0,0.91,0.0,6.0,0.0,True
240056,RIDGEVIEW MEDICAL CENTER,MN,4.0,81.0,0.94,0.0,6.0,0.0,True
240057,ABBOTT NORTHWESTERN HOSPITAL,MN,4.0,72.0,0.95,0.0,6.0,0.0,True
240064,GRAND ITASCA CLINIC AND HOSPITAL,MN,4.0,68.0,0.85,0.0,3.0,0.0,True
240066,LAKEVIEW MEMORIAL HOSPITAL,MN,4.0,83.0,0.91,0.0,6.0,0.0,True
240069,OWATONNA HOSPITAL,MN,5.0,66.0,0.9,0.0,5.0,0.0,True
240071,ALLINA HEALTH FARIBAULT MEDICAL CENTER,MN,3.0,72.0,0.94,0.0,3.0,0.0,True
240075,ESSENTIA HEALTH ST JOSEPH'S MEDICAL CENTER,MN,3.0,64.0,0.83,0.0,6.0,0.0,True
240076,BUFFALO HOSPITAL,MN,5.0,74.0,0.88,0.0,4.0,0.0,True
240078,M HEALTH FAIRVIEW SOUTHDALE HOSPITAL,MN,5.0,70.0,0.92,0.0,6.0,0.0,True
240080,M HEALTH FAIRVIEW UNIVERSITY OF MN MEDICAL CENTER,MN,4.0,71.0,0.98,0.0,6.0,0.0,True
240084,ESSENTIA HEALTH VIRGINIA,MN,4.0,60.0,0.93,0.0,2.0,0.0,True
240088,CENTRACARE- RICE MEMORIAL HOSPITAL,MN,3.0,50.0,0.85,0.0,3.0,0.0,True
240093,MAYO CLINIC HEALTH SYSTEM - MANKATO,MN,5.0,75.0,0.93,0.0,6.0,0.0,True
240100,SANFORD BEMIDJI MEDICAL CENTER,MN,4.0,62.0,0.91,0.0,5.0,0.0,True
240101,ESSENTIA HEALTH ST MARYS - DETROIT LAKES,MN,4.0,73.0,0.86,0.0,4.0,0.0,True
240104,ST FRANCIS REGIONAL MEDICAL CENTER,MN,3.0,68.0,0.87,0.0,5.0,0.0,True
240106,REGIONS HOSPITAL,MN,3.0,77.0,0.95,0.0,6.0,0.0,True
240115,MERCY HOSPITAL,MN,3.0,65.0,0.9,0.0,6.0,0.0,True
240141,FAIRVIEW NORTHLAND REGIONAL HOSPITAL,MN,4.0,71.0,0.85,0.0,3.0,0.0,True
240166,MAYO CLINIC HEALTH SYSTEM - FAIRMONT,MN,5.0,69.0,0.81,0.0,4.0,0.0,True
240187,HUTCHINSON HEALTH,MN,3.0,74.0,0.9,0.0,3.0,0.0,True
240206,RED LAKE HOSPITAL,MN,,,,0.0,0.0,,False
240207,M HEALTH FAIRVIEW RIDGES HOSPITAL,MN,4.0,66.0,0.86,0.0,5.0,0.0,True
240210,M HEALTH FAIRVIEW ST JOHN'S HOSPITAL,MN,5.0,60.0,0.92,0.0,5.0,0.0,True
240213,M HEALTH FAIRVIEW WOODWINDS HOSPITAL,MN,4.0,69.0,0.9,0.0,5.0,0.0,True
240214,MAPLE GROVE HOSPITAL,MN,5.0,78.0,0.84,0.0,5.0,0.0,True
240779,MAHNOMEN HEALTH CENTER,MN,,,,0.0,0.0,,False
241301,LAKEWOOD HEALTH CENTER,MN,,64.0,,0.0,0.0,,False
241302,SANFORD WESTBROOK MEDICAL CENTER,MN,,,,0.0,0.0,,False
241303,SANFORD TRACY MEDICAL CENTER,MN,,,,0.0,1.0,0.0,False
241304,SANFORD WHEATON MEDICAL CENTER,MN,,,,0.0,0.0,,False
241305,RIVERWOOD HEALTHCARE CENTER,MN,,86.0,,0.0,3.0,0.0,False
241306,OLIVIA HOSPITAL & CLINIC,MN,2.0,78.0,,0.0,4.0,0.0,False
241308,LAKE VIEW MEMORIAL HOSPITAL,MN,,86.0,,0.0,1.0,0.0,False
241309,ESSENTIA HEALTH SANDSTONE,MN,,73.0,,0.0,0.0,,False
241311,RIDGEVIEW SIBLEY MEDICAL CENTER,MN,,,,0.0,0.0,,False
241312,COOK HOSPITAL,MN,,,,0.0,0.0,,False
241313,ESSENTIA HEALTH ADA,MN,,,,0.0,0.0,,False
241314,JOHNSON MEMORIAL HOSPITAL,MN,,,,0.0,1.0,0.0,False
241315,SANFORD JACKSON MEDICAL CENTER,MN,,,,0.0,0.0,,False
241316,BIGFORK VALLEY HOSPITAL,MN,,,,0.0,0.0,,False
241317,NORTH SHORE HEALTH,MN,,,,0.0,0.0,,False
241318,ELY - BLOOMENSON COMMUNITY HOSPITAL,MN,,84.0,,0.0,1.0,0.0,False
241319,MURRAY COUNTY MEMORIAL HOSPITAL,MN,,89.0,,0.0,1.0,0.0,False
241320,RIVERVIEW HOSPITAL,MN,,83.0,,0.0,2.0,0.0,False
241321,ESSENTIA HEALTH HOLY TRINITY HOSPITAL,MN,,,,0.0,0.0,,False
241322,RAINY LAKE MEDICAL CENTER,MN,,73.0,,0.0,1.0,0.0,False
241323,MADELIA HEALTH,MN,,89.0,,0.0,2.0,0.0,False
241325,CHIPPEWA COUNTY HOSPITAL,MN,,81.0,,0.0,2.0,0.0,False
241326,CENTRACARE HEALTH SYSTEM - LONG PRAIRIE,MN,,63.0,,0.0,2.0,0.0,False
241327,SLEEPY EYE MEDICAL CENTER,MN,,85.0,,0.0,2.0,0.0,False
241328,SANFORD BAGLEY MEDICAL CENTER,MN,,,,0.0,0.0,,False
241329,LAKEWOOD HEALTH SYSTEM,MN,,77.0,,0.0,2.0,0.0,False
241330,CENTRACARE HEALTH SYSTEM - MELROSE HOSPITAL,MN,5.0,85.0,,0.0,3.0,0.0,False
241332,WINDOM AREA HEALTH,MN,,84.0,,0.0,2.0,0.0,False
241333,MAYO CLINIC HEALTH SYSTEM ST. JAMES,MN,,75.0,,0.0,2.0,0.0,False
241334,RIVER'S EDGE HOSPITAL & CLINIC,MN,,88.0,,0.0,3.0,0.0,False
241335,ST ELIZABETH MEDICAL CENTER,MN,,70.0,,0.0,1.0,0.0,False
241336,KITTSON HEALTHCARE,MN,,,,0.0,0.0,,False
241337,NORTH VALLEY HEALTH CENTER,MN,,,,0.0,1.0,0.0,False
241338,MAYO CLINIC HEALTH SYSTEM - LAKE CITY,MN,,79.0,,0.0,1.0,0.0,False
241339,HENDRICKS COMMUNITY HOSPITAL,MN,,,,0.0,0.0,,False
241340,ESSENTIA HEALTH NORTHERN PINES MEDICAL CENTER,MN,,78.0,,0.0,0.0,,False
241341,APPLETON AREA HEALTH,MN,,,,0.0,1.0,0.0,False
241342,ORTONVILLE AREA HEALTH SERVICES,MN,,88.0,,0.0,1.0,0.0,False
241343,AVERA GRANITE FALLS,MN,,,,0.0,1.0,0.0,False
241344,LIFECARE MEDICAL CENTER,MN,,69.0,,0.0,2.0,0.0,False
241345,MAYO CLINIC HEALTH SYSTEM - WASECA,MN,,86.0,,0.0,2.0,0.0,False
241346,MAYO CLINIC HEALTH SYSTEM - CANNON FALLS,MN,,89.0,,0.0,1.0,0.0,False
241347,SANFORD CANBY MEDICAL CENTER,MN,,,,0.0,1.0,0.0,False
241348,AVERA TYLER HOSPITAL,MN,,69.0,,0.0,2.0,0.0,False
241349,CENTRACARE - PAYNESVILLE HOSPITAL,MN,,82.0,,0.0,2.0,0.0,False
241350,ESSENTIA HEALTH MOOSE LAKE,MN,,65.0,,0.0,1.0,0.0,False
241351,CENTRACARE - REDWOOD,MN,,62.0,,0.0,3.0,0.0,False
241353,CUYUNA REGIONAL MEDICAL CENTER,MN,3.0,86.0,,0.0,4.0,0.0,False
241354,ASTERA HEALTH,MN,3.0,70.0,,0.0,4.0,0.0,False
241355,GLENCOE REGIONAL HEALTH,MN,,78.0,,0.0,2.0,0.0,False
241356,MILLE LACS HEALTH SYSTEM,MN,,73.0,,0.0,1.0,0.0,False
241357,ESSENTIA HEALTH FOSSTON,MN,,74.0,,0.0,1.0,0.0,False
241358,CASS LAKE INDIAN HEALTH SERVICES HOSPITAL,MN,,,,0.0,0.0,,False
241359,AVERA MARSHALL REGIONAL MEDICAL CTR,MN,,58.0,,0.0,3.0,0.0,False
241360,ESSENTIA HEALTH DEER RIVER,MN,,80.0,,0.0,1.0,0.0,False
241361,MAYO CLINIC HEALTH SYSTEM NEW PRAGUE,MN,2.0,78.0,,0.0,3.0,0.0,False
241362,CENTRACARE HEALTH - MONTICELLO,MN,,73.0,,0.0,2.0,0.0,False
241363,STEVENS COMMUNITY MEDICAL CENTER INC,MN,,75.0,,0.0,3.0,0.0,False
241364,COMMUNITY MEMORIAL HOSPITAL,MN,,84.0,,0.0,3.0,0.0,False
241365,CENTRACARE - BENSON,MN,,72.0,,0.0,2.0,0.0,False
241366,MEEKER MEMORIAL HOSPITAL,MN,,73.0,,0.0,1.0,0.0,False
241367,WELIA HEALTH,MN,3.0,78.0,,0.0,3.0,0.0,False
241368,CENTRACARE HEALTH SYSTEM - SAUK CENTRE,MN,,62.0,,0.0,1.0,0.0,False
241369,UNITED HOSPITAL DISTRICT,MN,5.0,82.0,,0.0,4.0,0.0,False
241370,ST GABRIELS HOSPITAL,MN,4.0,69.0,,0.0,4.0,0.0,False
241371,SANFORD LUVERNE MEDICAL CENTER,MN,,75.0,,0.0,2.0,0.0,False
241372,MADISON HOSPITAL,MN,,,,0.0,1.0,0.0,False
241373,PERHAM HEALTH,MN,3.0,91.0,,0.0,3.0,0.0,False
241374,PIPESTONE COUNTY  MEDICAL CENTER,MN,,82.0,,0.0,1.0,0.0,False
241375,MINNESOTA VALLEY HEALTH CENTER  INC,MN,,,,0.0,0.0,,False
241376,GLACIAL RIDGE HOSPITAL,MN,4.0,87.0,,0.0,3.0,0.0,False
241377,ST FRANCIS MEDICAL CENTER,MN,,73.0,,0.0,3.0,0.0,False
241378,NEW ULM MEDICAL CENTER,MN,5.0,77.0,,0.0,4.0,0.0,False
241379,PRAIRIE RIDGE HOSPITAL AND HEALTH SERVICES,MN,,,,0.0,0.0,,False
241380,ST JOSEPHS AREA  HEALTH SERVICES,MN,3.0,77.0,,0.0,4.0,0.0,False
241381,SANFORD THIEF RIVER FALLS MEDICAL CENTER,MN,,67.0,,0.0,2.0,0.0,False
243300,GILLETTE CHILDRENS SPECIALTY HOSPITAL,MN,,,,0.0,0.0,,False
243302,CHILDREN'S HOSPITALS & CLINICS OF MN,MN,,,,0.0,0.0,,False
244002,ANOKA METRO REGIONAL TREATMENT CENTER,MN,,,,,,,False
244005,CHILD AND ADOLESCENT BEHAVIORAL HEALTH HOSPITAL,MN,,,,,,,False
244011,COMMUNITY BEHAVIORAL HEALTH HOSPITAL ANNANDALE,MN,,,,,,,False
244012,COMMUNITY BEHAVIORAL HEALTH HOSPITAL ALEXANDRIA,MN,,,,,,,False
244013,COMMUNITY BEHAVIORAL HEALTH HOSPITAL FERGUS FALLS,MN,,,,,,,False
244014,COMMUNITY BEHAVIORAL HEALTH HOSPITAL - BEMIDJI,MN,,,,,,,False
244015,COMMUNITY BEHAVIORAL HEALTH HOSPITAL - BAXTER,MN,,,,,,,False
244017,COMMUNITY BEHAVIORAL HEALTH HOSPITAL ROCHESTER,MN,,,,,,,False
244018,SANFORD BEHAVIORAL HEALTH CENTER,MN,,,,,,,False
250001,UNIVERSITY OF MISSISSIPPI MED CENTER,MS,2.0,74.0,1.01,0.0,6.0,0.0,True
250002,TISHOMINGO HEALTH SERVICES INC,MS,2.0,79.0,1.02,0.0,4.0,0.0,True
250004,NORTH MISSISSIPPI MEDICAL CENTER,MS,2.0,67.0,1.04,0.0,6.0,0.0,True
250006,BAPTIST MEMORIAL HOSPITAL UNION COUNTY,MS,4.0,77.0,0.98,0.0,4.0,0.0,True
250007,Memorial Hospital Biloxi,MS,1.0,47.0,1.02,0.0,4.0,0.0,True
250009,MAGNOLIA REGIONAL HEALTH CENTER,MS,2.0,75.0,0.94,0.0,6.0,0.0,True
250017,PROGRESSIVE HEALTH GROUP OF HOUSTON,MS,,,,0.0,0.0,,False
250018,JASPER GENERAL HOSPITAL,MS,,,,0.0,0.0,,False
250019,MEMORIAL HOSPITAL AT GULFPORT,MS,3.0,67.0,1.16,0.0,6.0,0.0,True
250020,WEBSTER GENERAL HOSPITAL/ SWING BED,MS,4.0,74.0,0.91,0.0,4.0,0.0,True
250025,NORTH MISSISSIPPI MEDICAL CENTER-GILMORE AMORY,MS,3.0,78.0,0.99,0.0,4.0,0.0,True
250027,WINSTON MEDICAL CENTER,MS,,56.0,0.99,0.0,2.0,0.0,False
250031,MERIT HEALTH RIVER REGION,MS,2.0,55.0,1.07,0.0,5.0,0.0,True
250034,BAPTIST MEMORIAL HOSPITAL NORTH MS,MS,4.0,79.0,0.97,2.0,6.0,0.3333333333333333,True
250036,GEORGE REGIONAL HEALTH SYSTEM,MS,1.0,74.0,0.95,0.0,3.0,0.0,True
250038,MERIT HEALTH MADISON,MS,3.0,73.0,0.95,0.0,4.0,0.0,True
250040,SINGING RIVER HEALTH SYSTEM,MS,1.0,69.0,1.01,0.0,6.0,0.0,True
250042,NORTHWEST MISSISSISSIPPI REGIONAL MEDICAL CENTER,MS,3.0,49.0,0.94,0.0,3.0,0.0,True
250043,NESHOBA COUNTY GENERAL HOSPITAL,MS,3.0,87.0,1.02,0.0,4.0,0.0,True
250044,BAPTIST MEMORIAL HOSPITAL BOONEVILLE,MS,3.0,90.0,0.93,0.0,4.0,0.0,True
250048,ST DOMINIC-JACKSON MEMORIAL HOSPITAL,MS,2.0,72.0,1.02,0.0,6.0,0.0,True
250049,BEACHAM MEMORIAL HOSPITAL,MS,,,1.15,0.0,2.0,0.0,False
250050,BAPTIST MEMORIAL HOSPITAL-OKTIBBEHA COUNTY,MS,2.0,59.0,1.06,0.0,3.0,0.0,True
250057,KING'S DAUGHTERS MEDICAL CENTER-BROOKHAVEN,MS,3.0,74.0,1.01,0.0,4.0,0.0,True
250058,SOUTH CENTRAL REG MED CTR,MS,1.0,69.0,1.0,1.0,6.0,0.16666666666666666,True
250061,YALOBUSHA GENERAL HOSPITAL,MS,,,0.93,0.0,4.0,0.0,False
250067,CLAY COUNTY MEDICAL CORPORATION,MS,3.0,71.0,0.9,0.0,3.0,0.0,True
250069,OCHSNER RUSH HOSPITAL,MS,3.0,69.0,1.13,0.0,6.0,0.0,True
250072,MERIT HEALTH CENTRAL,MS,3.0,48.0,0.91,0.0,4.0,0.0,True
250077,WAYNE GENERAL HOSPITAL,MS,3.0,52.0,0.86,0.0,4.0,0.0,True
250078,FORREST GENERAL HOSPITAL,MS,2.0,76.0,1.0,0.0,6.0,0.0,True
250081,ANDERSON REGIONAL MEDICAL CENTER SOUTH CAMPUS,MS,,,,0.0,0.0,,False
250082,DELTA HEALTH SYSTEM - THE MEDICAL CENTER,MS,1.0,58.0,1.14,0.0,5.0,0.0,True
250084,MERIT HEALTH NATCHEZ,MS,2.0,50.0,1.17,0.0,4.0,0.0,True
250085,MARION GENERAL HOSPITAL,MS,1.0,72.0,1.04,0.0,3.0,0.0,True
250093,BOLIVAR MEDICAL CENTER,MS,1.0,59.0,0.98,0.0,4.0,0.0,True
250094,MERIT HEALTH WESLEY,MS,2.0,67.0,0.99,0.0,6.0,0.0,True
250095,SOUTH SUNFLOWER COUNTY HOSPITAL,MS,2.0,69.0,0.95,0.0,3.0,0.0,True
250096,CROSSGATES RIVER OAKS HOSPITAL,MS,2.0,74.0,0.97,0.0,4.0,0.0,True
250097,SOUTHWEST MS REGIONAL MEDICAL CENTER,MS,2.0,62.0,1.02,0.0,5.0,0.0,True
250099,GREENWOOD LEFLORE HOSPITAL,MS,1.0,67.0,1.01,0.0,4.0,0.0,True
250100,BMH-GOLDEN TRIANGLE,MS,3.0,74.0,0.97,0.0,5.0,0.0,True
250102,MISSISSIPPI BAPTIST MEDICAL CENTER,MS,2.0,75.0,1.03,2.0,6.0,0.3333333333333333,True
250104,ANDERSON REGIONAL MEDICAL CENTER,MS,2.0,58.0,1.05,0.0,6.0,0.0,True
250117,HIGHLAND COMMUNITY  HOSPITAL,MS,1.0,75.0,1.11,0.0,4.0,0.0,True
250123,SINGING RIVER GULFPORT,MS,2.0,73.0,1.01,0.0,5.0,0.0,True
250124,MAGEE GENERAL HOSPITAL,MS,2.0,68.0,1.1,0.0,3.0,0.0,True
250127,CHOCTAW HEALTH CENTER,MS,,,,0.0,0.0,,False
250134,WHITFIELD MEDICAL SURGICAL HOSPITAL,MS,,,0.54,0.0,1.0,0.0,False
250136,MERIT HEALTH WOMEN'S HOSPITAL,MS,,78.0,,0.0,0.0,,False
250138,MERIT HEALTH RIVER OAKS,MS,1.0,52.0,1.07,0.0,6.0,0.0,True
250141,BAPTIST MEMORIAL HOSPITAL DESOTO,MS,3.0,67.0,1.0,0.0,5.0,0.0,True
250151,ALLIANCE HEALTH CENTER,MS,,,0.93,0.0,1.0,0.0,False
250152,MISSISSIPPI METHODIST REHAB CTR,MS,,,,0.0,0.0,,False
250162,OCHSNER MEDICAL CENTER-HANCOCK,MS,3.0,73.0,0.87,0.0,3.0,0.0,True
250167,METHODIST HEALTHCARE - OLIVE BRANCH HOSPITAL,MS,4.0,76.0,0.82,0.0,5.0,0.0,True
250168,UNIVERSITY OF MISSISSIPPI MEDICAL CENTER- GRENADA,MS,1.0,65.0,1.23,0.0,4.0,0.0,True
250172,HIGHLAND HILLS MEDICAL CENTER,MS,,82.0,0.82,0.0,2.0,0.0,False
250174,"ALLIANCE HEALTHCARE SYSTEM, INC",MS,,,,0.0,0.0,,False
25039F,81st Medical Group (Keesler AFB),MS,,92.0,,0.0,0.0,,False
25042F,VA GULF COAST HEALTHCARE SYSTEM,MS,5.0,79.0,,0.0,4.0,0.0,False
25043F,G. V. (SONNY) MONTGOMERY VA MEDICAL CENTER (JACKSON),MS,4.0,68.0,,0.0,5.0,0.0,False
250780,JEFFERSON COUNTY HOSPITAL,MS,,,,0.0,0.0,,False
250781,PANOLA MEDICAL CENTER,MS,,,,0.0,0.0,,False
250782,GREENE COUNTY HOSPITAL,MS,,,,0.0,0.0,,False
250783,PERRY COUNTY GENERAL HOSPITAL,MS,,,,0.0,0.0,,False
250784,SHARKEY ISSAQUENA COMMUNITY HOSPITAL,MS,,,,0.0,0.0,,False
250785,PROGRESSIVE HEALTH GROUP OF HOUSTON,MS,,,,0.0,0.0,,False
250786,SMITH COUNTY  EMERGENCY HOSPITAL,MS,,,,0.0,0.0,,False
251300,S E LACKEY MEMORIAL HOSPITAL,MS,,58.0,,0.0,1.0,0.0,False
251302,MONROE REGIONAL HOSPITAL,MS,,,,0.0,2.0,0.0,False
251304,TALLAHATCHIE GENERAL HOSPITAL-CAH,MS,,93.0,,0.0,0.0,,False
251305,LAWRENCE COUNTY HOSPITAL CAH,MS,,,,0.0,2.0,0.0,False
251307,NOXUBEE GENERAL CRITICAL ACCESS HOSP,MS,,,,0.0,0.0,,False
251308,PONTOTOC HEALTH SERVICE INC CAH,MS,,89.0,,0.0,2.0,0.0,False
251309,FIELD HEALTH SYSTEM,MS,,,,0.0,1.0,0.0,False
251312,TYLER HOLMES MEMORIAL HOSPITAL CAH,MS,,,,0.0,2.0,0.0,False
251313,BAPTIST MEDICAL CENTER-YAZOO,MS,,65.0,,0.0,2.0,0.0,False
251315,BAPTIST MEDICAL CENTER-LEAKE,MS,2.0,73.0,,0.0,4.0,0.0,False
251316,OCHSNER WATKINS HOSPITAL,MS,,85.0,,0.0,1.0,0.0,False
251317,SIMPSON GENERAL HOSPITAL CAH,MS,2.0,68.0,,0.0,3.0,0.0,False
251318,NORTH SUNFLOWER MEDICAL CENTER CAH,MS,1.0,83.0,,0.0,3.0,0.0,False
251319,HOLMES COUNTY HOSPITAL AND CLINICS,MS,,,,0.0,2.0,0.0,False
251320,CLAIBORNE COUNTY HOSPITAL,MS,,,,0.0,4.0,0.0,False
251322,OCHSNER LAIRD HOSPITAL,MS,,91.0,,0.0,1.0,0.0,False
251323,OCHSNER SCOTT REGIONAL,MS,,86.0,,0.0,1.0,0.0,False
251324,WALTHALL COUNTY GENERAL HOSPITAL CAH,MS,,,,0.0,1.0,0.0,False
251325,COVINGTON COUNTY HOSPITAL CAH,MS,,,,0.0,1.0,0.0,False
251326,JEFFERSON DAVIS COMMUNITY HOSPITAL CAH,MS,,,,0.0,0.0,,False
251327,COPIAH COUNTY MEDICAL CENTER,MS,,87.0,,0.0,2.0,0.0,False
251330,FRANKLIN COUNTY MEMORIAL HOSPITAL,MS,,,,0.0,2.0,0.0,False
251331,BMH-CALHOUN,MS,,,,0.0,2.0,0.0,False
251333,PEARL RIVER COUNTY HOSPITAL,MS,,,,0.0,0.0,,False
251334,CHOCTAW REGIONAL MEDICAL CENTER,MS,,84.0,,0.0,2.0,0.0,False
251335,OCHSNER STENNIS MEMORIAL HOSPITAL,MS,,85.0,,0.0,1.0,0.0,False
251336,BAPTIST MEDICAL CENTER ATTALA,MS,,69.0,,0.0,2.0,0.0,False
251337,TIPPAH COUNTY HOSPITAL,MS,4.0,83.0,,0.0,4.0,0.0,False
251339,QUITMAN COMMUNITY HOSPITAL,MS,,,,0.0,0.0,,False
252013,ALLEGIANCE SPECIALTY HOSPITAL OF GREENVILLE,MS,,,,,,,False
254005,PARKWOOD BEHAVIORAL HEALTH SYSTEM,MS,,,,,,,False
254007,BRENTWOOD BEHAVIORAL HEALTHCARE OF MS,MS,,,,,,,False
254008,SOUTH MISSISSIPPI STATE HOSPITAL,MS,,,,,,,False
254009,NORTH MISSISSIPPI STATE HOSPITAL,MS,,,,,,,False
254010,MS STATE HOSPITAL-WHITFIELD,MS,,,,,,,False
254011,GULFPORT BEHAVIORAL HEALTH  SYSTEM,MS,,,,,,,False
254012,OCEANS BEHAVIORAL HOSPITAL- BILOXI,MS,,,,,,,False
254013,OCEANS BEHAVIORAL HOSPITAL OF TUPELO,MS,,,,,,,False
254014,OCEANS BEHAVIORAL HOSPITAL OF JACKSON,MS,,,,,,,False
260001,MERCY HOSPITAL JOPLIN,MO,1.0,75.0,0.98,0.0,5.0,0.0,True
260005,SSM ST JOSEPH HEALTH CENTER,MO,3.0,63.0,1.0,0.0,5.0,0.0,True
260006,MOSAIC LIFE CARE AT ST JOSEPH,MO,4.0,64.0,1.05,0.0,5.0,0.0,True
260009,BOTHWELL REGIONAL HEALTH CENTER,MO,4.0,61.0,0.9,0.0,4.0,0.0,True
260011,SSM HEALTH ST. MARY'S HOSPITAL - JEFFERSON CITY,MO,3.0,75.0,0.94,0.0,6.0,0.0,True
260017,PHELPS COUNTY REGIONAL MEDICAL CENTER,MO,2.0,72.0,0.98,0.0,6.0,0.0,True
260020,MERCY HOSPITAL ST LOUIS,MO,4.0,77.0,1.01,1.0,6.0,0.16666666666666666,True
260022,NORTHEAST REGIONAL MEDICAL CENTER,MO,2.0,55.0,0.98,0.0,5.0,0.0,True
260023,MERCY HOSPITAL JEFFERSON,MO,4.0,77.0,0.96,0.0,6.0,0.0,True
260024,TEXAS COUNTY MEMORIAL HOSPITAL,MO,2.0,67.0,0.95,0.0,4.0,0.0,True
260025,HANNIBAL REGIONAL HOSPITAL,MO,2.0,68.0,0.98,1.0,6.0,0.16666666666666666,True
260027,RESEARCH MEDICAL CENTER,MO,2.0,57.0,1.09,0.0,5.0,0.0,True
26002F,General Leonard Wood ACH (FT Leonard Wood),MO,,72.0,,0.0,0.0,,False
260032,BARNES JEWISH HOSPITAL,MO,4.0,79.0,1.02,0.0,6.0,0.0,True
260034,BATES COUNTY MEMORIAL HOSPITAL,MO,3.0,83.0,0.88,0.0,3.0,0.0,True
260040,COX MEDICAL CENTERS,MO,3.0,71.0,0.97,0.0,6.0,0.0,True
260048,TRUMAN MEDICAL CENTER HOSPITAL HILL,MO,3.0,61.0,0.97,0.0,3.0,0.0,True
26004F,KANSAS CITY VA MEDICAL CENTER,MO,4.0,69.0,,0.0,6.0,0.0,False
260052,MERCY HOSPITAL WASHINGTON,MO,4.0,66.0,0.99,0.0,6.0,0.0,True
260057,CAMERON REGIONAL MEDICAL CENTER,MO,1.0,59.0,0.98,0.0,5.0,0.0,True
260059,MERCY HOSPITAL LEBANON,MO,4.0,62.0,0.84,0.0,3.0,0.0,True
260061,NEVADA REGIONAL MEDICAL CENTER,MO,,64.0,0.97,0.0,2.0,0.0,False
260062,SAINT LUKES NORTH HOSPITAL,MO,5.0,75.0,1.0,0.0,5.0,0.0,True
260065,MERCY HOSPITAL SPRINGFIELD,MO,3.0,69.0,1.01,0.0,6.0,0.0,True
260068,BOONE HOSPITAL CENTER,MO,4.0,78.0,1.0,0.0,6.0,0.0,True
260070,PEMISCOT COUNTY MEMORIAL HOSPITAL,MO,,41.0,0.99,0.0,3.0,0.0,False
260074,MOBERLY REGIONAL MEDICAL CENTER,MO,2.0,61.0,0.94,0.0,4.0,0.0,True
260077,MERCY HOSPITAL SOUTH,MO,2.0,63.0,1.02,0.0,6.0,0.0,True
260078,OZARKS HEALTHCARE,MO,2.0,56.0,0.94,0.0,6.0,0.0,True
26007F,POPLAR BLUFF VA MEDICAL CENTER,MO,,75.0,,0.0,3.0,0.0,False
260081,SSM ST CLARE HEALTH CENTER,MO,4.0,75.0,0.99,0.0,6.0,0.0,True
260085,ST JOSEPH MEDICAL CENTER,MO,3.0,62.0,0.97,0.0,6.0,0.0,True
260091,SSM HEALTH ST MARY'S HOSPITAL - ST LOUIS,MO,3.0,62.0,1.06,0.0,5.0,0.0,True
260094,COX MEDICAL CENTER BRANSON,MO,4.0,70.0,0.91,0.0,5.0,0.0,True
260095,CENTERPOINT MEDICAL CENTER,MO,3.0,58.0,1.05,0.0,6.0,0.0,True
260096,NKC HEALTH,MO,4.0,75.0,1.03,0.0,6.0,0.0,True
260097,WESTERN MISSOURI MEDICAL CENTER,MO,4.0,68.0,0.97,0.0,5.0,0.0,True
26009F,ST LOUIS-JOHN COCHRAN VA MEDICAL CENTER,MO,5.0,64.0,,0.0,5.0,0.0,False
260102,UNIVERSITY HEALTH LAKEWOOD MEDICAL CENTER,MO,4.0,67.0,0.88,0.0,2.0,0.0,True
260104,SSM HEALTH DEPAUL HOSPITAL ST LOUIS,MO,4.0,55.0,1.08,0.0,6.0,0.0,True
260105,SSM HEALTH SAINT LOUIS UNIVERSITY HOSPITAL,MO,1.0,64.0,1.06,0.0,5.0,0.0,True
260108,MISSOURI BAPTIST MEDICAL CENTER,MO,5.0,81.0,0.97,0.0,6.0,0.0,True
260110,MERCY HOSPITAL SOUTHEAST,MO,2.0,64.0,1.01,0.0,6.0,0.0,True
260113,MISSOURI DELTA MEDICAL CENTER,MO,2.0,56.0,1.0,0.0,4.0,0.0,True
260119,POPLAR BLUFF REGIONAL MEDICAL CENTER,MO,2.0,56.0,1.0,0.0,5.0,0.0,True
260137,FREEMAN HEALTH SYSTEM - FREEMAN WEST,MO,2.0,70.0,0.98,0.0,6.0,0.0,True
260138,ST LUKES HOSPITAL OF KANSAS CITY,MO,5.0,78.0,1.05,0.0,6.0,0.0,True
260141,UNIVERSITY OF MISSOURI HEALTH CARE,MO,3.0,70.0,1.01,0.0,6.0,0.0,True
260142,FITZGIBBON HOSPITAL,MO,2.0,60.0,0.83,0.0,4.0,0.0,True
260160,MERCY HOSPITAL STODDARD,MO,2.0,79.0,0.94,0.0,3.0,0.0,True
260162,BARNES-JEWISH WEST COUNTY HOSPITAL,MO,5.0,87.0,0.96,0.0,4.0,0.0,True
260163,PARKLAND HEALTH CENTER,MO,4.0,68.0,0.96,0.0,5.0,0.0,True
260175,GOLDEN VALLEY MEMORIAL HOSPITAL,MO,3.0,68.0,0.9,0.0,5.0,0.0,True
260176,ST LUKES DES PERES HOSPITAL,MO,3.0,80.0,0.9,0.0,4.0,0.0,True
260177,LIBERTY HOSPITAL,MO,2.0,70.0,1.05,1.0,6.0,0.16666666666666666,True
260179,ST LUKES HOSPITAL,MO,4.0,78.0,1.01,0.0,6.0,0.0,True
260180,CHRISTIAN HOSPITAL NORTHEAST,MO,4.0,66.0,0.98,0.0,6.0,0.0,True
260183,SAINT FRANCIS MEDICAL CENTER,MO,3.0,80.0,1.01,0.0,6.0,0.0,True
260186,LAKE REGIONAL HEALTH SYSTEM,MO,3.0,69.0,0.98,0.0,5.0,0.0,True
260190,LEE'S SUMMIT MEDICAL CENTER,MO,3.0,72.0,0.96,0.0,6.0,0.0,True
260191,BARNES-JEWISH ST PETERS HOSPITAL,MO,3.0,68.0,1.02,0.0,6.0,0.0,True
260193,ST MARY'S MEDICAL CENTER,MO,3.0,63.0,0.96,1.0,6.0,0.16666666666666666,True
260195,CITIZENS MEMORIAL HOSPITAL,MO,3.0,69.0,0.91,0.0,5.0,0.0,True
260200,SSM ST JOSEPH HOSPITAL WEST,MO,3.0,64.0,1.02,0.0,5.0,0.0,True
260214,BELTON REGIONAL MEDICAL CENTER,MO,2.0,58.0,0.99,0.0,5.0,0.0,True
260216,SAINT LUKE'S EAST  HOSPITAL,MO,4.0,79.0,1.03,0.0,6.0,0.0,True
260219,PROGRESS WEST HOSPITAL,MO,4.0,82.0,0.95,0.0,6.0,0.0,True
26023F,COLUMBIA MO VA MEDICAL CENTER,MO,4.0,86.0,,0.0,6.0,0.0,False
260779,PARKLAND HEALTH CENTER - BONNE TERRE,MO,,,,0.0,0.0,,False
261301,ELLETT MEMORIAL HOSPITAL,MO,,79.0,,0.0,0.0,,False
261302,MADISON MEDICAL CENTER,MO,,55.0,,0.0,2.0,0.0,False
261303,COMMUNITY HOSPITAL ASSOCIATION,MO,3.0,81.0,,0.0,4.0,0.0,False
261305,PUTNAM COUNTY MEMORIAL HOSPITAL,MO,,,,0.0,1.0,0.0,False
261306,SULLIVAN COUNTY MEMORIAL HOSPITAL,MO,,,,0.0,1.0,0.0,False
261307,PERSHING MEMORIAL HOSPITAL,MO,3.0,,,0.0,3.0,0.0,False
261308,WASHINGTON COUNTY MEMORIAL HOSPITAL,MO,,62.0,,0.0,2.0,0.0,False
261309,WRIGHT MEMORIAL HOSPITAL,MO,4.0,65.0,,0.0,3.0,0.0,False
261310,SCOTLAND COUNTY  HOSPITAL,MO,2.0,62.0,,0.0,3.0,0.0,False
261311,MERCY HOSPITAL PERRY,MO,2.0,64.0,,0.0,5.0,0.0,False
261312,HARRISON COUNTY COMMUNITY HOSPITAL,MO,3.0,59.0,,0.0,3.0,0.0,False
261313,MACON COUNTY SAMARITAN MEMORIAL HOSPITAL,MO,2.0,,,0.0,2.0,0.0,False
261314,HERMANN AREA DISTRICT HOSPITAL,MO,,,,0.0,2.0,0.0,False
261316,MERCY HOSPITAL AURORA,MO,,83.0,,0.0,2.0,0.0,False
261317,MERCY HOSPITAL - CASSVILLE,MO,,81.0,,0.0,2.0,0.0,False
261318,SALEM MEMORIAL DISTRICT HOSPITAL,MO,4.0,67.0,,0.0,4.0,0.0,False
261319,MERCY HOSPITAL LINCOLN,MO,,69.0,,0.0,3.0,0.0,False
261320,LAFAYETTE REGIONAL HEALTH CENTER,MO,2.0,81.0,,0.0,3.0,0.0,False
261321,HEDRICK MEDICAL CENTER,MO,4.0,72.0,,0.0,4.0,0.0,False
261322,EXCELSIOR SPRINGS HOSPITAL,MO,,68.0,,0.0,2.0,0.0,False
261323,CEDAR COUNTY MEMORIAL HOSPITAL,MO,,73.0,,0.0,2.0,0.0,False
261324,CASS REGIONAL MEDICAL CENTER,MO,4.0,71.0,,0.0,3.0,0.0,False
261325,COX BARTON COUNTY HOSPITAL,MO,,81.0,,0.0,3.0,0.0,False
261327,RAY COUNTY MEMORIAL HOSPITAL,MO,,,,0.0,1.0,0.0,False
261328,MOSAIC MEDICAL CENTER ALBANY,MO,,77.0,,0.0,2.0,0.0,False
261329,COX MONETT HOSPITAL,MO,3.0,85.0,,0.0,3.0,0.0,False
261330,STE GENEVIEVE COUNTY MEMORIAL HOSPITAL,MO,4.0,71.0,,0.0,3.0,0.0,False
261331,FREEMAN NEOSHO HOSPITAL,MO,4.0,78.0,,0.0,3.0,0.0,False
261332,CARROLL COUNTY MEMORIAL HOSPITAL,MO,,67.0,,0.0,2.0,0.0,False
261333,PIKE COUNTY MEMORIAL HOSPITAL,MO,,75.0,,0.0,2.0,0.0,False
261335,MERCY ST FRANCIS HOSPITAL,MO,,86.0,,0.0,1.0,0.0,False
261336,IRON COUNTY MEDICAL CENTER,MO,,,,0.0,2.0,0.0,False
261337,MISSOURI BAPTIST SULLIVAN HOSPITAL,MO,2.0,76.0,,0.0,3.0,0.0,False
261338,MERCY HOSPITAL CARTHAGE,MO,4.0,82.0,,0.0,4.0,0.0,False
261340,MOSAIC MEDICAL CENTER - MARYVILLE,MO,,,,0.0,0.0,,False
263301,ST LOUIS CHILDRENS HOSPITAL,MO,,,,0.0,0.0,,False
263302,THE CHILDREN'S MERCY HOSPITAL,MO,,,,0.0,0.0,,False
263303,RANKEN JORDAN PEDIATRIC BRIDGE HOSPITAL,MO,,,,0.0,0.0,,False
263304,SHRINERS HOSPITALS FOR CHILDREN,MO,,,,0.0,0.0,,False
264004,CENTER FOR BEHAVIORAL MEDICINE,MO,,,,,,,False
264005,SOUTHEAST MISSOURI MENTAL HLTH CTR,MO,,,,,,,False
264007,NORTHWEST MISSOURI PSYCHIATRIC REHAB CTR,MO,,,,,,,False
264008,CENTER FOR BEHAVIORAL MEDICINE,MO,,,,,,,False
264010,ST LOUIS FORENSIC TREATMENT CENTER,MO,,,,,,,False
264012,CENTERPOINTE HOSPITAL,MO,,,,,,,False
264020,ROYAL OAKS HOSPITAL,MO,,,,,,,False
264024,LAKELAND BEHAVIORAL HEALTH SYSTEM,MO,,,,,,,False
264031,OSAGE BEACH CENTER FOR BEHAVIORAL HEALTH,MO,,,,,,,False
264032,CENTERPOINTE HOSPITAL OF COLUMBIA,MO,,,,,,,False
264033,PERIMETER BEHAVIORAL HOSPITAL OF SPRINGFIELD,MO,,,,,,,False
264034,SOUTHEAST BEHAVIORAL HOSPITAL,MO,,,,,,,False
264035,MARYLAND HEIGHTS CENTER FOR BEHAVIORAL HEALTH,MO,,,,,,,False
270003,ST PETERS HEALTH,MT,3.0,56.0,0.89,0.0,6.0,0.0,True
270004,BILLINGS CLINIC,MT,4.0,72.0,1.03,0.0,6.0,0.0,True
270012,BENEFIS HOSPITALS INC,MT,2.0,61.0,0.94,0.0,6.0,0.0,True
270014,ST. PATRICK HOSPITAL,MT,5.0,81.0,0.92,0.0,6.0,0.0,True
270017,ST JAMES HOSPITAL,MT,2.0,65.0,0.9,0.0,5.0,0.0,True
270023,COMMUNITY MEDICAL CENTER,MT,3.0,68.0,0.97,0.0,5.0,0.0,True
27003F,VA MONTANA HEALTHCARE SYSTEM,MT,5.0,85.0,,0.0,5.0,0.0,False
270049,INTERMOUNTAIN HEALTH ST VINCENT REGIONAL HOSPITAL,MT,4.0,77.0,1.01,0.0,6.0,0.0,True
270051,LOGAN HEALTH MEDICAL CENTER,MT,3.0,66.0,0.95,0.0,5.0,0.0,True
270057,BOZEMAN HEALTH DEACONESS HOSPITAL,MT,4.0,74.0,0.9,0.0,6.0,0.0,True
270074,P H S INDIAN HOSPITAL AT BROWNING - BLACKFEET,MT,,,0.64,0.0,1.0,0.0,False
270086,GREAT FALLS CLINIC HOSPITAL,MT,2.0,81.0,0.88,0.0,6.0,0.0,True
271300,POPLAR COMMUNITY HOSPITAL,MT,,,,0.0,0.0,,False
271301,FALLON MEDICAL COMPLEX HOSPITAL,MT,,,,0.0,1.0,0.0,False
271302,DAHL MEMORIAL HEALTHCARE ASSOCIATION INC,MT,,,,0.0,1.0,0.0,False
271303,GRANITE COUNTY MEDICAL CENTER,MT,,,,0.0,0.0,,False
271304,MISSOURI RIVER MEDICAL CENTER,MT,,,,0.0,0.0,,False
271305,MCCONE COUNTY HEALTH CENTER,MT,,,,0.0,0.0,,False
271306,MOUNTAINVIEW MEDICAL CENTER,MT,,,,0.0,0.0,,False
271307,BENEFIS TETON MEDICAL CENTER,MT,,,,0.0,0.0,,False
271308,ROOSEVELT MEDICAL CENTER,MT,,,,0.0,0.0,,False
271309,PRAIRIE COMMUNITY CAH,MT,,,,0.0,0.0,,False
271310,GARFIELD COUNTY HEALTH CENTER,MT,,,,0.0,0.0,,False
271311,BIG SANDY MEDICAL CENTER,MT,,,,0.0,0.0,,False
271312,PHILLIPS COUNTY HOSPITAL - CAH,MT,,,,0.0,2.0,0.0,False
271313,PIONEER MEDICAL CENTER,MT,,,,0.0,1.0,0.0,False
271314,DEER LODGE MEDICAL CENTER,MT,,,,0.0,2.0,0.0,False
271315,P H S INDIAN HOSPITAL-FT BELKNAP AT HARLEM - CAH,MT,,,,0.0,0.0,,False
271316,FRANCES MAHON DEACONESS HOSPITAL,MT,,74.0,,0.0,2.0,0.0,False
271317,LIVINGSTON HEALTHCARE,MT,3.0,78.0,,0.0,4.0,0.0,False
271318,BARRETT HOSPITAL & HEALTHCARE,MT,2.0,75.0,,0.0,4.0,0.0,False
271319,RUBY VALLEY MEDICAL CENTER,MT,,,,0.0,0.0,,False
271320,CABINET PEAKS MEDICAL CENTER,MT,2.0,81.0,,0.0,3.0,0.0,False
271321,WHEATLAND MEMORIAL HOSPITAL,MT,,,,0.0,0.0,,False
271322,SHERIDAN MEMORIAL HOSPTIAL,MT,,,,0.0,1.0,0.0,False
271323,CLARK FORK VALLEY HOSPITAL,MT,,81.0,,0.0,2.0,0.0,False
271324,PONDERA MEDICAL CENTER,MT,,,,0.0,0.0,,False
271325,ST LUKE COMMUNITY HOSPITAL,MT,,69.0,,0.0,2.0,0.0,False
271326,BEARTOOTH BILLINGS CLINIC,MT,,,,0.0,0.0,,False
271327,ROSEBUD HEALTH CARE CENTER,MT,,,,0.0,0.0,,False
271328,LOGAN HEALTH - SHELBY,MT,,,,0.0,1.0,0.0,False
271329,MADISON VALLEY MEDICAL CENTER,MT,,,,0.0,1.0,0.0,False
271330,STILLWATER BILLINGS CLINIC,MT,,79.0,,0.0,1.0,0.0,False
271331,MINERAL COMMUNITY HOSPITAL,MT,,95.0,,0.0,1.0,0.0,False
271332,GLENDIVE MEDICAL CENTER,MT,1.0,69.0,,0.0,3.0,0.0,False
271333,BILLINGS CLINIC BROADWATER,MT,,83.0,,0.0,0.0,,False
271334,LOGAN HEALTH - CHESTER,MT,,,,0.0,0.0,,False
271335,COMMUNITY HOSPITAL OF ANACONDA,MT,5.0,85.0,,0.0,4.0,0.0,False
271336,LOGAN HEALTH - WHITEFISH,MT,3.0,80.0,,0.0,4.0,0.0,False
271337,NORTHERN ROCKIES MEDICAL CENTER,MT,,,,0.0,0.0,,False
271338,BIG HORN HOSPITAL,MT,,,,0.0,0.0,,False
271339,P H S INDIAN HOSPITAL CROW / NORTHERN CHEYENNE,MT,,,,0.0,1.0,0.0,False
271340,BITTERROOT HEALTH - DALY HOSPITAL,MT,4.0,73.0,,0.0,5.0,0.0,False
271341,TRINITY HOSPITAL,MT,,,,0.0,2.0,0.0,False
271342,DANIELS MEMORIAL HOSPITAL,MT,,,,0.0,0.0,,False
271343,PROVIDENCE ST JOSEPH MEDICAL CENTER,MT,,74.0,,0.0,2.0,0.0,False
271344,SIDNEY HEALTH CENTER,MT,3.0,81.0,,0.0,5.0,0.0,False
271345,CENTRAL MONTANA MEDICAL CENTER,MT,,62.0,,0.0,2.0,0.0,False
271346,ROUNDUP MEMORIAL HEALTHCARE,MT,,,,0.0,0.0,,False
271347,HOLY ROSARY HOSPITAL,MT,5.0,68.0,,0.0,3.0,0.0,False
271348,NORTHERN MONTANA HOSPITAL,MT,,,,0.0,0.0,,False
271389,BOZEMAN HEALTH BIG SKY MEDICAL CENTER,MT,,,,0.0,0.0,,False
274004,SHODAIR CHILDREN'S HOSPITAL,MT,,,,,,,False
280003,BRYAN MEDICAL CENTER,NE,3.0,80.0,1.01,0.0,6.0,0.0,True
280009,CHI HEALTH GOOD SAMARITAN,NE,4.0,73.0,1.03,0.0,5.0,0.0,True
280013,THE NEBRASKA MEDICAL CENTER,NE,4.0,72.0,1.01,0.0,6.0,0.0,True
280020,CHI HEALTH ST. ELIZABETH,NE,4.0,67.0,1.03,0.0,5.0,0.0,True
280023,CHI HEALTH ST. FRANCIS,NE,4.0,63.0,1.03,0.0,5.0,0.0,True
280032,MARY LANNING HEALTHCARE,NE,2.0,67.0,0.91,0.0,5.0,0.0,True
280040,THE NEBRASKA METHODIST HOSPITAL,NE,4.0,83.0,0.98,0.0,6.0,0.0,True
280059,TWELVE CLANS UNITY HOSPITAL,NE,,,,0.0,0.0,,False
280060,CHI HEALTH BERGAN MERCY,NE,4.0,59.0,1.02,0.0,5.0,0.0,True
280061,REGIONAL WEST MEDICAL CENTER,NE,2.0,46.0,1.03,0.0,5.0,0.0,True
280065,GREAT PLAINS HEALTH,NE,3.0,59.0,0.97,0.0,6.0,0.0,True
28006F,OMAHA VA MEDICAL CENTER (VA NEBRASKA WESTERN IOWA HEALTHCARE SYSTEM),NE,4.0,73.0,,0.0,6.0,0.0,False
280077,METHODIST FREMONT HEALTH,NE,2.0,66.0,0.95,0.0,6.0,0.0,True
280081,CHI HEALTH IMMANUEL,NE,3.0,65.0,1.03,0.0,5.0,0.0,True
280105,CHI HEALTH MIDLANDS,NE,4.0,72.0,0.83,0.0,3.0,0.0,True
280111,"COLUMBUS COMMUNITY HOSPITAL, INC",NE,3.0,70.0,1.0,0.0,5.0,0.0,True
280125,FAITH REGIONAL HEALTH SERVICES,NE,3.0,66.0,0.98,0.0,5.0,0.0,True
280127,LINCOLN SURGICAL HOSPITAL,NE,,82.0,1.02,0.0,2.0,0.0,False
280128,CHI HEALTH NEBRASKA HEART,NE,4.0,84.0,1.0,0.0,3.0,0.0,True
280129,NEBRASKA ORTHOPAEDIC HOSPITAL,NE,,89.0,0.93,0.0,1.0,0.0,False
280130,CHI HEALTH LAKESIDE,NE,4.0,66.0,0.96,0.0,6.0,0.0,True
280131,MIDWEST SURGICAL HOSPITAL LLC,NE,,88.0,0.86,0.0,2.0,0.0,False
280132,BELLEVUE MEDICAL CENTER,NE,4.0,75.0,0.92,0.0,6.0,0.0,True
280133,"NEBRASKA SPINE HOSPITAL, LLC",NE,,86.0,0.9,0.0,1.0,0.0,False
280134,KEARNEY REGIONAL MEDICAL CENTER,NE,4.0,79.0,1.03,0.0,6.0,0.0,True
280139,GRAND ISLAND REGIONAL MEDICAL CENTER,NE,2.0,74.0,0.93,0.0,4.0,0.0,True
280779,FRIEND COMMUNITY HEALTHCARE SYSTEM,NE,,,,0.0,0.0,,False
281300,HARLAN COUNTY HEALTH SYSTEM,NE,,70.0,,0.0,1.0,0.0,False
281301,FILLMORE COUNTY HOSPITAL,NE,4.0,80.0,,0.0,4.0,0.0,False
281302,PAWNEE COUNTY MEMORIAL HOSPITAL,NE,,,,0.0,0.0,,False
281303,NIOBRARA VALLEY HOSPITAL,NE,,,,0.0,0.0,,False
281304,THAYER COUNTY HEALTH SERVICES,NE,,80.0,,0.0,2.0,0.0,False
281305,KIMBALL HEALTH SERVICES,NE,,78.0,,0.0,2.0,0.0,False
281306,KEARNEY COUNTY HEALTH SERVICES HOSPITAL,NE,,94.0,,0.0,1.0,0.0,False
281307,SAUNDERS MEDICAL CENTER,NE,,84.0,,0.0,2.0,0.0,False
281308,HENDERSON COMMUNITY HOSPITAL,NE,,100.0,,0.0,1.0,0.0,False
281309,SYRACUSE AREA HEALTH,NE,,94.0,,0.0,2.0,0.0,False
281310,GARDEN COUNTY HEALTH SERVICES,NE,,,,0.0,0.0,,False
281311,FRANKLIN COUNTY MEMORIAL HOSPITAL,NE,,,,0.0,0.0,,False
281312,GENOA COMMUNITY HOSPITAL,NE,,,,0.0,0.0,,False
281313,GOTHENBURG HEALTH,NE,,78.0,,0.0,2.0,0.0,False
281314,ANNIE JEFFREY MEMORIAL COUNTY HEALTH CENTER,NE,,95.0,,0.0,1.0,0.0,False
281315,BRODSTONE HEALTHCARE,NE,4.0,87.0,,0.0,4.0,0.0,False
281316,WEBSTER COUNTY COMMUNITY HOSPITAL,NE,,,,0.0,0.0,,False
281318,MORRILL COUNTY COMMUNITY HOSPITAL,NE,,84.0,,0.0,1.0,0.0,False
281319,JEFFERSON COMMUNITY HEALTH & LIFE,NE,,76.0,,0.0,2.0,0.0,False
281320,MEMORIAL HOSPITAL,NE,,87.0,,0.0,2.0,0.0,False
281322,ST FRANCIS MEMORIAL HOSPITAL,NE,2.0,80.0,,0.0,3.0,0.0,False
281323,CHI HEALTH SCHUYLER,NE,,,,0.0,0.0,,False
281324,NEMAHA COUNTY HOSPITAL,NE,,,,0.0,2.0,0.0,False
281325,BROWN COUNTY HOSPITAL,NE,,,,0.0,1.0,0.0,False
281326,ANTELOPE MEMORIAL HOSPITAL,NE,,79.0,,0.0,1.0,0.0,False
281327,COZAD COMMUNITY HOSPITAL,NE,,81.0,,0.0,2.0,0.0,False
281328,MERRICK MEDICAL CENTER,NE,,91.0,,0.0,2.0,0.0,False
281329,AVERA ST ANTHONY'S HOSPITAL,NE,4.0,79.0,,0.0,4.0,0.0,False
281331,AVERA CREIGHTON HOSPITAL,NE,,,,0.0,1.0,0.0,False
281332,BUTLER COUNTY HEALTH,NE,,81.0,,0.0,2.0,0.0,False
281333,ROCK COUNTY HOSPITAL,NE,,,,0.0,1.0,0.0,False
281334,BOONE COUNTY HEALTH CENTER,NE,4.0,90.0,,0.0,4.0,0.0,False
281335,CALLAWAY DISTRICT HOSPITAL,NE,,89.0,,0.0,2.0,0.0,False
281336,YORK GENERAL HEALTH CARE SERVICES,NE,4.0,71.0,,0.0,4.0,0.0,False
281338,HOWARD COUNTY MEDICAL CENTER,NE,,,,0.0,1.0,0.0,False
281339,MEMORIAL HEALTH CARE SYSTEMS,NE,3.0,77.0,,0.0,3.0,0.0,False
281340,DUNDY COUNTY HOSPITAL,NE,,91.0,,0.0,2.0,0.0,False
281341,CHADRON HOSPITAL,NE,3.0,76.0,,0.0,2.0,0.0,False
281342,CHI HEALTH ST. MARYS,NE,4.0,77.0,,0.0,3.0,0.0,False
281343,WEST HOLT MEMORIAL HOSPITAL,NE,,86.0,,0.0,2.0,0.0,False
281344,CHERRY COUNTY HOSPITAL,NE,,70.0,,0.0,3.0,0.0,False
281345,PROVIDENCE MEDICAL CENTER,NE,,76.0,,0.0,3.0,0.0,False
281346,CHI HEALTH PLAINVIEW HOSPITAL,NE,,,,0.0,1.0,0.0,False
281347,OSMOND GENERAL HOSPITAL,NE,,77.0,,0.0,2.0,0.0,False
281348,TRI VALLEY HEALTH SYSTEM,NE,,,,0.0,2.0,0.0,False
281349,PENDER COMMUNITY HOSPITAL,NE,,87.0,,0.0,2.0,0.0,False
281350,JOHNSON COUNTY HOSPITAL,NE,,87.0,,0.0,2.0,0.0,False
281351,CHASE COUNTY COMMUNITY HOSPITAL,NE,,,,0.0,1.0,0.0,False
281352,"COMMUNITY MEDICAL CENTER, INC",NE,4.0,85.0,,0.0,4.0,0.0,False
281353,VALLEY COUNTY HEALTH SYSTEM,NE,,73.0,,0.0,2.0,0.0,False
281354,CRETE AREA MEDICAL CENTER,NE,,73.0,,0.0,1.0,0.0,False
281355,OGALLALA COMMUNITY HOSPITAL,NE,,73.0,,0.0,2.0,0.0,False
281356,PERKINS COUNTY HEALTH SERVICES,NE,,85.0,,0.0,2.0,0.0,False
281357,SIDNEY REGIONAL MEDICAL CENTER,NE,,81.0,,0.0,2.0,0.0,False
281358,GORDON MEMORIAL HOSPITAL DISTRICT,NE,,,,0.0,2.0,0.0,False
281359,MEMORIAL COMMUNITY HOSPITAL & HEALTH SYSTEM,NE,,75.0,,0.0,1.0,0.0,False
281360,BOX BUTTE GENERAL HOSPITAL,NE,4.0,63.0,,0.0,5.0,0.0,False
281361,LEXINGTON REGIONAL HEALTH CENTER,NE,,70.0,,0.0,2.0,0.0,False
281362,PHELPS MEMORIAL HEALTH CENTER,NE,4.0,83.0,,0.0,3.0,0.0,False
281363,COMMUNITY HOSPITAL,NE,3.0,71.0,,0.0,3.0,0.0,False
281364,"BEATRICE COMMUNITY HOSPITAL & HEALTH CENTER, INC",NE,4.0,75.0,,0.0,4.0,0.0,False
281365,JENNIE M MELHAM MEMORIAL MEDICAL CENTER,NE,4.0,70.0,,0.0,3.0,0.0,False
283300,BOYS TOWN NATIONAL RESEARCH HOSPITAL,NE,,,,0.0,0.0,,False
283301,CHILDREN'S NEBRASKA,NE,,,,0.0,0.0,,False
284003,LINCOLN REGIONAL CENTER,NE,,,,,,,False
284009,DOUGLAS COUNTY COMMUNITY MENTAL HEALTH CENTER,NE,,,,,,,False
290001,RENOWN REGIONAL MEDICAL CENTER,NV,3.0,70.0,1.03,0.0,5.0,0.0,True
290003,SUNRISE HOSPITAL AND MEDICAL CENTER,NV,2.0,60.0,1.18,0.0,6.0,0.0,True
290005,NORTH VISTA HOSPITAL,NV,3.0,58.0,1.14,0.0,4.0,0.0,True
290007,UNIVERSITY MEDICAL CENTER,NV,2.0,60.0,1.08,0.0,6.0,0.0,True
290008,NORTHEASTERN NEVADA REGIONAL HOSPITAL,NV,3.0,44.0,0.87,0.0,6.0,0.0,True
290009,SAINT MARY'S REGIONAL MEDICAL CENTER,NV,4.0,70.0,0.89,0.0,6.0,0.0,True
290012,SAINT ROSE DOMINICAN HOSPITALS - ROSE DE LIMA,NV,,,1.33,0.0,0.0,,False
290019,CARSON TAHOE REGIONAL MEDICAL CENTER,NV,2.0,73.0,0.95,0.0,5.0,0.0,True
29001F,99th Medical Group (Nellis AFB),NV,,79.0,,0.0,0.0,,False
290021,VALLEY HOSPITAL MEDICAL CENTER,NV,2.0,57.0,1.13,1.0,6.0,0.16666666666666666,True
29002F,VA SIERRA NEVADA HEALTHCARE SYSTEM,NV,5.0,74.0,,0.0,6.0,0.0,False
290032,NORTHERN NEVADA MEDICAL CENTER,NV,3.0,73.0,0.93,0.0,6.0,0.0,True
290039,MOUNTAINVIEW HOSPITAL,NV,4.0,68.0,1.08,0.0,6.0,0.0,True
290041,SUMMERLIN HOSPITAL MEDICAL CENTER,NV,3.0,64.0,1.1,1.0,5.0,0.2,True
290042,HARMON HOSPITAL,NV,,,,0.0,0.0,,False
290045,SAINT ROSE DOMINICAN HOSPITALS - SIENA CAMPUS,NV,3.0,67.0,1.17,1.0,6.0,0.16666666666666666,True
290046,SPRING VALLEY HOSPITAL MEDICAL CENTER,NV,3.0,69.0,1.07,0.0,6.0,0.0,True
290047,SOUTHERN HILLS HOSPITAL AND MEDICAL CENTER,NV,4.0,75.0,1.09,0.0,6.0,0.0,True
290049,RENOWN SOUTH MEADOWS MEDICAL CENTER,NV,3.0,76.0,0.95,0.0,5.0,0.0,True
29004F,VA SOUTHERN NEVADA HEALTHCARE SYSTEM,NV,5.0,81.0,,0.0,6.0,0.0,False
290053,SAINT ROSE DOMINICAN HOSPITALS - SAN MARTIN CAMPUS,NV,4.0,81.0,1.12,0.0,5.0,0.0,True
290054,CENTENNIAL HILLS HOSPITAL MEDICAL CENTER,NV,2.0,59.0,1.08,0.0,6.0,0.0,True
290057,HENDERSON HOSPITAL,NV,2.0,61.0,1.05,1.0,6.0,0.16666666666666666,True
290058,SAINT ROSE DOMINICAN HOSPITALS - NORTH LAS VEGAS,NV,,87.0,0.84,0.0,2.0,0.0,False
290062,WEST HENDERSON HOSPITAL,NV,,,,0.0,0.0,,False
291300,MOUNT GRANT GENERAL HOSPITAL,NV,,,,0.0,1.0,0.0,False
291301,INCLINE VILLAGE COMMUNITY HOSPITAL,NV,,,,0.0,0.0,,False
291302,WILLIAM BEE RIRIE HOSPITAL,NV,,58.0,,0.0,2.0,0.0,False
291303,BATTLE MOUNTAIN GENERAL HOSPITAL,NV,,,,0.0,0.0,,False
291304,PERSHING GENERAL HOSPITAL,NV,,,,0.0,0.0,,False
291306,CARSON VALLEY HEALTH,NV,5.0,83.0,,0.0,4.0,0.0,False
291307,MESA VIEW REGIONAL HOSPITAL,NV,2.0,56.0,,0.0,4.0,0.0,False
291308,HUMBOLDT GENERAL HOSPITAL,NV,2.0,49.0,,0.0,4.0,0.0,False
291309,BOULDER CITY HOSPITAL,NV,,,,0.0,1.0,0.0,False
291311,DESERT VIEW HOSPITAL,NV,2.0,55.0,,0.0,4.0,0.0,False
291312,GROVER C DILS MEDICAL CENTER,NV,,,,0.0,1.0,0.0,False
291313,BANNER CHURCHILL COMMUNITY HOSPITAL,NV,2.0,71.0,,0.0,4.0,0.0,False
291314,SOUTH LYON MEDICAL CENTER,NV,,,,0.0,0.0,,False
294000,DINI-TOWNSEND HOSPITAL AT NNMH,NV,,,,,,,False
294002,SOUTHERN NEVADA ADULT MENTAL HEALTH SERVICES,NV,,,,,,,False
294010,SPRING MOUNTAIN SAHARA,NV,,,,,,,False
294011,SPRING MOUNTAIN TREATMENT CENTER,NV,,,,,,,False
294012,SEVEN HILLS HOSPITAL,NV,,,,,,,False
294013,"DESERT PARKWAY BEHAVIORAL HEALTHCARE HOSPITAL, LLC",NV,,,,,,,False
294015,"RENO BEHAVIORAL HEALTHCARE HOSPITAL, LLC",NV,,,,,,,False
294016,"THRIVE BEHAVIORAL HOSPITAL, LLC",NV,,,,,,,False
300001,CONCORD HOSPITAL,NH,3.0,74.0,1.0,0.0,6.0,0.0,True
300003,MARY HITCHCOCK MEMORIAL HOSPITAL,NH,3.0,78.0,1.02,0.0,6.0,0.0,True
300005,CONCORD HOSPITAL- LACONIA,NH,3.0,62.0,0.97,0.0,4.0,0.0,True
300011,ST JOSEPH HOSPITAL,NH,4.0,70.0,1.02,0.0,6.0,0.0,True
300012,ELLIOT HOSPITAL,NH,2.0,79.0,1.01,0.0,6.0,0.0,True
300014,FRISBIE MEMORIAL HOSPITAL,NH,3.0,71.0,0.86,0.0,4.0,0.0,True
300017,PARKLAND MEDICAL CENTER,NH,4.0,61.0,0.94,0.0,5.0,0.0,True
300018,WENTWORTH-DOUGLASS HOSPITAL,NH,4.0,82.0,0.94,0.0,6.0,0.0,True
300019,CHESHIRE MEDICAL CENTER,NH,4.0,67.0,0.97,0.0,5.0,0.0,True
300020,SOUTHERN NH MEDICAL CENTER,NH,2.0,70.0,0.98,0.0,6.0,0.0,True
300023,EXETER HOSPITAL INC,NH,4.0,71.0,0.97,0.0,6.0,0.0,True
300029,PORTSMOUTH REGIONAL HOSPITAL,NH,3.0,68.0,1.02,0.0,6.0,0.0,True
300034,CATHOLIC MEDICAL CENTER,NH,4.0,69.0,0.97,0.0,6.0,0.0,True
301300,UPPER CONNECTICUT VALLEY HOSPITAL,NH,,90.0,,0.0,1.0,0.0,False
301301,COTTAGE HOSPITAL,NH,4.0,72.0,,0.0,3.0,0.0,False
301302,LITTLETON REGIONAL HEALTHCARE,NH,1.0,80.0,,0.0,4.0,0.0,False
301303,WEEKS MEDICAL CENTER,NH,,80.0,,0.0,2.0,0.0,False
301304,NEW LONDON HOSPITAL,NH,3.0,78.0,,0.0,4.0,0.0,False
301305,ALICE PECK DAY MEMORIAL HOSPITAL,NH,4.0,91.0,,0.0,3.0,0.0,False
301306,CONCORD HOSPITAL- FRANKLIN,NH,,62.0,,0.0,2.0,0.0,False
301307,"MEMORIAL HOSPITAL, THE",NH,4.0,79.0,,0.0,4.0,0.0,False
301308,VALLEY REGIONAL HOSPITAL,NH,3.0,69.0,,0.0,4.0,0.0,False
301309,MONADNOCK COMMUNITY HOSPITAL,NH,2.0,71.0,,0.0,4.0,0.0,False
301310,ANDROSCOGGIN VALLEY HOSPITAL,NH,2.0,62.0,,0.0,4.0,0.0,False
301311,SPEARE MEMORIAL HOSPITAL,NH,3.0,72.0,,0.0,4.0,0.0,False
301312,HUGGINS HOSPITAL,NH,4.0,76.0,,0.0,4.0,0.0,False
304000,NEW HAMPSHIRE HOSPITAL,NH,,,,,,,False
304001,HAMPSTEAD HOSPITAL & RESIDENTIAL TREATMENT FACILIT,NH,,,,,,,False
310001,HACKENSACK UNIVERSITY MEDICAL CENTER,NJ,5.0,74.0,1.09,0.0,6.0,0.0,True
310002,NEWARK BETH ISRAEL MEDICAL CENTER,NJ,2.0,63.0,1.11,0.0,5.0,0.0,True
310003,PALISADES MEDICAL CENTER,NJ,2.0,59.0,1.03,0.0,4.0,0.0,True
310005,HUNTERDON MEDICAL CENTER,NJ,4.0,64.0,0.98,1.0,6.0,0.16666666666666666,True
310006,ST MARY'S GENERAL HOSPITAL,NJ,3.0,59.0,1.05,0.0,5.0,0.0,True
310008,HOLY NAME MEDICAL CENTER,NJ,5.0,74.0,1.06,0.0,6.0,0.0,True
310009,CLARA MAASS MEDICAL CENTER,NJ,3.0,63.0,1.14,0.0,5.0,0.0,True
310010,UNIVERSITY MEDICAL CENTER OF PRINCETON AT PLAINSBORO,NJ,4.0,77.0,1.0,0.0,6.0,0.0,True
310011,CAPE REGIONAL MEDICAL CENTER INC,NJ,3.0,,1.03,0.0,5.0,0.0,False
310012,VALLEY HOSPITAL,NJ,4.0,79.0,1.03,0.0,6.0,0.0,True
310014,COOPER UNIVERSITY HOSPITAL,NJ,2.0,71.0,1.03,1.0,6.0,0.16666666666666666,True
310015,MORRISTOWN MEDICAL CENTER,NJ,5.0,80.0,1.04,0.0,6.0,0.0,True
310016,HEIGHTS UNIVERSITY HOSPITAL,NJ,2.0,58.0,1.2,0.0,5.0,0.0,True
310017,CHILTON MEDICAL CENTER,NJ,5.0,67.0,1.14,0.0,5.0,0.0,True
310019,ST JOSEPH'S UNIVERSITY MEDICAL CENTER INC,NJ,3.0,58.0,1.1,1.0,6.0,0.16666666666666666,True
31001F,VA NEW JERSEY HEALTH CARE SYSTEM,NJ,2.0,66.0,,2.0,5.0,0.4,False
310022,WEST JERSEY HOSPITAL,NJ,3.0,70.0,1.03,3.0,6.0,0.5,True
310024,ROBERT WOOD JOHNSON UNIVERSITY HOSPITAL AT RAHWAY,NJ,4.0,63.0,1.07,0.0,5.0,0.0,True
310025,CAREPOINT HEALTH - BAYONNE MEDICAL CENTER,NJ,1.0,49.0,1.18,0.0,6.0,0.0,True
310027,TRINITAS REGIONAL MEDICAL CENTER,NJ,3.0,62.0,1.11,0.0,4.0,0.0,True
310028,NEWTON MEDICAL CENTER,NJ,4.0,63.0,1.04,0.0,6.0,0.0,True
310029,VIRTUA OUR LADY OF LOURDES HOSPITAL,NJ,2.0,60.0,1.09,0.0,5.0,0.0,True
310031,DEBORAH HEART AND LUNG CENTER,NJ,3.0,83.0,1.03,0.0,5.0,0.0,True
310032,INSPIRA MEDICAL CENTER VINELAND,NJ,3.0,59.0,1.05,1.0,5.0,0.2,True
310034,RIVERVIEW MEDICAL CENTER,NJ,3.0,74.0,1.07,1.0,6.0,0.16666666666666666,True
310038,ROBERT WOOD JOHNSON UNIVERSITY HOSPITAL,NJ,2.0,69.0,1.07,0.0,6.0,0.0,True
310039,RARITAN BAY MEDICAL CENTER,NJ,4.0,60.0,1.11,0.0,5.0,0.0,True
310040,CAREPOINT HEALTH-HOBOKEN UNIVERSITY MEDICAL CENTER,NJ,1.0,50.0,1.17,0.0,4.0,0.0,True
310041,COMMUNITY MEDICAL CENTER,NJ,1.0,57.0,1.13,2.0,6.0,0.3333333333333333,True
310044,CAPITAL HEALTH MEDICAL CENTER - HOPEWELL,NJ,2.0,67.0,1.07,1.0,6.0,0.16666666666666666,True
310045,ENGLEWOOD HOSPITAL AND MEDICAL CENTER,NJ,4.0,78.0,1.05,0.0,6.0,0.0,True
310047,SHORE MEDICAL CENTER,NJ,3.0,62.0,0.99,0.0,5.0,0.0,True
310048,ROBERT WOOD JOHNSON UNIVERSITY HOSPITAL - SOMERSET,NJ,3.0,67.0,1.02,1.0,6.0,0.16666666666666666,True
310050,SAINT CLARE'S HOSPITAL/ DENVILLE CAMPUS,NJ,2.0,58.0,1.03,2.0,6.0,0.3333333333333333,True
310051,OVERLOOK MEDICAL CENTER,NJ,5.0,70.0,1.04,0.0,6.0,0.0,True
310052,OCEAN MEDICAL CENTER,NJ,4.0,69.0,1.11,0.0,6.0,0.0,True
310054,HACKENSACK MERIDIAN MOUNTAINSIDE MEDICAL,NJ,4.0,62.0,1.08,0.0,6.0,0.0,True
310057,VIRTUA MOUNT HOLLY HOSPITAL,NJ,3.0,56.0,1.1,1.0,5.0,0.2,True
310058,BERGEN NEW BRIDGE MEDICAL CENTER,NJ,,61.0,1.19,0.0,2.0,0.0,False
310060,ST LUKE'S WARREN HOSPITAL,NJ,5.0,69.0,0.97,0.0,5.0,0.0,True
310061,VIRTUA WILLINGBORO HOSPITAL,NJ,3.0,55.0,1.07,0.0,4.0,0.0,True
310064,ATLANTICARE REGIONAL MEDICAL CENTER - CITY CAMPUS,NJ,4.0,66.0,1.06,0.0,6.0,0.0,True
310069,INSPIRA MEDICAL CENTER MULLICA HILL,NJ,3.0,71.0,1.02,2.0,5.0,0.4,True
310070,SAINT PETER'S UNIVERSITY HOSPITAL,NJ,3.0,77.0,1.09,1.0,6.0,0.16666666666666666,True
310073,JERSEY SHORE UNIVERSITY MEDICAL CENTER,NJ,4.0,69.0,1.07,0.0,6.0,0.0,True
310074,JERSEY CITY MEDICAL CENTER,NJ,3.0,71.0,1.06,0.0,5.0,0.0,True
310075,MONMOUTH MEDICAL CENTER,NJ,3.0,74.0,1.08,0.0,6.0,0.0,True
310076,COOPERMAN BARNABAS MEDICAL CENTER,NJ,3.0,70.0,1.05,1.0,6.0,0.16666666666666666,True
310083,CAREWELL HEALTH MEDICAL CENTER,NJ,1.0,44.0,1.29,1.0,3.0,0.3333333333333333,True
310084,MONMOUTH MEDICAL CENTER-SOUTHERN CAMPUS,NJ,3.0,66.0,1.15,1.0,4.0,0.25,True
310086,JEFFERSON STRATFORD HOSPITAL,NJ,2.0,65.0,1.03,3.0,6.0,0.5,True
310092,CAPITAL HEALTH REGIONAL MEDICAL CENTER,NJ,2.0,51.0,1.2,0.0,4.0,0.0,True
310096,SAINT MICHAEL'S MEDICAL CENTER,NJ,4.0,70.0,0.96,0.0,4.0,0.0,True
310108,JFK UNIVERSITY MEDICAL CENTER,NJ,3.0,57.0,1.08,0.0,5.0,0.0,True
310110,ROBERT WOOD JOHNSON UNIVERSITY HOSPITAL AT HAMILTON,NJ,4.0,64.0,1.06,0.0,6.0,0.0,True
310111,CENTRASTATE MEDICAL CENTER,NJ,4.0,62.0,1.07,1.0,5.0,0.2,True
310112,BAYSHORE MEDICAL CENTER,NJ,4.0,69.0,1.07,0.0,5.0,0.0,True
310113,SOUTHERN OCEAN MEDICAL CENTER,NJ,4.0,62.0,1.05,0.0,5.0,0.0,True
310115,AHS HOSPITAL CORP,NJ,4.0,57.0,1.09,0.0,4.0,0.0,True
310118,HUDSON REGIONAL HOSPITAL,NJ,2.0,63.0,1.11,0.0,5.0,0.0,True
310119,THE UNIVERSITY HOSPITAL,NJ,1.0,58.0,1.11,0.0,4.0,0.0,True
310130,HACKENSACK MERIDIAN HEALTH PASCACK VALLEY MEDICAL,NJ,5.0,68.0,1.04,0.0,5.0,0.0,True
312024,SILVER LAKE HOSPITAL LTACH,NJ,,,,,,,False
313300,CHILDREN'S SPECIALIZED HOSPITAL,NJ,,,,0.0,0.0,,False
313302,WEISMAN CHILDRENS REHABILITATION HOSPITAL,NJ,,,,0.0,0.0,,False
314001,SUMMIT OAKS HOSPITAL,NJ,,,,,,,False
314005,ANCORA PSYCH HOSP,NJ,,,,,,,False
314011,UNIVERSITY BEHAVIORAL HEALTH CARE,NJ,,,,,,,False
314012,HACKENSACK MERIDIAN HEALTH CARRIER CLINIC,NJ,,,,,,,False
314013,TRENTON PSYCHIATRIC HOSP,NJ,,,,,,,False
314016,GREYSTONE PARK PSYCHIATRIC HOSPITAL,NJ,,,,,,,False
314018,NORTHBROOK BEHAVIORAL HEALTH HOSPITAL,NJ,,,,,,,False
314019,RAMAPO RIDGE BEHAVIORAL HEALTH HOSPITAL,NJ,,,,,,,False
314020,ESSEX COUNTY HOSPITAL CENTER,NJ,,,,,,,False
314021,HAMPTON BEHAVIORAL HEALTH CENTER,NJ,,,,,,,False
314022,SAINT BARNABAS BEHAVIORAL HEALTH CENTER,NJ,,,,,,,False
314023,ASPEN HILLS HEALTHCARE CENTER,NJ,,,,,,,False
314024,HUDSON COUNTY MEADOWVIEW PSYCHIATRIC H,NJ,,,,,,,False
314027,MOUNTAINVIEW BEHAVIORAL HOSPITAL,NJ,,,,,,,False
320001,UNM HOSPITAL,NM,2.0,65.0,1.0,0.0,5.0,0.0,True
320002,CHRISTUS ST VINCENT REGIONAL MEDICAL CENTER,NM,4.0,71.0,0.93,0.0,5.0,0.0,True
320004,CHRISTUS SOUTHERN NEW MEXICO,NM,3.0,65.0,0.95,0.0,6.0,0.0,True
320005,SAN JUAN REGIONAL MEDICAL CENTER INC,NM,2.0,56.0,0.98,0.0,5.0,0.0,True
320006,EASTERN NEW MEXICO MEDICAL CENTER,NM,1.0,55.0,0.94,0.0,5.0,0.0,True
320009,LOVELACE MEDICAL CENTER,NM,2.0,66.0,1.0,0.0,6.0,0.0,True
320011,PRESBYTERIAN ESPANOLA HOSPITAL,NM,,79.0,0.77,0.0,2.0,0.0,False
320017,LOVELACE WOMEN'S HOSPITAL,NM,4.0,65.0,0.99,0.0,3.0,0.0,True
320018,MEMORIAL MEDICAL CENTER,NM,2.0,62.0,1.03,0.0,5.0,0.0,True
320021,PRESBYTERIAN HOSPITAL,NM,2.0,68.0,0.95,0.0,6.0,0.0,True
320022,PLAINS REGIONAL MEDICAL CENTER,NM,2.0,57.0,0.88,0.0,5.0,0.0,True
320030,ARTESIA GENERAL HOSPITAL,NM,,79.0,0.83,0.0,4.0,0.0,False
320033,LOS ALAMOS MEDICAL CENTER,NM,,63.0,0.83,0.0,3.0,0.0,False
320057,SANTA FE PHS INDIAN HOSPITAL,NM,,,,0.0,0.0,,False
320059,NORTHERN NAVAJO MEDICAL CENTER,NM,3.0,54.0,0.94,0.0,3.0,0.0,True
32005F,VA NEW MEXICO HEALTHCARE SYSTEM,NM,3.0,75.0,,0.0,6.0,0.0,False
320060,ZUNI COMPREHENSIVE COMMUNITY HEALTH CENTER,NM,,,0.69,0.0,1.0,0.0,False
320061,GALLUP INDIAN MEDICAL CENTER,NM,2.0,41.0,0.8,0.0,3.0,0.0,True
320062,CROWNPOINT HEALTHCARE FACILITY,NM,,,,0.0,0.0,,False
320063,CARLSBAD MEDICAL CENTER,NM,1.0,44.0,1.08,0.0,5.0,0.0,True
320065,COVENANT HEALTH HOBBS HOSPITAL,NM,3.0,71.0,1.13,0.0,3.0,0.0,True
320074,LOVELACE WESTSIDE HOSPITAL,NM,4.0,71.0,1.0,0.0,3.0,0.0,True
320084,ROOSEVELT GENERAL HOSPITAL,NM,,68.0,0.98,0.0,2.0,0.0,False
320085,MOUNTAIN VIEW REGIONAL MEDICAL CENTER,NM,2.0,53.0,1.04,0.0,5.0,0.0,True
320086,LOVELACE REGIONAL HOSPITAL - ROSWELL,NM,2.0,67.0,0.9,0.0,3.0,0.0,True
320090,PRESBYTERIAN SANTA FE MEDICAL CENTER,NM,5.0,75.0,0.81,0.0,3.0,0.0,True
320091,THREE CROSSES REGIONAL HOSPITAL LLC,NM,3.0,84.0,0.97,0.0,5.0,0.0,True
320779,GUADALUPE COUNTY HOSPITAL,NM,,,,0.0,0.0,,False
321300,SIERRA VISTA HOSPITAL,NM,,,,0.0,1.0,0.0,False
321301,SOCORRO GENERAL HOSPITAL,NM,,,,0.0,2.0,0.0,False
321302,DR DAN C TRIGG MEMORIAL HOSPITAL,NM,,,,0.0,1.0,0.0,False
321304,UNION COUNTY GENERAL HOSPITAL,NM,,81.0,,0.0,1.0,0.0,False
321305,NOR-LEA HOSPITAL DISTRICT,NM,,87.0,,0.0,2.0,0.0,False
321306,LINCOLN COUNTY MEDICAL CENTER,NM,2.0,75.0,,0.0,4.0,0.0,False
321307,MINERS' COLFAX MEDICAL CENTER,NM,,62.0,,0.0,2.0,0.0,False
321308,CIBOLA GENERAL HOSPITAL,NM,,84.0,,0.0,2.0,0.0,False
321309,MIMBRES VALLEY MEDICAL CENTER,NM,,68.0,,0.0,2.0,0.0,False
321310,HOLY CROSS HOSPITAL A DIV OF TAOS HEALTH SYSTEMS,NM,1.0,58.0,,0.0,3.0,0.0,False
321311,GILA REGIONAL MEDICAL CENTER,NM,2.0,65.0,,0.0,4.0,0.0,False
321312,ALTA VISTA REGIONAL HOSPITAL,NM,,,,0.0,0.0,,False
321313,REHOBOTH MCKINLEY CHRISTIAN HEALTH CARE SERVICES,NM,,,,0.0,0.0,,False
324010,"BHC MESILLA VALLEY HOSPITAL, LLC",NM,,,,,,,False
324012,"PEAK BEHAVIORAL HEALTH SERVICES, LLC",NM,,,,,,,False
324013,HAVEN BEHAVIORAL HOSPITAL OF ALBUQUERQUE,NM,,,,,,,False
324014,CENTRAL DESERT BEHAVIORAL HEALTH HOSPITAL,NM,,,,,,,False
330005,KALEIDA HEALTH,NY,3.0,67.0,0.94,1.0,6.0,0.16666666666666666,True
330006,ST JOSEPH'S MEDICAL CENTER,NY,1.0,41.0,1.26,0.0,3.0,0.0,True
330009,BRONXCARE HOSPITAL CENTER,NY,1.0,56.0,0.96,2.0,4.0,0.5,True
330011,"OUR LADY OF LOURDES MEMORIAL HOSPITAL, INC",NY,3.0,59.0,0.92,0.0,6.0,0.0,True
330013,ALBANY MEDICAL CENTER HOSPITAL,NY,1.0,58.0,1.0,0.0,6.0,0.0,True
330014,JAMAICA HOSPITAL MEDICAL CENTER,NY,1.0,60.0,1.05,0.0,5.0,0.0,True
330019,"NEW YORK COMMUNITY HOSPITAL OF BROOKLYN, INC.",NY,1.0,47.0,1.15,2.0,4.0,0.5,True
330023,VASSAR BROTHERS MEDICAL CENTER,NY,3.0,72.0,0.96,0.0,5.0,0.0,True
330024,MOUNT SINAI HOSPITAL,NY,4.0,70.0,0.98,0.0,6.0,0.0,True
330027,NASSAU UNIVERSITY MEDICAL CENTER,NY,1.0,49.0,1.09,1.0,4.0,0.25,True
330028,RICHMOND UNIVERSITY MEDICAL CENTER,NY,1.0,45.0,1.01,1.0,6.0,0.16666666666666666,True
330030,NEWARK-WAYNE COMMUNITY HOSPITAL,NY,2.0,65.0,0.86,0.0,4.0,0.0,True
330033,CHENANGO MEMORIAL HOSPITAL,NY,2.0,65.0,0.93,0.0,3.0,0.0,True
330043,NS/LIJ HS SOUTHSIDE HOSPITAL,NY,3.0,66.0,1.1,0.0,6.0,0.0,True
330044,WYNN HOSPITAL,NY,1.0,52.0,1.08,0.0,5.0,0.0,True
330045,NS/LIJ HS HUNTINGTON HOSPITAL,NY,5.0,72.0,0.98,0.0,6.0,0.0,True
330046,MOUNT SINAI WEST,NY,4.0,62.0,1.01,0.0,6.0,0.0,True
330047,ST MARY'S HEALTHCARE,NY,3.0,63.0,1.07,0.0,4.0,0.0,True
330049,NORTHERN DUTCHESS HOSPITAL,NY,4.0,83.0,0.97,0.0,5.0,0.0,True
330055,NEW YORK-PRESBYTERIAN/QUEENS,NY,5.0,66.0,1.08,0.0,6.0,0.0,True
330056,BROOKLYN HOSPITAL CENTER - DOWNTOWN CAMPUS,NY,2.0,58.0,1.11,0.0,6.0,0.0,True
330057,ST PETER'S HOSPITAL,NY,2.0,74.0,0.95,0.0,6.0,0.0,True
330058,GENEVA GENERAL HOSPITAL,NY,2.0,50.0,0.84,1.0,5.0,0.2,True
330059,MONTEFIORE MEDICAL CENTER,NY,3.0,65.0,1.04,1.0,6.0,0.16666666666666666,True
330060,"CARTHAGE AREA HOSPITAL, INC",NY,,,,0.0,0.0,,False
330065,NIAGARA FALLS MEMORIAL MEDICAL CENTER,NY,1.0,55.0,0.95,0.0,5.0,0.0,True
330073,UNITED MEMORIAL MEDICAL CENTER,NY,2.0,58.0,0.94,0.0,4.0,0.0,True
330074,F F THOMPSON HOSPITAL,NY,2.0,74.0,0.9,0.0,4.0,0.0,True
330078,SISTERS OF CHARITY HOSPITAL,NY,3.0,67.0,0.96,0.0,4.0,0.0,True
330079,ADIRONDACK MEDICAL CENTER - SARANAC LAKE,NY,4.0,83.0,0.87,0.0,5.0,0.0,True
330080,LINCOLN MEDICAL & MENTAL HEALTH CENTER,NY,2.0,52.0,1.01,0.0,3.0,0.0,True
330085,AURELIA OSBORN FOX MEMORIAL HOSPITAL,NY,3.0,56.0,1.01,0.0,4.0,0.0,True
330086,MONTEFIORE MOUNT VERNON HOSPITAL,NY,3.0,61.0,1.21,0.0,2.0,0.0,True
330090,ARNOT OGDEN MEDICAL CENTER,NY,2.0,61.0,0.94,0.0,6.0,0.0,True
330094,COLUMBIA MEMORIAL HOSPITAL,NY,1.0,59.0,0.98,0.0,5.0,0.0,True
330096,JONES MEMORIAL HOSPITAL,NY,4.0,67.0,0.93,0.0,4.0,0.0,True
33009F,ALBANY VA MEDICAL CENTER,NY,2.0,74.0,,0.0,6.0,0.0,False
330100,NY EYE AND EAR INFIRMARY OF MOUNT SINAI,NY,,,,0.0,0.0,,False
330101,NEW YORK-PRESBYTERIAN HOSPITAL,NY,5.0,73.0,0.99,0.0,6.0,0.0,True
330102,KENMORE MERCY HOSPITAL,NY,3.0,77.0,1.02,0.0,5.0,0.0,True
330103,OLEAN GENERAL HOSPITAL,NY,1.0,40.0,0.94,0.0,6.0,0.0,True
330104,NYACK HOSPITAL,NY,2.0,57.0,1.08,1.0,6.0,0.16666666666666666,True
330106,NORTH SHORE UNIVERSITY HOSPITAL,NY,5.0,75.0,1.03,1.0,6.0,0.16666666666666666,True
330107,PECONIC BAY MEDICAL CENTER,NY,2.0,71.0,1.0,0.0,6.0,0.0,True
330111,BERTRAND CHAFFEE HOSPITAL,NY,,69.0,0.82,0.0,2.0,0.0,False
330115,ONEIDA HEALTH HOSPITAL,NY,2.0,73.0,0.95,0.0,4.0,0.0,True
330119,LENOX HILL HOSPITAL,NY,5.0,67.0,1.03,0.0,6.0,0.0,True
33011F,BATH VA MEDICAL CENTER,NY,,,,0.0,2.0,0.0,False
330125,ROCHESTER GENERAL HOSPITAL,NY,2.0,59.0,0.92,0.0,6.0,0.0,True
330126,GARNET HEALTH MEDICAL CENTER,NY,4.0,63.0,1.03,0.0,6.0,0.0,True
330127,JACOBI MEDICAL CENTER,NY,2.0,61.0,1.04,0.0,4.0,0.0,True
330128,ELMHURST HOSPITAL CENTER,NY,2.0,57.0,1.07,0.0,5.0,0.0,True
33012F,UPSTATE NEW YORK VA HEALTHCARE SYSTEM (WESTERN NY VA HEALTHCARE SYSTEM),NY,5.0,68.0,,0.0,6.0,0.0,False
330135,BON SECOURS COMMUNITY HOSPITAL,NY,2.0,56.0,0.89,0.0,4.0,0.0,True
330136,BASSETT HEALTHCARE,NY,2.0,60.0,0.99,0.0,6.0,0.0,True
330140,ST JOSEPH'S HOSPITAL HEALTH CENTER,NY,2.0,74.0,0.94,3.0,6.0,0.5,True
330141,LONG ISLAND COMMUNITY HOSPITAL,NY,4.0,49.0,1.09,0.0,6.0,0.0,True
330151,ST JAMES HOSPITAL,NY,3.0,69.0,0.95,0.0,4.0,0.0,True
330153,ELLIS HOSPITAL,NY,3.0,59.0,0.93,0.0,5.0,0.0,True
330157,SAMARITAN MEDICAL CENTER,NY,2.0,57.0,0.89,0.0,4.0,0.0,True
330158,GOOD SAMARITAN HOSPITAL OF SUFFERN,NY,3.0,56.0,1.09,1.0,6.0,0.16666666666666666,True
33015F,VA HUDSON VALLEY HEALTHCARE SYSTEM,NY,5.0,76.0,,0.0,4.0,0.0,False
330160,STATEN ISLAND UNIVERSITY HOSPITAL,NY,3.0,58.0,1.01,1.0,6.0,0.16666666666666666,True
330162,NORTHERN WESTCHESTER HOSPITAL,NY,5.0,79.0,0.94,0.0,6.0,0.0,True
330164,HIGHLAND HOSPITAL,NY,3.0,72.0,0.91,0.0,5.0,0.0,True
330166,"WESTFIELD MEMORIAL HOSPITAL, INC",NY,,87.0,0.86,0.0,2.0,0.0,False
330169,MOUNT SINAI BETH ISRAEL,NY,3.0,57.0,1.03,2.0,5.0,0.4,True
33016F,BRONX VA MEDICAL CENTER,NY,4.0,69.0,,0.0,4.0,0.0,False
330175,GUTHRIE CORTLAND REGIONAL MEDICAL CENTER,NY,3.0,53.0,0.95,0.0,4.0,0.0,True
33017F,VA NEW YORK HARBOR HEALTHCARE SYSTEM - NY DIV.,NY,3.0,64.0,,0.0,6.0,0.0,False
330180,"SAMARITAN HOSPITAL OF TROY, NEW YORK",NY,3.0,64.0,0.93,0.0,5.0,0.0,True
330181,NORTHWELL HOSPITAL GLEN COVE,NY,5.0,78.0,1.14,0.0,5.0,0.0,True
330182,ST FRANCIS HOSPITAL - THE HEART CENTER,NY,5.0,85.0,0.99,0.0,6.0,0.0,True
330184,MONTEFIORE NEW ROCHELLE HOSPITAL,NY,1.0,55.0,1.11,0.0,5.0,0.0,True
330185,JOHN T MATHER MEMORIAL HOSPITAL  OF PORT JEFFERSON,NY,5.0,77.0,1.02,0.0,6.0,0.0,True
330188,MOUNT ST. MARY'S HOSPITAL & HEALTH CENTER,NY,2.0,71.0,0.97,0.0,4.0,0.0,True
330191,GLENS FALLS HOSPITAL,NY,3.0,62.0,0.93,0.0,5.0,0.0,True
330193,FLUSHING HOSPITAL MEDICAL CENTER,NY,2.0,64.0,1.25,0.0,4.0,0.0,True
330194,MAIMONIDES MEDICAL CENTER,NY,2.0,62.0,1.07,3.0,6.0,0.5,True
330195,LONG ISLAND JEWISH MEDICAL CENTER,NY,4.0,68.0,1.06,0.0,6.0,0.0,True
330196,SOUTH BROOKLYN HEALTH,NY,2.0,59.0,1.07,1.0,5.0,0.2,True
330197,CANTON-POTSDAM HOSPITAL,NY,2.0,70.0,0.96,0.0,5.0,0.0,True
330198,MOUNT SINAI SOUTH NASSAU,NY,3.0,62.0,1.03,2.0,6.0,0.3333333333333333,True
330199,METROPOLITAN HOSPITAL CENTER,NY,3.0,63.0,1.1,0.0,2.0,0.0,True
33019F,NORTHPORT VA MEDICAL CENTER,NY,5.0,70.0,,0.0,5.0,0.0,False
330202,KINGS COUNTY HOSPITAL CENTER,NY,1.0,63.0,1.02,0.0,4.0,0.0,True
330203,CROUSE HOSPITAL,NY,2.0,68.0,0.97,0.0,6.0,0.0,True
330204,BELLEVUE HOSPITAL CENTER,NY,2.0,65.0,0.91,0.0,5.0,0.0,True
330205,ST ANTHONY COMMUNITY HOSPITAL,NY,4.0,71.0,0.94,0.0,5.0,0.0,True
330208,ST JOHN'S RIVERSIDE HOSPITAL,NY,3.0,67.0,1.14,0.0,5.0,0.0,True
33020F,VA NEW YORK HARBOR HEALTHCARE SYSTEM - BROOKLYN,NY,4.0,,,0.0,6.0,0.0,False
330214,NYU LANGONE HOSPITALS,NY,5.0,75.0,0.99,0.0,6.0,0.0,True
330215,"ROME MEMORIAL HOSPITAL, INC",NY,2.0,59.0,0.94,0.0,4.0,0.0,True
330218,OSWEGO HOSPITAL,NY,3.0,70.0,1.0,0.0,4.0,0.0,True
330219,ERIE COUNTY MEDICAL CENTER,NY,2.0,64.0,0.98,0.0,5.0,0.0,True
330221,WYCKOFF HEIGHTS MEDICAL CENTER,NY,2.0,57.0,1.02,0.0,5.0,0.0,True
330222,SARATOGA HOSPITAL,NY,3.0,75.0,0.89,0.0,6.0,0.0,True
330224,HEALTHALLIANCE HOSPITAL MARYS AVENUE CAMPUS,NY,1.0,49.0,1.07,0.0,6.0,0.0,True
330226,UNITY HOSPITAL,NY,2.0,61.0,0.94,0.0,6.0,0.0,True
330229,"BROOKS-TLC HOSPITAL SYSTEM, INC",NY,1.0,62.0,0.98,0.0,4.0,0.0,True
330231,QUEENS HOSPITAL CENTER,NY,2.0,68.0,0.96,0.0,4.0,0.0,True
330233,BROOKDALE HOSPITAL MEDICAL CENTER,NY,1.0,42.0,1.05,0.0,5.0,0.0,True
330234,WESTCHESTER MEDICAL CENTER,NY,2.0,58.0,1.1,0.0,6.0,0.0,True
330235,AUBURN  COMMUNITY  HOSPITAL,NY,2.0,50.0,0.95,0.0,5.0,0.0,True
330238,NICHOLAS H NOYES MEMORIAL HOSPITAL,NY,3.0,66.0,0.83,0.0,4.0,0.0,True
330239,UPMC CHAUTAUQUA AT WCA,NY,2.0,56.0,0.96,0.0,6.0,0.0,True
330240,HARLEM HOSPITAL CENTER,NY,2.0,52.0,0.96,0.0,4.0,0.0,True
330241,UNIVERSITY HOSPITAL S U N Y HEALTH SCIENCE CENTER,NY,3.0,72.0,0.99,0.0,6.0,0.0,True
330246,ST CHARLES HOSPITAL,NY,5.0,77.0,1.07,0.0,5.0,0.0,True
33024F,SYRACUSE VA MEDICAL CENTER,NY,3.0,80.0,,0.0,6.0,0.0,False
330250,THE UNIVERSITY OF VERMONT HEALTH NETWORK  - CHAMPL,NY,2.0,58.0,0.98,1.0,6.0,0.16666666666666666,True
330259,MERCY MEDICAL CENTER,NY,5.0,69.0,1.14,0.0,6.0,0.0,True
33025F,Keller ACH (West Point),NY,,97.0,,0.0,0.0,,False
330261,PHELPS HOSPITAL,NY,4.0,70.0,1.03,0.0,5.0,0.0,True
330264,MONTEFIORE ST LUKE'S CORNWALL,NY,2.0,59.0,1.0,0.0,6.0,0.0,True
330265,CLIFTON SPRINGS HOSPITAL AND CLINIC,NY,2.0,76.0,0.84,0.0,3.0,0.0,True
330267,HUDSON VALLEY HOSPITAL CENTER,NY,5.0,71.0,1.06,0.0,6.0,0.0,True
330270,HOSPITAL FOR SPECIAL SURGERY,NY,5.0,88.0,0.92,0.0,2.0,0.0,True
330273,PUTNAM HOSPITAL CENTER,NY,3.0,68.0,1.0,0.0,5.0,0.0,True
330276,NATHAN LITTAUER HOSPITAL,NY,2.0,55.0,0.85,0.0,4.0,0.0,True
330277,CORNING HOSPITAL,NY,3.0,69.0,0.9,0.0,4.0,0.0,True
330279,MERCY HOSPITAL OF BUFFALO,NY,2.0,63.0,0.95,0.0,5.0,0.0,True
330285,STRONG MEMORIAL HOSPITAL,NY,3.0,68.0,0.92,0.0,5.0,0.0,True
330286,GOOD SAMARITAN HOSPITAL MEDICAL CENTER,NY,3.0,61.0,1.08,0.0,6.0,0.0,True
330304,WHITE PLAINS HOSPITAL CENTER,NY,5.0,77.0,1.06,0.0,6.0,0.0,True
330307,CAYUGA MEDICAL CENTER AT ITHACA,NY,3.0,69.0,1.04,0.0,6.0,0.0,True
330331,PLAINVIEW HOSPITAL,NY,4.0,69.0,1.09,0.0,6.0,0.0,True
330332,CHSLI ST JOSEPH HOSPITAL,NY,3.0,65.0,1.12,0.0,6.0,0.0,True
330350,SUNY/DOWNSTATE UNIVERSITY HOSPITAL OF BROOKLYN,NY,1.0,59.0,1.02,0.0,5.0,0.0,True
330386,GARNET HEALTH  MEDICAL CENTER CATSKILLS,NY,2.0,49.0,0.98,0.0,4.0,0.0,True
330393,SUNY/STONY BROOK UNIVERSITY HOSPITAL,NY,5.0,69.0,1.03,1.0,6.0,0.16666666666666666,True
330394,"UNITED HEALTH SERVICES HOSPITALS, INC",NY,2.0,68.0,0.95,0.0,6.0,0.0,True
330395,ST JOHN'S EPISCOPAL HOSPITAL AT SOUTH SHORE,NY,1.0,51.0,1.16,2.0,4.0,0.5,True
330396,WOODHULL MEDICAL & MENTAL HEALTH CENTER,NY,2.0,55.0,0.98,0.0,3.0,0.0,True
330399,ST BARNABAS HOSPITAL,NY,1.0,52.0,0.98,0.0,3.0,0.0,True
330401,ST CATHERINE OF SIENA HOSPITAL,NY,5.0,63.0,1.01,0.0,5.0,0.0,True
330405,HELEN HAYES HOSPITAL,NY,,,,0.0,0.0,,False
330406,SUNNYVIEW HOSPITAL AND REHABILITATION CENTER,NY,,,0.86,0.0,1.0,0.0,False
330411,UNITY SPECIALTY HOSPITAL,NY,,,,0.0,0.0,,False
330799,CLIFTON-FINE HOSPITAL,NY,,,,0.0,0.0,,False
330800,IRA DAVENPORT MEMORIAL HOSPITAL,NY,,,,0.0,0.0,,False
331301,"CUBA MEMORIAL HOSPITAL, INC",NY,,,,0.0,0.0,,False
331302,ELIZABETHTOWN COMMUNITY HOSPITAL,NY,4.0,91.0,,0.0,4.0,0.0,False
331303,GARNET HEALTH MEDICAL CENTER CATSKILLS,NY,,91.0,,0.0,0.0,,False
331304,MARGARETVILLE MEMORIAL HOSPITAL,NY,,87.0,,0.0,1.0,0.0,False
331305,O'CONNOR HOSPITAL,NY,,91.0,,0.0,1.0,0.0,False
331309,RIVER HOSPITAL CLINICS,NY,,92.0,,0.0,1.0,0.0,False
331310,ELLENVILLE REGIONAL HOSPITAL,NY,,,,0.0,2.0,0.0,False
331311,LITTLE FALLS HOSPITAL,NY,2.0,80.0,,0.0,3.0,0.0,False
331312,"DELAWARE VALLEY HOSPITAL, INC",NY,1.0,84.0,,0.0,3.0,0.0,False
331313,SCHUYLER HOSPITAL,NY,,62.0,,0.0,2.0,0.0,False
331314,SOLDIERS AND SAILORS MEMORIAL HOSPITAL OF YATES,NY,,65.0,,0.0,2.0,0.0,False
331315,GOUVERNEUR HOSPITAL,NY,,,,0.0,2.0,0.0,False
331316,"COMMUNITY MEMORIAL HOSPITAL, INC",NY,4.0,82.0,,0.0,5.0,0.0,False
331317,LEWIS COUNTY GENERAL HOSPITAL,NY,,,,0.0,0.0,,False
331318,"CARTHAGE AREA HOSPITAL, INC",NY,,,,0.0,0.0,,False
331319,MEDINA MEMORIAL HOSPITAL,NY,,,,0.0,0.0,,False
331320,COBLESKILL REGIONAL HOSPITAL,NY,4.0,81.0,,0.0,4.0,0.0,False
331321,THE UNIVERSITY OF VERMONT HEALTH NETWORK-ALICE HY,NY,1.0,55.0,,0.0,4.0,0.0,False
331322,"SLHS MASSENA, INC",NY,,,,0.0,2.0,0.0,False
331323,WYOMING COUNTY,NY,,,,0.0,0.0,,False
333301,BLYTHEDALE CHILDREN'S HOSPITAL,NY,,,,0.0,0.0,,False
334001,HUTCHINGS PSYCHIATRIC CTR,NY,,,,,,,False
334002,FOUR WINDS,NY,,,,,,,False
334003,ST LAWRENCE PSYCHIATRIC CENTER,NY,,,,,,,False
334004,CREEDMOOR PSYCHIATRIC CENTER,NY,,,,,,,False
334009,NEW YORK STATE PSYCHIATRIC INSTITUTE,NY,,,,,,,False
334012,GREATER BINGHAMTON HEALTH CENTER,NY,,,,,,,False
334013,PILGRIM PSYCHIATRIC CENTER,NY,,,,,,,False
334015,ROCKLAND PSYCH CTR,NY,,,,,,,False
334020,ROCHESTER PSYCHIATRIC CENTER,NY,,,,,,,False
334021,MOHAWK VALLEY PSYCHIATRIC CENTER,NY,,,,,,,False
334022,BRYLIN HOSP,NY,,,,,,,False
334026,"BRUNSWICK HOSPITAL CENTER, INC.",NY,,,,,,,False
334027,SOUTH OAKS HOSP,NY,,,,,,,False
334043,SOUTH BEACH PSYCHIATRIC CENTER,NY,,,,,,,False
334045,ELMIRA PSYCH CENTER,NY,,,,,,,False
334046,CAPITAL DISTRICT PSYCH CENTER,NY,,,,,,,False
334048,GRACIE SQUARE HOSP,NY,,,,,,,False
334049,FOUR WINDS OF SARATOGA,NY,,,,,,,False
334052,BUFFALO PSYCHIATRIC CENTER,NY,,,,,,,False
334053,BRONX PSYCHIATRIC CENTER,NY,,,,,,,False
334054,MANHATTAN PSYCHIATRIC CENTER,NY,,,,,,,False
334060,KIRBY FORENSIC PSYCHIATRIC CENTER,NY,,,,,,,False
334061,MID HUDSON FORENSIC PSYCHIATRIC CTR,NY,,,,,,,False
334063,KINGSBORO PSYCHIATRIC HOSPITAL,NY,,,,,,,False
334064,SAGAMORE CHILDRENS PSYCHIATRIC CENTER,NY,,,,,,,False
334065,WESTERN NY CHILDRENS PSYCHIATRIC CENTER,NY,,,,,,,False
334066,Rockland Childrens Psychiatric Center,NY,,,,,,,False
334067,NEW YORK CITY CHILDRENS PSYCH CENTER,NY,,,,,,,False
334068,CLAXTON-HEPBURN MEDICAL CENTER,NY,,,,,,,False
340001,CAROLINAS MEDICAL CENTER-NORTHEAST,NC,4.0,73.0,0.9,0.0,6.0,0.0,True
340002,MEMORIAL MISSION HOSPITAL AND ASHEVILLE SURGERY CE,NC,3.0,53.0,0.99,0.0,6.0,0.0,True
340003,NORTHERN REGIONAL HOSPITAL,NC,4.0,76.0,0.94,0.0,4.0,0.0,True
340004,HIGH POINT REGIONAL HEALTH SYSTEM,NC,2.0,62.0,0.95,0.0,5.0,0.0,True
340008,SCOTLAND MEMORIAL HOSPITAL,NC,3.0,69.0,0.93,0.0,6.0,0.0,True
340010,UNC HEALTH CARE WAYNE,NC,3.0,54.0,0.96,0.0,5.0,0.0,True
340013,RUTHERFORD REGIONAL MEDICAL CENTER,NC,2.0,53.0,0.94,0.0,5.0,0.0,True
340014,NOVANT HEALTH FORSYTH MEDICAL CENTER,NC,4.0,71.0,0.95,0.0,6.0,0.0,True
340015,NOVANT HEALTH ROWAN MEDICAL CENTER,NC,4.0,58.0,0.97,0.0,6.0,0.0,True
340016,HARRIS REGIONAL HOSPITAL,NC,3.0,67.0,1.06,0.0,5.0,0.0,True
340017,PARDEE HOSPITAL HENDERSON COUNTY,NC,5.0,78.0,0.99,0.0,6.0,0.0,True
340020,CENTRAL CAROLINA HOSPITAL,NC,2.0,51.0,0.96,0.0,4.0,0.0,True
340021,ATRIUM HEALTH CLEVELAND,NC,3.0,66.0,0.94,0.0,5.0,0.0,True
340023,ADVENTHEALTH HENDERSONVILLE,NC,5.0,84.0,0.93,0.0,4.0,0.0,True
340024,SAMPSON REGIONAL MEDICAL CENTER,NC,2.0,58.0,0.96,0.0,4.0,0.0,True
340027,UNC LENOIR HEALTH CARE,NC,4.0,59.0,0.94,0.0,5.0,0.0,True
340028,CAPE FEAR VALLEY MEDICAL CENTER,NC,2.0,55.0,0.98,0.0,6.0,0.0,True
340030,DUKE UNIVERSITY HOSPITAL,NC,5.0,81.0,0.95,0.0,6.0,0.0,True
340032,CAROMONT REGIONAL MEDICAL CENTER,NC,4.0,67.0,0.95,0.0,6.0,0.0,True
340039,IREDELL MEMORIAL HOSPITAL INC,NC,3.0,70.0,0.93,0.0,6.0,0.0,True
340040,ECU HEALTH MEDICAL CENTER,NC,2.0,69.0,0.99,2.0,6.0,0.3333333333333333,True
340041,CALDWELL MEMORIAL HOSPITAL,NC,3.0,57.0,1.03,0.0,6.0,0.0,True
340042,ONSLOW MEMORIAL HOSPITAL,NC,1.0,52.0,1.0,0.0,4.0,0.0,True
340047,NORTH CAROLINA BAPTIST HOSPITAL,NC,4.0,74.0,0.96,0.0,6.0,0.0,True
340049,NORTH CAROLINA SPECIALTY HOSPITAL,NC,,83.0,0.91,0.0,2.0,0.0,False
340050,SOUTHEASTERN REGIONAL MEDICAL CENTER,NC,2.0,61.0,0.89,0.0,5.0,0.0,True
340051,WATAUGA MEDICAL CENTER,NC,3.0,75.0,0.95,0.0,6.0,0.0,True
340053,NOVANT HEALTH PRESBYTERIAN MEDICAL CENTER,NC,5.0,71.0,0.96,0.0,6.0,0.0,True
340060,UNC ROCKINGHAM,NC,4.0,67.0,0.92,0.0,4.0,0.0,True
340061,UNC HOSPITALS,NC,5.0,80.0,0.95,0.0,6.0,0.0,True
340064,WILKES REGIONAL MEDICAL CENTER,NC,3.0,62.0,1.02,0.0,4.0,0.0,True
340068,COLUMBUS REGIONAL HEALTHCARE SYSTEM,NC,1.0,53.0,1.01,0.0,5.0,0.0,True
340069,"WAKEMED, RALEIGH CAMPUS",NC,4.0,75.0,0.97,0.0,6.0,0.0,True
340070,ALAMANCE REGIONAL MEDICAL CENTER,NC,3.0,60.0,0.93,0.0,6.0,0.0,True
340071,BETSY JOHNSON REGIONAL HOSPITAL,NC,3.0,62.0,0.93,0.0,5.0,0.0,True
340075,"BLUE RIDGE HEALTHCARE HOSPITALS, INC",NC,4.0,63.0,1.0,0.0,5.0,0.0,True
340084,ATRIUM HEALTH ANSON,NC,,71.0,0.94,0.0,2.0,0.0,False
340085,NOVANT HEALTH THOMASVILLE MEDICAL CENTER,NC,3.0,65.0,0.94,0.0,4.0,0.0,True
340087,THE MCDOWELL HOSPITAL,NC,3.0,72.0,0.96,0.0,4.0,0.0,True
340090,JOHNSTON HEALTH,NC,4.0,73.0,0.95,0.0,6.0,0.0,True
340091,"MOSES H. CONE MEMORIAL HOSPITAL, THE",NC,3.0,73.0,0.94,0.0,6.0,0.0,True
340096,LEXINGTON MEMORIAL HOSPITAL INC,NC,2.0,68.0,0.88,0.0,5.0,0.0,True
340097,HUGH CHATHAM MEMORIAL HOSPITAL,NC,3.0,68.0,1.04,0.0,5.0,0.0,True
340098,ATRIUM HEALTH PINEVILLE,NC,3.0,75.0,0.94,0.0,6.0,0.0,True
340099,VIDANT ROANOKE CHOWAN HOSPITAL,NC,2.0,54.0,0.95,0.0,4.0,0.0,True
340107,VIDANT EDGECOMBE HOSPITAL,NC,3.0,74.0,0.99,0.0,4.0,0.0,True
340109,SENTARA ALBEMARLE MEDICAL CENTER,NC,3.0,66.0,0.97,0.0,5.0,0.0,True
340113,CAROLINAS MEDICAL CENTER/BEHAV HEALTH,NC,4.0,72.0,0.98,0.0,6.0,0.0,True
340114,REX HOSPITAL,NC,5.0,82.0,0.93,0.0,6.0,0.0,True
340115,FIRSTHEALTH MOORE REGIONAL HOSPITAL,NC,4.0,81.0,0.92,0.0,6.0,0.0,True
340116,FRYE REGIONAL MEDICAL CENTER,NC,2.0,62.0,1.04,0.0,5.0,0.0,True
340119,STANLY REGIONAL MEDICAL CENTER,NC,3.0,66.0,0.93,0.0,4.0,0.0,True
34011F,NMC Camp Lejeune,NC,,74.0,,0.0,0.0,,False
340120,VIDANT DUPLIN HOSPITAL,NC,3.0,71.0,0.97,0.0,4.0,0.0,True
340123,RANDOLPH HOSPITAL,NC,4.0,57.0,0.9,0.0,4.0,0.0,True
340126,WILSON MEDICAL CENTER,NC,1.0,46.0,0.95,0.0,6.0,0.0,True
340127,GRANVILLE HEALTH SYSTEMS,NC,2.0,59.0,0.89,0.0,3.0,0.0,True
340129,DUKE HEALTH LAKE NORMAN HOSPITAL,NC,1.0,52.0,0.94,0.0,6.0,0.0,True
34012F,DURHAM VA MEDICAL CENTER,NC,4.0,76.0,,0.0,6.0,0.0,False
340130,ATRIUM HEALTH UNION,NC,4.0,73.0,0.91,0.0,6.0,0.0,True
340131,CAROLINA EAST MEDICAL CENTER,NC,4.0,74.0,0.89,0.0,6.0,0.0,True
340132,MARIA PARHAM MEDICAL CENTER,NC,2.0,43.0,1.01,0.0,5.0,0.0,True
34013F,FAYETTEVILLE NC VA MEDICAL CENTER,NC,5.0,72.0,,0.0,4.0,0.0,False
340141,NOVANT HEALTH NEW HANOVER REGIONAL MEDICAL CENTER,NC,3.0,56.0,0.94,0.0,6.0,0.0,True
340142,CARTERET GENERAL HOSPITAL,NC,2.0,69.0,0.92,0.0,6.0,0.0,True
340143,CATAWBA VALLEY MEDICAL CENTER,NC,2.0,76.0,0.96,0.0,6.0,0.0,True
340145,ATRIUM HEALTH LINCOLN,NC,3.0,78.0,0.95,0.0,4.0,0.0,True
340147,UNC HEALTH NASH,NC,4.0,62.0,0.95,0.0,6.0,0.0,True
340148,NOVANT HEALTH MEDICAL PARK HOSPITAL,NC,5.0,89.0,0.92,0.0,1.0,0.0,True
34014F,Womack AMC (FT Bragg),NC,,76.0,,0.0,0.0,,False
340151,ECU HEALTH NORTH HOSPITAL,NC,2.0,49.0,0.99,0.0,6.0,0.0,True
340155,DUKE REGIONAL HOSPITAL,NC,5.0,76.0,0.89,0.0,6.0,0.0,True
340156,CHEROKEE INDIAN HOSPITAL AUTHORITY,NC,,84.0,0.98,0.0,1.0,0.0,False
340158,NOVANT HEALTH BRUNSWICK MEDICAL CENTER,NC,4.0,72.0,0.92,0.0,5.0,0.0,True
340159,PERSON MEMORIAL HOSPITAL,NC,3.0,53.0,0.92,0.0,3.0,0.0,True
340166,ATRIUM HEALTH UNIVERSITY CITY,NC,3.0,61.0,0.93,0.0,4.0,0.0,True
340168,WILMINGTON TREATMENT CENTER,NC,,,,0.0,0.0,,False
340171,NOVANT HEALTH MATTHEWS MEDICAL CENTER,NC,5.0,73.0,0.91,0.0,6.0,0.0,True
340173,"WAKEMED, CARY HOSPITAL",NC,5.0,83.0,0.98,0.0,6.0,0.0,True
34017F,W.G. (BILL) HEFNER SALISBURY VA MEDICAL CENTER (SALSBURY),NC,4.0,78.0,,0.0,4.0,0.0,False
340183,NOVANT HEALTH HUNTERSVILLE MEDICAL CENTER,NC,4.0,69.0,0.94,0.0,6.0,0.0,True
340184,HAYWOOD REGIONAL MEDICAL CENTER,NC,3.0,65.0,0.98,0.0,5.0,0.0,True
340188,CAPE FEAR VALLEY HOKE HOSPITAL,NC,4.0,83.0,0.72,0.0,4.0,0.0,True
340190,NOVANT HEALTH MINT HILL MEDICAL CENTER,NC,5.0,82.0,0.86,0.0,4.0,0.0,True
340195,NOVANT HEALTH BALLANTYNE MEDICAL CENTER,NC,,83.0,0.92,0.0,3.0,0.0,False
34036F,ASHEVILLE-OTEEN VA MEDICAL CENTER,NC,4.0,93.0,,0.0,6.0,0.0,False
341303,FIRSTHEALTH MONTGOMERY MEMORIAL HOSP,NC,,,,0.0,2.0,0.0,False
341304,ECU HEALTH BERTIE HOSPITAL,NC,4.0,93.0,,0.0,2.0,0.0,False
341305,DLP SWAIN COUNTY HOSPITAL LLC,NC,,75.0,,0.0,0.0,,False
341307,PENDER MEMORIAL HOSPITAL,NC,,,,0.0,1.0,0.0,False
341311,CHATHAM HOSPITAL INC,NC,4.0,86.0,,0.0,3.0,0.0,False
341314,WASHINGTON COUNTY HOSP INC,NC,,,,0.0,3.0,0.0,False
341315,CAPE FEAR VALLEY-BLADEN COUNTY HOSPITAL,NC,,68.0,,0.0,2.0,0.0,False
341316,HIGHLANDS CASHIERS HOSPITAL,NC,,77.0,,0.0,3.0,0.0,False
341317,LIFEBRITE COMMUNITY HOSPITAL OF STOKES,NC,,,,0.0,1.0,0.0,False
341318,VIDANT CHOWAN HOSPITAL,NC,3.0,82.0,,0.0,4.0,0.0,False
341319,"TRANSYLVANIA REGIONAL HOSPITAL, INC",NC,2.0,69.0,,1.0,4.0,0.25,False
341320,ALLEGHANY  MEMORIAL HOSPITAL,NC,,,,0.0,2.0,0.0,False
341322,ADVENT HEALTH POLK,NC,4.0,76.0,,0.0,3.0,0.0,False
341323,CHARLES A CANNON JR MEMORIAL HOSPITAL,NC,,79.0,,0.0,2.0,0.0,False
341324,"THE OUTER BANKS HOSPITAL, INC",NC,4.0,77.0,,0.0,4.0,0.0,False
341325,ASHE MEMORIAL HOSPITAL,NC,3.0,67.0,,0.0,4.0,0.0,False
341326,ANGEL MEDICAL CENTER,NC,2.0,72.0,,0.0,5.0,0.0,False
341327,J ARTHUR DOSHER MEMORIAL HOSPITAL,NC,3.0,86.0,,0.0,4.0,0.0,False
341328,ERLANGER MURPHY MEDICAL CENTER,NC,4.0,77.0,,0.0,4.0,0.0,False
341329,BLUE RIDGE REGIONAL HOSPITAL,NC,3.0,69.0,,0.0,3.0,0.0,False
344004,CENTRAL REGIONAL HOSPITAL,NC,,,,,,,False
344007,OLD VINEYARD YOUTH SERVICES,NC,,,,,,,False
344014,HOLLY HILL MENTAL HEALTH SERVICES,NC,,,,,,,False
344016,BRYNN MARR HOSP,NC,,,,,,,False
344023,JULIAN F KEITH ALCOHOL & DRUG ABUSE TX,NC,,,,,,,False
344025,BROUGHTON HOSPITAL,NC,,,,,,,False
344026,CHERRY HOSPITAL,NC,,,,,,,False
344029,"GOOD HOPE HOSPITAL, INC",NC,,,,,,,False
344030,STRATEGIC BEHAVIORAL CENTER-LELAND,NC,,,,,,,False
344032,TRIANGLE SPRINGS,NC,,,,,,,False
344033,WALTER B JONES CENTER LAKESIDE PSYCHIATRIC HOSPITA,NC,,,,,,,False
344034,APPALACHIAN REGIONAL BEHAVIORAL HEALTHCARE,NC,,,,,,,False
344035,RALEIGH OAKS BEHAVIORAL HEALTH,NC,,,,,,,False
344036,IREDELL DAVIS BEHAVIORAL HEALTH HOSPITAL,NC,,,,,,,False
350002,CHI ST ALEXIUS HEALTH,ND,4.0,67.0,0.94,0.0,6.0,0.0,True
350006,TRINITY HOSPITALS,ND,3.0,61.0,0.93,0.0,5.0,0.0,True
350011,SANFORD MEDICAL CENTER FARGO,ND,4.0,70.0,1.04,0.0,6.0,0.0,True
350015,SANFORD MEDICAL CENTER BISMARCK,ND,4.0,63.0,0.88,0.0,5.0,0.0,True
350019,ALTRU HOSPITAL,ND,3.0,54.0,1.02,0.0,5.0,0.0,True
35002F,FARGO VA MEDICAL CENTER,ND,5.0,86.0,,0.0,5.0,0.0,False
350063,P H S INDIAN HOSP AT BELCOURT-QUENTIN N BURDICK,ND,3.0,,0.73,0.0,3.0,0.0,False
350070,ESSENTIA HEALTH,ND,3.0,75.0,1.02,0.0,6.0,0.0,True
351300,TIOGA MEDICAL CENTER,ND,,,,0.0,1.0,0.0,False
351301,MOUNTRAIL COUNTY MEDICAL CENTER INC,ND,,,,0.0,0.0,,False
351302,MCKENZIE COUNTY HEALTHCARE SYSTEMS INC,ND,,71.0,,0.0,3.0,0.0,False
351303,GARRISON MEMORIAL HOSPITAL,ND,,87.0,,0.0,0.0,,False
351304,CHI ST ALEXIUS HEALTH TURTLE LAKE,ND,,,,0.0,0.0,,False
351305,TRINITY KENMARE COMMUNITY HOSPITAL,ND,,,,0.0,0.0,,False
351306,COOPERSTOWN MEDICAL CENTER,ND,,74.0,,0.0,1.0,0.0,False
351307,ST ANDREW'S HOSPITAL,ND,,63.0,,0.0,2.0,0.0,False
351308,NELSON COUNTY HEALTH SYSTEM,ND,,,,0.0,0.0,,False
351309,SANFORD MAYVILLE,ND,,,,0.0,1.0,0.0,False
351310,SAKAKAWEA MEDICAL CENTER - CAH,ND,,85.0,,0.0,2.0,0.0,False
351311,LISBON AREA HEALTH SERVICES,ND,,,,0.0,0.0,,False
351312,NORTHWOOD DEACONESS HEALTH CENTER,ND,,86.0,,0.0,1.0,0.0,False
351313,SOUTHWEST HEALTHCARE SERVICES,ND,,,,0.0,1.0,0.0,False
351314,JACOBSON MEMORIAL HOSPITAL CARE CENTER,ND,,,,0.0,0.0,,False
351315,CHI OAKES HOSPITAL,ND,,78.0,,0.0,2.0,0.0,False
351316,PRESENTATION MEDICAL CENTER,ND,,,,0.0,2.0,0.0,False
351318,CARRINGTON HEALTH CENTER,ND,,93.0,,0.0,2.0,0.0,False
351319,PEMBINA COUNTY MEMORIAL HOSPITAL,ND,,89.0,,0.0,2.0,0.0,False
351320,UNITY MEDICAL CENTER,ND,,93.0,,0.0,2.0,0.0,False
351321,SOUTH CENTRAL HEALTH,ND,,84.0,,0.0,2.0,0.0,False
351322,ASHLEY MEDICAL CENTER,ND,,,,0.0,0.0,,False
351323,CAVALIER COUNTY MEMORIAL HOSPITAL ASSOCIATION,ND,,89.0,,0.0,2.0,0.0,False
351324,CHI MERCY HEALTH,ND,5.0,78.0,,0.0,3.0,0.0,False
351325,ST LUKE'S HOSPITAL,ND,,,,0.0,1.0,0.0,False
351326,FIRST CARE HEALTH CENTER,ND,,93.0,,0.0,3.0,0.0,False
351327,SMP HEALTH ST ALOISIUS,ND,1.0,73.0,,0.0,3.0,0.0,False
351328,LINTON HOSPITAL - CAH,ND,,81.0,,0.0,1.0,0.0,False
351329,SANFORD HILLSBORO,ND,,,,0.0,1.0,0.0,False
351330,WEST RIVER REGIONAL MEDICAL CENTER,ND,4.0,76.0,,0.0,4.0,0.0,False
351331,TOWNER COUNTY MEDICAL CENTER,ND,,,,0.0,2.0,0.0,False
351332,HEART OF AMERICA MEDICAL CENTER,ND,2.0,76.0,,0.0,3.0,0.0,False
351333,CHI ST ALEXIUS HEALTH DEVILS LAKE,ND,2.0,64.0,,0.0,4.0,0.0,False
351334,CHI ST ALEXIUS HEALTH WILLISTON,ND,3.0,51.0,,0.0,4.0,0.0,False
351335,JAMESTOWN REGIONAL MEDICAL CENTER,ND,4.0,79.0,,0.0,5.0,0.0,False
351336,CHI ST ALEXIUS HEALTH DICKINSON,ND,2.0,56.0,,0.0,3.0,0.0,False
351364,STANDING ROCK SERVICE UNIT,ND,,,,0.0,0.0,,False
354003,NORTH DAKOTA STATE HOSPITAL,ND,,,,,,,False
354004,PRAIRIE ST JOHN'S,ND,,,,,,,False
360001,MERCY HEALTH-ANDERSON HOSPITAL,OH,4.0,65.0,0.98,0.0,6.0,0.0,True
360002,UNIVERSITY HOSPITALS SAMARITAN MEDICAL CENTER,OH,4.0,69.0,0.96,0.0,4.0,0.0,True
360003,"UNIVERSITY OF CINCINNATI MEDICAL CENTER, LLC",OH,3.0,71.0,1.07,0.0,6.0,0.0,True
360006,RIVERSIDE METHODIST HOSPITAL,OH,4.0,78.0,0.97,0.0,6.0,0.0,True
360008,SOUTHERN OHIO MEDICAL CENTER,OH,4.0,71.0,0.99,0.0,6.0,0.0,True
360009,LIMA MEMORIAL HEALTH SYSTEM,OH,3.0,69.0,0.98,0.0,5.0,0.0,True
360010,UNION HOSPITAL,OH,3.0,60.0,1.01,0.0,4.0,0.0,True
360011,MARION GENERAL HOSPITAL,OH,4.0,62.0,1.0,1.0,5.0,0.2,True
360012,MOUNT CARMEL ST ANN'S,OH,3.0,67.0,1.01,0.0,6.0,0.0,True
360013,WILSON MEMORIAL HOSPITAL,OH,2.0,60.0,1.01,0.0,5.0,0.0,True
360014,OHIOHEALTH O'BLENESS HOSPITAL,OH,3.0,67.0,0.9,0.0,4.0,0.0,True
360016,THE JEWISH HOSPITAL-MERCY HEALTH,OH,4.0,72.0,1.03,0.0,6.0,0.0,True
360017,GRANT MEDICAL CENTER,OH,2.0,71.0,0.97,0.0,6.0,0.0,True
36001F,LOUIS STOKES CLEVELAND VA MEDICAL CENTER,OH,4.0,74.0,,0.0,6.0,0.0,False
360020,SUMMA HEALTH SYSTEM,OH,3.0,69.0,1.02,0.0,6.0,0.0,True
360025,FIRELANDS REGIONAL MEDICAL CENTER,OH,4.0,69.0,1.03,0.0,5.0,0.0,True
360026,KETTERING HEALTH GREENE MEMORIAL,OH,5.0,80.0,0.97,0.0,3.0,0.0,True
360027,AKRON GENERAL MEDICAL CENTER,OH,5.0,67.0,1.01,0.0,6.0,0.0,True
360029,WOOD COUNTY HOSPITAL,OH,4.0,69.0,0.97,0.0,5.0,0.0,True
360032,GRAND LAKE HEALTH SYSTEM,OH,4.0,67.0,1.03,0.0,4.0,0.0,True
360035,MOUNT CARMEL EAST & WEST,OH,2.0,67.0,0.98,0.0,6.0,0.0,True
360036,WOOSTER COMMUNITY HOSPITAL,OH,4.0,77.0,0.97,0.0,6.0,0.0,True
360039,GENESIS HOSPITAL,OH,5.0,70.0,0.9,0.0,5.0,0.0,True
36003F,CINCINNATI VA MEDICAL CENTER,OH,4.0,72.0,,0.0,6.0,0.0,False
360040,KNOX COMMUNITY HOSPITAL,OH,3.0,63.0,0.97,0.0,5.0,0.0,True
360041,PARMA COMMUNITY GENERAL HOSPITAL,OH,4.0,68.0,1.01,0.0,5.0,0.0,True
360046,MCCULLOUGH-HYDE MEMORIAL HOSPITAL,OH,3.0,79.0,0.93,0.0,5.0,0.0,True
360048,UNIVERSITY OF TOLEDO MEDICAL CENTER,OH,3.0,66.0,1.02,0.0,5.0,0.0,True
360051,MIAMI VALLEY HOSPITAL,OH,3.0,59.0,1.02,1.0,6.0,0.16666666666666666,True
360054,HOLZER MEDICAL CENTER,OH,4.0,67.0,1.15,0.0,5.0,0.0,True
360055,INSIGHT HOSPITAL AND MEDICAL CENTER TRUMBULL,OH,2.0,,1.04,0.0,5.0,0.0,False
360056,MERCY HEALTH - FAIRFIELD HOSPITAL,OH,3.0,66.0,0.99,0.0,6.0,0.0,True
360058,MERCER COUNTY JOINT TOWNSHIP COMMUNITY HOSPITAL,OH,3.0,76.0,0.93,0.0,4.0,0.0,True
360059,METROHEALTH SYSTEM,OH,3.0,73.0,0.96,0.0,5.0,0.0,True
360064,ST ELIZABETH YOUNGSTOWN HOSPITAL,OH,3.0,53.0,1.03,0.0,5.0,0.0,True
360065,FISHER-TITUS HOSPITAL,OH,4.0,62.0,0.95,0.0,6.0,0.0,True
360066,MERCY HEALTH ST RITAS MEDICAL CENTER,OH,4.0,69.0,0.99,0.0,6.0,0.0,True
360068,PROMEDICA TOLEDO HOSPITAL,OH,4.0,68.0,1.03,0.0,6.0,0.0,True
36006F,88th Medical Group (Wright-Patterson AFB),OH,,88.0,,0.0,0.0,,False
360070,MERCY MEDICAL CENTER,OH,3.0,60.0,1.0,0.0,6.0,0.0,True
360071,VAN WERT COUNTY HOSPITAL,OH,5.0,66.0,0.92,0.0,4.0,0.0,True
360072,FAIRFIELD MEDICAL CENTER,OH,2.0,71.0,0.95,0.0,6.0,0.0,True
360075,UH REGIONAL HOSPITALS,OH,4.0,75.0,0.98,0.0,5.0,0.0,True
360076,ATRIUM MEDICAL CENTER,OH,4.0,64.0,1.01,0.0,5.0,0.0,True
360077,FAIRVIEW HOSPITAL,OH,5.0,75.0,0.98,0.0,6.0,0.0,True
360078,UNIVERSITY HOSPITALS PORTAGE MEDICAL CENTER,OH,3.0,68.0,0.95,0.0,5.0,0.0,True
360079,KETTERING HEALTH MAIN CAMPUS,OH,3.0,78.0,1.05,0.0,5.0,0.0,True
36007F,DAYTON VA MEDICAL CENTER,OH,5.0,76.0,,0.0,6.0,0.0,False
360080,EAST OHIO REGIONAL HOSPITAL,OH,2.0,,0.94,0.0,4.0,0.0,False
360082,EUCLID HOSPITAL,OH,4.0,63.0,1.02,0.0,5.0,0.0,True
360084,AULTMAN HOSPITAL,OH,4.0,69.0,1.0,0.0,5.0,0.0,True
360085,OHIO STATE UNIVERSITY STATE HEALTH SYSTEM,OH,3.0,72.0,0.98,0.0,6.0,0.0,True
360086,SPRINGFIELD REGIONAL MEDICAL CENTER,OH,4.0,54.0,1.04,0.0,5.0,0.0,True
360087,LUTHERAN HOSPITAL,OH,3.0,60.0,0.97,0.0,4.0,0.0,True
360089,MERCY HEALTH - TIFFIN HOSPITAL,OH,3.0,67.0,0.91,0.0,4.0,0.0,True
36008F,CHILLICOTHE VA MEDICAL CENTER,OH,,,,0.0,0.0,,False
360091,MEDINA HOSPITAL,OH,5.0,67.0,1.05,0.0,5.0,0.0,True
360092,MEMORIAL HOSPITAL,OH,5.0,81.0,0.84,0.0,4.0,0.0,True
360095,BLANCHARD VALLEY HOSPITAL,OH,3.0,70.0,1.02,0.0,6.0,0.0,True
360096,EAST LIVERPOOL CITY HOSPITAL,OH,3.0,60.0,0.95,0.0,5.0,0.0,True
360098,LAKE HEALTH,OH,3.0,64.0,1.01,1.0,6.0,0.16666666666666666,True
360107,BELLEVUE HOSPITAL,OH,4.0,72.0,0.96,0.0,4.0,0.0,True
360109,COSHOCTON REGIONAL MEDICAL CENTER,OH,4.0,67.0,0.94,0.0,3.0,0.0,True
360112,MERCY ST VINCENT MEDICAL CENTER,OH,3.0,67.0,1.04,0.0,6.0,0.0,True
360118,OHIOHEALTH MANSFIELD HOSPITAL,OH,3.0,66.0,0.98,0.0,5.0,0.0,True
360121,COMMUNITY HOSPITALS AND WELLNESS CENTERS,OH,3.0,70.0,1.03,0.0,5.0,0.0,True
360123,UH ST JOHN MEDICAL CENTER,OH,4.0,73.0,1.06,0.0,6.0,0.0,True
360125,ASHTABULA COUNTY MEDICAL CENTER,OH,3.0,69.0,1.05,1.0,5.0,0.2,True
360131,ALLIANCE COMMUNITY HOSPITAL,OH,4.0,65.0,1.07,0.0,4.0,0.0,True
360132,FORT HAMILTON HUGHES MEMORIAL HOSPITAL,OH,3.0,64.0,1.01,0.0,5.0,0.0,True
360133,KETTERING HEALTH DAYTON,OH,4.0,70.0,0.99,0.0,6.0,0.0,True
360134,GOOD SAMARITAN HOSPITAL,OH,4.0,73.0,0.96,0.0,6.0,0.0,True
360137,UH CLEVELAND MEDICAL CENTER,OH,3.0,69.0,1.05,1.0,6.0,0.16666666666666666,True
360143,MARYMOUNT HOSPITAL,OH,5.0,65.0,1.0,0.0,5.0,0.0,True
360144,SOUTH POINTE HOSPITAL,OH,5.0,65.0,0.96,0.0,4.0,0.0,True
360145,UNIVERSITY HOSPITALS - ELYRIA MEDICAL CENTER,OH,4.0,68.0,1.04,0.0,6.0,0.0,True
360147,MARIETTA MEMORIAL HOSPITAL,OH,3.0,67.0,0.97,0.0,5.0,0.0,True
360148,POMERENE HOSPITAL,OH,3.0,67.0,0.84,0.0,3.0,0.0,True
360150,SUMMA WESTERN RESERVE HOSPITAL,OH,3.0,74.0,0.97,0.0,4.0,0.0,True
360152,DOCTORS HOSPITAL,OH,4.0,68.0,0.96,0.0,5.0,0.0,True
360155,SOUTHWEST GENERAL HEALTH CENTER,OH,4.0,73.0,0.97,0.0,6.0,0.0,True
360156,MEMORIAL HOSPITAL,OH,4.0,63.0,0.95,0.0,4.0,0.0,True
360159,ADENA REGIONAL MEDICAL CENTER,OH,3.0,54.0,1.01,0.0,6.0,0.0,True
360161,MH ST JOSEPH WARREN HOSPITAL,OH,3.0,64.0,1.02,0.0,6.0,0.0,True
360163,CHRIST HOSPITAL,OH,5.0,83.0,0.96,0.0,6.0,0.0,True
360170,BERGER HOSPITAL,OH,3.0,75.0,0.88,0.0,4.0,0.0,True
360172,MERCY REGIONAL MEDICAL CENTER,OH,2.0,56.0,1.16,0.0,6.0,0.0,True
360174,UPPER VALLEY MEDICAL CENTER,OH,4.0,66.0,0.95,0.0,5.0,0.0,True
360175,CLINTON MEMORIAL HOSPITAL,OH,2.0,53.0,1.06,0.0,5.0,0.0,True
360179,BETHESDA NORTH,OH,3.0,71.0,1.0,0.0,6.0,0.0,True
360180,CLEVELAND CLINIC,OH,4.0,81.0,0.95,0.0,6.0,0.0,True
360185,SALEM REGIONAL MEDICAL CENTER,OH,3.0,57.0,1.02,0.0,4.0,0.0,True
360189,MADISON HEALTH,OH,3.0,81.0,0.83,0.0,3.0,0.0,True
360197,MARY RUTAN HOSPITAL,OH,4.0,67.0,0.98,0.0,5.0,0.0,True
360203,SOUTHEASTERN OHIO REGIONAL MEDICAL CENTER,OH,4.0,55.0,0.92,0.0,4.0,0.0,True
360210,GRADY MEMORIAL HOSPITAL,OH,4.0,76.0,0.92,0.0,4.0,0.0,True
360211,TRINITY MEDICAL CTR EAST &TRINITY MEDICAL CTR WEST,OH,2.0,59.0,1.03,0.0,6.0,0.0,True
360218,LICKING MEMORIAL HOSPITAL,OH,2.0,67.0,1.0,0.0,6.0,0.0,True
360230,HILLCREST HOSPITAL,OH,5.0,69.0,0.99,0.0,6.0,0.0,True
360234,MERCY HEALTH - WEST HOSPITAL,OH,4.0,69.0,0.95,0.0,6.0,0.0,True
360236,MERCY HEALTH - CLERMONT HOSPITAL,OH,4.0,68.0,0.96,0.0,4.0,0.0,True
360239,KETTERING HEALTH MIAMISBURG,OH,4.0,76.0,1.04,0.0,4.0,0.0,True
360245,GLENBEIGH HEALTH SOURCES,OH,,,0.78,0.0,1.0,0.0,False
360259,BAY PARK COMMUNITY HOSPITAL,OH,3.0,73.0,0.97,0.0,4.0,0.0,True
360263,INSTITUTE FOR ORTHOPAEDIC SURGERY,OH,,81.0,0.91,0.0,2.0,0.0,False
360266,MOUNT CARMEL NEW ALBANY SURGICAL HOSPITAL,OH,,77.0,0.93,0.0,2.0,0.0,False
360270,MERCY HEALTH - DEFIANCE HOSPITAL,OH,4.0,74.0,0.91,0.0,4.0,0.0,True
360276,HMHP ST ELIZABETH BOARDMAN HEALTH CENTER,OH,2.0,66.0,1.01,1.0,5.0,0.2,True
360348,DUBLIN METHODIST HOSPITAL,OH,4.0,82.0,0.92,0.0,5.0,0.0,True
360351,CRYSTAL CLINIC ORTHOPAEDIC CENTER,OH,5.0,89.0,0.85,0.0,2.0,0.0,True
360352,SURGICAL HOSPITAL AT SOUTHWOODS,OH,4.0,92.0,0.95,0.0,2.0,0.0,True
360354,WEST CHESTER HOSPITAL,OH,3.0,71.0,1.0,1.0,6.0,0.16666666666666666,True
360355,OHIO VALLEY SURGICAL HOSPITAL,OH,,90.0,0.95,0.0,1.0,0.0,False
360358,DILEY RIDGE MEDICAL CENTER,OH,,91.0,,0.0,0.0,,False
360359,UNIVERSITY HOSPITALS AHUJA MEDICAL CENTER,OH,3.0,70.0,1.01,0.0,6.0,0.0,True
360360,SOIN MEDICAL CENTER,OH,4.0,79.0,0.99,1.0,5.0,0.2,True
360361,KINGS DAUGHTERS MEDICAL CENTER OHIO,OH,,,,0.0,0.0,,False
360364,CLEVELAND CLINIC AVON HOSPITAL,OH,5.0,84.0,0.94,0.0,5.0,0.0,True
360365,AVITA ONTARIO,OH,4.0,85.0,1.08,0.0,5.0,0.0,True
360367,LAKE HEALTH BEACHWOOD MEDICAL CENTER,OH,,85.0,1.07,0.0,1.0,0.0,False
360368,KETTERING HEALTH TROY,OH,5.0,89.0,0.92,0.0,4.0,0.0,True
360374,MERCY HEALTH KINGS MILLS HOSPITAL LLC,OH,,76.0,0.95,0.0,1.0,0.0,False
360375,MOUNT CARMEL DUBLIN,OH,,,,0.0,0.0,,False
361300,PAULDING COUNTY HOSPITAL,OH,,77.0,,0.0,2.0,0.0,False
361302,TWIN CITY MEDICAL CENTER,OH,,,,0.0,1.0,0.0,False
361303,LODI COMMUNITY HOSPITAL,OH,,86.0,,0.0,0.0,,False
361304,GREENFIELD AREA MEDICAL CENTER,OH,,75.0,,0.0,1.0,0.0,False
361306,MERCY ALLEN HOSPITAL,OH,5.0,88.0,,0.0,3.0,0.0,False
361307,UHHS MEMORIAL HOSPITAL OF GENEVA,OH,4.0,79.0,,0.0,4.0,0.0,False
361308,UNIVERSITY HOSPITALS CONNEAUT MEDICAL CENTER,OH,4.0,75.0,,0.0,4.0,0.0,False
361309,"HENRY COUNTY HOSPITAL, INC",OH,2.0,71.0,,0.0,4.0,0.0,False
361310,MERCY HEALTH - WILLARD HOSPITAL,OH,,89.0,,0.0,2.0,0.0,False
361311,HARRISON COMMUNITY HOSPITAL,OH,,70.0,,0.0,2.0,0.0,False
361312,MERCY HEALTH - URBANA HOSPITAL,OH,4.0,69.0,,0.0,4.0,0.0,False
361313,OHIOHEALTH MORROW COUNTY HOSPITAL,OH,,,,0.0,2.0,0.0,False
361314,MAGRUDER HOSPITAL,OH,3.0,71.0,,0.0,4.0,0.0,False
361315,HARDIN MEMORIAL HOSPITAL,OH,,,,0.0,2.0,0.0,False
361316,BUCYRUS COMMUNITY HOSPITAL,OH,,70.0,,0.0,2.0,0.0,False
361318,FOSTORIA COMMUNITY HOSPITAL,OH,4.0,73.0,,0.0,4.0,0.0,False
361319,SELBY GENERAL HOSPITAL,OH,,81.0,,0.0,2.0,0.0,False
361320,HOLZER MEDICAL CENTER JACKSON,OH,3.0,75.0,,0.0,3.0,0.0,False
361321,"BARNESVILLE HOSPITAL ASSOCIATION, INC",OH,,75.0,,0.0,2.0,0.0,False
361322,BLUFFTON HOSPITAL,OH,,81.0,,0.0,0.0,,False
361323,AULTMAN ORRVILLE HOSPITAL,OH,,72.0,,0.0,3.0,0.0,False
361324,OHIOHEALTH SHELBY HOSPITAL,OH,4.0,,,0.0,4.0,0.0,False
361325,GALION COMMUNITY HOSPITAL,OH,3.0,70.0,,0.0,4.0,0.0,False
361326,ADAMS COUNTY REGIONAL MEDICAL CENTER,OH,3.0,75.0,,0.0,4.0,0.0,False
361327,COMMUNITY HOSPITALS AND WELLNESS CENTERS,OH,,,,0.0,0.0,,False
361328,PROMEDICA DEFIANCE REGIONAL HOSPITAL,OH,5.0,85.0,,0.0,4.0,0.0,False
361329,WYANDOT MEMORIAL HOSPITAL,OH,5.0,71.0,,0.0,4.0,0.0,False
361330,HOCKING VALLEY COMMUNITY HOSPITAL,OH,,72.0,,0.0,3.0,0.0,False
361331,ADENA FAYETTE MEDICAL CENTER,OH,3.0,55.0,,0.0,4.0,0.0,False
361332,HIGHLAND DISTRICT HOSPITAL,OH,3.0,79.0,,0.0,4.0,0.0,False
361333,FULTON COUNTY HEALTH CENTER,OH,3.0,66.0,,0.0,4.0,0.0,False
361334,ADENA PIKE MEDICAL CENTER,OH,,66.0,,0.0,2.0,0.0,False
361335,WAYNE HOSPITAL,OH,,63.0,,0.0,4.0,0.0,False
363300,CINCINNATI CHILDREN'S HOSPITAL MEDICAL CENTER,OH,,,,0.0,0.0,,False
363302,RAINBOW BABIES AND CHILDRENS HOSPITAL,OH,,,,0.0,0.0,,False
363303,AKRON CHILDREN'S HOSPITAL,OH,,,,0.0,0.0,,False
363304,CLEVELAND CLINIC CHILDREN'S HOSPITAL FOR REHAB,OH,,,,0.0,0.0,,False
363305,NATIONWIDE CHILDREN'S HOSPITAL,OH,,,,0.0,0.0,,False
363306,DAYTON CHILDRENS HOSPITAL,OH,,,,0.0,0.0,,False
363308,SHRINERS HOSPITALS FOR CHILDREN,OH,,,,0.0,0.0,,False
363309,"NATIONWIDE CHILDREN'S HOSPITAL TOLEDO, LLC",OH,,,,0.0,0.0,,False
364007,TWIN VALLEY BEHAVIORAL HEALTHCARE,OH,,,,,,,False
364011,NORTHCOAST BEHAVIORAL HEALTHCARE NORTHFIELD CAMPUS,OH,,,,,,,False
364014,NORTHWEST OHIO PSYCHIATRIC HOSPITAL,OH,,,,,,,False
364015,APPALACHIAN BEHAVIORAL HEALTH CARE,OH,,,,,,,False
364029,WINDSOR LAURELWOOD CENTER FOR BEHAVORIAL MEDICINE,OH,,,,,,,False
364031,HEARTLAND BEHAVIORAL HEALTHCARE,OH,,,,,,,False
364035,SUMMIT BEHAVIORAL HEALTHCARE,OH,,,,,,,False
364036,ARROWHEAD BEHAVIORAL HEALTH,OH,,,,,,,False
364038,BELMONT PINES HOSPITAL,OH,,,,,,,False
364040,MENTAL HEALTH SERVICES FOR CLARK AND MADISON COS,OH,,,,,,,False
364041,OHIO HOSPITAL FOR PSYCHIATRY,OH,,,,,,,False
364044,LINDNER CENTER OF HOPE,OH,,,,,,,False
364047,RIDGEVIEW HOSPITAL,OH,,,,,,,False
364048,HAVEN BEHAVIORAL HOSPITAL OF DAYTON,OH,,,,,,,False
364049,DUBLIN SPRINGS,OH,,,,,,,False
364050,"ACCESS HOSPITAL DAYTON, LLC",OH,,,,,,,False
364051,BECKETT SPRINGS,OH,,,,,,,False
364052,CLEAR VISTA HEALTH & WELLNESS,OH,,,,,,,False
364053,HIGHLAND SPRINGS,OH,,,,,,,False
364054,GENERATIONS BEHAVIORAL HEALTH - GENEVA,OH,,,,,,,False
364055,SOJOURN AT SENECA SENIOR BEHAVIORAL HEALTH HOSPITA,OH,,,,,,,False
364056,ASSURANCE HEALTH CINCINNATI LLC,OH,,,,,,,False
364057,BLUERIDGE VISTA HEALTH AND WELLNESS,OH,,,,,,,False
364058,SUN BEHAVIORAL COLUMBUS,OH,,,,,,,False
364059,ASSURANCE HEALTH HUDSON LLC,OH,,,,,,,False
364060,GENERATIONS BEHAVIORAL HEALTH-YOUNGSTOWN LLC,OH,,,,,,,False
364061,RIVER VISTA HEALTH AND WELLNESS LLC,OH,,,,,,,False
364062,MOUNT CARMEL BEHAVIORAL HEALTH,OH,,,,,,,False
364063,GEORGETOWN BEHAVIORAL HOSPITAL,OH,,,,,,,False
364064,SUNRISE VISTA HEALTH AND WELLNESS,OH,,,,,,,False
364065,GLENWOOD BEHAVIORAL HEALTH HOSPITAL,OH,,,,,,,False
364066,ASSURANCE HEALTH TOLEDO LLC,OH,,,,,,,False
370001,HILLCREST MEDICAL CENTER,OK,3.0,66.0,1.04,0.0,6.0,0.0,True
370002,ALLIANCEHEALTH WOODWARD,OK,3.0,59.0,1.08,0.0,5.0,0.0,True
370004,INTEGRIS MIAMI HOSPITAL,OK,4.0,63.0,0.95,0.0,4.0,0.0,True
370006,INTEGRIS HEALTH PONCA CITY,OK,2.0,55.0,1.0,0.0,5.0,0.0,True
370008,NORMAN REGIONAL,OK,2.0,68.0,0.95,0.0,6.0,0.0,True
370013,"MERCY HOSPITAL OKLAHOMA CITY, INC",OK,4.0,78.0,1.17,0.0,5.0,0.0,True
370014,ALLIANCEHEALTH DURANT,OK,1.0,53.0,0.98,3.0,6.0,0.5,True
370015,HILLCREST HOSPITAL PRYOR,OK,4.0,80.0,0.9,0.0,3.0,0.0,True
370016,INTEGRIS HEALTH ENID HOSPITAL,OK,3.0,66.0,1.11,0.0,5.0,0.0,True
370018,ASCENSION ST JOHN JANE PHILLIPS,OK,3.0,67.0,0.98,0.0,6.0,0.0,True
370019,GREAT PLAINS REGIONAL MEDICAL CENTER,OK,2.0,66.0,1.08,0.0,4.0,0.0,True
370020,MERCY HOSPITAL ADA,OK,4.0,67.0,1.0,0.0,5.0,0.0,True
370022,JACKSON COUNTY MEMORIAL HOSPITAL AUTHORITY,OK,3.0,71.0,1.02,0.0,5.0,0.0,True
370023,"DUNCAN REGIONAL HOSPITAL, INC",OK,3.0,64.0,1.0,0.0,6.0,0.0,True
370025,SAINT FRANCIS HOSPITAL MUSKOGEE,OK,3.0,69.0,0.99,0.0,6.0,0.0,True
370026,ST MARY'S REGIONAL MEDICAL CENTER,OK,3.0,71.0,1.04,0.0,6.0,0.0,True
370028,"INTEGRIS BAPTIST MEDICAL CENTER, INC",OK,3.0,71.0,1.07,0.0,6.0,0.0,True
370034,MCALESTER REGIONAL HEALTH CENTER,OK,3.0,51.0,0.98,0.0,6.0,0.0,True
370037,SSM HEALTH ST ANTHONY HOSPITAL - OKLAHOMA CITY,OK,4.0,72.0,1.0,0.0,6.0,0.0,True
370039,HILLCREST HOSPITAL CLAREMORE,OK,4.0,68.0,0.91,0.0,4.0,0.0,True
370047,"MERCY HOSPITAL ARDMORE, INC",OK,4.0,67.0,1.03,0.0,5.0,0.0,True
370049,STILLWATER MEDICAL CENTER,OK,4.0,75.0,1.03,0.0,6.0,0.0,True
370054,GRADY MEMORIAL HOSPITAL,OK,2.0,64.0,1.02,0.0,5.0,0.0,True
370056,MEMORIAL HEALTH,OK,2.0,57.0,0.97,2.0,6.0,0.3333333333333333,True
370057,MUSCOGEE (CREEK) NATION MEDICAL CENTER,OK,,66.0,0.98,0.0,2.0,0.0,False
370078,OKLAHOMA STATE UNIVERSITY MEDICAL CENTER,OK,2.0,72.0,1.03,0.0,5.0,0.0,True
370083,PUSHMATAHA HOSPITAL,OK,3.0,50.0,1.09,0.0,4.0,0.0,True
370089,NORTHEASTERN HEALTH SYSTEM,OK,2.0,60.0,0.97,0.0,6.0,0.0,True
370091,"SAINT FRANCIS HOSPITAL, INC",OK,5.0,80.0,1.03,0.0,6.0,0.0,True
370093,O U MEDICAL CENTER,OK,2.0,64.0,1.08,1.0,6.0,0.16666666666666666,True
370094,SSM HEALTH ST ANTHONY HOSPITAL - MIDWEST,OK,2.0,63.0,,0.0,6.0,0.0,False
370097,SOUTHWESTERN MEDICAL CENTER,OK,2.0,74.0,1.02,0.0,4.0,0.0,True
370099,HILLCREST HOSPITAL CUSHING,OK,4.0,78.0,0.96,0.0,3.0,0.0,True
370100,CHOCTAW MEMORIAL HOSPITAL,OK,1.0,,1.25,0.0,4.0,0.0,False
370106,INTEGRIS SOUTHWEST MEDICAL CENTER,OK,2.0,63.0,1.16,0.0,5.0,0.0,True
370112,SEQUOYAH COUNTY-CITY OF SALLISAW HOSPITAL AUTHORIT,OK,3.0,73.0,1.05,0.0,3.0,0.0,True
370113,INTEGRIS GROVE HOSPITAL,OK,4.0,66.0,1.05,0.0,4.0,0.0,True
370114,ASCENSION ST JOHN MEDICAL CENTER,OK,3.0,61.0,1.06,0.0,5.0,0.0,True
37012F,MUSKOGEE VA MEDICAL CENTER,OK,5.0,78.0,,0.0,5.0,0.0,False
370149,SSM HEALTH ST ANTHONY HOSPITAL - SHAWNEE,OK,3.0,72.0,0.92,0.0,6.0,0.0,True
37014F,OKLAHOMA CITY VA MEDICAL CENTER,OK,2.0,74.0,,0.0,5.0,0.0,False
370158,PURCELL MUNICIPAL HOSPITAL,OK,3.0,,1.02,0.0,3.0,0.0,False
370166,WAGONER COMMUNITY HOSPITAL,OK,2.0,72.0,0.89,0.0,3.0,0.0,True
370170,LAWTON INDIAN HOSPITAL,OK,,60.0,0.89,0.0,1.0,0.0,False
370171,CHEROKEE NATION W W HASTINGS INDIAN HOSPITAL,OK,3.0,69.0,0.89,0.0,5.0,0.0,True
370172,CHOCTAW NATION HEALTH SERVICES AUTHORITY,OK,,90.0,0.89,0.0,3.0,0.0,False
370173,CLAREMORE INDIAN HOSPITAL,OK,,73.0,0.75,0.0,1.0,0.0,False
370178,MEMORIAL HOSPITAL,OK,4.0,50.0,0.81,0.0,3.0,0.0,True
370180,CHICKASAW NATION MEDICAL CENTER,OK,5.0,86.0,0.73,0.0,4.0,0.0,True
370183,HILLCREST HOSPITAL HENRYETTA,OK,,87.0,0.79,0.0,2.0,0.0,False
370192,NORTHWEST SURGICAL HOSPITAL,OK,,82.0,0.98,0.0,1.0,0.0,False
370199,"LAKESIDE WOMEN'S HOSPITAL, A MEMBER OF INTEGRIS HE",OK,,79.0,,0.0,0.0,,False
370201,SURGICAL HOSPITAL OF OKLAHOMA,OK,,,0.89,0.0,2.0,0.0,False
370202,HILLCREST HOSPITAL SOUTH,OK,3.0,71.0,0.99,0.0,6.0,0.0,True
370203,"COMMUNITY HOSPITAL, LLC",OK,4.0,77.0,1.04,0.0,2.0,0.0,True
370206,OKLAHOMA SPINE HOSPITAL,OK,,81.0,1.01,0.0,1.0,0.0,False
370210,"OKLAHOMA SURGICAL HOSPITAL, LLC",OK,5.0,81.0,1.01,0.0,2.0,0.0,True
370211,INTEGRIS CANADIAN VALLEY HOSPITAL,OK,4.0,73.0,1.03,0.0,4.0,0.0,True
370212,OKLAHOMA CENTER FOR ORTHOPAEDIC & MULTI-SP,OK,,85.0,0.93,0.0,2.0,0.0,False
370214,LINDSAY MUNICIPAL HOSPITAL,OK,,,,0.0,0.0,,False
370215,"OKLAHOMA HEART HOSPITAL, LLC",OK,4.0,91.0,1.01,0.0,5.0,0.0,True
370216,TULSA SPINE & SPECIALTY HOSPITAL,OK,,91.0,0.94,0.0,2.0,0.0,False
370218,"SAINT FRANCIS HOSPITAL SOUTH, LLC",OK,5.0,80.0,0.93,0.0,6.0,0.0,True
370220,ONECORE HEALTH,OK,,82.0,0.95,0.0,2.0,0.0,False
370222,MCBRIDE ORTHOPEDIC HOSPITAL,OK,,86.0,0.96,0.0,2.0,0.0,False
370225,"SUMMIT MEDICAL CENTER, LLC",OK,,89.0,1.1,0.0,1.0,0.0,False
370227,ST JOHN OWASSO,OK,5.0,82.0,0.8,0.0,3.0,0.0,True
370228,"BAILEY MEDICAL CENTER, LLC",OK,5.0,86.0,0.89,0.0,4.0,0.0,True
370234,"OKLAHOMA HEART HOSPITAL SOUTH, LLC",OK,5.0,92.0,0.98,0.0,5.0,0.0,True
370235,ASCENSION ST JOHN BROKEN ARROW,OK,4.0,77.0,0.98,0.0,4.0,0.0,True
370236,INTEGRIS HEALTH EDMOND HOSPITAL,OK,2.0,82.0,1.02,0.0,5.0,0.0,True
370237,"SAINT FRANCIS HOSPITAL VINITA, INC",OK,3.0,79.0,0.83,0.0,3.0,0.0,True
370240,INTEGRIS COMMUNITY HOSPITAL - COUNCIL CROSSING,OK,,73.0,0.91,0.0,2.0,0.0,False
370243,VALLEY COMMUNITY HOSPITAL,OK,,,,0.0,1.0,0.0,False
370244,COUNCIL OAK COMPREHENSIVE HEALTHCARE,OK,,84.0,1.06,0.0,1.0,0.0,False
370245,CLINTON REGIONAL HOSPITAL,OK,,,1.04,0.0,1.0,0.0,False
370246,CARRUS LAKESIDE HOSPITAL,OK,,,,0.0,0.0,,False
370247,EXCEPTIONAL COMMUNITY HOSPITAL ARDMORE,OK,,,,0.0,0.0,,False
370779,STILLWATER MEDICAL - PERRY,OK,,,,0.0,0.0,,False
370780,STILLWATER MEDICAL-BLACKWELL,OK,,,,0.0,0.0,,False
370781,HARPER COUNTY COMMUNITY HOSPITAL,OK,,,,0.0,0.0,,False
370783,ELKVIEW GENERAL HOSPITAL,OK,,,,0.0,0.0,,False
371300,ATOKA COUNTY MEDICAL CENTER,OK,4.0,,,0.0,3.0,0.0,False
371301,PRAGUE REGIONAL MEMORIAL HOSPITAL,OK,,88.0,,0.0,0.0,,False
371302,"MERCY HOSPITAL WATONGA, INC",OK,,85.0,,0.0,0.0,,False
371303,ROGER MILLS MEMORIAL HOSPITAL,OK,,86.0,,0.0,2.0,0.0,False
371304,MERCY HOSPITAL TISHOMINGO INC,OK,,78.0,,0.0,0.0,,False
371305,ASCENSION ST JOHN NOWATA,OK,,,,0.0,1.0,0.0,False
371306,MERCY HOSPITAL MARIETTA,OK,,,,0.0,1.0,0.0,False
371307,CIMARRON MEMORIAL HOSPITAL,OK,,,,0.0,1.0,0.0,False
371309,"PAWHUSKA HOSPITAL, INC",OK,,63.0,,0.0,1.0,0.0,False
371310,"MERCY HOSPITAL HEALDTON, INC.",OK,,79.0,,0.0,1.0,0.0,False
371311,JEFFERSON COUNTY HOSPITAL,OK,,,,0.0,0.0,,False
371312,ASCENSION ST JOHN SAPULPA,OK,,,,0.0,2.0,0.0,False
371313,"MERCY HOSPITAL KINGFISHER, INC",OK,,80.0,,0.0,2.0,0.0,False
371314,THE PHYSICIANS' HOSPITAL IN ANADARKO,OK,,79.0,,0.0,1.0,0.0,False
371316,RURAL WELLNESS STROUD HOSPITAL,OK,,79.0,,0.0,0.0,,False
371317,MERCY HOSPITAL LOGAN COUNTY,OK,,73.0,,0.0,1.0,0.0,False
371318,RURAL WELLNESS FAIRFAX HOSPITAL,OK,,88.0,,0.0,0.0,,False
371319,"COAL COUNTY GENERAL HOSPITAL, INC.",OK,4.0,,,0.0,3.0,0.0,False
371320,CLEVELAND AREA HOSPITAL,OK,,,,0.0,0.0,,False
371321,HOLDENVILLE GENERAL HOSPITAL,OK,,64.0,,0.0,3.0,0.0,False
371322,BEAVER COUNTY MEMORIAL HOSPITAL,OK,,,,0.0,1.0,0.0,False
371323,"WEATHERFORD REGIONAL HOSPITAL, INC OF WEATHERFORD",OK,,72.0,,0.0,2.0,0.0,False
371325,CORDELL MEMORIAL HOSPITAL,OK,,,,0.0,1.0,0.0,False
371326,ALLIANCEHEALTH MADILL,OK,,,,0.0,1.0,0.0,False
371327,OKEENE MUNICIPAL HOSPITAL,OK,,,,0.0,1.0,0.0,False
371328,ARBUCKLE MEMORIAL HOSPITAL,OK,4.0,73.0,,0.0,3.0,0.0,False
371329,FAIRVIEW REGIONAL MEDICAL CENTER AUTHORITY,OK,,74.0,,0.0,2.0,0.0,False
371330,MANGUM REGIONAL MEDICAL CENTER,OK,,,,0.0,2.0,0.0,False
371331,DRUMRIGHT REGIONAL HOSPITAL,OK,,,,0.0,2.0,0.0,False
371332,SEILING MUNICIPAL HOSPITAL,OK,,,,0.0,2.0,0.0,False
371333,CREEK NATION COMMUNITY HOSPITAL,OK,,,,0.0,2.0,0.0,False
371334,CARNEGIE TRI-COUNTY MUNICIPAL HOSPITAL,OK,,63.0,,0.0,2.0,0.0,False
371335,"HASKELL REGIONAL HOSPITAL, INC",OK,,,,0.0,2.0,0.0,False
371336,NEWMAN MEMORIAL HOSPITAL,OK,,,,0.0,2.0,0.0,False
371337,EASTERN OKLAHOMA MEDICAL CENTER,OK,4.0,78.0,,0.0,3.0,0.0,False
371338,HARMON MEMORIAL HOSPITAL,OK,,,,0.0,2.0,0.0,False
371340,MEMORIAL HOSPITAL OF TEXAS COUNTY AUTHORITY,OK,,,,0.0,2.0,0.0,False
371341,SHARE MEDICAL CENTER,OK,,,,0.0,2.0,0.0,False
371342,MCCURTAIN MEMORIAL HOSPITAL,OK,4.0,55.0,,0.0,4.0,0.0,False
373300,J D MCCARTY CENTER FOR CHILDREN,OK,,,,0.0,0.0,,False
373303,"THE CHILDREN'S CENTER, INC",OK,,,,0.0,0.0,,False
374000,GRIFFIN MEMORIAL HOSPITAL,OK,,,,,,,False
374001,NORTHWEST CENTER FOR BEHAVIORAL HEALTH (NCBH),OK,,,,,,,False
374006,CARL ALBERT COMMUNITY MENTAL HEALTH CENTER,OK,,,,,,,False
374008,JIM TALIAFERRO COMM MENTAL HEALTH CTR,OK,,,,,,,False
374012,"BROOKHAVEN HOSPITAL, LLC",OK,,,,,,,False
374016,"ROLLING HILLS HOSPITAL, LLC",OK,,,,,,,False
374020,"LAUREATE PSYCHIATRIC CLINIC AND HOSPITAL, INC",OK,,,,,,,False
374021,"PARKSIDE, INC",OK,,,,,,,False
374023,CEDAR RIDGE BEHAVIORAL HOSPITAL,OK,,,,,,,False
374025,"OAKWOOD SPRINGS, LLC",OK,,,,,,,False
374026,TULSA CENTER FOR BEHAVIORAL HEALTH,OK,,,,,,,False
374027,BEHAVIORAL HEALTH CENTER AT PORTER HEALTH VILLAGE,OK,,,,,,,False
380001,MID-COLUMBIA MEDICAL CENTER,OR,4.0,59.0,0.81,0.0,4.0,0.0,True
380002,ASANTE THREE RIVERS MEDICAL CENTER,OR,3.0,69.0,0.87,0.0,5.0,0.0,True
380004,PROVIDENCE ST VINCENT MEDICAL CENTER,OR,4.0,80.0,0.89,0.0,6.0,0.0,True
380005,ASANTE ASHLAND COMMUNITY HOSPITAL,OR,,79.0,0.82,0.0,3.0,0.0,False
380007,LEGACY EMANUEL MEDICAL CENTER,OR,3.0,73.0,0.97,0.0,5.0,0.0,True
380009,OHSU HOSPITAL AND CLINICS,OR,3.0,76.0,0.97,0.0,5.0,0.0,True
380014,GOOD SAMARITAN REGIONAL MEDICAL CENTER,OR,3.0,70.0,0.86,0.0,6.0,0.0,True
380017,LEGACY GOOD SAMARITAN MEDICAL CENTER,OR,4.0,72.0,0.96,0.0,6.0,0.0,True
380018,ASANTE ROGUE REGIONAL MEDICAL CENTER,OR,4.0,76.0,0.93,0.0,5.0,0.0,True
380020,MCKENZIE-WILLAMETTE MEDICAL CENTER,OR,4.0,79.0,0.85,0.0,6.0,0.0,True
380021,HILLSBORO MEDICAL CENTER,OR,3.0,62.0,0.96,0.0,5.0,0.0,True
380022,SAMARITAN ALBANY GENERAL HOSPITAL,OR,4.0,72.0,0.9,0.0,5.0,0.0,True
380025,LEGACY MOUNT HOOD MEDICAL CENTER,OR,3.0,70.0,0.87,0.0,4.0,0.0,True
380027,MERCY MEDICAL CENTER,OR,4.0,58.0,0.86,0.0,5.0,0.0,True
380029,LEGACY SILVERTON MEDICAL CENTER,OR,,78.0,0.82,0.0,2.0,0.0,False
380037,PROVIDENCE NEWBERG MEDICAL CENTER,OR,4.0,83.0,0.83,0.0,3.0,0.0,True
380038,PROVIDENCE WILLAMETTE FALLS MEDICAL CENTER,OR,4.0,69.0,0.87,0.0,4.0,0.0,True
38003F,PORTLAND VA MEDICAL CENTER,OR,5.0,80.0,,0.0,6.0,0.0,False
380047,ST CHARLES MEDICAL CENTER - BEND,OR,4.0,78.0,0.9,0.0,6.0,0.0,True
38004F,VA ROSEBURG HEALTHCARE SYSTEM,OR,,,,0.0,0.0,,False
380050,SKY LAKES MEDICAL CENTER,OR,2.0,66.0,0.77,0.0,6.0,0.0,True
380051,SALEM HOSPITAL,OR,3.0,69.0,0.9,0.0,6.0,0.0,True
380052,SAINT ALPHONSUS MEDICAL CENTER ONTARIO,OR,2.0,68.0,0.91,0.0,4.0,0.0,True
380056,SANTIAM HOSPITAL & CLINICS,OR,,73.0,0.91,0.0,2.0,0.0,False
380060,ADVENTIST HEALTH PORTLAND,OR,4.0,72.0,0.94,0.0,5.0,0.0,True
380061,PROVIDENCE PORTLAND MEDICAL CENTER,OR,4.0,78.0,0.94,0.0,6.0,0.0,True
380071,WILLAMETTE VALLEY MEDICAL CENTER,OR,2.0,63.0,0.84,0.0,5.0,0.0,True
380075,PROVIDENCE MEDFORD MEDICAL CENTER,OR,2.0,76.0,0.91,0.0,6.0,0.0,True
380082,PROVIDENCE MILWAUKIE HOSPITAL,OR,3.0,66.0,0.91,0.0,3.0,0.0,True
380089,LEGACY MERIDIAN PARK MEDICAL CENTER,OR,2.0,74.0,0.87,0.0,6.0,0.0,True
380090,BAY AREA HOSPITAL,OR,2.0,64.0,0.87,0.0,6.0,0.0,True
380091,KAISER SUNNYSIDE MEDICAL CENTER,OR,4.0,71.0,0.89,0.0,4.0,0.0,True
380102,SACRED HEART MEDICAL CENTER - RIVERBEND,OR,4.0,78.0,0.89,0.0,6.0,0.0,True
380103,KAISER FOUNDATION HOSPITAL WESTSIDE,OR,4.0,81.0,0.85,0.0,3.0,0.0,True
381301,PEACEHEALTH COTTAGE GROVE COMMUNITY MEDICAL CENTER,OR,,80.0,,0.0,1.0,0.0,False
381302,SAMARITAN NORTH LINCOLN HOSPITAL,OR,3.0,73.0,,0.0,4.0,0.0,False
381303,PROVIDENCE SEASIDE HOSPITAL,OR,3.0,78.0,,0.0,4.0,0.0,False
381304,SOUTHERN COOS HOSPITAL & HEALTH CENTER,OR,2.0,81.0,,0.0,2.0,0.0,False
381305,BLUE MOUNTAIN HOSPITAL,OR,,55.0,,0.0,1.0,0.0,False
381306,WALLOWA MEMORIAL HOSPITAL,OR,3.0,78.0,,0.0,3.0,0.0,False
381307,HARNEY DISTRICT HOSPITAL,OR,,71.0,,0.0,2.0,0.0,False
381308,SALEM HEALTH WEST VALLEY HOSPITAL,OR,,,,0.0,0.0,,False
381309,LAKE DISTRICT HOSPITAL,OR,,83.0,,0.0,2.0,0.0,False
381310,PIONEER MEMORIAL HOSPITAL,OR,,,,0.0,0.0,,False
381311,LOWER UMPQUA HOSPITAL DISTRICT,OR,,77.0,,0.0,1.0,0.0,False
381312,COQUILLE VALLEY HOSPITAL,OR,,80.0,,0.0,3.0,0.0,False
381313,ST CHARLES MEDICAL CENTER PRINEVILLE,OR,3.0,74.0,,0.0,3.0,0.0,False
381314,SAMARITAN PACIFIC COMMUNITY HOSPITAL,OR,1.0,73.0,,0.0,4.0,0.0,False
381315,ST. ALPHONSUS MEDICAL CENTER - BAKER CITY,OR,1.0,58.0,,0.0,4.0,0.0,False
381316,PEACE HARBOR MEDICAL CENTER,OR,5.0,78.0,,0.0,3.0,0.0,False
381317,ADVENTIST HEALTH TILLAMOOK,OR,4.0,73.0,,0.0,4.0,0.0,False
381318,PROVIDENCE HOOD RIVER MEMORIAL HOSPITAL,OR,4.0,82.0,,0.0,4.0,0.0,False
381319,ST ANTHONY HOSPITAL,OR,3.0,71.0,,0.0,4.0,0.0,False
381320,COLUMBIA MEMORIAL HOSPITAL,OR,,80.0,,0.0,0.0,,False
381321,GRANDE RONDE HOSPITAL,OR,5.0,73.0,,0.0,5.0,0.0,False
381322,CURRY GENERAL HOSPITAL,OR,2.0,79.0,,0.0,4.0,0.0,False
381323,SAMARITAN LEBANON COMMUNITY HOSPITAL,OR,3.0,73.0,,0.0,4.0,0.0,False
381324,ST CHARLES MADRAS,OR,,76.0,,0.0,3.0,0.0,False
381325,GOOD SHEPHERD MEDICAL CENTER,OR,,66.0,,0.0,4.0,0.0,False
383300,SHRINERS HOSPITAL FOR CHILDREN - PORTLAND,OR,,,,0.0,0.0,,False
384008,OREGON STATE HOSPITAL DISTINCT PART,OR,,,,,,,False
384012,CEDAR HILLS HOSPITAL,OR,,,,,,,False
390001,GEISINGER-COMMUNITY MEDICAL CENTER,PA,2.0,62.0,0.99,1.0,6.0,0.16666666666666666,True
390002,UPMC MCKEESPORT HOSPITAL,PA,3.0,59.0,1.02,0.0,4.0,0.0,True
390003,GEISINGER-BLOOMSBURG HOSPITAL,PA,4.0,76.0,0.94,0.0,4.0,0.0,True
390004,PENN STATE HEALTH HOLY SPIRIT MEDICAL CENTER,PA,3.0,61.0,1.11,0.0,6.0,0.0,True
390006,GEISINGER MEDICAL CENTER,PA,4.0,71.0,0.99,0.0,6.0,0.0,True
390009,SAINT VINCENT HOSPITAL,PA,4.0,73.0,0.99,0.0,6.0,0.0,True
390012,JEFFERSON LANSDALE HOSPITAL,PA,3.0,56.0,0.97,0.0,4.0,0.0,True
390013,WELLSPAN EVANGELICAL COMMUNITY HOSPITAL,PA,4.0,76.0,0.91,0.0,6.0,0.0,True
390016,UPMC JAMESON,PA,3.0,61.0,1.03,0.0,5.0,0.0,True
39001F,JAMES E. VAN ZANDT VA MEDICAL CENTER (ALTOONA),PA,5.0,82.0,,0.0,4.0,0.0,False
390025,KENSINGTON HOSPITAL,PA,,,,0.0,0.0,,False
390026,TEMPLE HEALTH - CHESTNUT HILL HOSPITAL,PA,2.0,49.0,0.99,1.0,5.0,0.2,True
390027,TEMPLE UNIVERSITY HOSPITAL,PA,4.0,64.0,1.02,0.0,6.0,0.0,True
390028,UPMC MERCY,PA,4.0,72.0,1.08,0.0,5.0,0.0,True
390030,SCHUYLKILL MEDICAL CENTER - SOUTH JACKSON STREET,PA,4.0,58.0,1.07,0.0,5.0,0.0,True
390032,ALLEGHENY VALLEY HOSPITAL,PA,4.0,58.0,1.0,0.0,4.0,0.0,True
390035,ST LUKE'S HOSPITAL - UPPER BUCKS CAMPUS,PA,5.0,81.0,0.92,0.0,5.0,0.0,True
390036,HERITAGE VALLEY BEAVER,PA,3.0,56.0,1.14,0.0,6.0,0.0,True
390037,HERITAGE VALLEY SEWICKLEY,PA,4.0,69.0,1.12,0.0,5.0,0.0,True
390039,UPMC SOMERSET,PA,4.0,68.0,0.95,0.0,4.0,0.0,True
390041,UNIONTOWN HOSPITAL,PA,2.0,55.0,0.93,0.0,5.0,0.0,True
390042,"WASHINGTON HOSPITAL, THE",PA,4.0,67.0,0.99,0.0,6.0,0.0,True
390044,READING HOSPITAL,PA,4.0,64.0,1.02,0.0,6.0,0.0,True
390045,UPMC WILLIAMSPORT,PA,3.0,71.0,1.02,0.0,6.0,0.0,True
390046,WELLSPAN YORK HOSPITAL,PA,4.0,67.0,1.01,0.0,5.0,0.0,True
390048,GEISINGER-LEWISTOWN HOSPITAL,PA,5.0,60.0,0.94,0.0,4.0,0.0,True
390049,ST LUKES HOSPITAL,PA,5.0,77.0,0.97,1.0,6.0,0.16666666666666666,True
39004F,COATESVILLE VA MEDICAL CENTER,PA,,,,0.0,0.0,,False
390050,ALLEGHENY GENERAL HOSPITAL,PA,3.0,71.0,1.05,0.0,6.0,0.0,True
390056,PENN HIGHLANDS HUNTINGDON,PA,3.0,60.0,0.93,0.0,5.0,0.0,True
390057,ST LUKE'S HOSPITAL - GRAND VIEW CAMPUS,PA,4.0,67.0,0.97,0.0,6.0,0.0,True
390058,UPMC CARLISLE,PA,4.0,63.0,1.01,0.0,5.0,0.0,True
39005F,ERIE VA MEDICAL CENTER,PA,,,,0.0,1.0,0.0,False
390062,CONEMAUGH NASON MEDICAL CENTER,PA,5.0,80.0,0.93,0.0,4.0,0.0,True
390063,UPMC HAMOT,PA,3.0,72.0,1.06,0.0,6.0,0.0,True
390065,GETTYSBURG HOSPITAL,PA,4.0,66.0,0.97,0.0,5.0,0.0,True
390066,WELLSPAN GOOD SAMARITAN HOSPITAL,PA,5.0,63.0,0.96,0.0,5.0,0.0,True
390067,UPMC PINNACLE HOSPITALS,PA,4.0,73.0,1.05,0.0,6.0,0.0,True
390068,UPMC LITITZ,PA,4.0,78.0,0.98,0.0,5.0,0.0,True
39006F,LEBANON VA MEDICAL CENTER,PA,5.0,88.0,,0.0,5.0,0.0,False
390070,LOWER BUCKS HOSPITAL,PA,3.0,60.0,0.94,0.0,5.0,0.0,True
390073,UPMC ALTOONA,PA,3.0,48.0,1.12,0.0,6.0,0.0,True
390079,ROBERT PACKER HOSPITAL,PA,2.0,72.0,0.98,0.0,6.0,0.0,True
390086,PENN HIGHLANDS DUBOIS,PA,2.0,54.0,0.99,0.0,6.0,0.0,True
390090,WEST PENN HOSPITAL,PA,3.0,75.0,1.07,0.0,4.0,0.0,True
390091,UPMC NORTHWEST,PA,4.0,60.0,0.96,0.0,5.0,0.0,True
390093,CLARION HOSPITAL,PA,2.0,64.0,0.95,0.0,4.0,0.0,True
390096,PENN STATE HEALTH ST. JOSEPH,PA,3.0,74.0,1.05,0.0,5.0,0.0,True
390097,HOLY REDEEMER HOSPITAL AND MEDICAL CENTER,PA,3.0,68.0,0.93,0.0,6.0,0.0,True
39009F,PHILADELPHIA VA MEDICAL CENTER,PA,5.0,65.0,,0.0,6.0,0.0,False
390100,LANCASTER GENERAL HOSPITAL,PA,5.0,73.0,0.97,0.0,6.0,0.0,True
390101,UPMC MEMORIAL,PA,4.0,75.0,1.1,0.0,6.0,0.0,True
390102,UPMC ST MARGARET,PA,3.0,76.0,1.01,0.0,5.0,0.0,True
390107,UPMC PASSAVANT,PA,4.0,79.0,0.98,0.0,6.0,0.0,True
390110,CONEMAUGH MEMORIAL MEDICAL CENTER,PA,2.0,47.0,1.03,0.0,5.0,0.0,True
390111,HOSPITAL OF UNIV OF PENNSYLVANIA,PA,5.0,83.0,1.03,0.0,5.0,0.0,True
390112,CHAN SOON- SHIONG MEDICAL CENTER AT WINDBER,PA,2.0,78.0,1.02,0.0,5.0,0.0,True
390113,MEADVILLE MEDICAL CENTER,PA,4.0,63.0,0.94,0.0,6.0,0.0,True
390114,MAGEE WOMENS HOSPITAL OF UPMC HEALTH SYSTEM,PA,4.0,78.0,1.02,0.0,4.0,0.0,True
390115,JEFFERSON HEALTH- NORTHEAST,PA,2.0,61.0,1.05,1.0,6.0,0.16666666666666666,True
390116,SUBURBAN COMMUNITY HOSPITAL,PA,4.0,65.0,0.9,0.0,3.0,0.0,True
390117,UPMC BEDFORD MEMORIAL,PA,4.0,65.0,1.04,0.0,4.0,0.0,True
390123,POTTSTOWN HOSPITAL,PA,2.0,52.0,1.0,0.0,6.0,0.0,True
390125,WAYNE MEMORIAL HOSPITAL,PA,2.0,61.0,1.02,0.0,6.0,0.0,True
390127,PHOENIXVILLE HOSPITAL,PA,3.0,71.0,0.98,0.0,5.0,0.0,True
39012F,VA PITTSBURGH HEALTHCARE SYSTEM - UNIV DR,PA,4.0,74.0,,1.0,6.0,0.16666666666666666,False
390133,LEHIGH VALLEY HOSPITAL,PA,4.0,70.0,0.96,2.0,6.0,0.3333333333333333,True
390137,WILKES-BARRE GENERAL HOSPITAL,PA,2.0,54.0,1.18,0.0,6.0,0.0,True
390138,WELLSPAN WAYNESBORO HOSPITAL,PA,4.0,75.0,0.89,0.0,4.0,0.0,True
390139,BRYN MAWR HOSPITAL,PA,5.0,81.0,1.0,0.0,6.0,0.0,True
39013F,WILKES BARRE VA MEDICAL CENTER,PA,5.0,83.0,,0.0,6.0,0.0,False
390142,JEFFERSON EINSTEIN PHILADELPHIA HOSPITAL,PA,3.0,56.0,1.05,0.0,6.0,0.0,True
390145,EXCELA HEALTH WESTMORELAND REGIONAL HOSPITAL,PA,3.0,55.0,0.94,0.0,6.0,0.0,True
390146,WARREN GENERAL HOSPITAL,PA,3.0,58.0,0.91,0.0,5.0,0.0,True
390147,PENN HIGHLANDS MON VALLEY,PA,1.0,48.0,0.97,0.0,5.0,0.0,True
390150,UPMC GREENE,PA,,56.0,1.02,0.0,2.0,0.0,False
390151,WELLSPAN CHAMBERSBURG HOSPITAL,PA,4.0,58.0,0.94,0.0,5.0,0.0,True
390153,PAOLI HOSPITAL,PA,5.0,80.0,1.0,0.0,6.0,0.0,True
390156,MERCY CATHOLIC MEDICAL CENTER- MERCY FITZGERALD,PA,2.0,56.0,1.04,0.0,5.0,0.0,True
390160,CANONSBURG GENERAL HOSPITAL,PA,3.0,78.0,1.04,0.0,3.0,0.0,True
390162,ST LUKE'S HOSPITAL - EASTON CAMPUS,PA,4.0,76.0,0.95,0.0,4.0,0.0,True
390163,ACMH HOSPITAL,PA,3.0,61.0,0.92,0.0,4.0,0.0,True
390164,UPMC PRESBYTERIAN SHADYSIDE,PA,4.0,71.0,1.01,0.0,6.0,0.0,True
390168,INDEPENDENCE HEALTH SYSTEM BUTLER MEMORIAL HOSPITA,PA,2.0,72.0,0.94,0.0,5.0,0.0,True
390173,INDIANA REGIONAL MEDICAL CENTER,PA,2.0,56.0,0.98,0.0,6.0,0.0,True
390174,THOMAS JEFFERSON UNIVERSITY HOSPITAL,PA,3.0,68.0,1.0,2.0,6.0,0.3333333333333333,True
390178,UPMC HORIZON,PA,4.0,69.0,0.95,0.0,5.0,0.0,True
390179,CHESTER COUNTY HOSPITAL,PA,5.0,78.0,0.97,0.0,6.0,0.0,True
390180,CROZER CHESTER MEDICAL CENTER,PA,1.0,,1.09,0.0,5.0,0.0,False
390183,ST LUKE'S MINERS MEMORIAL HOSPITAL,PA,4.0,79.0,0.89,0.0,4.0,0.0,True
390184,PENN HIGHLANDS CONNELLSVILLE,PA,,60.0,0.83,0.0,1.0,0.0,False
390185,LEHIGH VALLEY HOSPITAL - HAZLETON,PA,2.0,55.0,1.0,0.0,5.0,0.0,True
390195,MAIN LINE HOSPITAL LANKENAU,PA,4.0,79.0,1.0,0.0,6.0,0.0,True
390198,LECOM MEDICAL CENTER AND BEHAVIORAL HEALTH PAV,PA,1.0,69.0,1.15,0.0,3.0,0.0,True
390199,PUNXSUTAWNEY AREA HOSPITAL,PA,2.0,76.0,0.95,0.0,3.0,0.0,True
390201,LEHIGH VALLEY HOSPITAL - POCONO,PA,3.0,68.0,0.99,0.0,6.0,0.0,True
390203,DOYLESTOWN HOSPITAL,PA,4.0,82.0,0.95,0.0,6.0,0.0,True
390204,NAZARETH HOSPITAL,PA,2.0,52.0,1.06,0.0,5.0,0.0,True
390211,SHARON REGIONAL MEDICAL CENTER,PA,3.0,,0.96,0.0,6.0,0.0,False
390217,EXCELA HEALTH - FRICK HOSPITAL,PA,3.0,61.0,0.93,0.0,4.0,0.0,True
390219,EXCELA HEALTH LATROBE HOSPITAL,PA,4.0,63.0,0.93,0.0,5.0,0.0,True
390222,RIDDLE MEMORIAL HOSPITAL,PA,4.0,74.0,0.99,0.0,6.0,0.0,True
390223,PENN PRESBYTERIAN MEDICAL CENTER,PA,4.0,72.0,0.99,0.0,6.0,0.0,True
390225,WELLSPAN EPHRATA COMMUNITY HOSPITAL,PA,5.0,65.0,0.93,0.0,5.0,0.0,True
390226,PENNSYLVANIA HOSPITAL,PA,4.0,71.0,1.01,0.0,6.0,0.0,True
390228,ST CLAIR HOSPITAL,PA,4.0,75.0,0.94,0.0,6.0,0.0,True
390231,JEFFERSON ABINGTON HOSPITAL,PA,3.0,61.0,0.97,3.0,6.0,0.5,True
390233,UPMC HANOVER,PA,4.0,67.0,1.01,0.0,6.0,0.0,True
390237,REGIONAL HOSPITAL OF SCRANTON,PA,2.0,64.0,1.08,0.0,5.0,0.0,True
390256,MILTON S HERSHEY MEDICAL CENTER,PA,4.0,78.0,1.05,0.0,6.0,0.0,True
390258,ST MARY MEDICAL CENTER,PA,2.0,58.0,1.07,1.0,6.0,0.16666666666666666,True
390265,JEFFERSON HOSPITAL,PA,4.0,74.0,0.97,0.0,6.0,0.0,True
390266,GROVE CITY MEDICAL CENTER,PA,4.0,67.0,0.81,0.0,3.0,0.0,True
390267,FORBES HOSPITAL,PA,3.0,69.0,1.03,1.0,6.0,0.16666666666666666,True
390268,MOUNT NITTANY MEDICAL CENTER,PA,5.0,71.0,1.03,0.0,6.0,0.0,True
390270,GEISINGER WYOMING VALLEY MEDICAL CENTER,PA,4.0,62.0,1.0,0.0,6.0,0.0,True
390272,VALLEY FORGE MEDICAL CENTER,PA,,,0.88,0.0,0.0,,False
390278,EAGLEVILLE HOSPITAL,PA,,,,0.0,0.0,,False
390304,ROXBOROUGH MEMORIAL HOSPITAL,PA,2.0,58.0,0.98,0.0,3.0,0.0,True
390307,EDGEWOOD SURGICAL HOSPITAL,PA,,,,0.0,1.0,0.0,False
390316,SURGICAL INSTITUTE OF READING,PA,,88.0,0.93,0.0,2.0,0.0,False
390322,ROTHMAN ORTHOPAEDIC SPECIALTY HOSPITAL,PA,,84.0,0.77,0.0,2.0,0.0,False
390323,ADVANCED SURGICAL HOSPITAL,PA,,92.0,0.84,0.0,2.0,0.0,False
390324,PHYSICIANS CARE SURGICAL HOSPITAL,PA,,88.0,0.86,0.0,2.0,0.0,False
390325,OSS ORTHOPAEDIC HOSPITAL,PA,,93.0,0.75,0.0,2.0,0.0,False
390327,WELLSPAN SURGERY AND REHABILITATION HOSPITAL,PA,,87.0,1.09,0.0,1.0,0.0,False
390328,UPMC EAST,PA,4.0,71.0,1.0,0.0,6.0,0.0,True
390329,JEFFERSON EINSTEIN MONTGOMERY HOSPITAL,PA,4.0,60.0,1.04,0.0,5.0,0.0,True
390330,ST LUKE'S HOSPITAL - MONROE CAMPUS,PA,5.0,76.0,0.92,0.0,6.0,0.0,True
390331,WILLS EYE HOSPITAL,PA,,95.0,,0.0,0.0,,False
390332,GEISINGER ST. LUKE'S  HOSPITAL,PA,5.0,86.0,0.94,0.0,4.0,0.0,True
390333,"AHN EMERUS WESTMORELAND, LLC",PA,,88.0,0.62,0.0,2.0,0.0,False
390334,AHN WEXFORD HOSPITAL,PA,5.0,89.0,0.96,0.0,4.0,0.0,True
390335,ST LUKE'S HOSPITAL - CARBON CAMPUS,PA,5.0,84.0,0.93,0.0,5.0,0.0,True
390336,PENN STATE HEALTH HAMPDEN MEDICAL CENTER,PA,4.0,77.0,1.1,0.0,5.0,0.0,True
390337,GEISINGER MEDICAL CENTER MUNCY,PA,4.0,88.0,0.87,0.0,3.0,0.0,True
390338,LEHIGH VALLEY HOSPITAL - DICKSON CITY,PA,3.0,84.0,1.01,0.0,4.0,0.0,True
390339,PENN STATE HEALTH LANCASTER MEDICAL CENTER,PA,3.0,79.0,0.99,0.0,5.0,0.0,True
390430,LEHIGH VALLEY HOSPITAL - MACUNGIE,PA,,84.0,,0.0,0.0,,False
391300,GEISINGER JERSEY SHORE HOSPITAL,PA,3.0,82.0,,0.0,3.0,0.0,False
391301,UPMC MUNCY,PA,4.0,84.0,,0.0,3.0,0.0,False
391302,CONEMAUGH MEYERSDALE MEDICAL CENTER,PA,,80.0,,0.0,0.0,,False
391303,FULTON COUNTY MEDICAL CENTER,PA,3.0,72.0,,0.0,4.0,0.0,False
391304,BUCKTAIL MEDICAL CENTER,PA,,,,0.0,0.0,,False
391305,TROY COMMUNITY HOSPITAL,PA,4.0,86.0,,0.0,4.0,0.0,False
391306,ENDLESS MOUNTAINS HEALTH SYSTEMS,PA,1.0,76.0,,0.0,4.0,0.0,False
391307,PENN HIGHLANDS TYRONE,PA,,77.0,,0.0,1.0,0.0,False
391308,LECOM HEALTH CORRY MEMORIAL HOSPITAL,PA,,61.0,,0.0,2.0,0.0,False
391309,BARNES-KASSON COUNTY HOSPITAL,PA,,65.0,,0.0,1.0,0.0,False
391312,PENN HIGHLANDS BROOKVILLE,PA,4.0,74.0,,0.0,2.0,0.0,False
391313,UPMC COLE,PA,4.0,69.0,,0.0,5.0,0.0,False
391314,TITUSVILLE AREA HOSPITAL,PA,2.0,80.0,,0.0,3.0,0.0,False
391315,PENN HIGHLANDS ELK,PA,4.0,60.0,,0.0,4.0,0.0,False
391316,UPMC WELLSBORO,PA,3.0,70.0,,0.0,5.0,0.0,False
391317,CONEMAUGH MINERS MEDICAL CENTER,PA,,80.0,,0.0,1.0,0.0,False
391318,UPMC KANE,PA,,,,0.0,0.0,,False
393302,UPMC CHILDREN'S HOSPITAL OF PITTSBURGH,PA,,,,0.0,0.0,,False
393303,CHILDREN'S HOSPITAL OF PHILADELPHIA,PA,,,,0.0,0.0,,False
393304,CHILDREN'S HOME OF PITTSBURGH,PA,,,,0.0,0.0,,False
393307,ST CHRISTOPHER'S HOSPITAL FOR CHILDREN,PA,,,,0.0,0.0,,False
393309,SHRINERS HOSPITALS FOR CHILDREN - PHILADELPHIA,PA,,,,0.0,0.0,,False
394001,NORRISTOWN STATE HOSPITAL,PA,,,,,,,False
394004,DANVILLE STATE HOSPITAL,PA,,,,,,,False
394008,FRIENDS HOSPITAL,PA,,,,,,,False
394012,CLARKS SUMMIT STATE HOSPITAL,PA,,,,,,,False
394014,WERNERSVILLE STATE HOSPITAL,PA,,,,,,,False
394016,WARREN STATE HOSPITAL,PA,,,,,,,False
394020,PHILHAVEN HOSPITAL,PA,,,,,,,False
394023,BELMONT BEHAVIORAL HOSPITAL,PA,,,,,,,False
394026,TORRANCE STATE HOSPITAL,PA,,,,,,,False
394027,FAIRMOUNT BEHAVIORAL HEALTH SYSTEM,PA,,,,,,,False
394033,MONTGOMERY COUNTY EMERGENCY SERVICE,PA,,,,,,,False
394034,HORSHAM CLINIC,PA,,,,,,,False
394038,FOUNDATIONS BEHAVIORAL HEALTH,PA,,,,,,,False
394040,MEADOWS PSYCHIATRIC CENTER,PA,,,,,,,False
394043,CLARION PSYCHIATRIC CENTER,PA,,,,,,,False
394049,BROOKE GLEN BEHAVIORAL HOSPITAL,PA,,,,,,,False
394050,ROXBURY TREATMENT CENTER,PA,,,,,,,False
394051,PENNSYLVANIA PSYCHIATRIC INSTITUTE,PA,,,,,,,False
394052,HAVEN BEHAVIORAL HOSPITAL OF EASTERN PENNSYLVANIA,PA,,,,,,,False
394053,HAVEN BEHAVIORAL HOSPITAL OF PHILADELPHIA,PA,,,,,,,False
394055,LANCASTER BEHAVIORAL HEALTH HOSPITAL,PA,,,,,,,False
394056,TOWER BEHAVIORAL HEALTH,PA,,,,,,,False
394057,MALVERN BEHAVIORAL HEALTH,PA,,,,,,,False
394058,BERWICK HOSPITAL CENTER,PA,,,,,,,False
394059,GEISINGER BEHAVIORAL HEALTH CENTER NORTHEAST,PA,,,,,,,False
394062,HAVEN BEHAVIORAL HOSPITAL OF WEST CHESTER,PA,,,,,,,False
400001,PRESBYTERIAN COMMUNITY HOSPITAL,PR,,,,0.0,3.0,0.0,False
400003,HOSPITAL METROPOLITANO DR PILA,PR,,,,0.0,1.0,0.0,False
400004,"ASOCIACION HOSPITAL DEL MAESTRO, INC",PR,,,,0.0,1.0,0.0,False
400005,HOPE MEDICAL CENTER,PR,,,,0.0,0.0,,False
400006,DOCTOR'S CENTER DE SAN JUAN,PR,,64.0,,0.0,2.0,0.0,False
400007,RYDER MEMORIAL HOSPITAL INC,PR,,,,0.0,1.0,0.0,False
400010,HOSPITAL GENERAL DE CASTANER,PR,,,,0.0,0.0,,False
400011,"HOSPITAL MENONITA HUMACAO, INC",PR,,,,0.0,1.0,0.0,False
400012,HOSPITAL ONCOLOGICO DR ISAAC GONZALEZ MARTINEZ,PR,,,,0.0,0.0,,False
400013,HOSPITAL MENONITA DE CAYEY,PR,,,,0.0,1.0,0.0,False
400014,BELLA VISTA HOSPITAL,PR,,,,0.0,2.0,0.0,False
400015,SAN JUAN MUNICIPALITY HOSPITAL,PR,,,,0.0,1.0,0.0,False
400016,AUXILIO MUTUO HOSPITAL,PR,4.0,,,0.0,6.0,0.0,False
400018,HOSPITAL MENONITA DE AIBONITO,PR,,,,1.0,1.0,1.0,False
400019,HOSPITAL PAVIA SANTURCE,PR,1.0,,,0.0,4.0,0.0,False
400021,HOSPITAL DE LA CONCEPCION,PR,,,,0.0,2.0,0.0,False
400022,HOSPITAL DAMAS INC,PR,,59.0,,0.0,1.0,0.0,False
400032,BAYAMON MEDICAL CENTER,PR,,50.0,,0.0,1.0,0.0,False
40003F,SAN JUAN VA MEDICAL CENTER,PR,2.0,77.0,,2.0,6.0,0.3333333333333333,False
400044,HOSPITAL EPISCOPAL SAN LUCAS II,PR,,,,0.0,2.0,0.0,False
400048,HOSPITAL MENONITA GUAYAMA,PR,,,,0.0,1.0,0.0,False
400061,HOSPITAL UNIVERSITARIO DE ADULTO,PR,,,,0.0,1.0,0.0,False
400079,HOSPITAL  COMUNITARIO BUEN SAMARITANO INC,PR,,,,0.0,1.0,0.0,False
400087,HOSPITAL PAVIA ARECIBO,PR,,,,0.0,1.0,0.0,False
400098,HOSPITAL SAN FRANCISCO,PR,,,,0.0,1.0,0.0,False
400102,DOCTORS' CENTER BAYAMON,PR,,56.0,,0.0,1.0,0.0,False
400103,MAYAGUEZ MEDICAL CENTER DR RAMON EMETERIO BETANCES,PR,1.0,55.0,,0.0,3.0,0.0,False
400104,HOSPITAL MENONITA CAGUAS INC,PR,,,,1.0,2.0,0.5,False
400105,HOSPITAL UNIVERSITARIO DR RUIZ ARNAU,PR,,,,0.0,1.0,0.0,False
400106,METROPOLITAN HOSPITAL,PR,,,,0.0,1.0,0.0,False
400109,HOSPITAL ESPANOL AUXILIO MUTUO SAN PABLO,PR,,,,0.0,4.0,0.0,False
400110,HOSPITAL PAVIA YAUCO,PR,,,,0.0,1.0,0.0,False
400111,HOSPITAL SAN CARLOS BORROMEO,PR,,,,0.0,1.0,0.0,False
400112,"HOSPITAL UPR, DR  FEDERICO TRILLA",PR,,,,0.0,1.0,0.0,False
400113,HOSPITAL MENONITA PONCE,PR,,,,0.0,1.0,0.0,False
400114,MANATI MEDICAL CENTER DR OTERO LOPEZ,PR,1.0,66.0,,0.0,1.0,0.0,False
400115,CENTRO MEDICO WILMA N VAZQUEZ,PR,,,,0.0,1.0,0.0,False
400117,HOSPITAL METROPOLITANO  DR SUSONI,PR,,,,0.0,1.0,0.0,False
400118,"DOCTORS' CENTER HOSPITAL, INC",PR,1.0,72.0,,0.0,1.0,0.0,False
400120,HOSPITAL PAVIA CAGUAS,PR,,,,1.0,1.0,1.0,False
400122,PROFESSIONAL HOSPITAL GUAYNABO INC,PR,,,,0.0,0.0,,False
400123,HOSPITAL PEREA,PR,,,,0.0,1.0,0.0,False
400124,CENTRO CARDIOVASCULAR DE PUERTO RICO Y EL CARIBE,PR,,,,0.0,3.0,0.0,False
400126,HOSPITAL METROPOLITANO DE SAN GERMAN,PR,,,,0.0,1.0,0.0,False
400127,ASEM,PR,,,,0.0,0.0,,False
400128,"HOSPITAL PAVIA HATO REY, INC",PR,,,,0.0,1.0,0.0,False
400130,HOSPITAL METROPOLITANO DE LA MONTANA,PR,,,,0.0,0.0,,False
400131,CARIBBEAN MEDICAL CENTER,PR,,,,0.0,0.0,,False
400132,DOCTORS CENTER HOSPITAL  CAROLINA LLC,PR,,62.0,,0.0,1.0,0.0,False
400134,THE SAN JORGE HOSPITAL INC,PR,,,,0.0,0.0,,False
400135,HOSPITAL  CENTRO COMPRENSIVO DEL CANCER,PR,,,,0.0,1.0,0.0,False
400137,DOCTORS CENTER HOSPITAL ORLANDO HEALTH DORADO,PR,2.0,73.0,,0.0,1.0,0.0,False
400138,PUERTO RICO WOMEN AND CHILDREN HOSPITAL LLC,PR,,,,0.0,0.0,,False
400139,HOSPITAL EPISCOPAL  SAN LUCAS METRO,PR,,,,0.0,0.0,,False
400141,CENTRO MEDICO DEL NORESTE,PR,,,,0.0,0.0,,False
403301,UNIVERSITY PEDIATRIC HOSPITAL,PR,,,,0.0,0.0,,False
404004,FIRST HOSPITAL PANAMERICANO,PR,,,,,,,False
404005,SAN JUAN CAPESTRANO  HOSPITAL INC,PR,,,,,,,False
404007,HOSPITAL METROPOLITANO  PSIQUIATRICO DE CABO ROJO,PR,,,,,,,False
404009,CENTRO DE SALUD CONDUCTUAL MENONITA-CIMA,PR,,,,,,,False
410004,ROGER WILLIAMS MEDICAL CENTER,RI,3.0,62.0,1.02,0.0,4.0,0.0,True
410005,OUR LADY OF FATIMA HOSPITAL,RI,3.0,69.0,1.02,0.0,5.0,0.0,True
410006,NEWPORT HOSPITAL,RI,4.0,74.0,0.99,0.0,5.0,0.0,True
410007,RHODE ISLAND HOSPITAL,RI,4.0,71.0,1.02,0.0,5.0,0.0,True
410008,SOUTH COUNTY HOSPITAL INC,RI,4.0,80.0,0.95,0.0,5.0,0.0,True
410009,KENT COUNTY MEMORIAL HOSPITAL,RI,3.0,62.0,1.03,1.0,6.0,0.16666666666666666,True
410010,WOMEN & INFANTS HOSPITAL OF RHODE ISLAND,RI,4.0,70.0,1.04,0.0,1.0,0.0,True
410011,LANDMARK MEDICAL CENTER,RI,2.0,61.0,0.97,1.0,5.0,0.2,True
410012,THE MIRIAM HOSPITAL,RI,4.0,75.0,0.96,0.0,6.0,0.0,True
410013,WESTERLY HOSPITAL,RI,4.0,74.0,0.94,0.0,4.0,0.0,True
41005F,PROVIDENCE VA MEDICAL CENTER,RI,4.0,77.0,,1.0,6.0,0.16666666666666666,False
414000,BUTLER HOSPITAL,RI,,,,,,,False
414003,EMMA PENDLETON BRADLEY HOSPITAL,RI,,,,,,,False
420002,PIEDMONT MEDICAL CENTER,SC,2.0,50.0,1.03,0.0,6.0,0.0,True
420004,MUSC MEDICAL CENTER,SC,2.0,72.0,0.98,0.0,6.0,0.0,True
420005,MCLEOD MEDICAL CENTER - DILLON,SC,3.0,70.0,0.87,0.0,4.0,0.0,True
420007,SPARTANBURG MEDICAL CENTER,SC,2.0,69.0,1.03,0.0,6.0,0.0,True
420009,PRISMA HEALTH OCONEE MEMORIAL HOSPITAL,SC,4.0,70.0,1.0,0.0,6.0,0.0,True
420010,CAROLINA PINES REGIONAL MEDICAL CENTER,SC,2.0,64.0,1.01,0.0,4.0,0.0,True
420011,CANNON MEMORIAL HOSPITAL,SC,,85.0,1.06,0.0,2.0,0.0,False
420015,PRISMA HEALTH BAPTIST EASLEY HOSPITAL,SC,4.0,65.0,0.96,0.0,4.0,0.0,True
420018,PRISMA HEALTH RICHLAND HOSPITAL,SC,3.0,67.0,1.05,0.0,5.0,0.0,True
420019,MUSC HEALTH CHESTER MEDICAL CENTER,SC,,54.0,1.03,0.0,2.0,0.0,False
420020,TIDELANDS GEORGETOWN MEMORIAL HOSPITAL,SC,2.0,58.0,0.94,0.0,5.0,0.0,True
420023,ST FRANCIS-DOWNTOWN,SC,4.0,77.0,1.01,0.0,6.0,0.0,True
420026,MUSC HEALTH COLUMBIA MEDICAL CENTER DOWNTOWN,SC,3.0,69.0,1.02,0.0,6.0,0.0,True
420027,ANMED HEALTH,SC,4.0,66.0,1.11,0.0,5.0,0.0,True
420030,COLLETON MEDICAL CENTER,SC,3.0,67.0,0.95,0.0,5.0,0.0,True
420033,PRISMA HEALTH GREER MEMORIAL HOSPITAL,SC,5.0,79.0,0.95,0.0,4.0,0.0,True
420036,MUSC HEALTH LANCASTER MEDICAL CENTER,SC,4.0,61.0,1.07,0.0,4.0,0.0,True
420037,PRISMA HEALTH HILLCREST HOSPITAL,SC,4.0,73.0,0.98,0.0,4.0,0.0,True
420038,PRISMA HEALTH LAURENS COUNTY HOSPITAL,SC,4.0,63.0,0.93,0.0,4.0,0.0,True
420043,CHEROKEE MEDICAL CENTER,SC,2.0,65.0,0.95,0.0,4.0,0.0,True
420048,KERSHAWHEALTH,SC,3.0,57.0,1.1,0.0,5.0,0.0,True
420049,CONWAY MEDICAL CENTER,SC,2.0,68.0,1.03,0.0,5.0,0.0,True
420051,MCLEOD REGIONAL MEDICAL CENTER-PEE DEE,SC,3.0,72.0,1.0,1.0,6.0,0.16666666666666666,True
420053,NEWBERRY COUNTY MEMORIAL HOSPITAL,SC,3.0,77.0,1.01,0.0,4.0,0.0,True
420055,MUSC HEALTH MARION MEDICAL CENTER,SC,3.0,70.0,0.95,0.0,3.0,0.0,True
420065,BON SECOURS-ST FRANCIS XAVIER HOSPITAL,SC,3.0,79.0,1.01,0.0,4.0,0.0,True
420067,BEAUFORT COUNTY MEMORIAL HOSPITAL,SC,4.0,61.0,0.96,0.0,6.0,0.0,True
420070,PRISMA HEALTH TUOMEY HOSPITAL,SC,3.0,55.0,0.95,0.0,4.0,0.0,True
420071,SELF REGIONAL HEALTHCARE,SC,4.0,72.0,1.07,0.0,6.0,0.0,True
420072,HAMPTON REGIONAL MEDICAL CENTER,SC,,75.0,0.96,0.0,3.0,0.0,False
420073,LEXINGTON MEDICAL CENTER,SC,3.0,80.0,1.0,0.0,6.0,0.0,True
420078,PRISMA HEALTH GREENVILLE MEMORIAL HOSPITAL,SC,4.0,69.0,1.03,0.0,5.0,0.0,True
420079,TRIDENT MEDICAL CENTER,SC,3.0,65.0,1.01,0.0,6.0,0.0,True
420080,NOVANT HEALTH HILTON HEAD MEDICAL CENTER,SC,2.0,52.0,1.02,0.0,6.0,0.0,True
420082,AIKEN REGIONAL MEDICAL CENTER,SC,2.0,56.0,0.95,0.0,5.0,0.0,True
420085,GRAND STRAND REGIONAL MEDICAL CENTER,SC,2.0,65.0,0.96,0.0,6.0,0.0,True
420086,PRISMA HEALTH BAPTIST,SC,4.0,70.0,1.04,0.0,5.0,0.0,True
420087,ROPER HOSPITAL,SC,4.0,80.0,1.02,0.0,6.0,0.0,True
420089,EAST COOPER MEDICAL CENTER,SC,4.0,75.0,0.99,0.0,4.0,0.0,True
420091,MUSC HEALTH FLORENCE MEDICAL CENTER,SC,3.0,72.0,0.98,0.0,5.0,0.0,True
420098,TIDELANDS WACCAMAW COMMUNITY HOSPITAL,SC,4.0,70.0,0.99,0.0,6.0,0.0,True
42009F,NH Beaufort,SC,,,,0.0,0.0,,False
420101,COASTAL CAROLINA HOSPITAL,SC,4.0,61.0,1.03,0.0,4.0,0.0,True
420102,PRISMA HEALTH  PATEWOOD HOSPITAL,SC,5.0,81.0,0.9,0.0,2.0,0.0,True
420103,PELHAM MEDICAL CENTER,SC,5.0,87.0,1.03,0.0,4.0,0.0,True
420104,MOUNT PLEASANT HOSPITAL,SC,5.0,83.0,0.97,0.0,5.0,0.0,True
420105,MCLEOD LORIS  HOSPITAL,SC,4.0,79.0,1.0,0.0,6.0,0.0,True
420106,PRISMA HEALTH BAPTIST PARKRIDGE,SC,4.0,74.0,0.98,0.0,4.0,0.0,True
420107,MCLEOD HEALTH CHERAW,SC,3.0,68.0,1.04,0.0,4.0,0.0,True
420108,UNION MEDICAL CENTER,SC,,73.0,0.84,0.0,2.0,0.0,False
420109,MCLEOD HEALTH CLARENDON,SC,3.0,65.0,0.94,0.0,4.0,0.0,True
420110,ROPER ST FRANCIS HOSPITAL-BERKELEY INC,SC,5.0,82.0,0.96,0.0,5.0,0.0,True
42011F,COLUMBIA SC VA MEDICAL CENTER,SC,5.0,74.0,,0.0,5.0,0.0,False
42029F,CHARLESTON VA MEDICAL CENTER,SC,5.0,81.0,,1.0,6.0,0.16666666666666666,False
421300,ALLENDALE COUNTY HOSPITAL,SC,,79.0,,0.0,1.0,0.0,False
421301,ABBEVILLE AREA MEDICAL CENTER,SC,,81.0,,0.0,2.0,0.0,False
421304,EDGEFIELD COUNTY HEALTHCARE AN AFFILIATE OF SELF R,SC,,,,0.0,0.0,,False
423300,SHRINERS HOSPITALS FOR CHILDREN,SC,,,,0.0,0.0,,False
424002,LIGHTHOUSE BEHAVIORAL HEALTH HOSPITAL,SC,,,,,,,False
424005,G WERBER BRYAN PSYCH HOSP,SC,,,,,,,False
424006,PALMETTO LOWCOUNTRY BEHAVIORAL HEALTH,SC,,,,,,,False
424007,SPRINGBROOK BEHAVIORAL HEALTH SYSTEM,SC,,,,,,,False
424008,THREE RIVERS BEHAVIORAL HEALTH,SC,,,,,,,False
424010,"CAROLINA CTR FOR BEHAVIORAL HEALTH,THE",SC,,,,,,,False
424011,PATRICK B HARRIS PSYCHIATRIC HOSPITAL,SC,,,,,,,False
424014,REBOUND BEHAVIORAL HEALTH,SC,,,,,,,False
430005,"PRAIRIE LAKES HEALTHCARE SYSTEM, INC",SD,3.0,61.0,0.98,0.0,6.0,0.0,True
430008,BROOKINGS HEALTH SYSTEM,SD,4.0,82.0,0.91,0.0,4.0,0.0,True
430012,AVERA SACRED HEART HOSPITAL,SD,3.0,70.0,0.94,0.0,4.0,0.0,True
430014,AVERA ST LUKES,SD,4.0,73.0,1.02,0.0,6.0,0.0,True
430015,AVERA ST MARY'S HOSPITAL,SD,2.0,61.0,0.93,0.0,5.0,0.0,True
430016,AVERA MCKENNAN HOSPITAL & UNIVERSITY HEALTH CENTER,SD,4.0,76.0,1.02,0.0,5.0,0.0,True
430027,SANFORD USD MEDICAL CENTER,SD,5.0,75.0,1.07,0.0,6.0,0.0,True
43002F,VA BLACK HILLS HEALTHCARE SYSTEM,SD,5.0,82.0,,0.0,4.0,0.0,False
430048,MONUMENT HEALTH SPEARFISH HOSPITAL,SD,4.0,84.0,0.92,0.0,3.0,0.0,True
43005F,SIOUX FALLS VA MEDICAL CENTER,SD,5.0,88.0,,0.0,5.0,0.0,False
430077,MONUMENT HEALTH RAPID CITY HOSPITAL,SD,3.0,65.0,1.0,0.0,6.0,0.0,True
430084,PHS INDIAN HOSPITAL AT ROSEBUD,SD,,57.0,0.89,0.0,1.0,0.0,False
430089,DUNES SURGICAL HOSPITAL,SD,,83.0,0.95,0.0,2.0,0.0,False
430090,SIOUX FALLS SPECIALTY HOSPITAL,SD,,84.0,0.94,0.0,2.0,0.0,False
430091,BLACK HILLS SURGICAL HOSPITAL LLC,SD,,89.0,0.87,0.0,2.0,0.0,False
430093,SAME DAY SURGERY CENTER LLC,SD,,,,0.0,0.0,,False
430095,AVERA HEART HOSPITAL OF SOUTH DAKOTA,SD,5.0,89.0,1.02,0.0,3.0,0.0,True
430097,SANFORD MEDICAL CENTER ABERDEEN,SD,4.0,76.0,0.91,0.0,4.0,0.0,True
430098,PINE RIDGE IHS HOSPITAL,SD,,48.0,0.73,0.0,3.0,0.0,False
430779,LANDMANN JUNGMAN MEMORIAL HOSPITAL CORPORATION,SD,,,,0.0,0.0,,False
431300,MADISON REGIONAL HEALTH SYSTEM,SD,,62.0,,0.0,2.0,0.0,False
431301,FAULKTON AREA MEDICAL CENTER,SD,,,,0.0,2.0,0.0,False
431302,AVERA MISSOURI RIVER HEALTH CENTER,SD,,,,0.0,2.0,0.0,False
431305,DOUGLAS COUNTY MEMORIAL HOSPITAL-CAH,SD,,83.0,,0.0,1.0,0.0,False
431306,PLATTE HEALTH CENTER,SD,,84.0,,0.0,2.0,0.0,False
431307,SANFORD CLEAR LAKE MEDICAL CENTER,SD,,,,0.0,0.0,,False
431308,EUREKA COMMUNITY HEALTH SERVICES - CAH,SD,,,,0.0,1.0,0.0,False
431309,COMMUNITY MEMORIAL HOSPITAL,SD,,,,0.0,1.0,0.0,False
431310,AVERA FLANDREAU HOSPITAL - CAH,SD,,,,0.0,2.0,0.0,False
431311,SANFORD HOSPITAL WEBSTER - CAH,SD,,,,0.0,1.0,0.0,False
431312,MARSHALL COUNTY HEALTHCARE CENTER - CAH,SD,,84.0,,0.0,1.0,0.0,False
431313,FREEMAN MEDICAL CENTER - CAH,SD,,,,0.0,1.0,0.0,False
431314,BENNETT COUNTY HOSPITAL AND NURSING HOME - CAH,SD,,,,0.0,0.0,,False
431315,WAGNER COMMUNITY MEMORIAL HOSPITAL - CAH,SD,,,,0.0,1.0,0.0,False
431316,COMMUNITY MEMORIAL HOSPITAL,SD,4.0,80.0,,0.0,3.0,0.0,False
431318,BOWDLE HOSPITAL - CAH,SD,,,,0.0,0.0,,False
431319,HANS P PETERSON MEMORIAL HOSPITAL - CAH,SD,,87.0,,0.0,2.0,0.0,False
431320,MONUMENT HEALTH LEAD-DEADWOOD HOSPITAL,SD,,61.0,,0.0,1.0,0.0,False
431321,MONUMENT HEALTH STURGIS HOSPITAL,SD,,70.0,,0.0,4.0,0.0,False
431322,FALL RIVER HOSPITAL - CAH,SD,,70.0,,0.0,2.0,0.0,False
431323,MONUMENT HEALTH CUSTER HOSPITAL,SD,,73.0,,0.0,2.0,0.0,False
431324,AVERA WESKOTA MEMORIAL MEDICAL CENTER - CAH,SD,,,,0.0,1.0,0.0,False
431325,MOBRIDGE REGIONAL HOSPITAL - CAH,SD,,79.0,,0.0,2.0,0.0,False
431326,MILBANK AREA HOSPITAL/AVERA HEALTH,SD,,84.0,,0.0,1.0,0.0,False
431327,ST MICHAEL'S HOSPITAL - CAH,SD,,,,0.0,1.0,0.0,False
431328,PIONEER MEMORIAL HOSPITAL - CAH,SD,,,,0.0,0.0,,False
431329,SANFORD CHAMBERLAIN MEDICAL CENTER,SD,,,,0.0,2.0,0.0,False
431330,AVERA ST BENEDICT HEALTH CENTER - CAH,SD,5.0,88.0,,0.0,3.0,0.0,False
431331,AVERA DELLS AREA HOSPITAL  - CAH,SD,,86.0,,0.0,1.0,0.0,False
431332,AVERA DE SMET MEMORIAL HOSPITAL - CAH,SD,,,,0.0,0.0,,False
431333,SANFORD CANTON-INWOOD MEDICAL CENTER - CAH,SD,,,,0.0,1.0,0.0,False
431334,WINNER REGIONAL HEALTHCARE CENTER - CAH,SD,,,,0.0,2.0,0.0,False
431335,HURON REGIONAL MEDICAL CENTER,SD,2.0,57.0,,0.0,4.0,0.0,False
431336,SANFORD VERMILLION MEDICAL CENTER,SD,,82.0,,0.0,2.0,0.0,False
431337,AVERA HAND COUNTY MEMORIAL HOSPITAL AND CLINIC,SD,,91.0,,0.0,2.0,0.0,False
431338,AVERA GREGORY HOSPITAL,SD,,88.0,,0.0,2.0,0.0,False
431339,COTEAU DES PRAIRIES HEALTH CARE SYSTEM,SD,4.0,47.0,,0.0,3.0,0.0,False
431340,AVERA QUEEN OF PEACE,SD,4.0,65.0,,0.0,5.0,0.0,False
431383,EAGLE BUTTE INDIAN HEALTH SERVICE HOSPITAL,SD,,,,0.0,0.0,,False
433300,LIFESCAPE,SD,,,,0.0,0.0,,False
434003,SOUTH DAKOTA HUMAN SERVICES CENTER,SD,,,,,,,False
440002,JACKSON-MADISON COUNTY GENERAL HOSPITAL,TN,3.0,67.0,1.1,0.0,5.0,0.0,True
440003,HIGHPOINT HEALTH-SUMNER WITH ASCENSION SAINT THOMA,TN,3.0,61.0,1.01,0.0,5.0,0.0,True
440006,TRISTAR SKYLINE MEDICAL CENTER,TN,2.0,65.0,1.07,0.0,5.0,0.0,True
440007,UNITY MEDICAL CENTER,TN,3.0,89.0,1.15,0.0,3.0,0.0,True
440008,HENDERSON COUNTY COMMUNITY HOSPITAL,TN,,75.0,1.2,0.0,1.0,0.0,False
440009,CUMBERLAND MEDICAL CENTER,TN,4.0,64.0,0.95,0.0,6.0,0.0,True
440011,BLOUNT MEMORIAL HOSPITAL,TN,2.0,63.0,0.97,0.0,6.0,0.0,True
440012,WELLMONT BRISTOL REGIONAL MEDICAL CENTER,TN,2.0,57.0,1.04,0.0,6.0,0.0,True
440015,"UNIVERSITY HEALTH SYSTEM, INC",TN,4.0,76.0,0.99,0.0,6.0,0.0,True
440016,BAPTIST MEMORIAL HOSPITAL - CARROLL COUNTY,TN,4.0,79.0,1.02,0.0,3.0,0.0,True
440017,WELLMONT HOLSTON VALLEY MEDICAL CENTER,TN,2.0,57.0,1.1,0.0,6.0,0.0,True
440018,SYCAMORE SHOALS HOSPITAL,TN,2.0,70.0,1.1,0.0,5.0,0.0,True
440020,SOUTHERN TENNESSEE REGIONAL HEALTH SYSTEM PULASKI,TN,3.0,51.0,0.94,0.0,4.0,0.0,True
440029,WILLIAMSON MEDICAL CENTER,TN,5.0,81.0,1.02,0.0,6.0,0.0,True
440030,MORRISTOWN HAMBLEN HOSPITAL ASSOCIATION,TN,2.0,61.0,0.96,0.0,5.0,0.0,True
440031,ROANE MEDICAL CENTER,TN,4.0,74.0,0.87,0.0,4.0,0.0,True
440032,HAWKINS COUNTY MEMORIAL HOSPITAL,TN,,78.0,0.96,0.0,2.0,0.0,False
440033,LAFOLLETTE MEDICAL CENTER,TN,3.0,47.0,1.11,0.0,3.0,0.0,True
440034,METHODIST MEDICAL CENTER OF OAK RIDGE,TN,4.0,69.0,0.95,0.0,6.0,0.0,True
440035,TENNOVA HEALTHCARE - CLARKSVILLE,TN,1.0,40.0,1.01,1.0,5.0,0.2,True
440039,VANDERBILT UNIVERSITY MEDICAL CENTER,TN,5.0,80.0,1.0,0.0,6.0,0.0,True
440046,TRISTAR HORIZON MEDICAL CENTER,TN,3.0,72.0,1.03,0.0,6.0,0.0,True
440048,BAPTIST MEMORIAL HOSPITAL,TN,3.0,69.0,0.99,0.0,6.0,0.0,True
440049,METHODIST HOSPITALS OF MEMPHIS,TN,3.0,65.0,1.03,0.0,6.0,0.0,True
440050,GREENEVILLE COMMUNITY HOSPITAL,TN,2.0,58.0,0.99,0.0,4.0,0.0,True
440053,SAINT THOMAS RUTHERFORD HOSPITAL,TN,3.0,67.0,1.04,0.0,6.0,0.0,True
440056,TENNOVA HEALTHCARE-JEFFERSON MEMORIAL HOSPITAL,TN,2.0,64.0,0.99,0.0,4.0,0.0,True
440057,CLAIBORNE MEDICAL CENTER,TN,,63.0,1.02,0.0,3.0,0.0,False
440058,SOUTHERN TENNESSEE REGIONAL HEALTH SYSTEM WINCHEST,TN,3.0,67.0,1.01,0.0,6.0,0.0,True
440059,COOKEVILLE REGIONAL MEDICAL CENTER,TN,2.0,70.0,0.98,1.0,6.0,0.16666666666666666,True
440060,WEST TENNESSEE HEALTHCARE MILAN HOSPITAL,TN,,82.0,1.03,0.0,2.0,0.0,False
440061,VOLUNTEER COMMUNITY HOSPITAL,TN,2.0,66.0,1.2,0.0,4.0,0.0,True
440063,JOHNSON CITY MEDICAL CENTER,TN,1.0,54.0,1.06,0.0,6.0,0.0,True
440065,TRISTAR NORTHCREST MEDICAL CENTER,TN,3.0,70.0,0.95,0.0,5.0,0.0,True
440068,STARR REGIONAL MEDICAL CENTER ATHENS,TN,3.0,59.0,0.94,0.0,4.0,0.0,True
440072,DYERSBURG REGIONAL MEDICAL CENTER,TN,4.0,62.0,1.13,0.0,4.0,0.0,True
440073,MAURY REGIONAL HOSPITAL,TN,3.0,76.0,1.06,0.0,6.0,0.0,True
440081,LECONTE MEDICAL CENTER,TN,5.0,70.0,0.94,0.0,4.0,0.0,True
440082,ASCENSION SAINT THOMAS HOSPITAL,TN,3.0,77.0,1.02,0.0,6.0,0.0,True
440084,SWEETWATER HOSPITAL ASSOCIATION,TN,1.0,64.0,1.0,0.0,4.0,0.0,True
440091,"MEMORIAL HEALTHCARE SYSTEM, INC",TN,5.0,79.0,1.03,0.0,6.0,0.0,True
440102,LINCOLN MEDICAL CENTER,TN,3.0,63.0,1.23,0.0,3.0,0.0,True
440104,ERLANGER MEDICAL CENTER,TN,4.0,65.0,1.06,0.0,6.0,0.0,True
440109,HARDIN MEDICAL CENTER,TN,2.0,61.0,1.0,0.0,3.0,0.0,True
440110,FORT LOUDOUN MEDICAL CENTER,TN,4.0,70.0,1.03,0.0,4.0,0.0,True
440111,METRO NASHVILLE GENERAL HOSPITAL,TN,4.0,64.0,1.05,0.0,1.0,0.0,True
440120,PHYSICIANS REGIONAL MEDICAL CENTER,TN,3.0,65.0,1.04,0.0,6.0,0.0,True
440125,FORT SANDERS REGIONAL MEDICAL CENTER,TN,3.0,70.0,1.0,0.0,6.0,0.0,True
440130,BAPTIST MEMORIAL HOSPITAL UNION CITY,TN,4.0,67.0,1.16,0.0,4.0,0.0,True
440131,BAPTIST MEMORIAL HOSPITAL TIPTON,TN,3.0,72.0,0.95,0.0,4.0,0.0,True
440132,WEST TENNESSEE HEALTHCARE HENRY COUNTY HOSPITAL,TN,3.0,73.0,1.01,0.0,4.0,0.0,True
440137,VANDERBILT BEDFORD HOSPITAL,TN,4.0,72.0,0.91,0.0,4.0,0.0,True
44013F,MEMPHIS VA MEDICAL CENTER,TN,3.0,62.0,,0.0,5.0,0.0,False
440144,VANDERBILT TULLAHOMA-HARTON HOSPITAL,TN,3.0,64.0,0.99,0.0,5.0,0.0,True
440148,DEKALB COMMUNITY HOSPITAL,TN,,69.0,,0.0,2.0,0.0,False
440150,TRISTAR SUMMIT MEDICAL CENTER,TN,4.0,66.0,0.98,0.0,6.0,0.0,True
440151,SAINT THOMAS RIVER PARK HOSPITAL,TN,3.0,64.0,1.07,0.0,4.0,0.0,True
440152,REGIONAL ONE HEALTH,TN,1.0,67.0,1.14,0.0,1.0,0.0,True
440153,TENNOVA HEALTHCARE - NEWPORT MEDICAL CENTER,TN,4.0,68.0,0.85,0.0,4.0,0.0,True
440156,PARKRIDGE MEDICAL CENTER,TN,4.0,72.0,0.98,0.0,6.0,0.0,True
440159,DELTA SPECIALTY HOSPITAL,TN,,,,0.0,0.0,,False
440161,TRISTAR CENTENNIAL MEDICAL CENTER,TN,4.0,77.0,1.0,0.0,6.0,0.0,True
44016F,MOUNTAIN HOME VA MEDICAL CENTER,TN,5.0,90.0,,0.0,6.0,0.0,False
440173,PARKWEST MEDICAL CENTER,TN,3.0,73.0,0.97,0.0,6.0,0.0,True
440175,SOUTHERN TENNESSEE REGIONAL HEALTH SYSTEM LAWRENCE,TN,3.0,63.0,1.07,0.0,4.0,0.0,True
440176,INDIAN PATH COMMUNITY HOSPITAL,TN,,76.0,0.99,0.0,2.0,0.0,False
44017F,VA MIDDLE TENNESSEE HEALTHCARE SYSTEM - MURFREESBORO,TN,,,,0.0,4.0,0.0,False
440183,ST FRANCIS HOSPITAL,TN,1.0,50.0,1.04,0.0,6.0,0.0,True
440184,FRANKLIN WOODS COMMUNITY HOSPITAL,TN,3.0,80.0,0.95,0.0,4.0,0.0,True
440185,AFFILIATE OF VITRUVIAN HEALTH,TN,2.0,54.0,1.0,0.0,6.0,0.0,True
440187,LIVINGSTON REGIONAL HOSPITAL,TN,2.0,69.0,1.09,0.0,4.0,0.0,True
44018F,VA MIDDLE TENNESSEE HEALTHCARE SYSTEM,TN,4.0,75.0,,0.0,6.0,0.0,False
440192,SAINT THOMAS HIGHLANDS HOSPITAL,TN,,83.0,,0.0,3.0,0.0,False
440193,VANDERBILT WILSON COUNTY HOSPITAL,TN,5.0,73.0,0.96,0.0,6.0,0.0,True
440194,TRISTAR HENDERSONVILLE MEDICAL CENTER,TN,4.0,66.0,0.95,0.0,6.0,0.0,True
440197,TRISTAR SOUTHERN HILLS MEDICAL CENTER,TN,4.0,61.0,1.08,0.0,4.0,0.0,True
440200,STONES RIVER HOSPITAL,TN,,,,0.0,1.0,0.0,False
440218,SAINT THOMAS HOSPITAL FOR SPINAL SURGERY,TN,,86.0,,0.0,1.0,0.0,False
440227,TRISTAR STONECREST MEDICAL CENTER,TN,4.0,70.0,0.98,0.0,6.0,0.0,True
440228,SAINT FRANCIS BARTLETT MEDICAL CENTER,TN,1.0,53.0,0.96,0.0,5.0,0.0,True
440231,TRUSTPOINT HOSPITAL,TN,,,,0.0,0.0,,False
440238,HAYWOOD COUNTY COMMUNITY HOSPITAL,TN,,83.0,1.06,0.0,1.0,0.0,False
440779,TRISTAR ASHLAND CITY MEDICAL CENTER,TN,,,,0.0,0.0,,False
440780,WAYNE MEDICAL CENTER,TN,,,,0.0,0.0,,False
441300,SAINT THOMAS HICKMAN HOSPITAL,TN,,,,0.0,0.0,,False
441301,HIGHPOINT HEALTH-TROUSDALE WITH ASCENSION SAINT,TN,,85.0,,0.0,1.0,0.0,False
441303,ASCENSION SAINT THOMAS THREE RIVERS,TN,,,,0.0,2.0,0.0,False
441304,JOHNSON COUNTY COMMUNITY HOSPITAL,TN,,,,0.0,0.0,,False
441305,MACON COMMUNITY HOSPITAL,TN,3.0,,,0.0,4.0,0.0,False
441306,ERLANGER BLEDSOE HOSPITAL,TN,,82.0,,0.0,2.0,0.0,False
441307,HIGHPOINT HEALTH-RIVERVIEW WITH ASCENSION SAINT TH,TN,4.0,84.0,,0.0,4.0,0.0,False
441309,MARSHALL MEDICAL CENTER,TN,,72.0,,0.0,2.0,0.0,False
441310,RHEA MEDICAL CENTER,TN,2.0,66.0,,0.0,3.0,0.0,False
441313,HANCOCK COUNTY HOSPITAL,TN,,,,0.0,0.0,,False
441314,LAUDERDALE COMMUNITY HOSPITAL,TN,,83.0,,0.0,1.0,0.0,False
441316,WEST TENNESSEE HEALTHCARE CAMDEN HOSPITAL,TN,,87.0,,0.0,2.0,0.0,False
441320,WEST TENNESSEE HEALTHCARE BOLIVAR HOSPITAL,TN,,,,0.0,0.0,,False
441322,HOUSTON COUNTY COMMUNITY HOSPITAL,TN,,,,0.0,1.0,0.0,False
441323,BIG SOUTH FORK MEDICAL CENTER,TN,,,,0.0,0.0,,False
443302,ST JUDE CHILDRENS RESEARCH HOSPITAL,TN,,,,0.0,0.0,,False
443303,EAST TENNESSEE CHILDRENS HOSPITAL,TN,,,,0.0,0.0,,False
444001,MEMPHIS MENTAL HEALTH INSTITUTE,TN,,,,,,,False
444002,MOCCASIN BEND MENTAL HEALTH INSTITUTE,TN,,,,,,,False
444003,RIDGEVIEW PSYCHIATRIC HOSPITAL AND CENTER,TN,,,,,,,False
444004,LAKESIDE BEHAVIORAL HEALTH SYSTEM,TN,,,,,,,False
444005,UNITY PSYCHIATRIC CARE-MARTIN,TN,,,,,,,False
444007,ROLLING HILLS PSYCHIATRIC HOSPITAL,TN,,,,,,,False
444008,WESTERN MENTAL HEALTH INSTITUTE,TN,,,,,,,False
444010,"PATHWAYS OF TENNESSEE, INC",TN,,,,,,,False
444014,MIDDLE TN MENTAL HEALTH INSTITUTE,TN,,,,,,,False
444019,UNITY PSYCHIATRIC CARE-CLARKSVILLE,TN,,,,,,,False
444021,UNITY PSYCHIATRIC CARE-COLUMBIA,TN,,,,,,,False
444023,PERIMETER BEHAVIORAL CENTER OF JACKSON,TN,,,,,,,False
444024,UNITY PSYCHIATRIC CARE-MEMPHIS,TN,,,,,,,False
444025,CRESTWYN BEHAVIORAL HEALTH,TN,,,,,,,False
444026,"ERLANGER BEHAVIORAL HOSPITAL, LLC",TN,,,,,,,False
444027,CREEKSIDE BEHAVIORAL HEALTH,TN,,,,,,,False
444029,PINEWOOD SPRINGS,TN,,,,,,,False
444030,ASCENSION SAINT THOMAS BEHAVIORAL HEALTH HOSPITAL,TN,,,,,,,False
444031,KNOXVILLE CENTER FOR BEHAVIORAL MEDICINE,TN,,,,,,,False
444032,EAST TENNESSEE BEHAVIORAL HEALTH,TN,,,,,,,False
444033,COMPASS INTERVENTION CENTER,TN,,,,,,,False
450002,THE HOSPITALS OF PROVIDENCE - MEMORIAL CAMPUS,TX,2.0,54.0,1.04,0.0,4.0,0.0,True
450007,PETERSON REGIONAL MEDICAL CENTER,TX,4.0,80.0,0.97,0.0,5.0,0.0,True
450010,UNITED REGIONAL HEALTH CARE SYSTEM,TX,3.0,71.0,1.18,0.0,6.0,0.0,True
450011,CHI ST JOSEPH HEALTH REGIONAL HOSPITAL,TX,2.0,66.0,1.07,0.0,6.0,0.0,True
450015,PARKLAND HEALTH & HOSPITAL SYSTEM,TX,3.0,70.0,0.86,0.0,5.0,0.0,True
450018,UNIVERSITY OF TEXAS MEDICAL BRANCH GALVESTON,TX,3.0,72.0,1.06,0.0,5.0,0.0,True
450021,BAYLOR UNIVERSITY MEDICAL CENTER,TX,4.0,74.0,1.02,0.0,6.0,0.0,True
450023,CITIZENS MEDICAL CENTER,TX,3.0,73.0,1.22,0.0,5.0,0.0,True
450024,UNIVERSITY MEDICAL CENTER OF EL PASO,TX,3.0,70.0,1.12,0.0,5.0,0.0,True
450028,VALLEY BAPTIST MEDICAL CENTER- BROWNSVILLE,TX,3.0,58.0,1.05,0.0,5.0,0.0,True
450029,LAREDO MEDICAL CENTER,TX,4.0,59.0,0.98,0.0,5.0,0.0,True
450032,CHRISTUS GOOD SHEPHERD MEDICAL CENTER,TX,4.0,71.0,1.01,1.0,5.0,0.2,True
450033,VHS HARLINGEN HOSPITAL COMPANY LLC,TX,2.0,63.0,1.04,0.0,6.0,0.0,True
450034,CHRISTUS SOUTHEAST TEXAS- ST ELIZABETH,TX,4.0,67.0,1.09,0.0,5.0,0.0,True
450035,ST JOSEPH MEDICAL CENTER,TX,3.0,56.0,1.02,0.0,2.0,0.0,True
450039,JPS HEALTH NETWORK,TX,4.0,70.0,1.03,0.0,4.0,0.0,True
450040,COVENANT MEDICAL CENTER,TX,3.0,70.0,1.13,0.0,5.0,0.0,True
450042,ASCENSION PROVIDENCE,TX,2.0,72.0,0.98,0.0,6.0,0.0,True
450044,UT OF TEXAS  SOUTHWESTERN UNIVERSITY HOSPITAL - WILLIAM P. CLEMENTS JR.,TX,4.0,85.0,0.98,1.0,6.0,0.16666666666666666,True
450046,CHRISTUS SPOHN HOSPITAL CORPUS CHRISTI,TX,3.0,72.0,1.09,0.0,6.0,0.0,True
450051,METHODIST DALLAS MEDICAL CENTER,TX,3.0,75.0,1.01,0.0,5.0,0.0,True
450054,BAYLOR SCOTT & WHITE MEDICAL CENTER - TEMPLE,TX,5.0,73.0,0.98,0.0,6.0,0.0,True
450055,ROLLING PLAINS MEMORIAL HOSPITAL,TX,,74.0,1.08,0.0,4.0,0.0,False
450056,ASCENSION SETON MEDICAL CENTER AUSTIN,TX,3.0,67.0,1.01,0.0,6.0,0.0,True
450058,BAPTIST MEDICAL CENTER,TX,3.0,63.0,1.06,0.0,6.0,0.0,True
450064,TEXAS HEALTH ARLINGTON MEMORIAL HOSPITAL,TX,4.0,71.0,1.05,0.0,4.0,0.0,True
450068,MEMORIAL HERMANN - TEXAS MEDICAL CENTER,TX,4.0,71.0,1.03,0.0,5.0,0.0,True
450072,CHI ST LUKE'S HEALTH BRAZOSPORT,TX,4.0,66.0,1.04,0.0,5.0,0.0,True
450079,BAYLOR SCOTT & WHITE MEDICAL CENTER AT IRVING,TX,5.0,77.0,1.0,0.0,5.0,0.0,True
450080,TITUS REGIONAL MEDICAL CENTER,TX,3.0,70.0,0.98,0.0,5.0,0.0,True
450082,CHRISTUS SPOHN HOSPITAL BEEVILLE,TX,2.0,56.0,1.16,0.0,3.0,0.0,True
450083,UT HEALTH EAST TEXAS TYLER REGIONAL HOSPITAL,TX,2.0,67.0,1.07,0.0,6.0,0.0,True
450087,MEDICAL CITY NORTH HILLS,TX,2.0,67.0,1.02,0.0,5.0,0.0,True
450090,NORTH TEXAS MEDICAL CENTER,TX,4.0,69.0,1.04,0.0,5.0,0.0,True
450092,FORT DUNCAN MEDICAL CENTER,TX,3.0,57.0,1.2,0.0,3.0,0.0,True
450097,HCA HOUSTON HEALTHCARE SOUTHEAST,TX,3.0,62.0,1.11,0.0,6.0,0.0,True
450101,BAYLOR SCOTT & WHITE MEDICAL CENTER HILLCREST,TX,4.0,78.0,1.04,0.0,6.0,0.0,True
450102,CHRISTUS MOTHER FRANCES HOSPITAL,TX,4.0,74.0,1.1,0.0,6.0,0.0,True
450104,GUADALUPE REGIONAL MEDICAL CENTER,TX,2.0,81.0,1.13,0.0,6.0,0.0,True
450107,LAS PALMAS MEDICAL CENTER A CAMPUS OF LPDS HEALTHC,TX,2.0,60.0,1.07,0.0,6.0,0.0,True
450108,CONNALLY MEMORIAL MEDICAL CENTER,TX,3.0,82.0,1.11,0.0,3.0,0.0,True
450119,SOUTH TEXAS HEALTH SYSTEM,TX,4.0,68.0,1.05,0.0,5.0,0.0,True
450124,DELL SETON  MED CENTER AT THE UNIVERSITY OF TX,TX,4.0,79.0,1.09,0.0,2.0,0.0,True
450128,KNAPP MEDICAL CENTER,TX,5.0,63.0,0.99,0.0,3.0,0.0,True
450132,MEDICAL CENTER HOSPITAL,TX,3.0,71.0,1.11,0.0,5.0,0.0,True
450133,MIDLAND MEMORIAL HOSPITAL,TX,1.0,66.0,1.15,0.0,5.0,0.0,True
450135,TEXAS HEALTH HARRIS METHODIST FORT WORTH,TX,4.0,76.0,1.04,0.0,5.0,0.0,True
450137,BAYLOR SCOTT AND WHITE ALL SAINTS MEDICAL CENTER,TX,4.0,73.0,1.02,0.0,5.0,0.0,True
450144,PERMIAN REGIONAL MEDICAL CENTER ANDREWS COUNTY HO,TX,,84.0,0.98,0.0,2.0,0.0,False
450147,DE TAR HOSPITAL NAVARRO,TX,2.0,65.0,1.16,0.0,5.0,0.0,True
450148,TEXAS HEALTH HARRIS METHODIST HOSPITAL CLEBURNE,TX,5.0,72.0,1.0,0.0,4.0,0.0,True
450152,ADVENTHEALTH CENTRAL TEXAS,TX,3.0,68.0,1.0,0.0,5.0,0.0,True
450154,VAL VERDE REGIONAL MEDICAL CENTER,TX,3.0,60.0,0.99,0.0,4.0,0.0,True
450155,HEREFORD REGIONAL MEDICAL CENTER,TX,,77.0,0.98,0.0,2.0,0.0,False
450162,GRACE SURGICAL HOSPITAL,TX,,86.0,0.92,0.0,1.0,0.0,False
450163,CHRISTUS SPOHN HOSPITAL KLEBERG,TX,2.0,60.0,1.01,0.0,3.0,0.0,True
450165,METHODIST HOSPITAL ATASCOSA,TX,3.0,71.0,0.96,0.0,3.0,0.0,True
450176,MISSION REGIONAL MEDICAL CENTER,TX,4.0,70.0,0.95,0.0,5.0,0.0,True
450184,MEMORIAL HERMANN HOSPITAL SYSTEM,TX,3.0,71.0,1.0,0.0,6.0,0.0,True
450193,Baylor St Lukes Medical Center,TX,4.0,64.0,1.04,0.0,5.0,0.0,True
450194,UT HEALTH EAST TEXAS JACKSONVILLE HOSPITAL,TX,,75.0,0.96,0.0,3.0,0.0,False
450196,PARIS REGIONAL MEDICAL CENTER,TX,1.0,55.0,1.06,0.0,6.0,0.0,True
450200,WADLEY REGIONAL MEDICAL CENTER,TX,,,,0.0,0.0,,False
450203,MEDICAL CITY WEATHERFORD,TX,2.0,64.0,1.08,0.0,6.0,0.0,True
450209,NORTHWEST TEXAS HOSPITAL,TX,3.0,66.0,1.13,0.0,5.0,0.0,True
450210,UT HEALTH EAST TEXAS CARTHAGE HOSPITAL,TX,5.0,74.0,0.86,0.0,3.0,0.0,True
450211,CHI ST LUKES HEALTH MEMORIAL LUFKIN,TX,2.0,72.0,1.04,0.0,5.0,0.0,True
450213,UNIVERSITY HEALTH SYSTEM,TX,3.0,76.0,1.03,0.0,5.0,0.0,True
450222,HCA HOUSTON HEALTHCARE CONROE,TX,2.0,57.0,1.15,1.0,5.0,0.2,True
450229,HENDRICK MEDICAL CENTER,TX,3.0,65.0,1.1,0.0,6.0,0.0,True
450231,BSA HOSPITAL,TX,2.0,76.0,1.06,0.0,6.0,0.0,True
450235,MEMORIAL HOSPITAL,TX,,72.0,1.17,0.0,2.0,0.0,False
450236,CHRISTUS MOTHER FRANCES HOSPITAL SULPHUR SPRINGS,TX,4.0,76.0,1.04,0.0,5.0,0.0,True
450237,CHRISTUS SANTA ROSA MEDICAL CENTER,TX,3.0,70.0,1.1,0.0,6.0,0.0,True
450241,FAITH COMMUNITY HOSPITAL,TX,,69.0,1.24,0.0,2.0,0.0,False
450253,BELLVILLE MEDICAL CENTER,TX,,,1.13,0.0,1.0,0.0,False
450272,CHRISTUS SANTA ROSA HOSPITAL-SAN MARCOS,TX,4.0,69.0,1.15,0.0,5.0,0.0,True
450289,HARRIS HEALTH,TX,3.0,71.0,0.98,0.0,2.0,0.0,True
450292,TEXAS HEALTH PRESBYTERIAN HOSPITAL KAUFMAN,TX,,71.0,0.98,0.0,3.0,0.0,False
450324,TEXOMA MEDICAL CENTER,TX,4.0,67.0,1.02,2.0,6.0,0.3333333333333333,True
450330,OAKBEND MEDICAL CENTER,TX,3.0,59.0,1.12,0.0,4.0,0.0,True
450346,BAPTIST BEAUMONT HOSPITAL,TX,3.0,69.0,1.03,0.0,5.0,0.0,True
450347,HUNTSVILLE MEMORIAL HOSPITAL,TX,2.0,63.0,1.13,0.0,4.0,0.0,True
450351,TEXAS HEALTH HARRIS METHODIST HOSPITAL STEPHENVILL,TX,4.0,74.0,0.89,0.0,3.0,0.0,True
450352,HUNT REGIONAL MEDICAL CENTER,TX,2.0,63.0,1.05,0.0,6.0,0.0,True
450358,HOUSTON METHODIST HOSPITAL,TX,5.0,82.0,0.98,0.0,6.0,0.0,True
450369,CHILDRESS REGIONAL MEDICAL CENTER,TX,,92.0,1.05,0.0,4.0,0.0,False
450370,COLUMBUS COMMUNITY HOSPITAL,TX,2.0,73.0,1.42,0.0,3.0,0.0,True
450372,BAYLOR SCOTT & WHITE MEDICAL CENTER- WAXAHACHIE,TX,4.0,78.0,1.09,0.0,5.0,0.0,True
450379,DALLAS MEDICAL CENTER,TX,3.0,62.0,1.04,0.0,3.0,0.0,True
450388,METHODIST HOSPITAL,TX,4.0,67.0,1.04,1.0,6.0,0.16666666666666666,True
450389,UT HEALTH EAST TEXAS ATHENS HOSPITAL,TX,2.0,70.0,1.08,0.0,5.0,0.0,True
450395,CHI ST LUKES HEALTH MEMORIAL LIVINGSTON,TX,4.0,61.0,0.97,0.0,4.0,0.0,True
450399,BROWNFIELD REGIONAL MEDICAL CENTER,TX,,68.0,1.06,0.0,2.0,0.0,False
450400,PARKVIEW REGIONAL HOSPITAL,TX,,88.0,0.94,0.0,2.0,0.0,False
450403,MEDICAL CENTER OF MCKINNEY,TX,3.0,68.0,1.08,0.0,6.0,0.0,True
450419,TEXAS HEALTH HARRIS METHODIST HOSPITAL AZLE,TX,4.0,65.0,1.02,0.0,4.0,0.0,True
450422,BAYLOR SCOTT AND WHITE MEDICAL CENTER UPTOWN,TX,,80.0,1.07,0.0,2.0,0.0,False
450424,HOUSTON METHODIST BAYTOWN HOSPITAL,TX,5.0,78.0,1.02,0.0,5.0,0.0,True
450431,ST DAVID'S MEDICAL CENTER,TX,4.0,75.0,1.06,0.0,6.0,0.0,True
450447,NAVARRO REGIONAL HOSPITAL,TX,2.0,56.0,1.02,0.0,5.0,0.0,True
450451,GLEN ROSE MEDICAL CENTER,TX,,91.0,1.02,0.0,2.0,0.0,False
450460,TYLER COUNTY HOSPITAL,TX,,83.0,0.8,0.0,2.0,0.0,False
450462,TEXAS HEALTH PRESBYTERIAN HOSPITAL DALLAS,TX,4.0,71.0,1.04,0.0,6.0,0.0,True
450465,MATAGORDA REGIONAL MEDICAL CENTER,TX,5.0,63.0,1.03,0.0,4.0,0.0,True
450469,WILSON N JONES REGIONAL MEDICAL CENTER,TX,2.0,61.0,1.15,0.0,5.0,0.0,True
450475,UT HEALTH EAST TEXAS HENDERSON HOSPITAL,TX,5.0,68.0,1.03,0.0,3.0,0.0,True
450484,WOODLAND HEIGHTS MEDICAL CENTER,TX,3.0,68.0,1.0,1.0,6.0,0.16666666666666666,True
450489,MEDICAL ARTS HOSPITAL,TX,,,0.91,0.0,1.0,0.0,False
450508,NACOGDOCHES MEMORIAL HOSPITAL,TX,2.0,74.0,1.08,0.0,6.0,0.0,True
450518,THE MEDICAL CENTER OF SOUTHEAST TEXAS,TX,3.0,55.0,1.11,0.0,5.0,0.0,True
450537,METHODIST RICHARDSON MEDICAL CENTER,TX,4.0,79.0,1.19,0.0,5.0,0.0,True
450539,COVENANT HOSPITAL PLAINVIEW,TX,4.0,71.0,0.99,0.0,3.0,0.0,True
450563,BAYLOR SCOTT & WHITE MEDICAL CENTER  GRAPEVINE,TX,4.0,79.0,1.04,0.0,6.0,0.0,True
450565,PALO PINTO GENERAL HOSPITAL,TX,3.0,64.0,0.96,0.0,4.0,0.0,True
450571,SHANNON MEDICAL CENTER,TX,3.0,65.0,1.04,0.0,6.0,0.0,True
450573,CHRISTUS JASPER MEMORIAL HOSPITAL,TX,4.0,77.0,1.07,0.0,4.0,0.0,True
450584,WILBARGER GENERAL HOSPITAL,TX,,67.0,1.03,0.0,2.0,0.0,False
450587,HENDRICK MEDICAL CENTER BROWNWOOD,TX,1.0,55.0,1.1,0.0,6.0,0.0,True
450596,LAKE GRANBURY MEDICAL CENTER,TX,3.0,51.0,0.99,0.0,5.0,0.0,True
450597,CUERO REGIONAL HOSPITAL,TX,4.0,68.0,1.23,0.0,3.0,0.0,True
450604,HILL COUNTRY MEMORIAL HOSPITAL,TX,4.0,73.0,1.01,0.0,5.0,0.0,True
45060F,VA AMARILLO HEALTHCARE SYSTEM,TX,5.0,82.0,,0.0,5.0,0.0,False
450610,MEMORIAL HERMANN MEMORIAL CITY HOSPITAL,TX,4.0,69.0,1.0,0.0,5.0,0.0,True
450617,HCA HOUSTON HEALTHCARE CLEAR LAKE,TX,4.0,61.0,1.06,1.0,6.0,0.16666666666666666,True
450634,MEDICAL CITY DENTON,TX,4.0,67.0,1.04,0.0,6.0,0.0,True
450638,HCA HOUSTON HEALTHCARE NORTHWEST,TX,2.0,58.0,1.07,0.0,4.0,0.0,True
450639,TEXAS HEALTH HARRIS METHODIST HURST-EULESS-BEDFORD,TX,4.0,73.0,1.1,0.0,5.0,0.0,True
450641,NOCONA GENERAL HOSPITAL,TX,1.0,88.0,1.22,0.0,3.0,0.0,True
450643,DOCTORS HOSPITAL OF LAREDO,TX,4.0,68.0,0.89,0.0,5.0,0.0,True
450644,HCA HOUSTON HEALTHCARE WEST,TX,1.0,56.0,1.0,0.0,5.0,0.0,True
450647,MEDICAL CITY DALLAS HOSPITAL,TX,3.0,67.0,1.04,0.0,6.0,0.0,True
450651,MEDICAL CITY PLANO,TX,3.0,66.0,1.11,1.0,6.0,0.16666666666666666,True
450653,SCENIC MOUNTAIN MEDICAL CENTER,TX,,53.0,1.21,0.0,3.0,0.0,False
450654,STARR COUNTY MEMORIAL HOSPITAL,TX,2.0,63.0,1.01,0.0,3.0,0.0,True
450656,NACOGDOCHES MEDICAL CENTER,TX,3.0,71.0,0.99,0.0,6.0,0.0,True
450658,FREESTONE MEDICAL CENTER,TX,,,0.87,0.0,2.0,0.0,False
450659,HCA HOUSTON HEALTHCARE MEDICAL CENTER,TX,4.0,62.0,1.02,0.0,4.0,0.0,True
450661,ODESSA REGIONAL MEDICAL CENTER,TX,3.0,61.0,0.99,0.0,5.0,0.0,True
450662,VALLEY REGIONAL MEDICAL CENTER,TX,2.0,66.0,0.97,0.0,4.0,0.0,True
450668,SIERRA MEDICAL CENTER,TX,2.0,64.0,1.06,0.0,5.0,0.0,True
450669,MEDICAL CITY LEWISVILLE,TX,3.0,70.0,1.1,0.0,5.0,0.0,True
45066F,DALLAS VA MEDICAL CENTER (VA NORTH TEXAS HEALTHCARE SYSTEM),TX,3.0,65.0,,0.0,5.0,0.0,False
450670,HCA HOUSTON HEALTHCARE TOMBALL,TX,3.0,61.0,1.12,0.0,6.0,0.0,True
450672,MEDICAL CITY FORT WORTH,TX,2.0,66.0,1.09,2.0,6.0,0.3333333333333333,True
450674,"WOMANS HOSPITAL OF TEXAS,THE",TX,4.0,68.0,1.13,0.0,1.0,0.0,True
450675,MEDICAL CITY ARLINGTON,TX,2.0,58.0,1.04,1.0,5.0,0.2,True
450677,TEXAS HEALTH HUGULEY HOSPITAL FORT WORTH SOUTH,TX,3.0,71.0,1.05,0.0,5.0,0.0,True
450678,WHITE ROCK MEDICAL CENTER,TX,2.0,,1.04,0.0,4.0,0.0,False
450684,MEMORIAL HERMANN NORTHEAST HOSPITAL,TX,3.0,70.0,0.99,0.0,5.0,0.0,True
450686,UNIVERSITY MEDICAL CENTER,TX,2.0,79.0,1.16,0.0,5.0,0.0,True
450688,DALLAS REGIONAL MEDICAL CENTER,TX,3.0,59.0,1.06,0.0,5.0,0.0,True
45068F,William Beaumont AMG (FT Bliss),TX,,86.0,,0.0,0.0,,False
450690,THE UNIVERSITY OF TEXAS HEALTH SCIENCE CENTER AT TYLER,TX,4.0,82.0,1.05,0.0,4.0,0.0,True
450694,EL CAMPO MEMORIAL HOSPITAL,TX,3.0,56.0,1.13,0.0,3.0,0.0,True
450698,LAMB HEALTHCARE CENTER,TX,,68.0,0.84,0.0,0.0,,False
45069F,Brooke Army Medical Center (FT Sam Houston),TX,,88.0,,0.0,0.0,,False
450702,LONGVIEW REGIONAL MEDICAL CENTER,TX,3.0,73.0,1.04,0.0,6.0,0.0,True
450709,HOUSTON METHODIST CLEAR LAKE HOSPITAL,TX,5.0,85.0,1.08,0.0,5.0,0.0,True
45070F,Darnall AMC (FT Cavazos),TX,,76.0,,0.0,0.0,,False
450711,RIO GRANDE REGIONAL HOSPITAL,TX,4.0,66.0,1.01,0.0,4.0,0.0,True
450713,ST DAVID'S SOUTH AUSTIN MEDICAL CENTER,TX,3.0,68.0,1.06,0.0,6.0,0.0,True
450718,ROUND ROCK MEDICAL CENTER,TX,3.0,70.0,1.05,0.0,5.0,0.0,True
450723,METHODIST CHARLTON MEDICAL CENTER,TX,3.0,67.0,1.1,0.0,5.0,0.0,True
450730,CARROLLTON REGIONAL MEDICAL CENTER,TX,2.0,58.0,1.12,0.0,5.0,0.0,True
450742,BAYLOR SCOTT AND WHITE MEDICAL CENTER LAKE POINTE,TX,4.0,67.0,1.02,0.0,6.0,0.0,True
450743,TEXAS HEALTH PRESBYTERIAN HOSPITAL DENTON,TX,5.0,79.0,1.05,0.0,5.0,0.0,True
450747,PALESTINE REGIONAL MEDICAL CENTER,TX,1.0,59.0,1.1,0.0,4.0,0.0,True
45074F,HOUSTON VA MEDICAL CENTER,TX,5.0,69.0,,0.0,6.0,0.0,False
450755,COVENANT HOSPITAL LEVELLAND,TX,,77.0,0.91,0.0,2.0,0.0,False
450771,TEXAS HEALTH PRESBYTERIAN HOSPITAL PLANO,TX,4.0,72.0,1.07,0.0,6.0,0.0,True
450774,TOPS SURGICAL SPECIALTY HOSPITAL,TX,,84.0,0.98,0.0,2.0,0.0,False
450775,HCA HOUSTON HEALTHCARE KINGWOOD,TX,3.0,53.0,1.1,0.0,6.0,0.0,True
450779,TEXAS HEALTH HARRIS METHODIST HOSPITAL SOUTHWEST F,TX,5.0,79.0,1.0,0.0,6.0,0.0,True
450788,"CORPUS CHRISTI MEDICAL CENTER,THE",TX,4.0,66.0,1.04,0.0,5.0,0.0,True
450801,CHRISTUS ST MICHAEL HEALTH SYSTEM,TX,3.0,69.0,1.07,0.0,6.0,0.0,True
450804,TEXAS ORTHOPEDIC HOSPITAL,TX,,83.0,0.97,0.0,2.0,0.0,False
450808,NORTHWEST HILLS SURGICAL HOSPITAL,TX,,78.0,1.04,0.0,1.0,0.0,False
450809,NORTH AUSTIN MEDICAL CENTER,TX,3.0,70.0,1.01,0.0,6.0,0.0,True
450820,HOUSTON METHODIST SUGARLAND HOSPITAL,TX,5.0,80.0,0.99,0.0,6.0,0.0,True
450822,MEDICAL CITY LAS COLINAS,TX,4.0,67.0,0.98,0.0,4.0,0.0,True
450825,CORNERSTONE REGIONAL HOSPITAL,TX,,74.0,,0.0,0.0,,False
450827,KELL WEST REGIONAL HOSPITAL,TX,,73.0,1.06,0.0,2.0,0.0,False
450828,CHRISTUS SPOHN HOSPITAL ALICE,TX,3.0,64.0,1.1,0.0,4.0,0.0,True
450831,SURGERY SPECIALTY HOSPITALS OF AMERICA SE HOUSTON,TX,,,,0.0,0.0,,False
450833,ENNIS REGIONAL MEDICAL CENTER,TX,,81.0,0.98,0.0,2.0,0.0,False
450834,"PHYSICIANS CENTRE,THE",TX,,86.0,0.92,0.0,2.0,0.0,False
450840,TEXAS HEALTH PRESBYTERIAN HOSPITAL ALLEN,TX,4.0,77.0,1.07,0.0,6.0,0.0,True
450844,HOUSTON METHODIST WILLOWBROOK HOSPITAL,TX,5.0,78.0,1.1,0.0,5.0,0.0,True
450847,MEMORIAL HERMANN KATY HOSPITAL,TX,3.0,70.0,0.99,0.0,5.0,0.0,True
450848,MEMORIAL HERMANN SUGAR LAND HOSPITAL,TX,4.0,69.0,0.93,0.0,5.0,0.0,True
450851,BAYLOR SCOTT & WHITE HEART & VASCULAR HOSPITAL - DALLAS,TX,5.0,88.0,0.97,0.0,3.0,0.0,True
450853,BAYLOR SCOTT & WHITE MEDICAL CENTER - FRISCO,TX,3.0,79.0,1.08,0.0,2.0,0.0,True
450855,HARLINGEN MEDICAL CENTER,TX,4.0,76.0,0.97,0.0,6.0,0.0,True
450856,SOUTH TEXAS SPINE AND SURGICAL HOSPITAL,TX,,85.0,0.91,0.0,2.0,0.0,False
450860,SUGAR LAND SURGICAL HOSPITAL LLP,TX,,88.0,,0.0,1.0,0.0,False
450862,ST LUKE'S THE WOODLANDS HOSPITAL,TX,3.0,78.0,1.06,0.0,5.0,0.0,True
450864,BAYLOR SCOTT & WHITE TEXAS SPINE & JOINT HOSPITAL,TX,5.0,87.0,0.85,0.0,2.0,0.0,True
450865,ASCENSION SETON  SOUTHWEST,TX,,87.0,,0.0,2.0,0.0,False
450867,ASCENSION SETON NORTHWEST,TX,4.0,70.0,1.08,0.0,5.0,0.0,True
450869,DOCTORS HOSPTAL AT RENAISSANCE,TX,3.0,71.0,1.09,0.0,6.0,0.0,True
45086F,TEMPLE VA MEDICAL CENTER (VA CENTRAL TEXAS HEALTHCARE SYSTEM),TX,4.0,78.0,,0.0,6.0,0.0,False
450872,USMD HOSPITAL AT ARLINGTON L P,TX,,66.0,1.01,0.0,1.0,0.0,False
450874,BAYLOR SURGICAL HOSPITAL AT LAS COLINAS,TX,,76.0,0.91,0.0,2.0,0.0,False
450875,QUAIL CREEK SURGICAL HOSPITAL,TX,,90.0,1.07,0.0,2.0,0.0,False
450876,LUBBOCK HEART HOSPITAL LP,TX,2.0,83.0,1.09,0.0,5.0,0.0,True
450880,BAYLOR SCOTT AND WHITE SURGICAL HOSPITAL FORTWORTH,TX,,76.0,0.93,0.0,2.0,0.0,False
450883,BAYLOR MEDICAL CENTER AT TROPHY CLUB,TX,,73.0,1.03,0.0,2.0,0.0,False
450885,BAYLOR SCOTT &  WHITE MEDICAL CENTER - CENTENNIAL,TX,5.0,75.0,1.1,0.0,5.0,0.0,True
450888,TEXAS HEALTH HARRIS METHODIST HOSPITAL SOUTHLAKE,TX,,90.0,0.9,0.0,2.0,0.0,False
450889,TEXAS INSTITUTE FOR SURGERY AT PRESBYTERIAN HOSPIT,TX,,89.0,0.95,0.0,2.0,0.0,False
450890,BAYLOR SCOTT & WHITE MEDICAL CENTER PLANO,TX,4.0,83.0,1.06,0.0,6.0,0.0,True
450891,TEXAS HEALTH CENTER FOR DIAGNOSTICS & SURGERY PLAN,TX,,88.0,0.92,0.0,1.0,0.0,False
450893,THE HEART HOSPITAL BAYLOR DENTON,TX,5.0,86.0,1.06,0.0,3.0,0.0,True
450895,BAYLOR SCOTT WHITE THE HEART HOSPITAL CORINTH,TX,,,,0.0,0.0,,False
45090F,SAN ANTONIO VA MEDICAL CENTER (VA SOUTH TEXAS HEALTHCARE SYSTEM),TX,5.0,77.0,,0.0,6.0,0.0,False
451300,PARMER COUNTY COMMUNITY HOSPITAL,TX,,,,0.0,0.0,,False
451301,REAGAN MEMORIAL HOSPITAL,TX,,,,0.0,0.0,,False
451303,LIMESTONE MEDICAL CENTER,TX,,70.0,,0.0,1.0,0.0,False
451304,SCHLEICHER COUNTY MEDICAL CENTER,TX,,,,0.0,0.0,,False
451305,BURLESON ST JOSEPH HEALTH CENTER,TX,,,,0.0,0.0,,False
451306,KIMBLE HOSPITAL,TX,,,,0.0,1.0,0.0,False
451307,IRAAN GENERAL HOSPITAL,TX,,,,0.0,0.0,,False
451308,YOAKUM COUNTY HOSPITAL,TX,,78.0,,0.0,1.0,0.0,False
451309,MC CAMEY HOSPITAL,TX,,,,0.0,0.0,,False
451310,BALLINGER MEMORIAL HOSPITAL,TX,,,,0.0,1.0,0.0,False
451311,SWEENY COMMUNITY HOSPITAL,TX,,70.0,,0.0,1.0,0.0,False
451312,RICE MEDICAL CENTER,TX,,,,0.0,0.0,,False
451313,FISHER COUNTY HOSPITAL DISTRICT,TX,,,,0.0,0.0,,False
451314,WINKLER COUNTY MEMORIAL HOSPITAL,TX,,,,0.0,0.0,,False
451315,NORTH RUNNELS HOSPITAL,TX,,,,0.0,2.0,0.0,False
451316,MADISON ST JOSEPH HEALTH CENTER,TX,,,,0.0,0.0,,False
451317,REFUGIO COUNTY MEMORIAL HOSPITAL,TX,,,,0.0,0.0,,False
451318,STONEWALL MEMORIAL HOSPITAL DISTRICT,TX,,,,0.0,0.0,,False
451319,CHRISTUS MOTHER FRANCES HOSPITAL- JACKSONVILLE,TX,,92.0,,0.0,2.0,0.0,False
451320,BAYSIDE COMMUNITY HOSPITAL,TX,,,,0.0,0.0,,False
451322,GRIMES ST JOSEPH HEALTH CENTER,TX,,,,0.0,0.0,,False
451323,ADVENTHEALTH ROLLINS BROOK,TX,4.0,89.0,,0.0,3.0,0.0,False
451324,LILLIAN M HUDSPETH MEMORIAL HOSPITAL,TX,,,,0.0,0.0,,False
451325,CONCHO COUNTY HOSPITAL,TX,,,,0.0,0.0,,False
451328,RICELAND MEDICAL CENTER,TX,,,,0.0,0.0,,False
451329,RANKIN HOSPITAL MEDICAL CLINIC,TX,,,,0.0,0.0,,False
451330,MEDINA REGIONAL HOSPITAL,TX,,74.0,,0.0,1.0,0.0,False
451331,COON MEMORIAL HOSPITAL,TX,,74.0,,0.0,1.0,0.0,False
451332,PALACIOS COMMUNITY MEDICAL CENTER,TX,,,,0.0,0.0,,False
451333,MARTIN COUNTY HOSPITAL DISTRICT,TX,,94.0,,0.0,1.0,0.0,False
451334,PARKVIEW HOSPITAL,TX,,,,0.0,1.0,0.0,False
451335,MUENSTER MEMORIAL HOSPITAL,TX,,,,0.0,0.0,,False
451337,W J MANGOLD MEMORIAL HOSPITAL,TX,,92.0,,0.0,2.0,0.0,False
451338,CULBERSON HOSPITAL,TX,,,,0.0,0.0,,False
451339,THROCKMORTON COUNTY MEMORIAL HOSPITAL,TX,,,,0.0,0.0,,False
451340,SHAMROCK GENERAL HOSPITAL,TX,,,,0.0,0.0,,False
451341,HASKELL MEMORIAL HOSPITAL,TX,,,,0.0,1.0,0.0,False
451342,MITCHELL COUNTY HOSPITAL DISTRICT,TX,,76.0,,0.0,1.0,0.0,False
451343,ELECTRA MEMORIAL HOSPITAL,TX,,98.0,,0.0,2.0,0.0,False
451344,HANSFORD COUNTY HOSPITAL,TX,,,,0.0,2.0,0.0,False
451346,YOAKUM COMMUNITY HOSPITAL,TX,3.0,80.0,,0.0,4.0,0.0,False
451347,COLEMAN COUNTY MEDICAL CENTER COMPANY,TX,,88.0,,0.0,3.0,0.0,False
451348,HEART OF TEXAS MEMORIAL HOSPITAL,TX,,,,0.0,0.0,,False
451349,SWISHER MEMORIAL HOSPITAL,TX,,,,0.0,0.0,,False
451350,PLAINS MEMORIAL HOSPITAL,TX,,,,0.0,0.0,,False
451351,LYNN COUNTY HOSPITAL DISTRICT,TX,,84.0,,0.0,1.0,0.0,False
451352,HARDEMAN COUNTY MEMORIAL HOSPITAL,TX,,,,0.0,0.0,,False
451353,CRANE COUNTY HOSPITAL DISTRICT,TX,,,,0.0,0.0,,False
451354,HAMILTON HOSPITAL,TX,,77.0,,0.0,2.0,0.0,False
451355,COLLINGSWORTH GENERAL HOSPITAL,TX,,,,0.0,1.0,0.0,False
451356,MEMORIAL MEDICAL CENTER,TX,4.0,75.0,,0.0,3.0,0.0,False
451358,MEMORIAL HOSPITAL,TX,,,,0.0,0.0,,False
451359,OCHILTREE GENERAL HOSPITAL,TX,,77.0,,0.0,2.0,0.0,False
451361,SABINE COUNTY HOSPITAL,TX,,,,0.0,2.0,0.0,False
451362,CLAY COUNTY MEMORIAL HOSPITAL,TX,,,,0.0,2.0,0.0,False
451363,JACKSON HEALTHCARE CENTER,TX,,,,0.0,1.0,0.0,False
451364,OTTO KAISER MEMORIAL HOSPITAL,TX,,,,0.0,0.0,,False
451365,ASCENSION SETON HIGHLAND LAKES,TX,5.0,,,0.0,4.0,0.0,False
451366,COCHRAN MEMORIAL HOSPITAL,TX,,,,0.0,0.0,,False
451367,UT HEALTH EAST TEXAS PITTSBURG HOSPITAL,TX,3.0,86.0,,0.0,4.0,0.0,False
451369,GOLDEN PLAINS COMMUNITY HOSPITAL,TX,,50.0,,0.0,1.0,0.0,False
451370,TMC- BONHAM HOSPITAL,TX,,73.0,,0.0,2.0,0.0,False
451371,ASCENSION SETON EDGAR B DAVIS,TX,,,,0.0,2.0,0.0,False
451372,MULESHOE AREA MEDICAL CENTER,TX,,,,0.0,0.0,,False
451373,WARD MEMORIAL HOSPITAL,TX,,86.0,,0.0,2.0,0.0,False
451374,BAYLOR SCOTT & WHITE MEDICAL CENTER -TAYLOR,TX,,72.0,,0.0,2.0,0.0,False
451375,LIBERTY DAYTON REGIONAL MEDICAL CENTER,TX,,,,0.0,1.0,0.0,False
451376,LAVACA MEDICAL CENTER,TX,4.0,88.0,,0.0,3.0,0.0,False
451377,REEVES REGIONAL HEALTH,TX,2.0,81.0,,0.0,3.0,0.0,False
451378,BIG BEND REGIONAL MEDICAL CENTER,TX,,66.0,,0.0,2.0,0.0,False
451379,CORYELL MEMORIAL HOSPITAL,TX,,85.0,,0.0,3.0,0.0,False
451380,UT HEALTH EAST TEXAS QUITMAN HOSPITAL,TX,4.0,79.0,,0.0,4.0,0.0,False
451381,CHRISTUS MOTHER FRANCES HOSPITAL- WINNSBORO,TX,,,,0.0,0.0,,False
451382,COMANCHE COUNTY MEDICAL CENTER,TX,3.0,78.0,,0.0,4.0,0.0,False
451384,COGDELL MEMORIAL HOSPITAL,TX,,70.0,,0.0,2.0,0.0,False
451385,GOODALL WITCHER HOSPITAL,TX,,,,0.0,2.0,0.0,False
451386,MEMORIAL HOSPITAL,TX,,87.0,,0.0,3.0,0.0,False
451387,UVALDE MEMORIAL HOSPITAL,TX,3.0,75.0,,0.0,5.0,0.0,False
451389,PECOS COUNTY MEMORIAL HOSPITAL,TX,,,,0.0,0.0,,False
451390,DIMMIT REGIONAL HOSPITAL,TX,,,,0.0,0.0,,False
451391,FRIO REGIONAL HOSPITAL,TX,,64.0,,0.0,1.0,0.0,False
451392,HAMILTON GENERAL HOSPITAL,TX,,83.0,,0.0,2.0,0.0,False
451393,CROCKETT MEDICAL CENTER,TX,,,,0.0,0.0,,False
451394,KNOX COUNTY HOSPITAL,TX,,,,0.0,0.0,,False
451395,HILL REGIONAL HOSPITAL,TX,1.0,61.0,,0.0,4.0,0.0,False
451396,MID COAST MEDICAL CENTER - CENTRAL,TX,,,,0.0,0.0,,False
451397,BAYLOR SCOTT & WHITE HOSPITAL BRENHAM,TX,4.0,76.0,,0.0,3.0,0.0,False
451398,PAMPA REGIONAL MEDICAL CENTER,TX,,,,0.0,0.0,,False
451399,SEYMOUR HOSPITAL,TX,,77.0,,0.0,2.0,0.0,False
452114,ATRIUM MEDICAL CENTER,TX,,,,,,,False
453300,COOK CHILDRENS MEDICAL CENTER,TX,,,,0.0,0.0,,False
453301,DRISCOLL CHILDRENS HOSPITAL,TX,,,,0.0,0.0,,False
453302,CHILDRENS MEDICAL CTR OF DALLAS,TX,,,,0.0,0.0,,False
453304,TEXAS CHILDRENS HOSPITAL,TX,,,,0.0,0.0,,False
453306,COVENANT CHILDRENS HOSPITAL,TX,,,,0.0,0.0,,False
453309,HEALTHBRIDGE CHILDRENS'S HOSPITAL OF HOUSTON,TX,,,,0.0,0.0,,False
453310,DELL CHILDREN'S MEDICAL CENTER,TX,,,,0.0,0.0,,False
453311,SHRINERS HOSPITALS FOR CHILDREN,TX,,,,0.0,0.0,,False
453313,EL PASO CHILDREN'S HOSPITAL,TX,,,,0.0,0.0,,False
453314,TEXAS SCOTTISH RITE HOSPITAL FOR CHILDREN,TX,,,,0.0,0.0,,False
453315,CHILDREN'S HOSPITAL OF SAN ANTONIO,TX,,,,0.0,0.0,,False
453316,CHILDRENS MEDICAL CENTER PLANO,TX,,,,0.0,0.0,,False
453317,COOK CHILDRENS MEDICAL CENTER PROSPER,TX,,,,0.0,0.0,,False
453318,NEXUS CHILDRENS HOSPITAL DALLAS,TX,,,,0.0,0.0,,False
453319,TEXAS CHILDRENS HOSPITAL NORTH AUSTIN CAMPUS,TX,,,,0.0,0.0,,False
453321,DRISCOLL CHILDREN'S HOSPITAL RIO GRANDE VALLEY,TX,,,,0.0,0.0,,False
454000,BIG SPRING STATE HOSPITAL,TX,,,,,,,False
454006,TERRELL STATE HOSPITAL,TX,,,,,,,False
454008,NORTH TEXAS STATE HOSPITAL,TX,,,,,,,False
454009,RUSK STATE HOSP,TX,,,,,,,False
454011,SAN ANTONIO STATE HOSP  STATE SCHOOL,TX,,,,,,,False
454012,MILLWOOD HOSPITAL,TX,,,,,,,False
454018,RED RIVER HOSPITAL,TX,,,,,,,False
454026,WEST OAKS HOSPITAL,TX,,,,,,,False
454050,GLEN OAKS HOSPITAL,TX,,,,,,,False
454060,LAUREL RIDGE TREATMENT CENTER,TX,,,,,,,False
454064,RIVER CREST HOSP,TX,,,,,,,False
454065,HICKORY TRAIL HOSPITAL,TX,,,,,,,False
454076,HARRIS COUNTY PSYCHIATRIC CENTER,TX,,,,,,,False
454079,MEDICAL CITY MENTAL HEALTH AND WELLNESS CENTER,TX,,,,,,,False
454084,AUSTIN STATE HOSPITAL,TX,,,,,,,False
454088,RIO GRANDE STATE CENTER,TX,,,,,,,False
454093,STARCARE SPECIALTY HEALTH /SUNRISE CANYON HOSPITAL,TX,,,,,,,False
454094,MEDICAL CITY GREEN OAKS HOSPITAL,TX,,,,,,,False
454100,EL PASO PSYCHIATRIC CENTER,TX,,,,,,,False
454101,ALLEGIANCE BEHAVIORAL HEALTH CENTER OF PLAINVIEW,TX,,,,,,,False
454103,KINGWOOD PINES HOSPITAL,TX,,,,,,,False
454104,UNIVERSITY BEHAVIORAL HEALTH OF DENTON,TX,,,,,,,False
454107,BEHAVIORAL HOSPITAL OF BELLAIRE,TX,,,,,,,False
454108,CYPRESS CREEK HOSPITAL,TX,,,,,,,False
454109,EL PASO BEHAVIORAL HEALTH SYSTEM,TX,,,,,,,False
454110,OCEANS BEHAVIORAL  HOSPITAL OF PERMIAN BASIN,TX,,,,,,,False
454114,CEDAR CREST HOSPITAL & RTC,TX,,,,,,,False
454117,OCEANS BEHAVIORAL HOSPITAL OF LONGVIEW,TX,,,,,,,False
454118,LONE STAR BEHAVIORAL HEALTH CYPRESS,TX,,,,,,,False
454119,CARROLLTON SPRINGS,TX,,,,,,,False
454121,AUSTIN OAKS HOSPITAL,TX,,,,,,,False
454122,OCEANS BEHAVIORAL HOSPITAL OF ABILENE,TX,,,,,,,False
454123,OCEANS BEHAVIORAL HOSPITAL OF LUFKIN LLC,TX,,,,,,,False
454124,MESA SPRINGS,TX,,,,,,,False
454126,DALLAS BEHAVIORAL HEALTHCARE HOSPITAL LLC,TX,,,,,,,False
454127,ROCK SPRINGS,TX,,,,,,,False
454128,WELLBRIDGE HEALTHCARE FORT WORTH,TX,,,,,,,False
454129,GEORGETOWN BEHAVIORAL HEALTH INSTITUTE,TX,,,,,,,False
454131,WESTPARK SPRINGS LLC,TX,,,,,,,False
454132,SAN ANTONIO BEHAVIORAL HEALTHCARE HOSPITAL,TX,,,,,,,False
454133,CROSS CREEK HOSPITAL,TX,,,,,,,False
454135,HOUSTON BEHAVIORAL HEALTHCARE HOSPITAL LLC,TX,,,,,,,False
454136,OCEANS BEHAVIORAL HOSPITAL OF KATY,TX,,,,,,,False
454139,SUN BEHAVIORAL HOUSTON,TX,,,,,,,False
454141,PALMS BEHAVIORAL HEALTH,TX,,,,,,,False
454144,WOODLAND SPRINGS,TX,,,,,,,False
454146,RIO VISTA BEHAVIORAL HEALTH,TX,,,,,,,False
454147,OCEANS BEHAVIORAL HOSPITAL OF PASADENA,TX,,,,,,,False
454148,PERIMETER BEHAVIORAL HOSPITAL OF ARLINGTON,TX,,,,,,,False
454149,PERIMETER BEHAVIORAL HOSPITAL OF DALLAS,TX,,,,,,,False
454150,OCEANS BEHAVIORAL HOSPITAL OF WACO,TX,,,,,,,False
454151,"MEDICAL BEHAVIORAL HOSPITAL OF CLEAR LAKE, LLC",TX,,,,,,,False
454152,CANYON CREEK BEHAVIORAL HEALTH,TX,,,,,,,False
454153,CARRUS BEHAVIORAL HOSPITAL,TX,,,,,,,False
454154,OCEANS BEHAVIORAL HOSPITAL OF AMARILLO,TX,,,,,,,False
454155,OCEANS BEHAVIORAL HOSPITAL OF CORPUS CHRISTI,TX,,,,,,,False
454156,VOYAGES BEHAVIORAL HEALTH OF SUGAR LAND,TX,,,,,,,False
454157,OCEANS BEHAVIORAL HOSPITAL OF LUBBOCK,TX,,,,,,,False
454158,VOYAGES BEHAVIORAL HEALTH OF CONROE,TX,,,,,,,False
454159,CEDAR HILLS BEHAVIORAL,TX,,,,,,,False
454161,MEDICAL CITY MENTAL HEALTH AND WELLNESS CENTER,TX,,,,,,,False
460001,INTERMOUNTAIN HEALTH UTAH VALLEY HOSPITAL,UT,5.0,82.0,0.98,0.0,5.0,0.0,True
460003,HOLY CROSS HOSPITAL - SALT LAKE,UT,3.0,61.0,1.08,0.0,3.0,0.0,True
460004,MCKAY-DEE HOSPITAL,UT,5.0,78.0,0.96,0.0,6.0,0.0,True
460005,OGDEN REGIONAL MEDICAL CENTER,UT,3.0,71.0,1.03,0.0,5.0,0.0,True
460006,LDS HOSPITAL,UT,5.0,76.0,1.0,0.0,5.0,0.0,True
460007,CEDAR CITY HOSPITAL,UT,3.0,84.0,0.97,0.0,3.0,0.0,True
460009,UNIVERSITY OF UTAH HOSPITAL AND CLINICS,UT,5.0,82.0,1.0,0.0,6.0,0.0,True
460010,INTERMOUNTAIN MEDICAL CENTER,UT,5.0,79.0,0.97,0.0,5.0,0.0,True
460011,CASTLEVIEW HOSPITAL,UT,2.0,61.0,1.01,0.0,5.0,0.0,True
460013,MOUNTAIN VIEW HOSPITAL,UT,5.0,76.0,1.02,0.0,4.0,0.0,True
460014,MOUNTAIN WEST MEDICAL CENTER,UT,4.0,66.0,0.9,0.0,4.0,0.0,True
460015,INTERMOUNTAIN HEALTH LOGAN REGIONAL HOSPITAL,UT,5.0,76.0,0.87,0.0,5.0,0.0,True
460017,BRIGHAM CITY COMMUNITY HOSPITAL,UT,,77.0,0.97,0.0,2.0,0.0,False
460019,UINTAH BASIN MEDICAL CENTER,UT,2.0,60.0,0.86,0.0,4.0,0.0,True
460021,ST. GEORGE REGIONAL HOSPITAL,UT,5.0,84.0,0.94,0.0,6.0,0.0,True
460023,AMERICAN FORK HOSPITAL,UT,4.0,78.0,0.88,0.0,3.0,0.0,True
460026,INTERMOUNTAIN HEALTH SEVIER VALLEY HOSPITAL,UT,4.0,83.0,0.91,0.0,3.0,0.0,True
46002F,VA SALT LAKE CITY HEALTHCARE - GEORGE E. WAHLEN VA MEDICAL CENTER,UT,4.0,79.0,,0.0,6.0,0.0,False
460030,ASHLEY REGIONAL MEDICAL CENTER,UT,4.0,64.0,0.81,0.0,3.0,0.0,True
460039,BEAR RIVER VALLEY HOSPITAL,UT,,85.0,0.89,0.0,1.0,0.0,False
460041,HOLY CROSS HOSPITAL-DAVIS,UT,5.0,55.0,1.0,0.0,5.0,0.0,True
460042,LAKEVIEW HOSPITAL,UT,5.0,69.0,1.0,0.0,4.0,0.0,True
460043,OREM COMMUNITY HOSPITAL,UT,,86.0,,0.0,0.0,,False
460044,INTERMOUNTAIN HEALTH ALTA VIEW HOSPITAL,UT,5.0,81.0,0.97,0.0,3.0,0.0,True
460047,ST MARK'S HOSPITAL,UT,4.0,70.0,1.04,0.0,5.0,0.0,True
460051,HOLY CROSS HOSPITAL-JORDAN VALLEY,UT,4.0,59.0,0.99,0.0,6.0,0.0,True
460052,TIMPANOGOS REGIONAL HOSPITAL,UT,4.0,74.0,1.08,0.0,5.0,0.0,True
460054,CACHE VALLEY HOSPITAL,UT,,87.0,1.02,0.0,1.0,0.0,False
460057,PARK CITY HOSPITAL,UT,5.0,83.0,0.91,0.0,4.0,0.0,True
460058,INTERMOUNTAIN HEALTH RIVERTON HOSPITAL,UT,5.0,77.0,0.94,0.0,4.0,0.0,True
460060,LONE PEAK HOSPITAL,UT,5.0,79.0,0.94,0.0,3.0,0.0,True
460061,INTERMOUNTAIN HEALTH LAYTON HOSPITAL,UT,5.0,79.0,0.9,0.0,3.0,0.0,True
460062,INTERMOUNTAIN HEALTH SPANISH FORK HOSPITAL,UT,,78.0,0.96,0.0,2.0,0.0,False
460063,WESTERN PEAKS SPECIALTY HOSPITAL,UT,,,,0.0,0.0,,False
461300,INTERMOUNTAIN HEALTH DELTA COMMUNITY HOSPITAL,UT,,89.0,,0.0,1.0,0.0,False
461301,INTERMOUNTAIN HEALTH FILLMORE COMMUNITY HOSPITAL,UT,,93.0,,0.0,2.0,0.0,False
461302,MOAB REGIONAL HOSPITAL,UT,,74.0,,0.0,1.0,0.0,False
461303,INTERMOUNTAIN HEALTH SANPETE VALLEY HOSPITAL,UT,,77.0,,0.0,2.0,0.0,False
461304,CENTRAL VALLEY MEDICAL CENTER - CAH,UT,,83.0,,0.0,3.0,0.0,False
461305,MILFORD MEMORIAL HOSPITAL,UT,,,,0.0,0.0,,False
461306,GUNNISON VALLEY HOSPITAL,UT,3.0,92.0,,0.0,2.0,0.0,False
461307,INTERMOUNTAIN HEALTH HEBER VALLEY HOSPITAL,UT,,85.0,,0.0,3.0,0.0,False
461308,SAN JUAN HOSPITAL,UT,,91.0,,0.0,1.0,0.0,False
461309,KANE COUNTY HOSPITAL,UT,,77.0,,0.0,1.0,0.0,False
461310,BLUE MOUNTAIN HOSPITAL,UT,,67.0,,0.0,2.0,0.0,False
461333,INTERMOUNTAIN HEALTH GARFIELD MEMORIAL HOSPITAL,UT,,93.0,,0.0,2.0,0.0,False
461335,BEAVER VALLEY HOSPITAL,UT,,,,0.0,2.0,0.0,False
463301,PRIMARY CHILDREN'S HOSPITAL,UT,,,,0.0,0.0,,False
464001,UTAH STATE HOSPITAL,UT,,,,,,,False
464012,MARIAN CENTER,UT,,,,,,,False
464013,SALT LAKE BEHAVIORAL HEALTH,UT,,,,,,,False
464014,ASPEN GROVE BEHAVIORAL HOSPITAL,UT,,,,,,,False
470001,CENTRAL VERMONT MEDICAL CENTER,VT,3.0,71.0,0.85,0.0,6.0,0.0,True
470003,UNIV. OF VERMONT - FLETCHER ALLEN HEALTH CARE,VT,4.0,76.0,0.97,0.0,6.0,0.0,True
470005,RUTLAND REGIONAL MEDICAL CENTER,VT,3.0,68.0,0.95,0.0,5.0,0.0,True
470011,BRATTLEBORO MEMORIAL HOSPITAL,VT,3.0,62.0,0.97,0.0,5.0,0.0,True
470012,SOUTHWESTERN VERMONT MEDICAL CENTER,VT,3.0,72.0,0.96,0.0,5.0,0.0,True
47001F,WHITE RIVER JCT VA MEDICAL CENTER,VT,5.0,84.0,,0.0,5.0,0.0,False
470024,NORTHWESTERN MEDICAL CENTER INC,VT,4.0,65.0,0.88,0.0,5.0,0.0,True
471300,GRACE COTTAGE HOSPITAL,VT,,,,0.0,2.0,0.0,False
471301,GIFFORD MEDICAL CENTER,VT,5.0,83.0,,0.0,3.0,0.0,False
471302,MT ASCUTNEY HOSPITAL,VT,,84.0,,0.0,3.0,0.0,False
471303,NORTHEASTERN VERMONT REGIONAL HOSPITAL,VT,3.0,73.0,,0.0,4.0,0.0,False
471304,NORTH COUNTRY HOSPITAL AND HEALTH CENTER,VT,1.0,65.0,,0.0,5.0,0.0,False
471305,COPLEY HOSPITAL,VT,2.0,83.0,,0.0,5.0,0.0,False
471306,SPRINGFIELD HOSPITAL,VT,,55.0,,0.0,4.0,0.0,False
471307,PORTER HOSPITAL INC,VT,3.0,65.0,,0.0,4.0,0.0,False
474001,BRATTLEBORO RETREAT,VT,,,,,,,False
474004,VERMONT PSYCHIATRIC CARE HOSPITAL,VT,,,,,,,False
480001,"ROY LESTER SCHNEIDER HOSPITAL,THE",VI,2.0,,,0.0,3.0,0.0,False
480002,GOV JUAN F LUIS HOSPITAL & MEDICAL CTR,VI,1.0,57.0,,0.0,3.0,0.0,False
490002,RUSSELL COUNTY HOSPITAL,VA,4.0,73.0,0.91,0.0,4.0,0.0,True
490004,SENTARA RMH MEDICAL CENTER,VA,5.0,64.0,0.94,0.0,6.0,0.0,True
490005,WINCHESTER MEDICAL CENTER,VA,4.0,73.0,0.96,0.0,6.0,0.0,True
490007,SENTARA NORFOLK GENERAL HOSPITAL,VA,4.0,77.0,0.97,0.0,5.0,0.0,True
490009,UNIVERSITY OF VIRGINIA MEDICAL CENTER,VA,4.0,80.0,1.01,0.0,6.0,0.0,True
490013,SENTARA HALIFAX REGIONAL HOSPITAL,VA,3.0,60.0,0.84,0.0,4.0,0.0,True
490017,BON SECOURS MARYVIEW MEDICAL CENTER,VA,3.0,57.0,1.01,0.0,5.0,0.0,True
490018,AUGUSTA HEALTH,VA,4.0,69.0,0.96,0.0,6.0,0.0,True
490019,UVA HEALTH CULPEPER MEDICAL CENTER,VA,2.0,63.0,1.02,0.0,4.0,0.0,True
49001F,Fort Belvoir Community Hospital,VA,,87.0,,0.0,0.0,,False
490020,JOHN RANDOLPH MEDICAL CENTER,VA,3.0,68.0,1.05,0.0,5.0,0.0,True
490021,CENTRA HEALTH -  LYNCHBURG GEN HOSPITAL,VA,3.0,63.0,0.98,0.0,6.0,0.0,True
490022,MARY WASHINGTON HOSPITAL,VA,3.0,63.0,0.96,1.0,6.0,0.16666666666666666,True
490023,FAUQUIER HOSPITAL,VA,3.0,58.0,1.04,0.0,6.0,0.0,True
490024,CARILION MEDICAL CENTER,VA,3.0,70.0,1.01,0.0,6.0,0.0,True
490032,MEDICAL COLLEGE OF VIRGINIA HOSPITALS,VA,4.0,76.0,1.02,0.0,6.0,0.0,True
490033,WARREN MEMORIAL HOSPITAL,VA,2.0,78.0,0.87,0.0,5.0,0.0,True
490037,RIVERSIDE SHORE MEMORIAL HOSPITAL,VA,3.0,76.0,0.92,0.0,4.0,0.0,True
490038,SMYTH COUNTY COMMUNITY HOSPITAL,VA,3.0,70.0,0.97,0.0,4.0,0.0,True
490040,INOVA ALEXANDRIA HOSPITAL,VA,5.0,71.0,0.94,0.0,6.0,0.0,True
490041,MARY IMMACULATE HOSPITAL,VA,4.0,69.0,1.0,0.0,6.0,0.0,True
490042,CARILION NEW RIVER VALLEY MEDICAL CENTER,VA,4.0,73.0,0.98,0.0,5.0,0.0,True
490043,INOVA LOUDOUN HOSPITAL,VA,5.0,77.0,0.99,0.0,6.0,0.0,True
490044,SENTARA OBICI HOSPITAL,VA,4.0,74.0,0.89,0.0,6.0,0.0,True
490045,NOVANT PRINCE WILLIAM MEDICAL CENTER,VA,3.0,63.0,1.04,0.0,5.0,0.0,True
490046,SENTARA LEIGH HOSPITAL,VA,3.0,78.0,0.94,1.0,6.0,0.16666666666666666,True
490048,LEWISGALE MEDICAL CENTER,VA,2.0,58.0,1.05,0.0,6.0,0.0,True
490050,VIRGINIA HOSPITAL CENTER,VA,4.0,78.0,0.99,0.0,6.0,0.0,True
490052,RIVERSIDE REGIONAL MEDICAL CENTER,VA,3.0,74.0,1.02,0.0,5.0,0.0,True
490053,JOHNSTON MEMORIAL HOSPITAL,VA,3.0,64.0,1.0,0.0,5.0,0.0,True
490057,SENTARA VIRGINIA BEACH GENERAL HOSPITAL,VA,4.0,71.0,0.94,0.0,6.0,0.0,True
490059,BON SECOURS ST MARYS HOSPITAL,VA,5.0,71.0,1.01,0.0,6.0,0.0,True
490060,CLINCH VALLEY MEDICAL CENTER,VA,3.0,65.0,0.94,0.0,5.0,0.0,True
490063,INOVA FAIRFAX HOSPITAL,VA,5.0,81.0,0.98,0.0,6.0,0.0,True
490066,SENTARA WILLIAMSBURG REGIONAL MEDICAL CENTER,VA,5.0,81.0,0.93,0.0,6.0,0.0,True
490067,BON SECOURS SOUTHSIDE MEDICAL CENTER,VA,2.0,58.0,1.11,0.0,5.0,0.0,True
490069,BON SECOURS MEMORIAL REGIONAL MEDICAL CENTER,VA,4.0,63.0,1.01,0.0,6.0,0.0,True
49006F,HAMPTON VA MEDICAL CENTER,VA,4.0,64.0,,0.0,5.0,0.0,False
490075,SOVAH HEALTH DANVILLE,VA,2.0,51.0,1.01,0.0,6.0,0.0,True
490077,SENTARA MARTHA JEFFERSON HOSPITAL,VA,4.0,81.0,0.92,0.0,6.0,0.0,True
490084,VCU HEALTH TAPPAHANNOCK HOSPITAL,VA,4.0,67.0,0.96,0.0,4.0,0.0,True
490088,CENTRA BEDFORD MEMORIAL HOSPITAL,VA,5.0,77.0,0.94,0.0,4.0,0.0,True
490089,CARILION FRANKLIN MEMORIAL HOSPITAL,VA,4.0,75.0,0.91,0.0,4.0,0.0,True
49008F,NMC Portsmouth,VA,,72.0,,0.0,0.0,,False
490090,"SOUTHSIDE COMMUNITY HOSPITAL, INC",VA,4.0,62.0,1.05,0.0,4.0,0.0,True
490092,BON SECOURS SOUTHAMPTON MEMORIAL HOSPITAL,VA,3.0,55.0,0.84,0.0,3.0,0.0,True
490093,SENTARA CAREPLEX HOSPITAL,VA,4.0,70.0,0.95,0.0,5.0,0.0,True
490094,BON SECOURS RICHMOND COMMUNITY HOSPITAL,VA,,62.0,0.91,0.0,1.0,0.0,False
490097,BON SECOURS SOUTHERN VIRGINIA MEDICAL CENTER,VA,4.0,64.0,0.97,0.0,3.0,0.0,True
490098,COMMUNITY MEMORIAL HOSPITAL,VA,4.0,70.0,0.96,0.0,4.0,0.0,True
490101,INOVA FAIR OAKS HOSPITAL,VA,5.0,77.0,0.93,0.0,5.0,0.0,True
490104,HIRAM W DAVIS MEDICAL CENTER,VA,,,,0.0,0.0,,False
490107,RESTON HOSPITAL CENTER,VA,3.0,65.0,1.03,0.0,6.0,0.0,True
49010F,RICHMOND VA MEDICAL CENTER,VA,5.0,70.0,,0.0,6.0,0.0,False
490110,LEWISGALE HOSPITAL MONTGOMERY,VA,3.0,77.0,0.93,0.0,6.0,0.0,True
490111,WYTHE COUNTY COMMUNITY HOSPITAL,VA,3.0,65.0,0.92,0.0,4.0,0.0,True
490112,CJW MEDICAL CENTER,VA,4.0,66.0,1.01,0.0,6.0,0.0,True
490113,SENTARA NORTHERN VIRGINIA MEDICAL CENTER,VA,3.0,65.0,0.95,0.0,5.0,0.0,True
490114,LONESOME PINE HOSPITAL,VA,4.0,66.0,1.0,0.0,4.0,0.0,True
490115,TWIN COUNTY REGIONAL HOSPITAL,VA,2.0,53.0,0.96,0.0,4.0,0.0,True
490116,LEWISGALE HOSPITAL PULASKI,VA,4.0,84.0,1.0,0.0,4.0,0.0,True
490117,CARILION TAZEWELL COMMUNITY HOSPITAL,VA,,79.0,0.9,0.0,3.0,0.0,False
490118,HENRICO DOCTORS' HOSPITAL,VA,4.0,71.0,1.06,0.0,6.0,0.0,True
490119,SENTARA PRINCESS ANNE HOSPITAL,VA,5.0,82.0,0.91,0.0,6.0,0.0,True
49011F,SALEM VA MEDICAL CENTER,VA,4.0,82.0,,0.0,6.0,0.0,False
490120,CHESAPEAKE GENERAL HOSPITAL,VA,3.0,63.0,0.94,0.0,6.0,0.0,True
490122,INOVA MOUNT VERNON HOSPITAL,VA,4.0,71.0,0.97,0.0,5.0,0.0,True
490126,LEWISGALE HOSPITAL ALLEGHANY,VA,4.0,66.0,1.0,0.0,4.0,0.0,True
490127,BUCHANAN GENERAL HOSPITAL,VA,4.0,74.0,0.88,0.0,3.0,0.0,True
490130,RIVERSIDE WALTER REED HOSPITAL,VA,4.0,79.0,0.91,0.0,6.0,0.0,True
490136,BON SECOURS ST FRANCIS MEDICAL CENTER,VA,3.0,72.0,0.99,0.0,6.0,0.0,True
490140,"STAFFORD HOSPITAL, LLC",VA,4.0,69.0,0.87,0.0,5.0,0.0,True
490141,SPOTSYLVANIA REGIONAL MEDICAL CENTER,VA,3.0,64.0,0.98,0.0,6.0,0.0,True
490143,RIVERSIDE DOCTORS' HOSPITAL OF WILLIAMSBURG,VA,5.0,81.0,0.95,0.0,5.0,0.0,True
490144,UVA HEALTH HAYMARKET MEDICAL CENTER,VA,4.0,78.0,0.96,0.0,5.0,0.0,True
490145,STONESPRINGS HOSPITAL CENTER,VA,4.0,75.0,0.97,0.0,4.0,0.0,True
490148,BON SECOURS HARBOUR VIEW MEDICAL CENTER,VA,,,,0.0,0.0,,False
491300,BATH COMMUNITY HOSPITAL,VA,,71.0,,0.0,2.0,0.0,False
491302,CARILION GILES COMMUNITY HOSPITAL,VA,4.0,85.0,,0.0,4.0,0.0,False
491303,DICKENSON COMMUNITY HOSPITAL,VA,,,,0.0,0.0,,False
491304,CARILION STONEWALL JACKSON HOSPITAL,VA,3.0,71.0,,0.0,4.0,0.0,False
491305,SHENANDOAH MEMORIAL HOSPITAL,VA,3.0,73.0,,0.0,4.0,0.0,False
491307,"PAGE MEMORIAL HOSPITAL, INC",VA,5.0,72.0,,0.0,3.0,0.0,False
491308,RAPPAHANNOCK GENERAL HOSPITAL,VA,4.0,61.0,,0.0,4.0,0.0,False
491309,LEE COUNTY COMMUNITY HOSPITAL,VA,,88.0,,0.0,1.0,0.0,False
493300,CUMBERLAND HOSPITAL LLC,VA,,,,0.0,0.0,,False
493301,CHILDRENS HOSPITAL OF THE KINGS DAUGHTERS INC,VA,,,,0.0,0.0,,False
494010,NORTHERN VIRGINIA MENTAL HEALTH INSTI,VA,,,,,,,False
494017,SOUTHERN VIRGINIA MENTAL HEALTH INSTITUTE,VA,,,,,,,False
494021,WESTERN STATE HOSPITAL,VA,,,,,,,False
494022,POPLAR SPRINGS HOSPITAL,VA,,,,,,,False
494023,DOMINION HOSPITAL,VA,,,,,,,False
494025,VIRGINIA BEACH PSYCHIATRIC CENTER,VA,,,,,,,False
494029,SOUTHWESTERN VIRGINIA MENTAL HEALTH INSTITUTE,VA,,,,,,,False
494032,THE PAVILION AT WILLIAMSBURG PLACE,VA,,,,,,,False
494033,CATAWBA HOSPITAL,VA,,,,,,,False
500002,PROVIDENCE ST MARY MEDICAL CENTER,WA,3.0,68.0,0.96,0.0,6.0,0.0,True
500003,SKAGIT VALLEY HOSPITAL,WA,3.0,70.0,0.92,0.0,6.0,0.0,True
500005,VIRGINIA MASON MEDICAL CENTER,WA,5.0,78.0,0.97,0.0,6.0,0.0,True
500007,ISLAND HOSPITAL,WA,4.0,83.0,0.89,0.0,4.0,0.0,True
500008,UNIVERSITY OF WASHINGTON MEDICAL CTR,WA,4.0,80.0,0.97,0.0,6.0,0.0,True
500011,HIGHLINE MEDICAL CENTER,WA,4.0,55.0,0.94,0.0,5.0,0.0,True
500014,PROVIDENCE REGIONAL MEDICAL CENTER EVERETT,WA,4.0,60.0,0.93,0.0,6.0,0.0,True
500015,MULTICARE AUBURN MEDICAL CENTER,WA,2.0,51.0,0.96,0.0,6.0,0.0,True
500016,CONFLUENCE HEALTH HOSPITAL,WA,3.0,76.0,0.94,0.0,6.0,0.0,True
500019,PROVIDENCE CENTRALIA HOSPITAL,WA,3.0,61.0,0.91,0.0,6.0,0.0,True
500021,ST CLARE HOSPITAL,WA,4.0,68.0,0.94,0.0,5.0,0.0,True
500024,PROVIDENCE ST PETER HOSPITAL,WA,3.0,77.0,0.92,0.0,6.0,0.0,True
500025,SWEDISH MEDICAL CENTER / CHERRY HILL,WA,4.0,75.0,0.99,0.0,4.0,0.0,True
500026,SWEDISH EDMONDS HOSPITAL,WA,3.0,61.0,0.94,0.0,5.0,0.0,True
500027,SWEDISH MEDICAL CENTER,WA,4.0,73.0,0.95,0.0,5.0,0.0,True
500030,ST JOSEPH HOSPITAL,WA,4.0,67.0,0.96,0.0,6.0,0.0,True
500031,GRAYS HARBOR COMMUNITY HOSPITAL,WA,3.0,47.0,0.97,0.0,6.0,0.0,True
500033,SAMARITAN HOSPITAL,WA,2.0,58.0,0.93,0.0,4.0,0.0,True
500036,YAKIMA VALLEY MEMORIAL,WA,1.0,50.0,0.94,0.0,6.0,0.0,True
500037,ASTRIA TOPPENISH HOSPITAL,WA,,81.0,0.99,0.0,2.0,0.0,False
500039,HARRISON MEDICAL CENTER,WA,4.0,66.0,0.95,0.0,6.0,0.0,True
500041,PEACEHEALTH ST JOHN MEDICAL CENTER,WA,4.0,61.0,0.87,0.0,6.0,0.0,True
500044,DEACONESS MEDICAL CENTER,WA,3.0,68.0,0.97,0.0,6.0,0.0,True
500050,PEACEHEALTH SOUTHWEST MEDICAL CENTER,WA,3.0,65.0,0.9,0.0,6.0,0.0,True
500051,OVERLAKE HOSPITAL MEDICAL CENTER,WA,2.0,80.0,0.92,0.0,6.0,0.0,True
500052,KAISER PERMANENTE CENTRAL HOSPITAL,WA,,62.0,,0.0,0.0,,False
500053,TRIOS HEALTH,WA,2.0,64.0,0.98,0.0,6.0,0.0,True
500054,PROV SACRED HRT MED CTR & CHILDS HOSP.,WA,3.0,75.0,1.01,0.0,6.0,0.0,True
500058,KADLEC REGIONAL MEDICAL CENTER,WA,4.0,74.0,0.95,0.0,6.0,0.0,True
50005F,Madigan AMC (FT Lewis),WA,,81.0,,0.0,0.0,,False
500060,CASCADE VALLEY HOSPITAL,WA,4.0,66.0,0.87,0.0,3.0,0.0,True
500064,HARBORVIEW MEDICAL CENTER,WA,2.0,69.0,1.01,0.0,5.0,0.0,True
500072,OLYMPIC MEDICAL CENTER,WA,3.0,64.0,0.92,0.0,4.0,0.0,True
500077,PROVIDENCE HOLY FAMILY HOSPITAL,WA,3.0,72.0,0.94,0.0,4.0,0.0,True
500079,MULTICARE GOOD SAMARITAN HOSPITAL,WA,2.0,58.0,0.91,0.0,6.0,0.0,True
500084,EVERGREENHEALTH MONROE,WA,3.0,63.0,0.83,0.0,3.0,0.0,True
500088,VALLEY MEDICAL CENTER,WA,2.0,72.0,0.94,0.0,5.0,0.0,True
500108,ST JOSEPH MEDICAL CENTER,WA,3.0,66.0,0.97,0.0,5.0,0.0,True
500119,MULTICARE VALLEY HOSPITAL,WA,5.0,70.0,0.92,0.0,5.0,0.0,True
50011F,SPOKANE VA MEDICAL CENTER,WA,4.0,85.0,,0.0,4.0,0.0,False
500124,EVERGREENHEALTH MEDICAL CENTER,WA,5.0,80.0,0.96,0.0,6.0,0.0,True
500129,TACOMA GENERAL ALLENMORE HOSPITAL,WA,2.0,67.0,0.92,0.0,6.0,0.0,True
500139,CAPITAL MEDICAL CENTER,WA,3.0,72.0,0.9,0.0,6.0,0.0,True
500141,ST FRANCIS COMMUNITY HOSPITAL,WA,4.0,65.0,0.95,0.0,5.0,0.0,True
500150,LEGACY SALMON CREEK MEDICAL CENTER,WA,4.0,79.0,0.86,0.0,6.0,0.0,True
500151,ST ANTHONY HOSPITAL,WA,5.0,76.0,0.93,0.0,5.0,0.0,True
500152,SWEDISH ISSAQUAH,WA,4.0,80.0,0.95,0.0,5.0,0.0,True
500154,MULTICARE COVINGTON MEDICAL CENTER,WA,3.0,71.0,0.87,0.0,4.0,0.0,True
50030F,SEATTLE VA MEDICAL CENTER (VA PUGET SOUND HEALTHCARE SYSTEM),WA,4.0,73.0,,0.0,5.0,0.0,False
501301,GARFIELD COUNTY PUBLIC HOSPITAL DISTRICT #1,WA,,,,0.0,0.0,,False
501302,DAYTON GENERAL HOSPITAL,WA,,,,0.0,1.0,0.0,False
501303,WILLAPA HARBOR HOSPITAL,WA,,72.0,,0.0,2.0,0.0,False
501304,SUMMIT PACIFIC MEDICAL CENTER,WA,2.0,,,0.0,4.0,0.0,False
501305,LINCOLN HOSPITAL,WA,,83.0,,0.0,2.0,0.0,False
501307,ODESSA MEMORIAL HEALTHCARE CENTER,WA,,,,0.0,0.0,,False
501308,COULEE MEDICAL CENTER,WA,,76.0,,0.0,1.0,0.0,False
501309,PROVIDENCE ST JOSEPH HOSPITAL,WA,,85.0,,0.0,2.0,0.0,False
501310,NEWPORT COMMUNITY HOSPITAL,WA,,71.0,,0.0,2.0,0.0,False
501311,EAST ADAMS RURAL HOSPITAL,WA,,,,0.0,0.0,,False
501312,PROSSER MEMORIAL HOSPITAL,WA,3.0,85.0,,0.0,4.0,0.0,False
501313,CASCADE MEDICAL CENTER,WA,,,,0.0,1.0,0.0,False
501314,OCEAN BEACH HOSPITAL,WA,2.0,77.0,,0.0,3.0,0.0,False
501315,SKYLINE HOSPITAL,WA,,,,0.0,1.0,0.0,False
501316,KLICKITAT VALLEY HOSPITAL,WA,,77.0,,0.0,1.0,0.0,False
501317,COLUMBIA BASIN HOSPITAL,WA,,,,0.0,1.0,0.0,False
501318,OTHELLO COMMUNITY HOSPITAL,WA,,64.0,,0.0,0.0,,False
501319,ARBOR HEALTH MORTON HOSPITAL,WA,,,,0.0,1.0,0.0,False
501320,QUINCY VALLEY MEDICAL CENTER,WA,,,,0.0,0.0,,False
501321,NORTH VALLEY HOSPITAL,WA,,63.0,,0.0,2.0,0.0,False
501322,FERRY COUNTY MEMORIAL HOSPITAL,WA,,69.0,,0.0,1.0,0.0,False
501323,JEFFERSON HEALTHCARE,WA,3.0,83.0,,0.0,5.0,0.0,False
501324,THREE RIVERS HOSPITAL,WA,,,,0.0,1.0,0.0,False
501325,FORKS COMMUNITY HOSPITAL,WA,,,,0.0,2.0,0.0,False
501326,PROVIDENCE MOUNT CARMEL HOSPITAL,WA,3.0,68.0,,0.0,3.0,0.0,False
501327,WHITMAN HOSPITAL AND MEDICAL CENTER,WA,5.0,88.0,,0.0,3.0,0.0,False
501328,MID VALLEY HOSPITAL & CLINIC,WA,,63.0,,0.0,2.0,0.0,False
501329,PEACEHEALTH UNITED GENERAL MEDICAL CENTER,WA,3.0,75.0,,0.0,4.0,0.0,False
501330,ASTRIA SUNNYSIDE HOSPITAL,WA,2.0,67.0,,0.0,2.0,0.0,False
501331,PULLMAN REGIONAL HOSPITAL,WA,2.0,85.0,,0.0,4.0,0.0,False
501332,TRI-STATE MEMORIAL HOSPITAL,WA,4.0,86.0,,0.0,4.0,0.0,False
501333,KITTITAS VALLEY COMMUNITY HOSPITAL,WA,,69.0,,0.0,4.0,0.0,False
501334,LAKE CHELAN COMMUNITY HOSPITAL,WA,,,,0.0,1.0,0.0,False
501335,ST ELIZABETH HOSPITAL,WA,5.0,74.0,,0.0,3.0,0.0,False
501336,MASON GENERAL HOSPITAL & FAMILY OF CLINICS,WA,2.0,72.0,,0.0,4.0,0.0,False
501337,LOURDES MEDICAL CENTER,WA,3.0,67.0,,0.0,5.0,0.0,False
501338,SNOQUALMIE VALLEY HOSPITAL,WA,,,,0.0,0.0,,False
501339,WHIDBEYHEALTH MEDICAL CENTER,WA,2.0,72.0,,0.0,4.0,0.0,False
501340,PEACEHEALTH PEACE ISLAND MEDICAL CENTER,WA,,,,0.0,1.0,0.0,False
503300,SEATTLE CHILDREN'S HOSPITAL,WA,,,,0.0,0.0,,False
503301,MARY BRIDGE CHILDREN'S HOSPITAL,WA,,,,0.0,0.0,,False
503302,SHRINERS HOSPITAL FOR CHILDREN,WA,,,,0.0,0.0,,False
504002,BHC FAIRFAX HOSPITAL,WA,,,,,,,False
504004,EASTERN STATE HOSPITAL,WA,,,,,,,False
504008,LOURDES COUNSELING CENTER,WA,,,,,,,False
504009,NAVOS - INPATIENT SERVICES,WA,,,,,,,False
504012,SMOKEY POINT BEHAVIORAL HOSPITAL,WA,,,,,,,False
504013,RAINIER SPRINGS,WA,,,,,,,False
504014,INLAND NORTHWEST BEHAVIORAL HEALTH,WA,,,,,,,False
504015,SOUTH SOUND BEHAVIORAL HOSPITAL,WA,,,,,,,False
504016,WELLFOUND BEHAVIORAL HEALTH HOSPITAL,WA,,,,,,,False
510001,"WEST VIRGINIA UNIVERSITY HOSPITALS, INC",WV,3.0,76.0,1.03,0.0,6.0,0.0,True
510002,"CAMC GREENBRIER VALLEY MEDICAL CENTER, INC",WV,2.0,50.0,0.93,0.0,4.0,0.0,True
510006,"UNITED HOSPITAL CENTER, INC",WV,4.0,70.0,0.97,1.0,6.0,0.16666666666666666,True
510007,ST MARYS MEDICAL CENTER,WV,3.0,74.0,0.99,0.0,6.0,0.0,True
510008,BERKELEY MEDICAL CENTER,WV,3.0,54.0,0.92,0.0,6.0,0.0,True
510012,RIVERS HEALTH,WV,1.0,60.0,1.0,0.0,4.0,0.0,True
510013,"REYNOLDS MEMORIAL HOSPITAL, INC",WV,2.0,70.0,0.97,0.0,4.0,0.0,True
510022,CHARLESTON AREA MEDICAL CENTER,WV,2.0,69.0,1.01,1.0,6.0,0.16666666666666666,True
510023,"WEIRTON MEDICAL CENTER, INC",WV,1.0,52.0,1.0,1.0,5.0,0.2,True
510024,MON HEALTH MEDICAL CENTER,WV,4.0,77.0,1.08,0.0,6.0,0.0,True
510029,THOMAS MEMORIAL HOSPITAL,WV,1.0,71.0,0.97,0.0,6.0,0.0,True
51002F,BECKLEY VA MEDICAL CENTER,WV,5.0,83.0,,0.0,4.0,0.0,False
510030,DAVIS MEDICAL CENTER,WV,2.0,48.0,0.95,0.0,4.0,0.0,True
510038,STONEWALL JACKSON MEMORIAL HOSPITAL,WV,1.0,67.0,1.05,0.0,5.0,0.0,True
51003F,CLARKSBURG VA MEDICAL CENTER,WV,5.0,79.0,,0.0,5.0,0.0,False
510046,PRINCETON COMMUNITY HOSPITAL ASSN INC,WV,2.0,57.0,1.06,1.0,6.0,0.16666666666666666,True
510048,LOGAN REGIONAL MEDICAL CENTER,WV,2.0,51.0,0.92,0.0,4.0,0.0,True
51004F,HUNTINGTON VA MEDICAL CENTER,WV,5.0,85.0,,0.0,6.0,0.0,False
510050,"WHEELING HOSPITAL, INC",WV,2.0,55.0,0.99,0.0,6.0,0.0,True
510055,"CABELL HUNTINGTON HOSPITAL, INC",WV,3.0,68.0,1.08,0.0,5.0,0.0,True
510058,CAMDEN CLARK MEDICAL CENTER,WV,2.0,61.0,0.99,2.0,6.0,0.3333333333333333,True
51005F,MARTINSBURG VA MEDICAL CENTER,WV,4.0,80.0,,0.0,5.0,0.0,False
510062,BECKLEY ARH HOSPITAL,WV,3.0,68.0,1.03,0.0,5.0,0.0,True
510070,RALEIGH GENERAL HOSPITAL,WV,2.0,48.0,1.03,0.0,5.0,0.0,True
510072,WETZEL COUNTY HOSPITAL,WV,3.0,78.0,0.99,0.0,4.0,0.0,True
510086,WELCH COMMUNITY HOSPITAL,WV,,84.0,0.94,0.0,1.0,0.0,False
510091,CAMC CHARLESTON SURGICAL HOSPITAL,WV,,,,0.0,1.0,0.0,False
510093,MON HEALTH MARION,WV,,84.0,1.13,0.0,1.0,0.0,False
510094,WILLIAMSON MEMORIAL INC,WV,,,,0.0,0.0,,False
511300,VANDALIA HEALTH BROADDUS HOSPITAL,WV,,,,0.0,0.0,,False
511301,WEBSTER MEMORIAL HOSPITAL,WV,,,,0.0,0.0,,False
511303,MINNIE HAMILTON HEALTH SYSTEM,WV,,,,0.0,0.0,,False
511304,SISTERSVILLE GENERAL HOSPITAL,WV,,,,0.0,0.0,,False
511306,ROANE GENERAL HOSPITAL,WV,,79.0,,0.0,1.0,0.0,False
511307,"GRAFTON CITY HOSPITAL, INC",WV,,,,0.0,1.0,0.0,False
511308,"BRAXTON COUNTY MEMORIAL HOSPITAL, INC",WV,,71.0,,0.0,2.0,0.0,False
511309,VALLEY HEALTH WAR MEMORIAL HOSPITAL,WV,5.0,81.0,,0.0,3.0,0.0,False
511310,SUMMERS COUNTY ARH HOSPITAL,WV,,76.0,,0.0,1.0,0.0,False
511311,HAMPSHIRE MEMORIAL HOSPITAL,WV,5.0,84.0,,0.0,4.0,0.0,False
511312,PRESTON MEMORIAL HOSPITAL,WV,,83.0,,0.0,2.0,0.0,False
511313,BOONE MEMORIAL HOSPITAL,WV,4.0,90.0,,0.0,3.0,0.0,False
511314,POCAHONTAS MEMORIAL HOSPITAL,WV,,84.0,,0.0,2.0,0.0,False
511315,POTOMAC VALLEY HOSPITAL,WV,1.0,81.0,,0.0,4.0,0.0,False
511316,GRANT MEMORIAL HOSPITAL,WV,3.0,73.0,,0.0,4.0,0.0,False
511317,"CAMC PLATEAU MEDICAL CENTER, INC",WV,,81.0,,0.0,3.0,0.0,False
511318,MONTGOMERY GENERAL HOSPITAL,WV,,72.0,,0.0,1.0,0.0,False
511319,JEFFERSON MEDICAL CENTER,WV,1.0,71.0,,0.0,4.0,0.0,False
511320,JACKSON GENERAL HOSPITAL,WV,3.0,86.0,,0.0,4.0,0.0,False
511321,"ST JOSEPH'S HOSPITAL OF BUCKHANNON, INC",WV,3.0,77.0,,0.0,4.0,0.0,False
511322,SUMMERSVILLE REGIONAL MEDICAL CENTER,WV,2.0,74.0,,0.0,4.0,0.0,False
514001,HIGHLAND HOSPITAL,WV,,,,,,,False
514008,RIVER PARK HOSPITAL,WV,,,,,,,False
514009,MILDRED MITCHELL-BATEMAN HOSPITAL,WV,,,,,,,False
514011,"HIGHLAND-CLARKSBURG HOSPITAL, INC",WV,,,,,,,False
514012,"WILLIAM R SHARPE, JR HOSPITAL",WV,,,,,,,False
520002,"ASPIRUS STEVENS POINT HOSPITAL & CLINICS, INC.",WI,4.0,66.0,0.91,0.0,4.0,0.0,True
520004,MAYO CLINIC HEALTH SYSTEM-FRANCISCAN MEDICAL CENTER INC,WI,5.0,83.0,0.9,0.0,5.0,0.0,True
520008,WAUKESHA MEMORIAL HOSPITAL,WI,4.0,72.0,1.05,0.0,5.0,0.0,True
520009,ASCENSION NE WISCONSIN - ST ELIZABETH CAMPUS,WI,4.0,68.0,0.85,0.0,6.0,0.0,True
520011,MARSHFIELD MEDICAL CENTER - RICE LAKE,WI,2.0,68.0,0.86,0.0,3.0,0.0,True
520019,ASPIRUS RHINELANDER HOSPITAL,WI,3.0,62.0,0.89,0.0,4.0,0.0,True
520021,FROEDTERT SOUTH INC.,WI,2.0,76.0,0.98,0.0,5.0,0.0,True
520028,THE MONROE CLINIC,WI,5.0,73.0,0.9,0.0,5.0,0.0,True
52002F,TOMAH VA MEDICAL CENTER,WI,,71.0,,0.0,2.0,0.0,False
520030,ASPIRUS WAUSAU HOSPITAL,WI,4.0,73.0,0.95,0.0,6.0,0.0,True
520033,ASPIRUS RIVERVIEW HOSPITAL & CLINICS INC,WI,3.0,67.0,0.93,0.0,4.0,0.0,True
520034,AURORA MEDICAL CTR MANITOWOC COUNTY,WI,5.0,74.0,0.85,0.0,4.0,0.0,True
520035,AURORA MEDICAL CENTER SHEBOYGAN COUNTY,WI,5.0,74.0,0.83,0.0,4.0,0.0,True
520037,MARSHFIELD MEDICAL CENTER,WI,1.0,58.0,0.99,1.0,6.0,0.16666666666666666,True
520038,AURORA MEDICAL CTR WASHINGTON COUNTY,WI,4.0,73.0,0.84,0.0,4.0,0.0,True
52003F,MILWAUKEE VA MEDICAL CENTER,WI,3.0,79.0,,2.0,6.0,0.3333333333333333,False
520041,ASPIRUS DIVINE SAVIOR HOSPITAL,WI,3.0,64.0,0.81,0.0,4.0,0.0,True
520044,ST NICHOLAS HOSPITAL,WI,3.0,76.0,0.87,0.0,3.0,0.0,True
520045,THEDACARE REGIONAL MED CTR - NEENAH,WI,4.0,72.0,0.95,0.0,4.0,0.0,True
520049,BELLIN MEMORIAL HOSPITAL,WI,4.0,79.0,0.94,0.0,5.0,0.0,True
52004F,MADISON VA MEDICAL CENTER,WI,5.0,88.0,,0.0,6.0,0.0,False
520051,ASCENSION COLUMBIA ST MARYS HOSPITAL MILWAUKEE,WI,3.0,63.0,0.98,0.0,5.0,0.0,True
520057,SSM HEALTH ST CLARE HOSPITAL - BARABOO,WI,4.0,70.0,0.84,0.0,3.0,0.0,True
520059,AURORA MEMORIAL HOSPITAL BURLINGTON,WI,4.0,64.0,0.87,0.0,4.0,0.0,True
520062,OCONOMOWOC MEMORIAL HOSPITAL,WI,5.0,72.0,1.05,0.0,6.0,0.0,True
520063,ST JOSEPHS COMMUNITY HOSPITAL WEST BEND,WI,4.0,70.0,0.92,0.0,5.0,0.0,True
520066,MERCY HEALTH SYSTEM CORP,WI,3.0,61.0,0.92,0.0,6.0,0.0,True
520070,MAYO CLINIC HEALTH SYSTEM EAU CLAIRE HOSPITAL,WI,5.0,79.0,0.95,0.0,6.0,0.0,True
520071,FORT MEMORIAL HOSPITAL,WI,4.0,68.0,0.92,0.0,4.0,0.0,True
520075,ST VINCENT HOSPITAL,WI,4.0,69.0,0.99,0.0,5.0,0.0,True
520076,MARSHFIELD MEDICAL CENTER - BEAVER DAM (MMC-BD),WI,2.0,51.0,0.86,0.0,3.0,0.0,True
520078,ASCENSION ST FRANCIS HOSPITAL,WI,3.0,55.0,,0.0,4.0,0.0,False
520083,SSM HEALTH ST MARY'S HOSPITAL - MADISON,WI,4.0,74.0,0.93,0.0,6.0,0.0,True
520087,GUNDERSEN LUTHERAN MEDICAL CENTER,WI,4.0,79.0,1.07,0.0,5.0,0.0,True
520088,SSM HEALTH ST AGNES HOSPITAL-FOND DU LAC,WI,4.0,66.0,0.88,0.0,5.0,0.0,True
520089,UNITYPOINT HEALTH - MERITER,WI,5.0,77.0,0.93,0.0,5.0,0.0,True
520091,HOWARD YOUNG MEDICAL CENTER,WI,4.0,83.0,0.94,0.0,4.0,0.0,True
520095,SAUK PRAIRIE HOSPITAL,WI,5.0,90.0,0.86,0.0,4.0,0.0,True
520096,ASCENSION ALL SAINTS HOSPITAL,WI,2.0,53.0,,0.0,6.0,0.0,False
520097,ST MARYS HOSPITAL MEDICAL CTR,WI,3.0,61.0,1.04,0.0,5.0,0.0,True
520098,UNIVERSITY OF WI  HOSPITALS & CLINICS AUTHORITY,WI,5.0,82.0,0.93,0.0,6.0,0.0,True
520100,BELOIT HEALTH SYSTEM,WI,3.0,56.0,0.96,0.0,5.0,0.0,True
520102,AURORA LAKELAND MEDICAL CENTER,WI,5.0,74.0,0.84,0.0,4.0,0.0,True
520103,COMMUNITY MEMORIAL HOSPITAL,WI,4.0,71.0,0.91,0.0,6.0,0.0,True
520107,HOLY FAMILY MEMORIAL,WI,3.0,72.0,0.88,0.0,3.0,0.0,True
520109,MILE BLUFF MEDICAL CENTER,WI,4.0,72.0,0.78,0.0,3.0,0.0,True
520113,AURORA MEDICAL CENTER BAY AREA,WI,4.0,69.0,0.84,0.0,4.0,0.0,True
520116,WATERTOWN MEMORIAL HOSPITAL,WI,3.0,64.0,0.97,0.0,6.0,0.0,True
520136,ASCENSION SE WISCONSIN HOSPITAL,WI,5.0,68.0,,0.0,6.0,0.0,False
520138,AURORA ST LUKES MEDICAL CENTER,WI,4.0,71.0,0.96,0.0,6.0,0.0,True
520139,WEST ALLIS MEMORIAL HOSPITAL,WI,4.0,69.0,0.89,0.0,5.0,0.0,True
520160,THEDACARE REGIONAL MEDICAL CENTER - APPLETON INC,WI,4.0,74.0,0.92,0.0,6.0,0.0,True
520177,FROEDTERT MEMORIAL LUTHERAN HOSPITAL,WI,3.0,77.0,0.96,0.0,5.0,0.0,True
520189,AURORA MEDICAL CENTER KENOSHA,WI,4.0,77.0,0.94,0.0,5.0,0.0,True
520193,AURORA BAYCARE MEDICAL CTR,WI,4.0,80.0,0.92,0.0,6.0,0.0,True
520194,ORTHOPAEDIC HOSPITAL OF WISCONSIN,WI,,92.0,0.73,0.0,2.0,0.0,False
520196,OAKLEAF SURGICAL HOSPITAL,WI,,91.0,1.08,0.0,2.0,0.0,False
520198,AURORA MEDICAL CTR OSHKOSH,WI,4.0,76.0,0.81,0.0,5.0,0.0,True
520202,MARSHFIELD MEDICAL CENTER - WESTON,WI,3.0,76.0,0.93,0.0,5.0,0.0,True
520205,MIDWEST ORTHOPEDIC SPECIALTY HOSPITAL,WI,,80.0,,0.0,2.0,0.0,False
520206,AURORA MEDICAL CENTER - SUMMIT,WI,5.0,79.0,0.9,0.0,5.0,0.0,True
520207,AURORA MEDICAL CENTER,WI,5.0,82.0,0.85,0.0,6.0,0.0,True
520208,SSM HEALTH ST MARY'S HOSPITAL - JANESVILLE,WI,4.0,77.0,0.9,0.0,4.0,0.0,True
520210,MARSHFIELD MEDICAL CENTER - EAU CLAIRE,WI,3.0,68.0,0.91,0.0,5.0,0.0,True
520212,MARSHFIELD MEDICAL CENTER - MINOCQUA,WI,5.0,80.0,0.92,0.0,3.0,0.0,True
520213,FROEDTERT COMMUNITY HOSPITAL,WI,,84.0,0.71,0.0,2.0,0.0,False
520214,ASCENSION WISCONSIN HOSP MENOMONEE FALLS CAMPUS,WI,,84.0,,0.0,1.0,0.0,False
520215,MARSHFIELD MEDICAL CENTER - RIVER REGION,WI,,59.0,,0.0,1.0,0.0,False
521300,ASPIRUS EAGLE RIVER HOSPITAL,WI,,80.0,,0.0,3.0,0.0,False
521302,MAYO CLINIC HEALTH SYSTEM OAKRIDGE,WI,,83.0,,0.0,3.0,0.0,False
521303,THEDACARE MEDICAL CENTER - WILD ROSE,WI,,84.0,,0.0,0.0,,False
521304,GUNDERSEN ST JOSEPHS HOSPITAL AND CLINICS,WI,,80.0,,0.0,1.0,0.0,False
521305,MAYO CLINIC HLTH SYSTM FRANCISCAN HLTHCARE SPARTA,WI,,78.0,,0.0,1.0,0.0,False
521307,CHIPPEWA VALLEY HOSPITAL,WI,,,,0.0,0.0,,False
521308,AMERY HOSPITAL & CLINIC,WI,2.0,83.0,,0.0,4.0,0.0,False
521309,GUNDERSEN MOUNDVIEW HOSPITAL AND CLINICS,WI,,63.0,,0.0,1.0,0.0,False
521310,HSHS ST CLARE MEMORIAL HOSPITAL,WI,,68.0,,0.0,0.0,,False
521311,ASPIRUS STANLEY HOSPITAL,WI,,77.0,,0.0,1.0,0.0,False
521312,MEMORIAL HOSPITAL OF LAFAYETTE COUNTY,WI,,81.0,,0.0,2.0,0.0,False
521313,ASPIRUS TOMAHAWK HOSPITAL,WI,,83.0,,0.0,1.0,0.0,False
521314,MAYO CLINIC HEALTH SYSTEM CHIPPEWA VALLEY,WI,4.0,74.0,,0.0,3.0,0.0,False
521315,MAYO CLINIC HEALTH SYSTEM-NORTHLAND,WI,4.0,77.0,,0.0,4.0,0.0,False
521316,GUNDERSEN TRI-COUNTY HOSPITAL & CLINICS,WI,,81.0,,0.0,1.0,0.0,False
521317,ASCENSION CALUMET HOSPITAL,WI,,,,0.0,0.0,,False
521318,LADD MEMORIAL HOSPITAL,WI,,77.0,,0.0,1.0,0.0,False
521319,EDGERTON HOSPITAL AND HEALTH SERVICES,WI,,93.0,,0.0,1.0,0.0,False
521320,TOMAH MEMORIAL HOSPITAL,WI,5.0,88.0,,0.0,4.0,0.0,False
521321,RIPON MEDICAL CENTER,WI,,76.0,,0.0,1.0,0.0,False
521322,GRANT REGIONAL HEALTH CENTER,WI,,80.0,,0.0,2.0,0.0,False
521323,MARSHFIELD MEDICAL CENTER - NEILLSVILLE,WI,,72.0,,0.0,1.0,0.0,False
521324,"ASPIRUS MEDFORD HOSPITAL & CLINICS, INC",WI,,78.0,,0.0,2.0,0.0,False
521325,FLAMBEAU HOSPITAL,WI,3.0,79.0,,0.0,3.0,0.0,False
521326,THEDACARE MEDICAL CENTER - NEW LONDON,WI,,66.0,,0.0,1.0,0.0,False
521327,WAUPUN MEMORIAL HOSPITAL,WI,5.0,75.0,,0.0,3.0,0.0,False
521328,MARSHFIELD MEDICAL CENTER - LADYSMITH,WI,,50.0,,0.0,1.0,0.0,False
521329,ST MARYS HOSPITAL SUPERIOR,WI,,62.0,,0.0,1.0,0.0,False
521330,CROSSING RIVERS HEALTH MEDICAL CENTER,WI,3.0,79.0,,0.0,3.0,0.0,False
521331,BURNETT MEDICAL CENTER,WI,,68.0,,0.0,1.0,0.0,False
521332,SPOONER HEALTH SYSTEM,WI,5.0,85.0,,0.0,2.0,0.0,False
521333,BLACK RIVER MEMORIAL HOSPITAL,WI,,84.0,,0.0,2.0,0.0,False
521334,THEDACARE MEDICAL CENTER-WAUPACA,WI,3.0,63.0,,0.0,3.0,0.0,False
521335,HUDSON HOSPITAL,WI,5.0,80.0,,0.0,3.0,0.0,False
521336,TAMARACK HEALTH HAYWARD MEDICAL CENTER,WI,4.0,79.0,,0.0,3.0,0.0,False
521337,ST CROIX REGIONAL MEDICAL CENTER,WI,3.0,69.0,,0.0,5.0,0.0,False
521338,COLUMBUS COMMUNITY HOSPITAL,WI,4.0,86.0,,0.0,4.0,0.0,False
521339,ASPIRUS MERRILL HOSPITAL,WI,,66.0,,0.0,3.0,0.0,False
521340,MAYO CLINIC HEALTH SYSTEM-RED CEDAR INC,WI,3.0,75.0,,0.0,4.0,0.0,False
521341,RICHLAND HOSPITAL,WI,1.0,69.0,,0.0,4.0,0.0,False
521342,INDIANHEAD MEDICAL CTR,WI,,,,0.0,1.0,0.0,False
521343,STOUGHTON HOSPITAL,WI,3.0,88.0,,0.0,3.0,0.0,False
521344,GUNDERSEN BOSCOBEL AREA HOSPITAL AND CLINICS,WI,,68.0,,0.0,1.0,0.0,False
521345,WESTFIELDS HOSPITAL AND CLINIC,WI,4.0,87.0,,0.0,4.0,0.0,False
521346,THEDACARE MEDICAL CENTER - SHAWANO,WI,4.0,61.0,,0.0,3.0,0.0,False
521347,WESTERN WISCONSIN HEALTH,WI,,75.0,,0.0,4.0,0.0,False
521348,VERNON MEMORIAL HOSPITAL,WI,,77.0,,0.0,4.0,0.0,False
521349,RIVER FALLS AREA HOSPITAL,WI,5.0,85.0,,0.0,3.0,0.0,False
521350,LANGLADE HOSPITAL,WI,,72.0,,0.0,3.0,0.0,False
521351,REEDSBURG AREA MEDICAL CENTER,WI,5.0,71.0,,0.0,4.0,0.0,False
521352,UPLAND HILLS HEALTH,WI,4.0,86.0,,0.0,3.0,0.0,False
521353,CUMBERLAND MEMORIAL HOSPITAL,WI,,84.0,,0.0,1.0,0.0,False
521354,SOUTHWEST HEALTH CENTER,WI,,86.0,,0.0,2.0,0.0,False
521355,THEDACARE MEDICAL CENTER - BERLIN INC,WI,3.0,71.0,,0.0,3.0,0.0,False
521356,BELLIN HEALTH OCONTO HOSPITAL,WI,,79.0,,0.0,0.0,,False
521357,MERCY WALWORTH HOSPITAL & MEDICAL CENTER,WI,3.0,71.0,,0.0,4.0,0.0,False
521358,DOOR COUNTY MEDICAL CENTER,WI,4.0,85.0,,0.0,4.0,0.0,False
521359,TAMARACK HEALTH ASHLAND MEDICAL CENTER,WI,3.0,85.0,,0.0,4.0,0.0,False
523300,CHILDRENS HOSPITAL OF WISCONSIN,WI,,,,0.0,0.0,,False
523302,CHILDRENS HOSPITAL OF WISCONSIN FOX VALLEY,WI,,,,0.0,0.0,,False
524000,AURORA PSYCHIATRIC HOSPITAL,WI,,,,,,,False
524002,WINNEBAGO MENTAL HEALTH INSTITUTE,WI,,,,,,,False
524008,MENDOTA MENTAL HEALTH INSTITUTE,WI,,,,,,,False
524014,BROWN COUNTY COMMUNITY TREATMENT CTR,WI,,,,,,,False
524017,NORTH CENTRAL HEALTH CARE,WI,,,,,,,False
524018,ROGERS MEMORIAL HOSPITAL,WI,,,,,,,False
524019,NORWOOD HEALTH CENTER,WI,,,,,,,False
524025,FOND DU LAC COUNTY ACUTE PSYCH UNIT,WI,,,,,,,False
524026,WAUKESHA COUNTY MENTAL HEALTH CTR,WI,,,,,,,False
524041,"SBH Green Bay, LLC d/b/a WILLOW CREEK BEHAVIORAL HEALTH",WI,,,,,,,False
524042,MIRAMONT BEHAVIORAL HEALTH,WI,,,,,,,False
524043,GRANITE HILLS HOSPITAL,WI,,,,,,,False
524044,"MENTAL HEALTH EMERGENCY CENTER, INC",WI,,,,,,,False
530002,CAMPBELL COUNTY HEALTH,WY,3.0,51.0,0.93,0.0,5.0,0.0,True
530006,SHERIDAN MEMORIAL HOSPITAL,WY,3.0,68.0,0.92,0.0,6.0,0.0,True
530008,SAGEWEST HEALTH CARE,WY,2.0,53.0,0.95,0.0,5.0,0.0,True
530012,BANNER WYOMING MEDICAL CENTER,WY,2.0,56.0,1.04,0.0,6.0,0.0,True
530014,CHEYENNE REGIONAL MEDICAL CENTER,WY,3.0,67.0,0.99,0.0,6.0,0.0,True
530015,ST JOHNS MEDICAL CENTER,WY,5.0,83.0,0.81,0.0,5.0,0.0,True
530025,IVINSON MEMORIAL HOSPITAL,WY,3.0,78.0,0.97,0.0,4.0,0.0,True
530034,SUMMIT MEDICAL CENTER,WY,,85.0,1.13,0.0,2.0,0.0,False
53004F,CHEYENNE VA MEDICAL CENTER,WY,5.0,79.0,,0.0,4.0,0.0,False
53005F,SHERIDAN VA MEDICAL CENTER,WY,,,,0.0,2.0,0.0,False
531301,SOUTH BIG HORN COUNTY HOSPITAL,WY,,,,0.0,1.0,0.0,False
531302,MEMORIAL HOSPITAL OF CONVERSE COUNTY,WY,4.0,75.0,,0.0,4.0,0.0,False
531303,WESTON COUNTY HEALTH SERVICES,WY,,,,0.0,2.0,0.0,False
531304,HOT SPRINGS COUNTY MEMORIAL HOSPITAL,WY,3.0,70.0,,0.0,3.0,0.0,False
531305,PLATTE COUNTY HOSPITAL,WY,4.0,78.0,,0.0,3.0,0.0,False
531306,WASHAKIE MEDICAL CENTER,WY,4.0,69.0,,0.0,3.0,0.0,False
531307,COMMUNITY HOSPITAL,WY,2.0,72.0,,0.0,3.0,0.0,False
531308,JOHNSON COUNTY HEALTHCARE CENTER,WY,,,,0.0,0.0,,False
531309,NORTH BIG HORN HOSPITAL DISTRICT,WY,4.0,89.0,,0.0,3.0,0.0,False
531310,POWELL VALLEY HOSPITAL,WY,4.0,81.0,,0.0,4.0,0.0,False
531311,CROOK COUNTY HOSPITAL,WY,,80.0,,0.0,1.0,0.0,False
531312,CODY REGIONAL HEALTH,WY,3.0,70.0,,0.0,4.0,0.0,False
531313,STAR VALLEY MEDICAL CENTER,WY,,71.0,,0.0,3.0,0.0,False
531314,NIOBRARA COUNTY HOSPITAL DISTRICT,WY,,,,0.0,1.0,0.0,False
531315,SOUTH LINCOLN MEDICAL CENTER - CAH,WY,,,,0.0,1.0,0.0,False
531316,MEMORIAL HOSPITAL OF CARBON COUNTY,WY,,,,0.0,1.0,0.0,False
531317,NORTH PLATTE VALLEY MEDICAL CENTER,WY,,,,0.0,0.0,,False
531318,MEMORIAL HOSPITAL SWEETWATER COUNTY,WY,,63.0,,0.0,0.0,,False
531319,EVANSTON REGIONAL HOSPITAL,WY,,,,0.0,0.0,,False
534004,WYOMING BEHAVIORAL INSTITUTE,WY,,,,,,,False
640001,LBJ TROPICAL MEDICAL CENTER,AS,,,,0.0,0.0,,False
650001,GUAM MEMORIAL  HOSPITAL AUTHORITY,GU,2.0,,,0.0,5.0,0.0,False
650003,GUAM REGIONAL MEDICAL CITY,GU,,,,0.0,0.0,,False
660001,COMMONWEALTH HEALTH CENTER,MP,,,,0.0,5.0,0.0,False
670005,MEMORIAL HERMANN SURGICAL HOSPITAL KINGWOOD,TX,,79.0,1.0,0.0,2.0,0.0,False
670006,THE HOSPITAL AT WESTLAKE MEDICAL CENTER,TX,,68.0,1.01,0.0,2.0,0.0,False
670008,MEMORIAL HERMANN HOUSTON PHYSICIANS HOSPITAL,TX,,88.0,0.9,0.0,2.0,0.0,False
670010,MAYHILL HOSPITAL,TX,,,,0.0,0.0,,False
670023,METHODIST MANSFIELD MEDICAL CENTER,TX,4.0,83.0,1.13,0.0,6.0,0.0,True
670025,BAYLOR SCOTT & WHITE THE HEART HOSPITAL PLANO,TX,4.0,89.0,0.99,0.0,4.0,0.0,True
670031,ST LUKE'S PATIENTS MEDICAL CENTER,TX,3.0,65.0,1.03,0.0,4.0,0.0,True
670034,BAYLOR SCOTT & WHITE MEDICAL CENTER - ROUND ROCK,TX,4.0,78.0,0.99,0.0,6.0,0.0,True
670041,ASCENSION SETON WILLIAMSON,TX,4.0,72.0,1.15,0.0,5.0,0.0,True
670043,ASCENSION SETON CEDAR PARK,TX,3.0,62.0,0.96,0.0,6.0,0.0,True
670044,TEXAS HEALTH PRESBYTERIAN HOSPITAL ROCKWALL,TX,5.0,80.0,0.96,0.0,4.0,0.0,True
670047,THE HOSPITALS OF PROVIDENCE - EAST CAMPUS,TX,2.0,57.0,1.02,0.0,4.0,0.0,True
670049,NORTH CENTRAL SURGICAL CENTER LLP,TX,,80.0,0.88,0.0,2.0,0.0,False
670053,ST LUKE'S SUGAR LAND HOSPITAL,TX,3.0,61.0,1.16,0.0,3.0,0.0,True
670054,FOUNDATION SURGICAL HOSPITAL OF SAN ANTONIO,TX,,84.0,0.93,0.0,2.0,0.0,False
670055,METHODIST HOSPITAL  STONE OAK,TX,4.0,71.0,1.04,0.0,6.0,0.0,True
670056,ASCENSION  SETON HAYS,TX,3.0,65.0,1.06,0.0,5.0,0.0,True
670059,CHI ST LUKES LAKESIDE HOSPITAL,TX,,77.0,1.18,0.0,1.0,0.0,False
670060,BAYLOR SCOTT AND WHITE MEDICAL CENTER SUNNYVALE,TX,2.0,50.0,1.02,0.0,5.0,0.0,True
670062,BAYLOR EMERGENCY MEDICAL CENTER AT AUBREY,TX,,70.0,0.76,0.0,2.0,0.0,False
670067,BAYLOR SCOTT AND WHITE ORTHOPEDIC AND SPINE HOSPI,TX,,82.0,0.94,0.0,2.0,0.0,False
670068,TEXAS HEALTH PRESBYTERIAN HOSPITAL FLOWER MOUND,TX,5.0,79.0,1.07,0.0,4.0,0.0,True
670069,METHODIST MCKINNEY HOSPITAL,TX,,88.0,1.09,0.0,2.0,0.0,False
670071,TEXAS HEALTH HEART & VASCULAR HOSPITAL ARLINGTON,TX,4.0,86.0,0.98,0.0,3.0,0.0,True
670073,METHODIST HOSPITAL FOR SURGERY,TX,4.0,83.0,1.03,0.0,2.0,0.0,True
670075,ST LUKE'S HOSPITAL AT THE VINTAGE,TX,4.0,78.0,1.09,0.0,5.0,0.0,True
670076,BAYLOR SCOTT AND WHITE SURGICAL HOSPITAL AT SHERMA,TX,3.0,86.0,0.96,0.0,2.0,0.0,True
670077,HOUSTON METHODIST WEST HOSPITAL,TX,5.0,83.0,1.01,0.0,6.0,0.0,True
670078,BAPTIST NEIGHBORHOOD HOSPITAL THOUSAND OAKS,TX,5.0,81.0,0.82,0.0,3.0,0.0,True
670080,SETON MEDICAL CENTER HARKER HEIGHTS,TX,4.0,73.0,1.01,0.0,5.0,0.0,True
670082,BAYLOR SCOTT AND WHITE  MEDICAL CENTER  MCKINNEY,TX,4.0,78.0,1.06,0.0,6.0,0.0,True
670085,TEXAS HEALTH HARRIS METHODIST HOSPITAL ALLIANCE,TX,5.0,73.0,1.06,0.0,5.0,0.0,True
670088,BAYLOR SCOTT & WHITE MEDICAL CENTER- COLLEGE STATI,TX,4.0,82.0,0.99,0.0,6.0,0.0,True
670090,CRESCENT MEDICAL CENTER LANCASTER,TX,2.0,49.0,1.11,0.0,1.0,0.0,True
670093,ASPIRE HOSPITAL,TX,,,,0.0,0.0,,False
670098,RESOLUTE HEALTH HOSPITAL,TX,4.0,75.0,1.11,0.0,6.0,0.0,True
670102,"AD HOSPITAL EAST, LLC",TX,,58.0,1.2,0.0,1.0,0.0,False
670103,MEDICAL CITY ALLIANCE,TX,3.0,70.0,0.97,0.0,5.0,0.0,True
670106,HCA HOUSTON HEALTHCARE PEARLAND,TX,3.0,60.0,0.99,0.0,3.0,0.0,True
670107,BAYLOR SCOTT AND WHITE EMERGENCY HOSPITAL,TX,,71.0,,0.0,0.0,,False
670108,BAYLOR SCOTT & WHITE MEDICAL CENTER - MARBLE FALLS,TX,4.0,79.0,1.01,0.0,5.0,0.0,True
670109,BAYTOWN MEDICAL CENTER LP,TX,,,,0.0,0.0,,False
670112,LEGENT ORTHOPEDIC + SPINE,TX,,84.0,0.98,0.0,2.0,0.0,False
670115,CLEVELAND EMERGENCY HOSPITAL,TX,,,,0.0,0.0,,False
670120,THE HOSPITALS OF PROVIDENCE TRANSMOUNTAIN CAMPUS,TX,2.0,64.0,0.97,0.0,4.0,0.0,True
670121,SAINT CAMILLUS MEDICAL CENTER,TX,,,,0.0,0.0,,False
670122,HOUSTON METHODIST THE WOODLANDS HOSPITAL,TX,5.0,84.0,1.01,0.0,6.0,0.0,True
670124,THE HOSPITALS OF PROVIDENCE HORIZON CITY CAMPUS,TX,,85.0,0.67,0.0,2.0,0.0,False
670125,TEXAS CENTER FOR INFECTIOUS DISEASE,TX,,,,0.0,0.0,,False
670128,BAYLOR SCOTT & WHITE MEDICAL CENTER PFLUGERVILLE,TX,4.0,77.0,1.05,0.0,3.0,0.0,True
670131,BAYLOR SCOTT & WHITE MEDICAL CENTER - BUDA,TX,,87.0,0.85,0.0,1.0,0.0,False
670132,METHODIST SOUTHLAKE MEDICAL CENTER,TX,,90.0,1.04,0.0,1.0,0.0,False
670134,ALTUS LUMBERTON HOSPITAL,TX,,93.0,0.59,0.0,2.0,0.0,False
670135,"ALTUS HOUSTON HOSPITAL, LP",TX,,,,0.0,0.0,,False
670136,BAYLOR SCOTT & WHITE MEDICAL CENTER- AUSTIN,TX,,85.0,0.93,0.0,2.0,0.0,False
670260,TEXAS HEALTH HOSPITAL FRISCO,TX,4.0,80.0,1.09,0.0,5.0,0.0,True
670265,LEGENT ORTHOPEDIC HOSPITAL,TX,,75.0,1.05,0.0,1.0,0.0,False
670266,TOWNSEN MEMORIAL HOSPITAL,TX,,67.0,1.1,0.0,0.0,,False
670267,THE WOODLANDS SPECIALTY HOSPITAL,TX,,59.0,,0.0,1.0,0.0,False
670285,ELITE HOSPITAL KINGWOOD,TX,,,,0.0,0.0,,False
670300,METHODIST MIDLOTHIAN MEDICAL CENTER,TX,4.0,82.0,1.12,0.0,4.0,0.0,True
670309,TEXAS HEALTH HOSPITAL MANSFIELD,TX,5.0,80.0,1.14,0.0,3.0,0.0,True
670314,ST MICHAELS MEDICAL HOSPITAL LLC,TX,,,,0.0,0.0,,False
670320,EAST HOUSTON MEDICAL CENTER,TX,,,,0.0,0.0,,False
670321,ADVANCED DALLAS HOSPITALS AND CLINICS,TX,,,,0.0,0.0,,False
670322,LEGENT SURGICAL HOSPITAL PLANO,TX,,77.0,,0.0,0.0,,False
670326,BRUSHY CREEK FAMILY HOSPITAL LLC,TX,,,,0.0,0.0,,False
670327,EXCEPTIONAL COMMUNITY HOSPITAL LUBBOCK,TX,,,,0.0,0.0,,False
670331,MID COAST MEDICAL CENTER-TRINITY,TX,,,,0.0,0.0,,False
670333,WESTOVER HILLS BAPTIST HOSPITAL,TX,,,0.99,0.0,0.0,,False
670335,UT HEALTH SAN ANTONIO MULTISPECIALTY & RESEARCH HO,TX,,,,0.0,0.0,,False
670336,BANDERA FAMILY HOSPITAL,TX,,,,0.0,0.0,,False
670340,METHODIST CELINA MEDICAL CENTER,TX,,,,0.0,0.0,,False
670342,HOUSTON METHODIST CYPRESS HOSPITAL,TX,,,,0.0,0.0,,False
670343,BAYLOR SCOTT & WHITE HOSPITAL BRENHAM,TX,,,,0.0,0.0,,False
670345,LEGENT NORTH HOUSTON SURGICAL HOSPITAL,TX,,,,0.0,0.0,,False
670346,BAYLOR SCOTT AND WHITE MEDICAL CENTER FRISCO AT PG,TX,,,,0.0,0.0,,False
670779,CROSBYTON CLINIC HOSPITAL,TX,,,,0.0,0.0,,False
670780,FALLS COMMUNITY HOSPITAL AND CLINIC,TX,,,,0.0,0.0,,False
670781,ANSON GENERAL HOSPITAL,TX,,,,0.0,0.0,,False
670783,CHI ST LUKES HEALTH MEMORIAL SAN AUGUSTINE,TX,,,,0.0,0.0,,False
671300,GRAHAM REGIONAL MEDICAL CENTER,TX,,88.0,,0.0,3.0,0.0,False
671301,HEMPHILL COUNTY HOSPITAL,TX,,,,0.0,0.0,,False
671302,STEPHENS MEMORIAL HOSPITAL,TX,,,,0.0,0.0,,False
671303,EASTLAND MEMORIAL HOSPITAL,TX,,,,0.0,0.0,,False
