Facility ID,Facility Name,State,Overall_Rating,Patient_Recommendation,MSPB Score,Worse_Readmission_Count,Valid_Readmission_Measures,Worse_Readmission_Rate,Complete_HVI_Data
100001,SHANDS JACKSONVILLE,FL,4.0,70.0,0.95,0.0,5.0,0.0,True
100002,BETHESDA HOSPITAL EAST,FL,2.0,60.0,1.02,0.0,6.0,0.0,True
100006,ORLANDO HEALTH,FL,4.0,74.0,1.0,1.0,6.0,0.16666666666666666,True
100007,ADVENTHEALTH ORLANDO,FL,3.0,74.0,0.99,4.0,6.0,0.6666666666666666,True
100008,BAPTIST HOSPITAL OF MIAMI,FL,5.0,74.0,1.02,0.0,5.0,0.0,True
100012,LEE MEMORIAL HOSPITAL,FL,5.0,72.0,0.95,0.0,6.0,0.0,True
100014,ADVENTHEALTH NEW SMYRNA BEACH,FL,4.0,69.0,0.97,0.0,6.0,0.0,True
100017,HALIFAX HEALTH MEDICAL CENTER,FL,2.0,66.0,1.03,0.0,6.0,0.0,True
100018,NAPLES COMMUNITY HOSPITAL,FL,3.0,66.0,1.02,0.0,6.0,0.0,True
100019,HOLMES REGIONAL MEDICAL CENTER,FL,4.0,64.0,1.08,0.0,6.0,0.0,True
100022,JACKSON HEALTH SYSTEM,FL,1.0,69.0,1.11,1.0,5.0,0.2,True
100023,HCA FLORIDA CITRUS HOSPITAL,FL,2.0,63.0,1.0,1.0,6.0,0.16666666666666666,True
100025,SACRED HEART HOSPITAL,FL,4.0,64.0,1.0,0.0,6.0,0.0,True
100026,ASCENSION SACRED HEART BAY,FL,3.0,72.0,1.08,0.0,5.0,0.0,True
100028,PARRISH MEDICAL CENTER,FL,2.0,61.0,1.05,0.0,6.0,0.0,True
100029,NORTH SHORE MEDICAL CENTER,FL,1.0,46.0,1.14,1.0,6.0,0.16666666666666666,True
100030,ORLANDO HEALTH-HEALTH CENTRAL HOSPITAL,FL,3.0,73.0,0.98,0.0,6.0,0.0,True
100032,ORLANDO HEALTH BAYFRONT HOSPITAL,FL,2.0,67.0,1.11,0.0,6.0,0.0,True
100034,"MOUNT SINAI MEDICAL CENTER OF FLORIDA, INC",FL,3.0,74.0,1.02,0.0,6.0,0.0,True
100035,MANATEE MEMORIAL HOSPITAL,FL,3.0,58.0,1.03,0.0,6.0,0.0,True
100038,MEMORIAL REGIONAL HOSPITAL,FL,3.0,71.0,1.04,1.0,6.0,0.16666666666666666,True
100039,BROWARD HEALTH MEDICAL CENTER,FL,3.0,63.0,1.06,0.0,5.0,0.0,True
100040,ASCENSION ST VINCENT'S RIVERSIDE,FL,3.0,72.0,1.01,0.0,6.0,0.0,True
100043,MEASE DUNEDIN HOSPITAL,FL,4.0,81.0,1.0,0.0,5.0,0.0,True
100044,CLEVELAND CLINIC MARTIN NORTH HOSPITAL,FL,3.0,61.0,1.02,1.0,6.0,0.16666666666666666,True
100045,ADVENTHEALTH DELAND,FL,4.0,68.0,1.0,0.0,5.0,0.0,True
100046,Adventhealth Zephyrhills,FL,4.0,71.0,0.98,0.0,5.0,0.0,True
100049,HCA FLORIDA HIGHLANDS HOSPITAL,FL,3.0,66.0,1.01,0.0,5.0,0.0,True
100050,LARKIN COMMUNITY HOSPITAL PALM SPRINGS CAMPUS,FL,4.0,61.0,1.26,0.0,4.0,0.0,True
100051,ORLANDO HEALTH SOUTH LAKE HOSPITAL,FL,3.0,75.0,0.98,0.0,6.0,0.0,True
100052,WINTER HAVEN HOSPITAL,FL,3.0,65.0,1.0,0.0,5.0,0.0,True
100053,HIALEAH HOSPITAL,FL,3.0,55.0,1.17,0.0,5.0,0.0,True
100054,HCA FLORIDA TWIN CITIES HOSPITAL,FL,5.0,83.0,0.98,1.0,4.0,0.25,True
100055,ADVENTHEALTH NORTH PINELLAS,FL,4.0,74.0,1.02,0.0,5.0,0.0,True
100057,ADVENTHEALTH WATERMAN,FL,4.0,73.0,1.01,0.0,6.0,0.0,True
100062,ADVENTHEALTH OCALA,FL,4.0,68.0,1.01,0.0,6.0,0.0,True
100063,MORTON PLANT NORTH BAY HOSPITAL,FL,3.0,80.0,0.98,0.0,5.0,0.0,True
100067,ST ANTHONYS HOSPITAL,FL,3.0,81.0,1.03,0.0,5.0,0.0,True
100068,ADVENTHEALTH DAYTONA BEACH,FL,5.0,75.0,0.97,0.0,6.0,0.0,True
100069,AdventHealth Carrollwood,FL,3.0,71.0,1.02,0.0,6.0,0.0,True
100071,TAMPA GENERAL HOSPITAL BROOKSVILLE,FL,1.0,54.0,1.04,1.0,5.0,0.2,True
100072,ADVENTHEALTH FISH MEMORIAL,FL,5.0,74.0,0.95,0.0,5.0,0.0,True
100073,HOLY CROSS HOSPITAL,FL,4.0,70.0,1.06,0.0,6.0,0.0,True
100075,ST JOSEPHS HOSPITAL,FL,4.0,77.0,1.01,2.0,5.0,0.4,True
100077,Adventhealth Port Charlotte,FL,1.0,52.0,1.01,0.0,5.0,0.0,True
100080,HCA FLORIDA JFK HOSPITAL,FL,2.0,58.0,1.0,1.0,6.0,0.16666666666666666,True
100084,UF HEALTH LEESBURG HOSPITAL,FL,3.0,67.0,1.04,0.0,6.0,0.0,True
100086,BROWARD HEALTH NORTH,FL,3.0,65.0,1.11,1.0,6.0,0.16666666666666666,True
100087,SARASOTA MEMORIAL HOSPITAL,FL,5.0,77.0,1.05,1.0,6.0,0.16666666666666666,True
100088,BAPTIST HEALTH MEDICAL CENTER - JACKSONVILLE,FL,4.0,77.0,0.98,0.0,6.0,0.0,True
100090,FLAGLER HOSPITAL,FL,3.0,66.0,1.08,0.0,6.0,0.0,True
100093,BAPTIST HOSPITAL,FL,4.0,78.0,1.05,0.0,6.0,0.0,True
100099,ADVENTHEALTH LAKE WALES,FL,2.0,66.0,0.98,0.0,4.0,0.0,True
100105,CLEVELAND CLINIC INDIAN RIVER HOSPITAL,FL,4.0,58.0,1.01,0.0,6.0,0.0,True
100107,HCA FLORIDA LEHIGH HOSPITAL,FL,2.0,55.0,0.95,0.0,4.0,0.0,True
100109,ADVENTHEALTH SEBRING,FL,3.0,65.0,1.02,0.0,6.0,0.0,True
100110,HCA FLORIDA OSCEOLA HOSPITAL,FL,2.0,60.0,1.06,1.0,5.0,0.2,True
100113,UF HEALTH SHANDS HOSPITAL,FL,5.0,78.0,0.98,1.0,6.0,0.16666666666666666,True
100117,BAPTIST MEDICAL CENTER  BEACHES,FL,4.0,83.0,1.0,0.0,6.0,0.0,True
100118,AdventHealth Palm Coast,FL,5.0,72.0,0.93,0.0,6.0,0.0,True
100121,BARTOW REGIONAL MEDICAL CENTER,FL,3.0,67.0,0.98,0.0,5.0,0.0,True
100122,NORTH OKALOOSA MEDICAL CENTER,FL,3.0,53.0,1.03,1.0,5.0,0.2,True
100124,SANTA ROSA MEDICAL CENTER,FL,4.0,61.0,0.96,0.0,5.0,0.0,True
100125,HOMESTEAD HOSPITAL,FL,4.0,67.0,0.98,0.0,4.0,0.0,True
100126,HCA FLORIDA PASADENA HOSPITAL A PART OF HCA FLORID,FL,4.0,73.0,1.03,0.0,6.0,0.0,True
100127,MORTON PLANT HOSPITAL,FL,4.0,81.0,1.03,0.0,6.0,0.0,True
100128,TAMPA GENERAL HOSPITAL,FL,3.0,71.0,1.0,1.0,6.0,0.16666666666666666,True
100131,HCA FLORIDA AVENTURA HOSPITAL,FL,3.0,64.0,1.06,0.0,6.0,0.0,True
100132,SOUTH FLORIDA BAPTIST HOSPITAL,FL,3.0,75.0,1.03,0.0,5.0,0.0,True
100134,ED FRASER MEMORIAL HOSPITAL,FL,1.0,76.0,0.9,0.0,3.0,0.0,True
100135,TALLAHASSEE MEMORIAL HEALTHCARE,FL,3.0,66.0,1.04,0.0,6.0,0.0,True
100137,ADVENTHEALTH HEART OF FLORIDA,FL,3.0,63.0,0.98,0.0,6.0,0.0,True
100140,BAPTIST MEDICAL CENTER - NASSAU,FL,4.0,77.0,0.88,0.0,4.0,0.0,True
100142,JACKSON HOSPITAL,FL,1.0,70.0,1.05,0.0,5.0,0.0,True
100150,LOWER KEYS MEDICAL CENTER,FL,4.0,63.0,0.9,0.0,5.0,0.0,True
100151,MAYO CLINIC,FL,5.0,89.0,1.02,0.0,6.0,0.0,True
100154,SOUTH MIAMI HOSPITAL,FL,4.0,77.0,1.08,0.0,5.0,0.0,True
100156,HCA FLORIDA LAKE CITY HOSPITAL,FL,3.0,61.0,1.01,1.0,5.0,0.2,True
100157,LAKELAND REGIONAL MEDICAL CENTER,FL,1.0,66.0,1.0,2.0,6.0,0.3333333333333333,True
100161,CENTRAL FLORIDA LAKE MONROE HOSPITAL,FL,2.0,54.0,1.06,0.0,6.0,0.0,True
100166,HCA FLORIDA SARASOTA DOCTORS HOSPITAL,FL,4.0,68.0,1.03,0.0,6.0,0.0,True
100167,HCA FLORIDA MERCY HOSPITAL,FL,2.0,67.0,1.1,0.0,6.0,0.0,True
100168,BOCA RATON REGIONAL HOSPITAL,FL,2.0,64.0,1.05,0.0,6.0,0.0,True
100173,ADVENTHEALTH TAMPA,FL,3.0,66.0,1.04,0.0,6.0,0.0,True
100175,DESOTO MEMORIAL HOSPITAL,FL,2.0,67.0,1.09,0.0,4.0,0.0,True
100176,PALM BEACH GARDENS MEDICAL CENTER,FL,2.0,55.0,0.99,0.0,6.0,0.0,True
100177,CAPE CANAVERAL HOSPITAL,FL,3.0,70.0,1.04,0.0,6.0,0.0,True
100179,HCA FLORIDA MEMORIAL HOSPITAL,FL,2.0,62.0,1.08,0.0,6.0,0.0,True
100180,HCA FLORIDA ST PETERSBURG HOSPITAL,FL,2.0,66.0,1.06,0.0,4.0,0.0,True
100181,LARKIN COMMUNITY HOSPITAL,FL,1.0,68.0,1.13,1.0,3.0,0.3333333333333333,True
100183,CORAL GABLES HOSPITAL,FL,3.0,64.0,1.17,0.0,4.0,0.0,True
100187,PALMETTO GENERAL HOSPITAL,FL,2.0,56.0,1.08,0.0,6.0,0.0,True
100189,HCA FLORIDA NORTHWEST HOSPITAL,FL,2.0,56.0,1.01,1.0,5.0,0.2,True
100191,HCA FLORIDA TRINITY HOSPITAL,FL,2.0,64.0,1.01,0.0,6.0,0.0,True
100200,BROWARD HEALTH IMPERIAL POINT,FL,3.0,72.0,1.09,0.0,4.0,0.0,True
100204,HCA FLORIDA NORTH FLORIDA HOSPITAL,FL,3.0,59.0,1.0,1.0,6.0,0.16666666666666666,True
100206,HCA FLORIDA SOUTH TAMPA HOSPITAL,FL,5.0,75.0,1.04,0.0,5.0,0.0,True
100209,HCA FLORIDA KENDALL HOSPITAL,FL,4.0,60.0,1.06,0.0,5.0,0.0,True
100211,ADVENTHEALTH DADE CITY,FL,4.0,77.0,1.02,0.0,5.0,0.0,True
100212,MARION COMMUNTIY HOSPITAL,FL,1.0,67.0,1.03,2.0,6.0,0.3333333333333333,True
100213,HCA FLORIDA BLAKE HOSPITAL,FL,2.0,56.0,1.06,1.0,6.0,0.16666666666666666,True
100217,ORLANDO HEALTH SEBASTIAN RIVER HOSPITAL,FL,4.0,56.0,1.01,0.0,5.0,0.0,True
100220,GULF COAST MEDICAL CENTER LEE HEALTH,FL,4.0,73.0,0.98,0.0,6.0,0.0,True
100223,HCA FLORIDA FORT WALTON-DESTIN HOSPITAL,FL,3.0,64.0,1.06,2.0,6.0,0.3333333333333333,True
100224,UNIVERSITY HOSPITAL AND MEDICAL CENTER,FL,2.0,56.0,1.16,1.0,5.0,0.2,True
100226,HCA FLORIDA ORANGE PARK HOSPITAL,FL,3.0,63.0,1.05,0.0,6.0,0.0,True
100228,WESTSIDE REGIONAL MEDICAL CENTER,FL,2.0,64.0,1.06,1.0,5.0,0.2,True
100230,MEMORIAL HOSPITAL PEMBROKE,FL,4.0,75.0,0.93,0.0,4.0,0.0,True
100231,HCA FLORIDA WEST HOSPITAL,FL,3.0,72.0,1.02,0.0,6.0,0.0,True
100232,HCA FLORIDA PUTNAM HOSPITAL,FL,2.0,57.0,1.0,0.0,6.0,0.0,True
100236,HCA FLORIDA FAWCETT HOSPITAL,FL,1.0,49.0,0.99,2.0,6.0,0.3333333333333333,True
100238,HCA FLORIDA NORTHSIDE HOSPITAL,FL,1.0,53.0,1.05,1.0,6.0,0.16666666666666666,True
100242,HCA FLORIDA GULF COAST HOSPITAL,FL,2.0,61.0,1.08,0.0,6.0,0.0,True
100243,HCA FLORIDA BRANDON HOSPITAL,FL,3.0,56.0,0.99,1.0,6.0,0.16666666666666666,True
100244,CAPE CORAL HOSPITAL,FL,3.0,70.0,0.98,0.0,5.0,0.0,True
100246,HCA FLORIDA LAWNWOOD HOSPITAL,FL,1.0,61.0,1.09,1.0,5.0,0.2,True
100248,HCA FLORIDA LARGO HOSPITAL,FL,2.0,58.0,1.07,1.0,5.0,0.2,True
100249,TAMPA GENERAL HOSPITAL CRYSTAL RIVER,FL,2.0,56.0,0.99,0.0,6.0,0.0,True
100252,HCA FLORIDA RAULERSON HOSPITAL,FL,3.0,66.0,1.0,0.0,5.0,0.0,True
100253,JUPITER MEDICAL CENTER,FL,4.0,79.0,1.01,1.0,6.0,0.16666666666666666,True
100254,HCA FLORIDA CAPITAL HOSPITAL,FL,2.0,60.0,1.01,1.0,6.0,0.16666666666666666,True
100256,HCA FLORIDA BAYONET POINT HOSPITAL,FL,2.0,58.0,1.05,3.0,6.0,0.5,True
100258,DELRAY MEDICAL CENTER,FL,1.0,45.0,1.02,1.0,6.0,0.16666666666666666,True
100259,HCA FLORIDA SOUTH SHORE HOSPITAL,FL,2.0,58.0,0.98,0.0,6.0,0.0,True
100260,ST LUCIE MEDICAL CENTER,FL,1.0,67.0,1.0,4.0,6.0,0.6666666666666666,True
100264,HCA FLORIDA OAK HILL HOSPITAL,FL,1.0,59.0,1.03,2.0,6.0,0.3333333333333333,True
100265,MEASE COUNTRYSIDE HOSPITAL,FL,4.0,80.0,1.01,0.0,5.0,0.0,True
100266,GULF BREEZE HOSPITAL,FL,4.0,83.0,1.05,0.0,5.0,0.0,True
100267,HCA FLORIDA ENGLEWOOD HOSPITAL,FL,3.0,66.0,1.01,0.0,6.0,0.0,True
100268,WEST BOCA MEDICAL CENTER,FL,3.0,52.0,1.0,0.0,4.0,0.0,True
100269,HCA FLORIDA PALMS WEST HOSPITAL,FL,2.0,61.0,0.96,1.0,5.0,0.2,True
100275,WELLINGTON REGIONAL MEDICAL CENTER,FL,2.0,57.0,1.0,1.0,6.0,0.16666666666666666,True
100276,BROWARD HEALTH CORAL SPRINGS,FL,4.0,72.0,1.05,0.0,5.0,0.0,True
100281,MEMORIAL HOSPITAL WEST,FL,3.0,75.0,0.97,0.0,6.0,0.0,True
100284,KERALTY HOSPITAL,FL,2.0,67.0,1.39,0.0,3.0,0.0,True
100285,MEMORIAL HOSPITAL MIRAMAR,FL,5.0,78.0,1.0,0.0,4.0,0.0,True
100286,PHYSICIANS REGIONAL MEDICAL CENTER - PINE RIDGE,FL,2.0,64.0,1.0,1.0,6.0,0.16666666666666666,True
100287,GOOD SAMARITAN MEDICAL CENTER,FL,2.0,60.0,1.0,0.0,6.0,0.0,True
100288,ST MARY'S MEDICAL CENTER,FL,1.0,56.0,1.04,0.0,3.0,0.0,True
100289,CLEVELAND CLINIC HOSPITAL,FL,5.0,80.0,0.93,0.0,6.0,0.0,True
100290,"VILLAGES REGIONAL HOSPITAL, THE",FL,4.0,64.0,1.04,0.0,6.0,0.0,True
100291,ORLANDO HEALTH MELBOURNE HOSPITAL,FL,3.0,63.0,1.04,0.0,6.0,0.0,True
100292,SACRED HEART HOSPITAL ON THE EMERALD COAST,FL,3.0,73.0,0.94,0.0,5.0,0.0,True
100296,DOCTORS HOSPITAL,FL,5.0,73.0,0.97,0.0,5.0,0.0,True
100299,LAKEWOOD RANCH MEDICAL CENTER,FL,4.0,67.0,1.09,0.0,6.0,0.0,True
100302,ORLANDO HEALTH ST CLOUD HOSPITAL,FL,2.0,65.0,0.98,1.0,5.0,0.2,True
100307,ASCENSION ST VINCENT'S SOUTHSIDE,FL,4.0,66.0,1.11,0.0,6.0,0.0,True
100314,WEST KENDALL BAPTIST HOSPITAL,FL,5.0,75.0,0.92,0.0,4.0,0.0,True
100315,VIERA HOSPITAL,FL,5.0,74.0,1.02,0.0,5.0,0.0,True
100316,PALM BAY HOSPITAL,FL,3.0,67.0,1.04,0.0,6.0,0.0,True
100319,ADVENTHEALTH WESLEY CHAPEL,FL,5.0,78.0,0.95,0.0,6.0,0.0,True
100320,HCA FLORIDA POINCIANA HOSPITAL,FL,2.0,64.0,0.91,0.0,5.0,0.0,True
100321,ASCENSION ST VINCENT'S CLAY COUNTY,FL,3.0,72.0,0.89,0.0,6.0,0.0,True
100329,OVIEDO MEDICAL CENTER,FL,3.0,74.0,0.99,0.0,5.0,0.0,True
100350,UCF LAKE NONA HOSPITAL,FL,3.0,76.0,0.9,0.0,3.0,0.0,True
100359,SARASOTA MEMORIAL HOSPITAL - VENICE,FL,5.0,86.0,1.02,0.0,6.0,0.0,True
100360,HCA FLORIDA UNIVERSITY HOSPITAL,FL,3.0,69.0,0.99,0.0,3.0,0.0,True
100361,ASCENSION ST VINCENT'S ST JOHNS COUNTY,FL,4.0,76.0,0.97,0.0,3.0,0.0,True
100363,ADVENTHEALTH PALM COAST PARKWAY,FL,4.0,75.0,0.88,0.0,3.0,0.0,True
110001,HAMILTON MEDICAL CENTER,GA,3.0,66.0,0.94,0.0,5.0,0.0,True
110002,UPSON REGIONAL MEDICAL CENTER,GA,1.0,72.0,1.02,0.0,5.0,0.0,True
110003,Memorial Satilla Health,GA,3.0,63.0,0.99,1.0,5.0,0.2,True
110005,NORTHSIDE HOSPITAL FORSYTH,GA,4.0,81.0,0.96,0.0,6.0,0.0,True
110006,ST MARY'S HOSPITAL,GA,1.0,73.0,0.99,1.0,6.0,0.16666666666666666,True
110007,PHOEBE PUTNEY MEMORIAL HOSPITAL,GA,2.0,55.0,0.93,0.0,6.0,0.0,True
110008,NORTHSIDE HOSPITAL CHEROKEE,GA,4.0,87.0,0.94,0.0,6.0,0.0,True
110010,EMORY UNIVERSITY HOSPITAL,GA,4.0,76.0,0.94,0.0,6.0,0.0,True
110011,TANNER MEDICAL CENTER - CARROLLTON,GA,2.0,69.0,1.05,0.0,5.0,0.0,True
110015,TANNER MEDICAL CENTER VILLA RICA,GA,3.0,76.0,1.01,0.0,5.0,0.0,True
110016,WELLSTAR WEST GEORGIA MEDICAL CENTER,GA,5.0,76.0,0.93,0.0,5.0,0.0,True
110018,PIEDMONT NEWTON HOSPITAL,GA,3.0,61.0,0.98,0.0,6.0,0.0,True
110023,ADVENTHEALTH GORDON,GA,3.0,74.0,0.87,0.0,5.0,0.0,True
110024,CANDLER HOSPITAL,GA,2.0,69.0,1.01,0.0,4.0,0.0,True
110025,SOUTHEAST GEORGIA HEALTH SYSTEM- BRUNSWICK CAMPUS,GA,2.0,57.0,0.96,0.0,6.0,0.0,True
110027,"TY COBB REGIONAL MEDICAL CENTER, LLC",GA,3.0,70.0,0.95,0.0,4.0,0.0,True
110028,PIEDMONT AUGUSTA HOSPITAL,GA,2.0,67.0,1.02,0.0,6.0,0.0,True
110029,"NORTHEAST GEORGIA MEDICAL CENTER, INC",GA,3.0,69.0,0.96,0.0,6.0,0.0,True
110030,PIEDMONT CARTERSVILLE MEDICAL CENTER,GA,3.0,67.0,0.94,0.0,5.0,0.0,True
110031,WELLSTAR SPALDING MEDICAL CENTER,GA,2.0,57.0,1.0,0.0,5.0,0.0,True
110032,STEPHENS COUNTY HOSPITAL,GA,2.0,74.0,0.89,0.0,4.0,0.0,True
110034,"WELLSTAR MCG HEALTH, AFFILIATED WITH MED COL",GA,1.0,64.0,1.04,0.0,5.0,0.0,True
110035,WELLSTAR KENNESTONE REGIONAL MEDICAL CENTER,GA,4.0,67.0,0.95,0.0,6.0,0.0,True
110036,SAVANNAH HEALTH SERVICES LLC DBA MEMORIAL HEALTH UNIVERSITY MEDICAL CENTER,GA,1.0,64.0,1.05,0.0,6.0,0.0,True
110038,ARCHBOLD MEMORIAL HOSPITAL,GA,2.0,67.0,1.0,0.0,6.0,0.0,True
110041,NORTHEAST GEORGIA MEDICAL CENTER HABERSHAM,GA,3.0,70.0,0.84,0.0,4.0,0.0,True
110042,WELLSTAR PAULDING MEDICAL CENTER,GA,4.0,79.0,0.88,0.0,5.0,0.0,True
110043,ST JOSEPH'S HOSPITAL - SAVANNAH,GA,2.0,74.0,1.05,0.0,6.0,0.0,True
110044,PHOEBE SUMTER MEDICAL CENTER,GA,3.0,68.0,0.88,0.0,4.0,0.0,True
110045,"NGMC BARROW, LLC",GA,4.0,63.0,0.85,0.0,4.0,0.0,True
110046,PIEDMONT WALTON HOSPITAL,GA,4.0,66.0,0.95,0.0,4.0,0.0,True
110050,ADVENTHEALTH MURRAY,GA,5.0,85.0,0.78,0.0,3.0,0.0,True
110051,UNION GENERAL HOSPITAL,GA,3.0,77.0,1.06,0.0,5.0,0.0,True
110054,ATRIUM HEALTH FLOYD MEDICAL CENTER,GA,2.0,73.0,0.99,0.0,6.0,0.0,True
110064,PIEDMONT COLUMBUS REGIONAL MIDTOWN,GA,2.0,67.0,1.08,0.0,5.0,0.0,True
110069,EMORY HOUSTON HOSPITAL WARNER ROBINS,GA,2.0,56.0,0.94,0.0,6.0,0.0,True
110074,PIEDMONT ATHENS REGIONAL MEDICAL CENTER,GA,4.0,78.0,0.95,0.0,5.0,0.0,True
110075,EAST GEORGIA REGIONAL MEDICAL CENTER,GA,3.0,68.0,1.04,0.0,6.0,0.0,True
110076,EMORY DECATUR HOSPITAL,GA,2.0,61.0,0.97,0.0,6.0,0.0,True
110078,EMORY UNIVERSITY HOSPITAL MIDTOWN,GA,2.0,71.0,0.95,0.0,5.0,0.0,True
110079,GRADY MEMORIAL HOSPITAL,GA,2.0,68.0,0.98,0.0,5.0,0.0,True
110082,"SAINT JOSEPH'S HOSPITAL OF ATLANTA, INC",GA,3.0,76.0,0.93,0.0,5.0,0.0,True
110083,"PIEDMONT HOSPITAL, INC",GA,4.0,74.0,0.94,0.0,6.0,0.0,True
110087,NORTHSIDE HOSPITAL GWINNETT,GA,3.0,70.0,1.03,0.0,6.0,0.0,True
110089,"COFFEE REGIONAL MEDICAL CENTER, INC",GA,3.0,62.0,0.99,0.0,5.0,0.0,True
110091,PIEDMONT ROCKDALE HOSPITAL,GA,3.0,57.0,0.96,0.0,5.0,0.0,True
110095,TIFT REGIONAL MEDICAL CENTER,GA,3.0,66.0,0.93,0.0,5.0,0.0,True
110104,CRISP REGIONAL HOSPITAL,GA,2.0,63.0,0.87,0.0,4.0,0.0,True
110105,COLQUITT REGIONAL MEDICAL CENTER,GA,4.0,79.0,0.91,0.0,5.0,0.0,True
110107,ATRIUM HEALTH NAVICENT THE MEDICAL CENTER,GA,2.0,59.0,1.01,0.0,6.0,0.0,True
110109,EMANUEL MEDICAL CENTER,GA,4.0,65.0,0.91,0.0,4.0,0.0,True
110122,SGMC HEALTH,GA,2.0,67.0,0.95,1.0,5.0,0.2,True
110124,WAYNE MEMORIAL HOSPITAL,GA,3.0,68.0,1.1,0.0,4.0,0.0,True
110125,FAIRVIEW PARK HOSPITAL,GA,4.0,74.0,0.96,0.0,5.0,0.0,True
110128,MEMORIAL HEALTH MEADOWS HOSPITAL,GA,5.0,76.0,0.89,0.0,5.0,0.0,True
110129,ST FRANCIS HOSPITAL- EMORY HEALTHCARE,GA,3.0,68.0,1.0,0.0,5.0,0.0,True
110132,MEMORIAL HOSPITAL AND MANOR,GA,1.0,52.0,0.88,0.0,3.0,0.0,True
110143,WELLSTAR COBB MEDICAL CENTER,GA,3.0,68.0,0.95,0.0,5.0,0.0,True
110146,SOUTHEAST GEORGIA HEALTH SYSTEM -- CAMDEN CAMPUS,GA,4.0,64.0,0.93,0.0,3.0,0.0,True
110150,NAVICENT HEALTH BALDWIN,GA,2.0,56.0,0.86,0.0,4.0,0.0,True
110161,NORTHSIDE HOSPITAL,GA,3.0,75.0,0.93,0.0,6.0,0.0,True
110164,"COLISEUM MEDICAL CENTERS, LLC, DBA",GA,3.0,69.0,1.01,0.0,5.0,0.0,True
110165,SOUTHERN REGIONAL MEDICAL CENTER,GA,1.0,48.0,1.05,0.0,3.0,0.0,True
110168,ADVENTHEALTH REDMOND,GA,4.0,78.0,0.97,0.0,6.0,0.0,True
110177,DOCTORS HOSPITAL,GA,3.0,73.0,0.97,0.0,6.0,0.0,True
110184,WELLSTAR DOUGLAS MEDICAL CENTER,GA,3.0,69.0,0.91,0.0,5.0,0.0,True
110191,PIEDMONT HENRY HOSPITAL,GA,2.0,57.0,0.99,0.0,6.0,0.0,True
110192,PIEDMONT EASTSIDE MEDICAL CENTER,GA,2.0,56.0,1.01,0.0,6.0,0.0,True
110198,WELLSTAR NORTH FULTON MEDICAL CENTER,GA,2.0,64.0,0.95,0.0,5.0,0.0,True
110200,PIEDMONT COLUMBUS REGIONAL NORTHSIDE,GA,5.0,79.0,1.07,0.0,5.0,0.0,True
110201,PIEDMONT MACON NORTH HOSPITAL,GA,4.0,70.0,1.0,0.0,3.0,0.0,True
110215,PIEDMONT FAYETTE HOSPITAL,GA,3.0,73.0,0.93,0.0,6.0,0.0,True
110225,PIEDMONT MOUNTAINSIDE HOSPITAL INC,GA,4.0,70.0,0.91,0.0,4.0,0.0,True
110226,EMORY HILLANDALE HOSPITAL,GA,1.0,64.0,0.9,0.0,3.0,0.0,True
110229,"PIEDMONT NEWNAN HOSPITAL, INC",GA,4.0,70.0,0.92,0.0,6.0,0.0,True
110230,EMORY JOHNS CREEK HOSPITAL,GA,4.0,72.0,0.9,0.0,6.0,0.0,True
110233,"SOUTHEASTERN REGIONAL MEDICAL CENTER, INC",GA,5.0,95.0,1.08,0.0,1.0,0.0,True
110236,CHI MEMORIAL HOSPITAL- GEORGIA,GA,3.0,76.0,1.08,0.0,3.0,0.0,True
110237,NORTHEAST GEORGIA MEDICAL CENTER LUMPKIN,GA,5.0,86.0,0.83,0.0,4.0,0.0,True
110252,NORTHSIDE HOSPITAL DULUTH,GA,4.0,71.0,0.96,0.0,4.0,0.0,True
120001,THE QUEENS MEDICAL CENTER,HI,3.0,76.0,0.93,0.0,6.0,0.0,True
120002,MAUI MEMORIAL MEDICAL CENTER,HI,2.0,63.0,0.86,0.0,5.0,0.0,True
120005,HILO BENIOFF MEDICAL CENTER,HI,3.0,64.0,0.89,0.0,5.0,0.0,True
120006,ADVENTIST HEALTH CASTLE,HI,4.0,77.0,0.91,0.0,6.0,0.0,True
120007,KUAKINI MEDICAL CENTER,HI,4.0,57.0,0.94,0.0,5.0,0.0,True
120011,KAISER FOUNDATION HOSPITAL,HI,4.0,80.0,0.82,0.0,3.0,0.0,True
120014,WILCOX MEMORIAL HOSPITAL,HI,2.0,69.0,0.82,0.0,3.0,0.0,True
120019,KONA COMMUNITY HOSPITAL,HI,2.0,63.0,0.85,0.0,4.0,0.0,True
120022,STRAUB CLINIC AND HOSPITAL,HI,4.0,76.0,0.95,0.0,6.0,0.0,True
120026,PALI MOMI MEDICAL CENTER,HI,4.0,79.0,0.92,0.0,5.0,0.0,True
120028,"NORTH HAWAII COMMUNITY HOSPITAL, INC",HI,3.0,78.0,0.85,0.0,3.0,0.0,True
130002,ST LUKES MAGIC VALLEY MEDICAL CENTER,ID,4.0,61.0,0.94,0.0,5.0,0.0,True
130003,ST JOSEPH REGIONAL MEDICAL CENTER,ID,2.0,58.0,1.07,0.0,5.0,0.0,True
130006,ST LUKE'S REGIONAL MEDICAL CENTER,ID,5.0,81.0,0.96,0.0,6.0,0.0,True
130007,SAINT ALPHONSUS REGIONAL MEDICAL CENTER,ID,3.0,77.0,1.02,0.0,6.0,0.0,True
130013,SAINT ALPHONSUS MEDICAL CENTER - NAMPA,ID,3.0,78.0,0.98,0.0,6.0,0.0,True
130014,WEST VALLEY MEDICAL CENTER,ID,5.0,74.0,0.91,0.0,3.0,0.0,True
130018,EASTERN IDAHO REGIONAL MEDICAL CENTER,ID,3.0,66.0,1.0,0.0,6.0,0.0,True
130028,PORTNEUF MEDICAL CENTER,ID,4.0,58.0,1.0,0.0,6.0,0.0,True
130049,KOOTENAI HEALTH,ID,4.0,72.0,1.0,0.0,6.0,0.0,True
130065,MOUNTAIN VIEW HOSPITAL,ID,3.0,81.0,0.97,0.0,2.0,0.0,True
130071,ST LUKE'S NAMPA MEDICAL CENTER,ID,5.0,81.0,0.92,0.0,4.0,0.0,True
130074,"IDAHO FALLS COMMUNITY HOSPITAL, LLC",ID,4.0,80.0,1.01,0.0,5.0,0.0,True
140001,GRAHAM HOSPITAL ASSOCIATION,IL,3.0,63.0,0.93,0.0,5.0,0.0,True
140002,ALTON MEMORIAL HOSPITAL,IL,4.0,75.0,0.93,0.0,6.0,0.0,True
140007,SAINT JOSEPH MEDICAL CENTER,IL,1.0,49.0,1.07,1.0,6.0,0.16666666666666666,True
140008,LOYOLA GOTTLIEB MEMORIAL HOSPITAL,IL,3.0,62.0,1.01,0.0,5.0,0.0,True
140010,NORTHSHORE UNIVERSITY HEALTHSYSTEM - EVANSTON HOSPITAL,IL,5.0,70.0,0.97,0.0,6.0,0.0,True
140011,HERRIN HOSPITAL,IL,1.0,71.0,1.01,1.0,5.0,0.2,True
140012,OSF SAINT KATHARINE MEDICAL CENTER,IL,2.0,64.0,0.96,0.0,5.0,0.0,True
140013,CARLE HEALTH PROCTOR HOSPITAL,IL,3.0,61.0,0.99,0.0,5.0,0.0,True
140015,BLESSING HOSPITAL,IL,4.0,68.0,1.0,0.0,6.0,0.0,True
140018,MT SINAI HOSPITAL MEDICAL CENTER,IL,1.0,47.0,0.99,0.0,5.0,0.0,True
140029,COPLEY MEMORIAL HOSPITAL,IL,4.0,69.0,0.96,0.0,6.0,0.0,True
140030,ADVOCATE SHERMAN HOSPITAL,IL,4.0,74.0,0.99,0.0,5.0,0.0,True
140032,ST ANTHONYS MEMORIAL HOSPITAL,IL,3.0,67.0,0.94,0.0,4.0,0.0,True
140034,SSM HEALTH ST MARY'S HOSPITAL -CENTRALIA,IL,3.0,61.0,0.92,0.0,4.0,0.0,True
140043,CGH MEDICAL CENTER,IL,1.0,65.0,0.96,0.0,6.0,0.0,True
140046,GOOD SAMARITAN REGIONAL HLTH CENTER,IL,4.0,67.0,0.98,0.0,6.0,0.0,True
140048,ADVOCATE TRINITY HOSPITAL,IL,2.0,56.0,0.94,0.0,6.0,0.0,True
140049,WEST SUBURBAN MEDICAL CENTER,IL,1.0,48.0,0.95,0.0,4.0,0.0,True
140052,OSF SAINT ANTHONY'S HEALTH CENTER,IL,4.0,76.0,1.0,0.0,5.0,0.0,True
140053,ST JOHNS HOSPITAL,IL,2.0,63.0,1.05,0.0,5.0,0.0,True
140054,MACNEAL  HOSPITAL,IL,3.0,58.0,0.98,0.0,5.0,0.0,True
140059,JERSEY COMMUNITY HOSPITAL,IL,3.0,82.0,1.0,0.0,5.0,0.0,True
140062,PALOS COMMUNITY HOSPITAL,IL,4.0,67.0,0.99,0.0,6.0,0.0,True
140063,RUSH OAK PARK HOSPITAL,IL,4.0,64.0,0.9,0.0,5.0,0.0,True
140064,ST MARY MEDICAL CENTER,IL,2.0,62.0,0.96,0.0,4.0,0.0,True
140065,UCHICAGO MEDICINE ADVENTHEALTH LA GRANGE,IL,5.0,73.0,1.07,0.0,6.0,0.0,True
140067,SAINT FRANCIS MEDICAL CENTER,IL,2.0,65.0,0.97,1.0,6.0,0.16666666666666666,True
140068,ROSELAND COMMUNITY HOSPITAL,IL,1.0,44.0,1.13,0.0,4.0,0.0,True
140080,SAINT FRANCIS HOSPITAL-EVANSTON,IL,2.0,64.0,1.08,1.0,6.0,0.16666666666666666,True
140084,VISTA MEDICAL CENTER EAST,IL,2.0,30.0,1.0,0.0,5.0,0.0,True
140088,THE UNIVERSITY OF CHICAGO MEDICAL CENTER,IL,4.0,73.0,0.99,1.0,5.0,0.2,True
140089,MC DONOUGH DISTRICT HOSPITAL,IL,3.0,58.0,0.93,0.0,4.0,0.0,True
140091,CARLE FOUNDATION HOSPITAL,IL,2.0,69.0,0.96,2.0,6.0,0.3333333333333333,True
140093,OSF SACRED HEART MEDICAL CENTER,IL,2.0,54.0,0.93,0.0,5.0,0.0,True
140095,SAINT ANTHONY HOSPITAL,IL,2.0,69.0,1.02,0.0,2.0,0.0,True
140100,"MIDWESTERN REGION MED CENTER, INC",IL,4.0,89.0,1.04,0.0,1.0,0.0,True
140101,MORRIS HOSPITAL & HEALTHCARE CENTERS,IL,4.0,77.0,1.04,0.0,6.0,0.0,True
140103,ST BERNARD HOSPITAL,IL,1.0,44.0,1.03,0.0,4.0,0.0,True
140110,OSF SAINT ELIZABETH MDL CTR,IL,3.0,57.0,1.02,0.0,4.0,0.0,True
140113,OSF HEART OF MARY MEDICAL CENTER,IL,3.0,74.0,0.98,0.0,5.0,0.0,True
140114,SWEDISH HOSPITAL,IL,3.0,58.0,1.08,0.0,5.0,0.0,True
140116,NORTHWESTERN MEDICINE MCHENRY,IL,5.0,75.0,1.0,0.0,6.0,0.0,True
140117,AMITA HEALTH RESURRECTION MEDICAL CENTER,IL,3.0,67.0,1.12,0.0,6.0,0.0,True
140119,RUSH UNIVERSITY MEDICAL CENTER,IL,5.0,78.0,0.94,1.0,6.0,0.16666666666666666,True
140120,CARLE HEALTH PEKIN HOSPITAL,IL,3.0,54.0,0.91,0.0,4.0,0.0,True
140122,UCHICAGO MEDICINE ADVENTHEALTH HINSDALE,IL,5.0,73.0,1.02,0.0,5.0,0.0,True
140124,JOHN H STROGER JR HOSPITAL,IL,2.0,68.0,0.98,0.0,5.0,0.0,True
140125,GATEWAY REGIONAL MEDICAL CENTER,IL,2.0,38.0,1.0,0.0,4.0,0.0,True
140127,CARLE BROMENN MEDICAL CENTER,IL,3.0,77.0,0.96,1.0,6.0,0.16666666666666666,True
140130,NORTHWESTERN LAKE FOREST HOSPITAL,IL,5.0,78.0,0.95,0.0,6.0,0.0,True
140133,HOLY CROSS HOSPITAL,IL,2.0,46.0,0.99,0.0,4.0,0.0,True
140135,DECATUR MEMORIAL HOSPITAL,IL,3.0,58.0,1.03,0.0,5.0,0.0,True
140137,HSHS HOLY FAMILY HOSPITAL INC,IL,3.0,67.0,0.92,0.0,3.0,0.0,True
140145,ST JOSEPHS HOSPITAL,IL,4.0,68.0,0.97,0.0,4.0,0.0,True
140148,MEMORIAL MEDICAL CENTER,IL,3.0,70.0,1.03,0.0,5.0,0.0,True
140150,UNIVERSITY OF ILLINOIS HOSPITAL AND CLINICS,IL,4.0,65.0,1.04,0.0,6.0,0.0,True
140155,PRESENCE ST MARYS HOSPITAL,IL,4.0,69.0,0.97,0.0,6.0,0.0,True
140158,INSIGHT HOSPITAL AND MEDICAL CENTER CHICAGO,IL,1.0,51.0,1.07,0.0,3.0,0.0,True
140160,FHN MEMORIAL HOSPITAL,IL,3.0,63.0,1.05,0.0,5.0,0.0,True
140161,SAINT JAMES HOSPITAL,IL,4.0,61.0,0.92,0.0,5.0,0.0,True
140162,ST JOSEPH MEDICAL CENTER,IL,2.0,65.0,0.96,0.0,6.0,0.0,True
140164,MEMORIAL HOSPITAL OF CARBONDALE,IL,1.0,64.0,1.07,0.0,5.0,0.0,True
140166,ST MARYS HOSPITAL,IL,1.0,60.0,1.0,0.0,5.0,0.0,True
140172,FRANCISCAN HEALTH OLYMPIA & CHICAGO HEIGHTS,IL,3.0,59.0,1.03,0.0,6.0,0.0,True
140174,PRESENCE MERCY MEDICAL CENTER,IL,3.0,58.0,0.93,0.0,5.0,0.0,True
140177,JACKSON PARK HOSPITAL,IL,1.0,29.0,1.05,0.0,3.0,0.0,True
140179,OSF LITTLE COMPANY OF MARY MEDICAL CENTER,IL,2.0,70.0,0.95,1.0,5.0,0.2,True
140180,PRESENCE SAINTS MARY AND ELIZABETH MEDICAL CENTER,IL,3.0,67.0,1.03,0.0,5.0,0.0,True
140182,ADVOCATE ILLINOIS MASONIC MEDICAL CENTER,IL,3.0,70.0,1.01,1.0,5.0,0.2,True
140184,HEARTLAND REGIONAL MEDICAL CENTER,IL,2.0,68.0,1.09,0.0,5.0,0.0,True
140185,MEMORIAL HOSPITAL,IL,5.0,75.0,0.96,0.0,6.0,0.0,True
140186,RIVERSIDE MEDICAL CENTER,IL,4.0,68.0,1.09,0.0,5.0,0.0,True
140187,HSHS ST ELIZABETH'S HOSPITAL,IL,4.0,79.0,1.0,0.0,6.0,0.0,True
140189,SARAH BUSH LINCOLN HEALTH CENTER,IL,3.0,73.0,0.93,0.0,6.0,0.0,True
140191,INGALLS MEMORIAL HOSPITAL,IL,2.0,49.0,1.03,1.0,6.0,0.16666666666666666,True
140200,ELMHURST MEMORIAL HOSPITAL,IL,3.0,76.0,0.98,0.0,6.0,0.0,True
140202,ADVOCATE CONDELL MEDICAL CENTER,IL,4.0,66.0,1.0,0.0,6.0,0.0,True
140206,HUMBOLDT PARK HEALTH,IL,1.0,53.0,1.05,0.0,4.0,0.0,True
140208,ADVOCATE CHRIST HOSPITAL & MEDICAL CENTER,IL,3.0,61.0,0.97,0.0,6.0,0.0,True
140209,CARLE HEALTH METHODIST HOSPITAL,IL,2.0,61.0,0.97,0.0,5.0,0.0,True
140210,HARRISBURG MEDICAL CENTER,IL,2.0,50.0,0.79,0.0,4.0,0.0,True
140211,NORTHWESTERN MEDICINE DELNOR COMMUNITY HOSPITAL,IL,5.0,76.0,0.98,0.0,6.0,0.0,True
140213,SILVER CROSS HOSPITAL  AND MEDICAL CENTERS,IL,5.0,73.0,0.97,1.0,6.0,0.16666666666666666,True
140223,ADVOCATE LUTHERAN GENERAL HOSPITAL,IL,4.0,72.0,1.0,0.0,6.0,0.0,True
140228,UW HEALTH,IL,3.0,64.0,0.99,0.0,5.0,0.0,True
140231,EDWARD HOSPITAL,IL,3.0,74.0,0.96,1.0,6.0,0.16666666666666666,True
140233,SAINT ANTHONY MEDICAL CENTER,IL,2.0,68.0,1.05,0.0,6.0,0.0,True
140239,JAVON BEA HOSPITAL,IL,3.0,67.0,1.02,0.0,5.0,0.0,True
140242,NORTHWESTERN MEDICINE CENTRAL DUPAGE HOSPITAL,IL,5.0,82.0,1.0,0.0,6.0,0.0,True
140252,NORTHWEST COMMUNITY HOSPITAL 1,IL,4.0,64.0,1.0,1.0,6.0,0.16666666666666666,True
140258,ALEXIAN BROTHERS MEDICAL CENTER 1,IL,3.0,63.0,1.09,1.0,6.0,0.16666666666666666,True
140275,GENESIS HLTH SYSTEM DBA GENESIS MDL CTR-ILLINI,IL,2.0,58.0,1.11,0.0,6.0,0.0,True
140276,LOYOLA UNIVERSITY MEDICAL CENTER,IL,2.0,63.0,0.98,1.0,6.0,0.16666666666666666,True
140280,TRINITY ROCK ISLAND,IL,3.0,60.0,1.03,0.0,6.0,0.0,True
140281,NORTHWESTERN MEMORIAL HOSPITAL,IL,5.0,82.0,0.94,0.0,6.0,0.0,True
140286,NORTHWESTERN MEDICINE KISHWAUKEE HOSPITAL,IL,5.0,67.0,1.0,0.0,5.0,0.0,True
140288,ADVOCATE GOOD SAMARITAN HOSPITAL,IL,4.0,71.0,0.98,0.0,6.0,0.0,True
140289,ANDERSON HOSPITAL,IL,3.0,67.0,1.03,0.0,6.0,0.0,True
140290,ST ALEXIUS MEDICAL CENTER,IL,5.0,55.0,1.05,0.0,6.0,0.0,True
140291,ADVOCATE GOOD SHEPHERD HOSPITAL,IL,5.0,76.0,0.91,0.0,6.0,0.0,True
140292,UCHICAGO MEDICINE ADVENTHEALTH GLENOAKS,IL,3.0,57.0,1.08,0.0,5.0,0.0,True
140304,UCHICAGO MEDICINE ADVENTHEALTH BOLINGBROOK,IL,3.0,63.0,1.05,0.0,5.0,0.0,True
150001,JOHNSON MEMORIAL HOSPITAL,IN,5.0,72.0,0.96,0.0,4.0,0.0,True
150002,METHODIST HOSPITALS INC,IN,1.0,53.0,1.07,0.0,5.0,0.0,True
150005,HENDRICKS REGIONAL HEALTH,IN,5.0,86.0,0.94,0.0,6.0,0.0,True
150006,NORTHWEST HEALTH-LA PORTE,IN,3.0,65.0,1.03,0.0,5.0,0.0,True
150007,COMMUNITY HOWARD REGIONAL HEALTH INC.,IN,4.0,78.0,0.99,0.0,6.0,0.0,True
150008,ST CATHERINE HOSPITAL INC,IN,4.0,69.0,1.1,0.0,4.0,0.0,True
150009,NORTON CLARK HOSPITAL,IN,3.0,50.0,1.09,0.0,5.0,0.0,True
150010,ASCENSION ST VINCENT KOKOMO,IN,4.0,76.0,0.96,0.0,5.0,0.0,True
150011,MARION GENERAL HOSPITAL,IN,3.0,58.0,0.98,0.0,5.0,0.0,True
150012,SAINT JOSEPH REGIONAL MEDICAL CENTER,IN,2.0,67.0,0.96,0.0,6.0,0.0,True
150015,FRANCISCAN HEALTH MICHIGAN CITY,IN,3.0,74.0,0.99,0.0,6.0,0.0,True
150017,LUTHERAN HOSPITAL OF INDIANA,IN,3.0,59.0,1.07,0.0,5.0,0.0,True
150018,ELKHART GENERAL HOSPITAL,IN,4.0,63.0,0.98,0.0,6.0,0.0,True
150021,PARKVIEW REGIONAL MEDICAL CENTER,IN,3.0,80.0,1.0,0.0,5.0,0.0,True
150022,FRANCISCAN HEALTH CRAWFORDSVILLE,IN,5.0,70.0,1.03,0.0,4.0,0.0,True
150023,UNION HOSPITAL INC,IN,3.0,64.0,1.01,1.0,6.0,0.16666666666666666,True
150024,ESKENAZI HEALTH,IN,3.0,75.0,0.98,0.0,5.0,0.0,True
150026,GOSHEN HOSPITAL,IN,3.0,75.0,1.0,0.0,5.0,0.0,True
150030,HENRY COUNTY MEMORIAL HOSPITAL,IN,4.0,66.0,1.06,0.0,5.0,0.0,True
150034,ST MARY MEDICAL CENTER INC,IN,3.0,72.0,1.04,0.0,6.0,0.0,True
150035,NORTHWEST HEALTH - PORTER,IN,2.0,49.0,1.05,0.0,6.0,0.0,True
150037,HANCOCK REGIONAL HOSPITAL,IN,4.0,76.0,1.03,0.0,5.0,0.0,True
150042,GOOD SAMARITAN HOSPITAL,IN,2.0,66.0,1.16,0.0,6.0,0.0,True
150044,BAPTIST HEALTH FLOYD,IN,3.0,72.0,1.13,0.0,6.0,0.0,True
150045,PARKVIEW DEKALB HOSPITAL,IN,3.0,62.0,0.92,0.0,4.0,0.0,True
150046,TERRE HAUTE REGIONAL HOSPITAL,IN,2.0,66.0,1.02,0.0,5.0,0.0,True
150047,"ST JOSEPH HEALTH SYSTEM, LLC",IN,4.0,72.0,1.16,0.0,3.0,0.0,True
150048,REID HEALTH,IN,2.0,65.0,0.99,0.0,6.0,0.0,True
150051,INDIANA UNIVERSITY HEALTH BLOOMINGTON HOSPITAL,IN,3.0,58.0,1.06,0.0,6.0,0.0,True
150056,INDIANA UNIVERSITY HEALTH,IN,3.0,64.0,1.05,0.0,6.0,0.0,True
150057,FRANCISCAN HEALTH MOORESVILLE,IN,5.0,79.0,0.93,0.0,5.0,0.0,True
150058,MEMORIAL HOSPITAL OF SOUTH BEND,IN,2.0,70.0,0.97,0.0,6.0,0.0,True
150059,RIVERVIEW HEALTH,IN,4.0,73.0,1.03,0.0,5.0,0.0,True
150061,DAVIESS COMMUNITY HOSPITAL,IN,3.0,64.0,1.07,0.0,4.0,0.0,True
150065,SCHNECK MEDICAL CENTER,IN,4.0,71.0,1.02,0.0,4.0,0.0,True
150069,NORTON-KING'S DAUGHTERS' HEALTH,IN,2.0,61.0,1.01,0.0,4.0,0.0,True
150072,MEMORIAL HOSPITAL,IN,4.0,68.0,1.15,0.0,4.0,0.0,True
150074,COMMUNITY HOSPITAL EAST,IN,3.0,79.0,1.04,0.0,6.0,0.0,True
150075,BLUFFTON REGIONAL MEDICAL CENTER,IN,4.0,65.0,0.95,0.0,4.0,0.0,True
150076,SAINT JOSEPH REGIONAL MEDICAL CENTER - PLYMOUTH,IN,4.0,63.0,0.95,0.0,4.0,0.0,True
150082,DEACONESS HOSPITAL INC,IN,2.0,73.0,1.05,1.0,6.0,0.16666666666666666,True
150084,ASCENSION ST VINCENT HOSPITAL,IN,2.0,62.0,1.04,0.0,6.0,0.0,True
150086,ST ELIZABETH DEARBORN HOSPITAL,IN,5.0,71.0,1.04,0.0,5.0,0.0,True
150088,ASCENSION ST VINCENT ANDERSON,IN,2.0,67.0,0.95,0.0,5.0,0.0,True
150089,INDIANA UNIVERSITY HEALTH BALL MEMORIAL HOSPITAL,IN,3.0,49.0,1.01,0.0,6.0,0.0,True
150090,FRANCISCAN HEALTH DYER,IN,2.0,57.0,1.07,0.0,5.0,0.0,True
150091,PARKVIEW HUNTINGTON HOSPITAL,IN,4.0,70.0,0.9,0.0,4.0,0.0,True
150097,MAJOR HOSPITAL,IN,4.0,72.0,1.01,0.0,4.0,0.0,True
150100,ASCENSION ST VINCENT EVANSVILLE,IN,4.0,72.0,0.99,0.0,6.0,0.0,True
150101,PARKVIEW WHITLEY HOSPITAL,IN,4.0,76.0,0.89,0.0,3.0,0.0,True
150102,NORTHWEST HEALTH - STARKE,IN,1.0,76.0,1.08,0.0,4.0,0.0,True
150104,WITHAM HEALTH SERVICES,IN,4.0,62.0,0.96,0.0,6.0,0.0,True
150109,FRANCISCAN HEALTH LAFAYETTE,IN,3.0,76.0,1.03,0.0,6.0,0.0,True
150112,COLUMBUS REGIONAL HOSPITAL,IN,4.0,65.0,0.97,0.0,6.0,0.0,True
150113,COMMUNITY HOSPITAL OF ANDERSON AND MADISON COUNTY,IN,3.0,77.0,1.01,0.0,6.0,0.0,True
150115,MEMORIAL HOSPITAL AND HEALTH CARE CENTER,IN,4.0,75.0,0.99,0.0,6.0,0.0,True
150125,COMMUNITY HOSPITAL,IN,3.0,75.0,1.1,1.0,6.0,0.16666666666666666,True
150126,FRANCISCAN HEALTH CROWN POINT,IN,3.0,69.0,1.01,0.0,6.0,0.0,True
150128,"COMMUNITY HOSPITAL SOUTH, INC.",IN,3.0,79.0,1.09,0.0,6.0,0.0,True
150133,KOSCIUSKO COMMUNITY HOSPITAL,IN,4.0,63.0,0.97,0.0,4.0,0.0,True
150146,PARKVIEW NOBLE HOSPITAL,IN,3.0,68.0,0.9,0.0,4.0,0.0,True
150150,DUPONT HOSPITAL LLC,IN,4.0,69.0,1.04,0.0,4.0,0.0,True
150153,ST VINCENT HEART CENTER,IN,5.0,85.0,0.97,0.0,3.0,0.0,True
150157,ASCENSION ST VINCENT CARMEL,IN,3.0,69.0,0.97,0.0,4.0,0.0,True
150158,IU HEALTH WEST HOSPITAL,IN,4.0,70.0,0.97,0.0,6.0,0.0,True
150161,INDIANA UNIVERSITY HEALTH NORTH HOSPITAL,IN,4.0,77.0,1.03,0.0,5.0,0.0,True
150162,FRANCISCAN HEALTH INDIANAPOLIS,IN,4.0,76.0,0.99,0.0,5.0,0.0,True
150165,FRANCISCAN HEALTH MUNSTER,IN,3.0,74.0,0.99,0.0,6.0,0.0,True
150169,COMMUNITY HOSPITAL NORTH,IN,3.0,71.0,1.06,0.0,5.0,0.0,True
150173,INDIANA UNIVERSITY HEALTH ARNETT HOSPITAL,IN,4.0,73.0,0.99,0.0,6.0,0.0,True
150181,ASCENSION ST VINCENT FISHERS,IN,4.0,77.0,1.0,0.0,4.0,0.0,True
150183,MONROE HOSPITAL,IN,4.0,82.0,0.91,0.0,4.0,0.0,True
160001,UNITYPOINT HEALTH - MARSHALLTOWN,IA,3.0,65.0,0.84,0.0,4.0,0.0,True
160013,TRINITY MUSCATINE,IA,4.0,57.0,0.93,0.0,4.0,0.0,True
160016,TRINITY REGIONAL MEDICAL CENTER,IA,2.0,54.0,0.93,0.0,5.0,0.0,True
160028,CHI HEALTH MERCY COUNCIL BLUFFS,IA,5.0,66.0,0.97,0.0,4.0,0.0,True
160029,UNIVERSITY OF IOWA HEALTH CARE MEDICAL CENTER DOWN,IA,4.0,72.0,0.99,0.0,6.0,0.0,True
160030,MARY GREELEY MEDICAL CENTER,IA,4.0,82.0,0.95,0.0,6.0,0.0,True
160032,MERCYONE NEWTON MEDICAL CENTER,IA,4.0,58.0,0.99,0.0,3.0,0.0,True
160033,GENESIS MEDICAL CENTER-DAVENPORT,IA,2.0,63.0,0.96,1.0,6.0,0.16666666666666666,True
160045,ST LUKES HOSPITAL,IA,4.0,78.0,0.95,0.0,6.0,0.0,True
160047,METHODIST JENNIE EDMUNDSON,IA,3.0,73.0,0.95,0.0,6.0,0.0,True
160057,SOUTHEAST IOWA REGIONAL MEDICAL CENTER,IA,4.0,56.0,0.93,0.0,6.0,0.0,True
160058,UNIVERSITY OF IOWA HOSPITAL & CLINICS,IA,2.0,74.0,1.05,0.0,6.0,0.0,True
160064,MERCYONE NORTH IOWA MEDICAL CENTER,IA,2.0,58.0,0.96,0.0,6.0,0.0,True
160067,MERCYONE WATERLOO MEDICAL CENTER,IA,4.0,65.0,0.89,0.0,6.0,0.0,True
160069,MERCYONE DUBUQUE MEDICAL CENTER,IA,3.0,76.0,0.93,0.0,5.0,0.0,True
160079,MERCY MEDICAL CENTER - CEDAR RAPIDS,IA,4.0,81.0,0.95,0.0,6.0,0.0,True
160080,MERCYONE CLINTON MEDICAL CENTER,IA,4.0,65.0,0.86,0.0,5.0,0.0,True
160082,UNITYPOINT HEALTH - DES MOINES IOWA METHODIST MEDI,IA,3.0,71.0,0.97,0.0,6.0,0.0,True
160083,MERCYONE DES MOINES MEDICAL CENTER,IA,1.0,59.0,1.01,0.0,6.0,0.0,True
160089,OTTUMWA REGIONAL HEALTH CENTER,IA,2.0,41.0,1.0,0.0,4.0,0.0,True
160101,BROADLAWNS MEDICAL CENTER,IA,3.0,78.0,0.98,0.0,1.0,0.0,True
160104,TRINITY - BETTENDORF,IA,3.0,68.0,0.95,0.0,6.0,0.0,True
160110,ALLEN HOSPITAL,IA,3.0,69.0,0.93,0.0,6.0,0.0,True
160112,SPENCER MUNICIPAL HOSPITAL,IA,4.0,79.0,0.9,0.0,5.0,0.0,True
160117,FINLEY HOSPITAL,IA,3.0,74.0,0.9,0.0,6.0,0.0,True
160124,LAKES REGIONAL HEALTHCARE,IA,2.0,78.0,0.88,0.0,5.0,0.0,True
160146,ST LUKES REGIONAL MEDICAL CENTER,IA,2.0,70.0,0.95,0.0,5.0,0.0,True
160147,GRINNELL REGIONAL MEDICAL CENTER,IA,2.0,72.0,0.89,0.0,4.0,0.0,True
160153,MERCYONE SIOUXLAND MEDICAL CENTER,IA,2.0,54.0,0.98,0.0,6.0,0.0,True
170009,SAINT JOHN HOSPITAL,KS,3.0,64.0,0.88,0.0,3.0,0.0,True
170012,SALINA REGIONAL HEALTH CENTER,KS,3.0,66.0,1.05,0.0,6.0,0.0,True
170013,HAYS MEDICAL CENTER,KS,3.0,65.0,1.05,0.0,6.0,0.0,True
170014,ADVENTHEALTH OTTAWA,KS,3.0,67.0,0.94,0.0,4.0,0.0,True
170016,UNIVERSITY OF KANSAS HEALTH SYSTEM - ST FRANCIS CAMPUS,KS,3.0,65.0,0.98,0.0,6.0,0.0,True
170020,HUTCHINSON REGIONAL MEDICAL CENTER INC,KS,2.0,64.0,0.95,0.0,6.0,0.0,True
170023,ST. CATHERINE HOSPITAL - GARDEN CITY,KS,2.0,53.0,1.03,0.0,5.0,0.0,True
170027,PRATT REGIONAL MEDICAL CENTER,KS,4.0,81.0,0.95,0.0,5.0,0.0,True
170040,UNIVERSITY OF KANSAS HOSPITAL,KS,5.0,83.0,0.99,0.0,5.0,0.0,True
170049,UNIVERSITY OF KANSAS HEALTH SYSTEM OLATHE HOSPITAL,KS,4.0,69.0,1.0,0.0,5.0,0.0,True
170068,SOUTHWEST MEDICAL CENTER,KS,1.0,56.0,0.92,0.0,5.0,0.0,True
170074,"STORMONT VAIL HEALTH FLINT HILLS, LLC",KS,4.0,72.0,0.82,0.0,4.0,0.0,True
170086,STORMONT VAIL HOSPITAL,KS,4.0,76.0,1.06,0.0,6.0,0.0,True
170103,NMC HEALTH,KS,5.0,77.0,1.01,0.0,5.0,0.0,True
170104,ADVENTHEALTH SHAWNEE MISSION,KS,3.0,75.0,0.99,0.0,6.0,0.0,True
170105,MCPHERSON HOSPITAL,KS,2.0,66.0,0.92,0.0,4.0,0.0,True
170120,LABETTE HEALTH,KS,3.0,69.0,0.9,0.0,5.0,0.0,True
170122,"ASCENSION VIA CHRISTI HOSPITALS WICHITA, INC.",KS,2.0,61.0,0.96,0.0,6.0,0.0,True
170123,WESLEY MEDICAL CENTER,KS,4.0,65.0,1.02,0.0,6.0,0.0,True
170137,LMH,KS,4.0,69.0,0.92,0.0,6.0,0.0,True
170142,"ASCENSION VIA CHRISTI HOSPITAL MANHATTAN, INC",KS,4.0,70.0,0.94,0.0,6.0,0.0,True
170146,PROVIDENCE MEDICAL CENTER,KS,3.0,56.0,0.97,0.0,6.0,0.0,True
170175,CENTURA ST. CATHERINE-DODGE CITY,KS,3.0,58.0,0.95,0.0,5.0,0.0,True
170176,OVERLAND PARK REG MED CTR,KS,4.0,67.0,1.03,0.0,6.0,0.0,True
170182,MENORAH MEDICAL CENTER,KS,3.0,73.0,1.02,0.0,6.0,0.0,True
170185,SAINT LUKE'S SOUTH HOSPITAL,KS,4.0,78.0,1.06,0.0,6.0,0.0,True
170186,KANSAS HEART HOSPITAL,KS,4.0,89.0,1.02,0.0,3.0,0.0,True
170191,UNIVERSITY  OF KS HLTH SYSTEM GREAT BEND CAMPUS,KS,4.0,57.0,0.97,0.0,4.0,0.0,True
170197,KANSAS MEDICAL CENTER LLC,KS,2.0,76.0,1.03,0.0,5.0,0.0,True
170200,"VIA CHRISTI HOSPITAL WICHITA ST TERESA, INC",KS,4.0,79.0,0.99,0.0,4.0,0.0,True
170204,"ROCK REGIONAL HOSPITAL, LLC",KS,4.0,90.0,0.98,0.0,4.0,0.0,True
170208,"ADVENTHEALTH SOUTH OVERLAND PARK, INC",KS,4.0,83.0,0.99,0.0,3.0,0.0,True
180001,ST ELIZABETH FT THOMAS,KY,5.0,68.0,1.09,0.0,4.0,0.0,True
180002,WHITESBURG ARH HOSPITAL,KY,3.0,65.0,0.91,0.0,4.0,0.0,True
180004,OWENSBORO HEALTH MUHLENBERG COMMUNITY HOSPITAL,KY,4.0,71.0,0.92,0.0,4.0,0.0,True
180005,HIGHLANDS ARH REGIONAL MEDICAL CENTER,KY,2.0,64.0,1.05,0.0,5.0,0.0,True
180009,KING'S DAUGHTERS' MEDICAL CENTER,KY,3.0,68.0,1.0,0.0,6.0,0.0,True
180010,SAINT JOSEPH HOSPITAL,KY,3.0,64.0,1.0,0.0,6.0,0.0,True
180011,SAINT JOSEPH LONDON,KY,3.0,73.0,0.93,0.0,6.0,0.0,True
180012,BAPTIST HEALTH HARDIN,KY,3.0,69.0,1.03,0.0,5.0,0.0,True
180013,THE MEDICAL CENTER (BOWLING GREEN),KY,2.0,70.0,1.06,0.0,5.0,0.0,True
180016,UOFL HEALTH - SHELBYVILLE HOSPITAL,KY,3.0,64.0,0.92,0.0,4.0,0.0,True
180017,T J SAMSON COMMUNITY HOSPITAL,KY,3.0,68.0,1.06,0.0,6.0,0.0,True
180018,ST CLAIRE REGIONAL MEDICAL CENTER,KY,2.0,68.0,0.92,1.0,5.0,0.2,True
180019,MEADOWVIEW REGIONAL MEDICAL CENTER,KY,4.0,55.0,1.1,0.0,5.0,0.0,True
180020,MIDDLESBORO ARH HOSPITAL,KY,1.0,56.0,1.09,0.0,4.0,0.0,True
180024,SPRING VIEW HOSPITAL,KY,5.0,64.0,0.83,0.0,5.0,0.0,True
180025,CHI SAINT JOSEPH FLAGET MEMORIAL HOSPITAL,KY,3.0,61.0,0.87,0.0,3.0,0.0,True
180027,MURRAY-CALLOWAY COUNTY HOSPITAL,KY,3.0,74.0,1.02,0.0,6.0,0.0,True
180029,HAZARD ARH REGIONAL MEDICAL CENTER,KY,2.0,55.0,1.06,0.0,5.0,0.0,True
180035,ST ELIZABETH EDGEWOOD,KY,5.0,74.0,1.04,0.0,6.0,0.0,True
180038,OWENSBORO HEALTH REGIONAL HOSPITAL,KY,2.0,68.0,0.97,0.0,5.0,0.0,True
180040,UOFL HEALTH - JEWISH HOSPITAL and Mary & Elizabeth Hospital,KY,2.0,65.0,1.01,0.0,6.0,0.0,True
180043,AdventHealthManchester,KY,3.0,75.0,0.97,0.0,3.0,0.0,True
180044,PIKEVILLE MEDICAL CENTER,KY,1.0,66.0,0.95,0.0,5.0,0.0,True
180045,ST ELIZABETH FLORENCE,KY,3.0,69.0,1.03,0.0,4.0,0.0,True
180046,BOURBON COMMUNITY HOSPITAL,KY,2.0,73.0,1.22,0.0,3.0,0.0,True
180048,EPHRAIM MCDOWELL REGIONAL MEDICAL CENTER,KY,3.0,64.0,1.07,0.0,5.0,0.0,True
180049,BAPTIST HEALTH RICHMOND,KY,4.0,78.0,1.02,0.0,5.0,0.0,True
180050,HARLAN ARH HOSPITAL,KY,2.0,59.0,0.95,0.0,4.0,0.0,True
180051,JENNIE STUART MEDICAL CENTER,KY,1.0,57.0,1.05,0.0,4.0,0.0,True
180056,DEACONESS HENDERSON HOSPITAL,KY,2.0,61.0,1.03,0.0,4.0,0.0,True
180064,SAINT JOSEPH MOUNT STERLING,KY,4.0,73.0,1.02,0.0,3.0,0.0,True
180066,The Medical Center at Russellville,KY,2.0,67.0,0.92,0.0,3.0,0.0,True
180067,UNIVERSITY OF KENTUCKY HOSPITAL,KY,4.0,76.0,1.02,0.0,5.0,0.0,True
180069,TUG VALLEY ARH REGIONAL MEDICAL CENTER,KY,2.0,54.0,0.81,1.0,4.0,0.25,True
180070,OWENSBORO HEALTH TWIN LAKES MEDICAL CENTER,KY,3.0,71.0,1.05,0.0,4.0,0.0,True
180078,PAINTSVILLE ARH HOSPITAL,KY,2.0,58.0,0.96,0.0,4.0,0.0,True
180079,HARRISON MEMORIAL HOSPITAL,KY,3.0,82.0,0.95,0.0,5.0,0.0,True
180080,BAPTIST HEALTH CORBIN,KY,3.0,75.0,1.0,0.0,5.0,0.0,True
180087,TAYLOR REGIONAL HOSPITAL,KY,2.0,69.0,1.09,0.0,4.0,0.0,True
180088,"NORTON HOSPITALS, INC",KY,2.0,73.0,1.0,2.0,6.0,0.3333333333333333,True
180092,CLARK REGIONAL MEDICAL CENTER,KY,3.0,70.0,1.01,0.0,5.0,0.0,True
180093,BAPTIST HEALTH DEACONESS MADISONVILLE,KY,2.0,62.0,1.04,0.0,5.0,0.0,True
180101,GEORGETOWN COMMUNITY HOSPITAL,KY,3.0,65.0,0.96,0.0,3.0,0.0,True
180102,MERCY HEALTH - LOURDES HOSPITAL,KY,3.0,68.0,1.03,0.0,6.0,0.0,True
180103,BAPTIST HEALTH LEXINGTON,KY,4.0,84.0,1.09,0.0,6.0,0.0,True
180104,BAPTIST HEALTH PADUCAH,KY,4.0,79.0,1.02,0.0,5.0,0.0,True
180105,MONROE COUNTY MEDICAL CENTER,KY,1.0,67.0,0.92,0.0,4.0,0.0,True
180115,"ROCKCASTLE COUNTY HOSPITAL, INC.",KY,2.0,85.0,1.0,0.0,4.0,0.0,True
180116,JACKSON PURCHASE MEDICAL CENTER,KY,1.0,60.0,1.06,0.0,4.0,0.0,True
180124,TRISTAR GREENVIEW REGIONAL HOSPITAL,KY,2.0,71.0,1.08,0.0,6.0,0.0,True
180127,FRANKFORT REGIONAL MEDICAL CENTER,KY,3.0,51.0,0.94,0.0,5.0,0.0,True
180128,THREE RIVERS MEDICAL CENTER,KY,3.0,79.0,0.88,0.0,4.0,0.0,True
180130,BAPTIST HEALTH LOUISVILLE,KY,4.0,75.0,1.02,0.0,6.0,0.0,True
180132,LAKE CUMBERLAND REGIONAL HOSPITAL,KY,2.0,53.0,1.03,0.0,5.0,0.0,True
180138,BAPTIST HEALTH LAGRANGE,KY,5.0,80.0,1.01,0.0,4.0,0.0,True
180141,UNIVERSITY OF LOUISVILLE HOSPITAL,KY,1.0,66.0,1.13,1.0,5.0,0.2,True
180143,SAINT JOSEPH EAST,KY,2.0,65.0,0.94,0.0,5.0,0.0,True
190002,OCHSNER LAFAYETTE GENERAL MEDICAL CENTER,LA,3.0,74.0,1.02,0.0,6.0,0.0,True
190004,THIBODAUX REGIONAL MEDICAL CENTER,LA,3.0,80.0,1.04,0.0,5.0,0.0,True
190005,UNIVERSITY MEDICAL CENTER NEW ORLEANS,LA,2.0,75.0,1.02,0.0,4.0,0.0,True
190006,OCHSNER UNIVERSITY HOSPITAL AND CLINICS,LA,3.0,75.0,1.03,0.0,4.0,0.0,True
190007,NATCHITOCHES REGIONAL MEDICAL CENTER,LA,4.0,65.0,1.11,0.0,3.0,0.0,True
190008,TERREBONNE GENERAL MEDICAL CENTER - PARISH,LA,4.0,72.0,1.04,0.0,5.0,0.0,True
190011,OCHSNER LSU HEALTH MONROE,LA,3.0,77.0,1.12,0.0,2.0,0.0,True
190013,WEST CALCASIEU CAMERON HOSPITAL,LA,4.0,75.0,1.03,0.0,5.0,0.0,True
190014,OCHSNER ST MARY,LA,2.0,63.0,1.16,0.0,4.0,0.0,True
190015,NORTH OAKS MEDICAL CENTER,LA,2.0,63.0,1.15,1.0,5.0,0.2,True
190017,OPELOUSAS GENERAL HEALTH SYSTEM,LA,2.0,66.0,1.03,0.0,6.0,0.0,True
190019,CHRISTUS ST FRANCES CABRINI HOSPITAL,LA,3.0,70.0,1.06,1.0,5.0,0.2,True
190020,LANE REGIONAL MEDICAL CENTER,LA,3.0,69.0,1.1,0.0,5.0,0.0,True
190025,SAVOY MEDICAL CENTER,LA,4.0,88.0,1.25,0.0,3.0,0.0,True
190026,RAPIDES REGIONAL MEDICAL CENTER,LA,2.0,60.0,1.07,0.0,5.0,0.0,True
190027,CHRISTUS OCHSNER ST PATRICK HOSPITAL,LA,3.0,67.0,1.05,0.0,5.0,0.0,True
190034,ABBEVILLE GENERAL HOSPITAL,LA,3.0,74.0,1.02,0.0,3.0,0.0,True
190036,OCHSNER MEDICAL CENTER ACUTE,LA,4.0,73.0,0.99,1.0,6.0,0.16666666666666666,True
190039,WEST JEFFERSON MEDICAL CENTER,LA,3.0,72.0,1.1,0.0,5.0,0.0,True
190040,SLIDELL MEMORIAL HOSPITAL,LA,2.0,63.0,0.98,1.0,5.0,0.2,True
190041,CHRISTUS SHREVEPORT-BOSSIER HEALTH SYSTEM,LA,3.0,71.0,1.06,0.0,6.0,0.0,True
190044,ACADIA GENERAL HOSPITAL,LA,3.0,68.0,1.09,0.0,5.0,0.0,True
190045,ST TAMMANY PARISH HOSPITAL,LA,4.0,80.0,1.01,0.0,6.0,0.0,True
190046,TOURO INFIRMARY,LA,3.0,73.0,0.96,0.0,6.0,0.0,True
190050,BEAUREGARD MEMORIAL HOSPITAL,LA,3.0,72.0,1.23,0.0,4.0,0.0,True
190053,OCHSNER AMERICAN LEGION HOSPITAL,LA,2.0,70.0,1.09,0.0,4.0,0.0,True
190054,IBERIA MEDICAL CENTER,LA,2.0,62.0,0.99,0.0,6.0,0.0,True
190060,LAKE CHARLES MEMORIAL HOSPITAL,LA,3.0,68.0,1.02,0.0,5.0,0.0,True
190064,OUR LADY OF THE LAKE REGIONAL MEDICAL CENTER,LA,3.0,72.0,1.02,0.0,5.0,0.0,True
190065,BATON ROUGE GENERAL MEDICAL CENTER,LA,3.0,74.0,0.98,0.0,6.0,0.0,True
190086,NORTHERN LOUISIANA MEDICAL CENTER,LA,2.0,47.0,1.32,0.0,5.0,0.0,True
190088,SPRINGHILL MEDICAL CENTER,LA,4.0,68.0,0.98,0.0,3.0,0.0,True
190098,OCHSNER LSU HEALTH SHREVEPORT,LA,2.0,68.0,1.16,0.0,5.0,0.0,True
190099,AVOYELLES HOSPITAL,LA,1.0,66.0,1.22,0.0,3.0,0.0,True
190102,"OUR LADY OF LOURDES REGIONAL MEDICAL CENTER, INC",LA,3.0,82.0,1.04,0.0,5.0,0.0,True
190106,OAKDALE COMMUNITY HOSPITAL,LA,3.0,82.0,1.04,0.0,3.0,0.0,True
190111,WILLIS KNIGHTON MEDICAL CENTER,LA,3.0,70.0,1.17,0.0,6.0,0.0,True
190114,CLAIBORNE MEMORIAL MEDICAL CENTER,LA,1.0,75.0,1.02,0.0,3.0,0.0,True
190116,MOREHOUSE GENERAL HOSPITAL,LA,2.0,54.0,1.16,0.0,3.0,0.0,True
190118,DESOTO REGIONAL HEALTH SYSTEM,LA,2.0,73.0,1.02,0.0,3.0,0.0,True
190125,ST FRANCIS MEDICAL CENTER,LA,3.0,76.0,1.08,0.0,5.0,0.0,True
190128,WOMANS HOSPITAL,LA,4.0,83.0,1.06,0.0,1.0,0.0,True
190144,MINDEN MEDICAL CENTER,LA,2.0,67.0,1.14,0.0,4.0,0.0,True
190160,GLENWOOD REGIONAL MEDICAL CENTER,LA,2.0,72.0,1.08,1.0,6.0,0.16666666666666666,True
190164,BYRD REGIONAL HOSPITAL,LA,2.0,64.0,1.26,1.0,4.0,0.25,True
190167,MERCY REGIONAL MEDICAL CENTER,LA,3.0,79.0,1.18,0.0,4.0,0.0,True
190176,EAST JEFFERSON GENERAL HOSPITAL,LA,2.0,74.0,1.06,0.0,6.0,0.0,True
190183,LEONARD J CHABERT MEDICAL CENTER,LA,3.0,75.0,0.91,0.0,3.0,0.0,True
190184,CITIZENS MEDICAL CENTER,LA,3.0,88.0,0.96,0.0,4.0,0.0,True
190202,OCHSNER MEDICAL CENTER - BATON ROUGE,LA,4.0,66.0,0.99,0.0,5.0,0.0,True
190274,OCHSNER MEDICAL CENTER-KENNER,LA,4.0,67.0,0.94,0.0,5.0,0.0,True
190308,ST BERNARD PARISH HOSPITAL,LA,4.0,69.0,0.81,0.0,3.0,0.0,True
190312,OUR LADY OF THE ANGELS HOSPITAL,LA,4.0,74.0,1.22,0.0,3.0,0.0,True
190318,ACADIAN MEDICAL CENTER,LA,3.0,63.0,1.16,0.0,4.0,0.0,True
200001,ST JOSEPH HOSPITAL,ME,3.0,84.0,0.92,1.0,6.0,0.16666666666666666,True
200008,NORTHERN LIGHT MERCY HOSPITAL,ME,4.0,86.0,1.0,0.0,4.0,0.0,True
200009,MAINEHEALTH MAINE MEDICAL CENTER,ME,4.0,74.0,1.02,0.0,6.0,0.0,True
200018,NORTHERN LIGHT  A R GOULD HOSPITAL,ME,2.0,61.0,0.86,0.0,4.0,0.0,True
200020,YORK HOSPITAL,ME,4.0,77.0,0.95,0.0,5.0,0.0,True
200021,MAINEHEALTH MID COAST HOSPITAL,ME,3.0,74.0,0.9,0.0,4.0,0.0,True
200024,CENTRAL MAINE MEDICAL CENTER,ME,4.0,66.0,1.02,0.0,5.0,0.0,True
200031,CARY MEDICAL CENTER,ME,1.0,80.0,0.84,0.0,4.0,0.0,True
200033,NORTHERN LIGHT EASTERN MAINE MEDICAL CENTER,ME,5.0,59.0,0.99,0.0,6.0,0.0,True
200034,ST MARY'S REGIONAL MEDICAL CENTER,ME,4.0,78.0,0.97,0.0,3.0,0.0,True
200039,MAINE GENERAL MEDICAL CENTER,ME,4.0,73.0,0.92,0.0,5.0,0.0,True
200050,NORTHERN LIGHT MAINE COAST HOSPITAL,ME,3.0,58.0,0.87,0.0,3.0,0.0,True
200063,MAINEHEALTH PEN BAY HOSPITAL,ME,3.0,69.0,0.92,0.0,4.0,0.0,True
220001,UMASS MEMORIAL HEALTHALLIANCE HOSPITALS,MA,3.0,54.0,1.04,0.0,5.0,0.0,True
220002,MOUNT AUBURN HOSPITAL,MA,4.0,76.0,0.98,0.0,6.0,0.0,True
220008,STURDY MEMORIAL HOSPITAL,MA,3.0,65.0,0.97,1.0,5.0,0.2,True
220010,MERRIMACK HEALTH LAWRENCE HOSPITAL,MA,2.0,63.0,1.07,0.0,6.0,0.0,True
220011,CAMBRIDGE HEALTH ALLIANCE,MA,3.0,64.0,0.99,0.0,5.0,0.0,True
220012,CAPE COD HOSPITAL,MA,2.0,72.0,0.97,2.0,6.0,0.3333333333333333,True
220015,"COOLEY DICKINSON HOSPITAL INC,THE",MA,2.0,74.0,0.92,0.0,5.0,0.0,True
220016,BAYSTATE FRANKLIN MEDICAL CENTER,MA,3.0,63.0,0.92,1.0,4.0,0.25,True
220019,UMASS MEMORIAL HEALTH - HARRINGTON HOSPITAL,MA,3.0,64.0,0.97,0.0,4.0,0.0,True
220020,SAINT ANNE'S HOSPITAL,MA,3.0,74.0,0.98,0.0,6.0,0.0,True
220024,HOLYOKE MEDICAL CENTER,MA,4.0,72.0,0.97,0.0,5.0,0.0,True
220029,ANNA JAQUES HOSPITAL,MA,3.0,62.0,0.97,0.0,5.0,0.0,True
220030,BAYSTATE WING HOSPITAL,MA,4.0,67.0,0.99,0.0,4.0,0.0,True
220031,BOSTON MEDICAL CENTER,MA,3.0,74.0,1.0,0.0,6.0,0.0,True
220033,NORTHEAST HOSPITAL CORPORATION,MA,3.0,66.0,0.98,0.0,6.0,0.0,True
220035,NORTH SHORE MEDICAL CENTER -,MA,5.0,68.0,0.91,0.0,6.0,0.0,True
220036,BOSTON MEDICAL CENTER-BRIGHTON,MA,3.0,69.0,1.06,2.0,6.0,0.3333333333333333,True
220046,BERKSHIRE MEDICAL CENTER,MA,4.0,58.0,1.02,0.0,6.0,0.0,True
220049,UMASS MEMORIAL HEALTHCARE-MARLBOROUGH HOSPITAL,MA,2.0,58.0,0.97,0.0,5.0,0.0,True
220052,SIGNATURE HEALTHCARE BROCKTON HOSPITAL,MA,3.0,63.0,1.01,0.0,5.0,0.0,True
220060,BETH ISRAEL DEACONESS HOSPITAL PLYMOUTH,MA,4.0,65.0,0.96,0.0,6.0,0.0,True
220063,LOWELL GENERAL HOSPITAL,MA,2.0,66.0,0.98,1.0,6.0,0.16666666666666666,True
220065,BAYSTATE NOBLE HOSPITAL,MA,2.0,64.0,0.96,0.0,4.0,0.0,True
220066,MERCY MEDICAL CTR,MA,2.0,70.0,1.01,0.0,5.0,0.0,True
220070,MELROSEWAKEFIELD HEALTHCARE,MA,3.0,63.0,1.0,0.0,6.0,0.0,True
220071,MASSACHUSETTS GENERAL HOSPITAL,MA,5.0,85.0,0.98,0.0,6.0,0.0,True
220073,BROWN UNIVERSITY HEALTH MORTON HOSPITAL,MA,1.0,47.0,1.01,2.0,6.0,0.3333333333333333,True
220074,SOUTHCOAST HOSPITALS GROUP,MA,4.0,69.0,1.02,0.0,6.0,0.0,True
220077,BAYSTATE MEDICAL CENTER,MA,2.0,63.0,1.03,3.0,6.0,0.5,True
220080,HOLY FAMILY HOSPITAL,MA,2.0,54.0,1.07,1.0,6.0,0.16666666666666666,True
220083,BETH ISRAEL DEACONESS HOSPITAL - NEEDHAM,MA,5.0,71.0,0.89,0.0,5.0,0.0,True
220084,EMERSON HOSPITAL -,MA,5.0,77.0,1.01,0.0,5.0,0.0,True
220086,BETH ISRAEL DEACONESS MEDICAL CENTER,MA,3.0,79.0,0.98,1.0,6.0,0.16666666666666666,True
220088,NEW ENGLAND BAPTIST HOSPITAL,MA,5.0,87.0,0.91,0.0,2.0,0.0,True
220090,MILFORD REGIONAL MEDICAL CENTER,MA,4.0,75.0,0.97,4.0,6.0,0.6666666666666666,True
220095,HEYWOOD HOSPITAL -,MA,2.0,68.0,1.08,0.0,5.0,0.0,True
220100,SOUTH SHORE HOSPITAL,MA,2.0,65.0,0.99,2.0,6.0,0.3333333333333333,True
220101,NEWTON-WELLESLEY HOSPITAL,MA,5.0,80.0,0.88,0.0,6.0,0.0,True
220105,WINCHESTER HOSPITAL,MA,3.0,74.0,0.93,4.0,6.0,0.6666666666666666,True
220108,BETH ISRAEL DEACONESS HOSPITAL - MILTON,MA,4.0,70.0,0.92,1.0,5.0,0.2,True
220110,BRIGHAM AND WOMEN'S HOSPITAL,MA,5.0,81.0,1.0,1.0,6.0,0.16666666666666666,True
220111,GOOD SAMARITAN MEDICAL CENTER,MA,2.0,51.0,1.0,1.0,6.0,0.16666666666666666,True
220116,TUFTS MEDICAL CENTER,MA,2.0,80.0,1.03,1.0,6.0,0.16666666666666666,True
220119,BRIGHAM AND WOMEN FAULKNER HOSPITAL,MA,5.0,72.0,0.9,0.0,5.0,0.0,True
220135,FALMOUTH HOSPITAL,MA,4.0,72.0,0.99,0.0,6.0,0.0,True
220163,UMASS MEMORIAL MEDICAL CENTER/UNIVERSITY CAMPUS,MA,3.0,71.0,1.02,0.0,6.0,0.0,True
220171,"LAHEY HOSPITAL & MEDICAL CENTER, BURLINGTON",MA,4.0,73.0,0.97,0.0,6.0,0.0,True
220175,METROWEST MEDICAL CENTER,MA,1.0,42.0,1.04,0.0,5.0,0.0,True
220176,ST VINCENT HOSPITAL,MA,2.0,51.0,1.0,0.0,6.0,0.0,True
220177,NANTUCKET COTTAGE HOSPITAL,MA,3.0,78.0,0.76,0.0,3.0,0.0,True
230002,ST JOE MERCY HOSPITAL SYSTEM LIVONIA,MI,2.0,64.0,0.96,2.0,6.0,0.3333333333333333,True
230003,COREWELL HEALTH ZEELAND HOSPITAL,MI,5.0,84.0,0.86,0.0,3.0,0.0,True
230005,PROMEDICA CHARLES AND VIRGINIA HICKMAN HOSPITAL,MI,3.0,58.0,0.91,0.0,5.0,0.0,True
230015,THREE RIVERS HEALTH,MI,2.0,62.0,0.99,0.0,4.0,0.0,True
230017,BRONSON METHODIST HOSPITAL,MI,4.0,76.0,0.95,0.0,6.0,0.0,True
230019,"ASCENSION PROVIDENCE HOSPITAL, SOUTHFIELD AND NOVI",MI,4.0,64.0,0.95,0.0,6.0,0.0,True
230020,BEAUMONT HOSPITAL - DEARBORN,MI,2.0,48.0,1.05,0.0,6.0,0.0,True
230021,"LAKELAND HOSPITAL, ST JOSEPH",MI,4.0,60.0,0.93,0.0,5.0,0.0,True
230022,INSIGHT HOSPITAL AND MEDICAL CENTER COLDWATER,MI,2.0,57.0,0.91,0.0,4.0,0.0,True
230024,SINAI-GRACE HOSPITAL,MI,1.0,35.0,1.03,0.0,5.0,0.0,True
230029,TRINITY HEALTH OAKLAND HOSPITAL,MI,2.0,66.0,0.99,0.0,6.0,0.0,True
230030,MYMICHIGAN MEDICAL CENTER ALMA,MI,4.0,78.0,0.93,0.0,5.0,0.0,True
230031,LAKE HURON MEDICAL CENTER,MI,4.0,66.0,0.88,0.0,5.0,0.0,True
230035,SPECTRUM HEALTH UNITED HOSPITAL,MI,4.0,72.0,0.88,0.0,4.0,0.0,True
230036,MYMICHIGAN MEDICAL CENTER ALPENA,MI,3.0,71.0,0.97,0.0,5.0,0.0,True
230037,HILLSDALE HOSPITAL,MI,3.0,62.0,0.87,0.0,5.0,0.0,True
230038,SPECTRUM HEALTH,MI,4.0,73.0,0.96,0.0,6.0,0.0,True
230041,MCLAREN BAY REGION,MI,1.0,49.0,1.01,1.0,6.0,0.16666666666666666,True
230046,UNIVERSITY OF MICHIGAN HEALTH SYSTEM,MI,4.0,85.0,0.91,0.0,6.0,0.0,True
230047,HENRY FORD MACOMB HOSPITAL,MI,3.0,66.0,0.97,0.0,5.0,0.0,True
230053,HENRY FORD HEALTH HOSPITAL,MI,3.0,71.0,0.96,1.0,5.0,0.2,True
230054,UPHS MARQUETTE DLP HOSPITAL,MI,3.0,61.0,1.01,0.0,6.0,0.0,True
230055,DICKINSON COUNTY MEMORIAL HOSPITAL,MI,2.0,60.0,0.96,0.0,4.0,0.0,True
230058,MUNSON HEALTHCARE GRAYLING HOSPITAL,MI,3.0,70.0,0.86,0.0,4.0,0.0,True
230059,MERCY HEALTH SAINT MARY'S,MI,3.0,78.0,0.92,0.0,6.0,0.0,True
230066,TRINITY HEALTH MUSKEGON HOSPITAL,MI,3.0,62.0,0.92,0.0,6.0,0.0,True
230069,TRINITY HEALTH LIVINGSTON HOSPITAL,MI,4.0,71.0,0.88,0.0,4.0,0.0,True
230070,COVENANT MEDICAL CENTER,MI,2.0,69.0,1.04,1.0,6.0,0.16666666666666666,True
230072,HOLLAND COMMUNITY HOSPITAL,MI,5.0,77.0,0.87,0.0,6.0,0.0,True
230075,BRONSON BATTLE CREEK HOSPITAL,MI,3.0,63.0,0.94,0.0,5.0,0.0,True
230077,MYMICHIGAN MEDICAL CENTER SAGINAW,MI,3.0,69.0,1.01,0.0,5.0,0.0,True
230080,MCLAREN CENTRAL MICHIGAN,MI,3.0,66.0,0.85,0.0,5.0,0.0,True
230081,MUNSON HEALTHCARE CADILLAC HOSPITAL,MI,4.0,69.0,0.82,0.0,4.0,0.0,True
230089,BEAUMONT HOSPITAL - GROSSE POINTE,MI,4.0,63.0,0.92,0.0,6.0,0.0,True
230092,HENRY FORD ALLEGIANCE HEALTH,MI,3.0,58.0,0.93,0.0,5.0,0.0,True
230093,COREWELL HEALTH BIG RAPIDS HOSPITAL,MI,3.0,67.0,0.86,0.0,4.0,0.0,True
230095,MYMICHIGAN MEDICAL CENTER WEST BRANCH,MI,5.0,78.0,0.94,0.0,5.0,0.0,True
230097,MUNSON MEDICAL CENTER,MI,4.0,71.0,0.91,0.0,6.0,0.0,True
230099,PROMEDICA MONROE REGIONAL HOSPITAL,MI,1.0,50.0,1.02,1.0,5.0,0.2,True
230100,TAWAS ST JOSEPH HOSPITAL,MI,3.0,64.0,0.91,0.0,4.0,0.0,True
230104,HARPER UNIVERSITY HOSPITAL,MI,1.0,49.0,0.95,0.0,5.0,0.0,True
230105,MCLAREN NORTHERN MICHIGAN,MI,3.0,62.0,0.93,0.0,6.0,0.0,True
230108,UP HEALTH SYSTEM PORTAGE,MI,5.0,78.0,0.77,0.0,3.0,0.0,True
230110,COREWELL HEALTH LUDINGTON HOSPITAL,MI,4.0,68.0,0.83,0.0,4.0,0.0,True
230117,BORGESS MEDICAL CENTER,MI,3.0,61.0,0.98,0.0,6.0,0.0,True
230121,MEMORIAL HEALTHCARE,MI,3.0,63.0,0.9,0.0,5.0,0.0,True
230130,BEAUMONT HOSPITAL ROYAL OAK,MI,3.0,63.0,1.0,0.0,6.0,0.0,True
230132,HURLEY MEDICAL CENTER,MI,2.0,64.0,0.96,0.0,6.0,0.0,True
230133,MUNSON HEALTHCARE OTSEGO MEMORIAL HOSPITAL,MI,4.0,58.0,0.9,0.0,4.0,0.0,True
230141,MCLAREN FLINT,MI,2.0,55.0,1.0,1.0,6.0,0.16666666666666666,True
230142,COREWELL HEALTH WAYNE HOSPITAL,MI,2.0,45.0,1.03,0.0,5.0,0.0,True
230146,WYANDOTTE HOSPITAL AND MEDICAL CENTER,MI,2.0,64.0,1.04,0.0,5.0,0.0,True
230151,BEAUMONT HOSPITAL - FARMINGTON HILLS,MI,3.0,48.0,1.01,0.0,6.0,0.0,True
230156,TRINITY HEALTH ANN ARBOR HOSPITAL,MI,4.0,78.0,0.92,0.0,6.0,0.0,True
230165,HENRY FORD HEALTH ST JOHN HOSPITAL,MI,1.0,55.0,0.96,0.0,5.0,0.0,True
230167,MCLAREN GREATER LANSING,MI,3.0,67.0,0.92,0.0,6.0,0.0,True
230174,TRINITY HEALTH GRAND HAVEN HOSPITAL,MI,4.0,66.0,0.84,0.0,2.0,0.0,True
230176,COREWELL HEALTH TRENTON HOSPITAL,MI,3.0,67.0,1.01,0.0,5.0,0.0,True
230180,MYMICHIGAN MEDICAL CENTER CLARE,MI,2.0,66.0,0.87,0.0,4.0,0.0,True
230193,MCLAREN LAPEER REGION,MI,2.0,46.0,0.94,0.0,5.0,0.0,True
230195,Henry Ford Health Warren Hospital,MI,1.0,47.0,0.99,0.0,6.0,0.0,True
230197,ASCENSION GENESYS HOSPITAL,MI,3.0,59.0,0.94,0.0,6.0,0.0,True
230207,MCLAREN OAKLAND,MI,2.0,46.0,1.04,0.0,4.0,0.0,True
230208,UNIVERSITY OF MICHIGAN HEALTH-SPARROW CARSON,MI,4.0,85.0,0.93,0.0,4.0,0.0,True
230216,MCLAREN PORT HURON,MI,2.0,63.0,0.94,0.0,6.0,0.0,True
230217,OAKLAWN HOSPITAL,MI,4.0,74.0,0.87,0.0,4.0,0.0,True
230222,MYMICHIGAN MEDICAL CENTER MIDLAND,MI,4.0,81.0,0.96,0.0,6.0,0.0,True
230227,MCLAREN MACOMB,MI,1.0,52.0,1.02,0.0,5.0,0.0,True
230230,EDWARD W SPARROW HOSPITAL,MI,3.0,62.0,0.98,0.0,5.0,0.0,True
230236,UNIVERSITY OF MICHIGAN HEALTH - WEST,MI,4.0,77.0,0.95,0.0,6.0,0.0,True
230239,CHIPPEWA COUNTY WAR MEMORIAL HOSPITAL,MI,2.0,66.0,0.86,0.0,4.0,0.0,True
230244,GARDEN CITY HOSPITAL,MI,2.0,52.0,1.04,1.0,6.0,0.16666666666666666,True
230254,ASCENSION PROVIDENCE ROCHESTER HOSPITAL,MI,3.0,56.0,1.0,0.0,6.0,0.0,True
230259,CHELSEA HOSPITAL,MI,4.0,87.0,0.84,0.0,5.0,0.0,True
230269,"BEAUMONT HOSPITAL, TROY",MI,4.0,63.0,0.99,1.0,6.0,0.16666666666666666,True
230270,BEAUMONT HOSPITAL - TAYLOR,MI,2.0,57.0,1.05,0.0,4.0,0.0,True
230273,DETROIT RECEIVING HOSPITAL,MI,1.0,39.0,0.95,0.0,5.0,0.0,True
230277,HURON VALLEY-SINAI HOSPITAL,MI,3.0,59.0,0.94,0.0,6.0,0.0,True
230297,KARMANOS CANCER CENTER,MI,3.0,76.0,1.07,0.0,2.0,0.0,True
230302,HENRY FORD HEALTH WEST BLOOMFIELD HOSPITAL,MI,3.0,71.0,0.9,1.0,5.0,0.2,True
230303,MUNSON HEALTHCARE MANISTEE HOSPITAL,MI,4.0,60.0,0.77,0.0,3.0,0.0,True
240001,NORTH MEMORIAL HEALTH HOSPITAL,MN,1.0,68.0,0.93,0.0,5.0,0.0,True
240002,ESSENTIA HEALTH ST MARY'S MEDICAL CENTER,MN,4.0,74.0,1.02,0.0,5.0,0.0,True
240004,HENNEPIN COUNTY MEDICAL CENTER,MN,3.0,64.0,0.99,0.0,5.0,0.0,True
240006,OLMSTED MEDICAL CENTER,MN,4.0,78.0,0.87,0.0,4.0,0.0,True
240010,MAYO CLINIC HOSPITAL ROCHESTER,MN,5.0,88.0,0.95,0.0,6.0,0.0,True
240014,NORTHFIELD HOSPITAL,MN,4.0,81.0,0.84,0.0,3.0,0.0,True
240018,MAYO CLINIC HEALTH SYSTEM IN RED WING,MN,4.0,75.0,0.83,0.0,3.0,0.0,True
240020,CAMBRIDGE MEDICAL CENTER,MN,4.0,66.0,0.81,0.0,5.0,0.0,True
240022,SANFORD WORTHINGTON MEDICAL CENTER,MN,4.0,69.0,0.95,0.0,4.0,0.0,True
240030,ALOMERE HEALTH,MN,4.0,73.0,0.9,0.0,5.0,0.0,True
240036,ST CLOUD HOSPITAL,MN,4.0,70.0,0.94,0.0,6.0,0.0,True
240038,ALLINA UNITED HOSPITAL,MN,3.0,65.0,0.94,0.0,6.0,0.0,True
240040,RANGE REGIONAL HEALTH SERVICES,MN,4.0,67.0,0.91,0.0,3.0,0.0,True
240043,MAYO CLINIC HEALTH SYSTEM - ALBERT LEA AND AUSTIN,MN,5.0,66.0,0.9,0.0,5.0,0.0,True
240044,WINONA HEALTH SERVICES,MN,2.0,66.0,0.86,0.0,3.0,0.0,True
240047,ST LUKES HOSPITAL,MN,3.0,72.0,0.99,0.0,6.0,0.0,True
240050,FAIRVIEW LAKES HEALTH SERVICES,MN,3.0,64.0,0.9,0.0,4.0,0.0,True
240052,LAKE REGION HEALTHCARE CORPORATION,MN,4.0,79.0,0.91,0.0,4.0,0.0,True
240053,PARK NICOLLET METHODIST HOSPITAL,MN,3.0,82.0,0.91,0.0,6.0,0.0,True
240056,RIDGEVIEW MEDICAL CENTER,MN,4.0,81.0,0.94,0.0,6.0,0.0,True
240057,ABBOTT NORTHWESTERN HOSPITAL,MN,4.0,72.0,0.95,0.0,6.0,0.0,True
240064,GRAND ITASCA CLINIC AND HOSPITAL,MN,4.0,68.0,0.85,0.0,3.0,0.0,True
240066,LAKEVIEW MEMORIAL HOSPITAL,MN,4.0,83.0,0.91,0.0,6.0,0.0,True
240069,OWATONNA HOSPITAL,MN,5.0,66.0,0.9,0.0,5.0,0.0,True
240071,ALLINA HEALTH FARIBAULT MEDICAL CENTER,MN,3.0,72.0,0.94,0.0,3.0,0.0,True
240075,ESSENTIA HEALTH ST JOSEPH'S MEDICAL CENTER,MN,3.0,64.0,0.83,0.0,6.0,0.0,True
240076,BUFFALO HOSPITAL,MN,5.0,74.0,0.88,0.0,4.0,0.0,True
240078,M HEALTH FAIRVIEW SOUTHDALE HOSPITAL,MN,5.0,70.0,0.92,0.0,6.0,0.0,True
240080,M HEALTH FAIRVIEW UNIVERSITY OF MN MEDICAL CENTER,MN,4.0,71.0,0.98,0.0,6.0,0.0,True
240084,ESSENTIA HEALTH VIRGINIA,MN,4.0,60.0,0.93,0.0,2.0,0.0,True
240088,CENTRACARE- RICE MEMORIAL HOSPITAL,MN,3.0,50.0,0.85,0.0,3.0,0.0,True
240093,MAYO CLINIC HEALTH SYSTEM - MANKATO,MN,5.0,75.0,0.93,0.0,6.0,0.0,True
240100,SANFORD BEMIDJI MEDICAL CENTER,MN,4.0,62.0,0.91,0.0,5.0,0.0,True
240101,ESSENTIA HEALTH ST MARYS - DETROIT LAKES,MN,4.0,73.0,0.86,0.0,4.0,0.0,True
240104,ST FRANCIS REGIONAL MEDICAL CENTER,MN,3.0,68.0,0.87,0.0,5.0,0.0,True
240106,REGIONS HOSPITAL,MN,3.0,77.0,0.95,0.0,6.0,0.0,True
240115,MERCY HOSPITAL,MN,3.0,65.0,0.9,0.0,6.0,0.0,True
240141,FAIRVIEW NORTHLAND REGIONAL HOSPITAL,MN,4.0,71.0,0.85,0.0,3.0,0.0,True
240166,MAYO CLINIC HEALTH SYSTEM - FAIRMONT,MN,5.0,69.0,0.81,0.0,4.0,0.0,True
240187,HUTCHINSON HEALTH,MN,3.0,74.0,0.9,0.0,3.0,0.0,True
240207,M HEALTH FAIRVIEW RIDGES HOSPITAL,MN,4.0,66.0,0.86,0.0,5.0,0.0,True
240210,M HEALTH FAIRVIEW ST JOHN'S HOSPITAL,MN,5.0,60.0,0.92,0.0,5.0,0.0,True
240213,M HEALTH FAIRVIEW WOODWINDS HOSPITAL,MN,4.0,69.0,0.9,0.0,5.0,0.0,True
240214,MAPLE GROVE HOSPITAL,MN,5.0,78.0,0.84,0.0,5.0,0.0,True
250001,UNIVERSITY OF MISSISSIPPI MED CENTER,MS,2.0,74.0,1.01,0.0,6.0,0.0,True
250002,TISHOMINGO HEALTH SERVICES INC,MS,2.0,79.0,1.02,0.0,4.0,0.0,True
250004,NORTH MISSISSIPPI MEDICAL CENTER,MS,2.0,67.0,1.04,0.0,6.0,0.0,True
250006,BAPTIST MEMORIAL HOSPITAL UNION COUNTY,MS,4.0,77.0,0.98,0.0,4.0,0.0,True
250007,Memorial Hospital Biloxi,MS,1.0,47.0,1.02,0.0,4.0,0.0,True
250009,MAGNOLIA REGIONAL HEALTH CENTER,MS,2.0,75.0,0.94,0.0,6.0,0.0,True
250019,MEMORIAL HOSPITAL AT GULFPORT,MS,3.0,67.0,1.16,0.0,6.0,0.0,True
250020,WEBSTER GENERAL HOSPITAL/ SWING BED,MS,4.0,74.0,0.91,0.0,4.0,0.0,True
250025,NORTH MISSISSIPPI MEDICAL CENTER-GILMORE AMORY,MS,3.0,78.0,0.99,0.0,4.0,0.0,True
250031,MERIT HEALTH RIVER REGION,MS,2.0,55.0,1.07,0.0,5.0,0.0,True
250034,BAPTIST MEMORIAL HOSPITAL NORTH MS,MS,4.0,79.0,0.97,2.0,6.0,0.3333333333333333,True
250036,GEORGE REGIONAL HEALTH SYSTEM,MS,1.0,74.0,0.95,0.0,3.0,0.0,True
250038,MERIT HEALTH MADISON,MS,3.0,73.0,0.95,0.0,4.0,0.0,True
250040,SINGING RIVER HEALTH SYSTEM,MS,1.0,69.0,1.01,0.0,6.0,0.0,True
250042,NORTHWEST MISSISSISSIPPI REGIONAL MEDICAL CENTER,MS,3.0,49.0,0.94,0.0,3.0,0.0,True
250043,NESHOBA COUNTY GENERAL HOSPITAL,MS,3.0,87.0,1.02,0.0,4.0,0.0,True
250044,BAPTIST MEMORIAL HOSPITAL BOONEVILLE,MS,3.0,90.0,0.93,0.0,4.0,0.0,True
250048,ST DOMINIC-JACKSON MEMORIAL HOSPITAL,MS,2.0,72.0,1.02,0.0,6.0,0.0,True
250050,BAPTIST MEMORIAL HOSPITAL-OKTIBBEHA COUNTY,MS,2.0,59.0,1.06,0.0,3.0,0.0,True
250057,KING'S DAUGHTERS MEDICAL CENTER-BROOKHAVEN,MS,3.0,74.0,1.01,0.0,4.0,0.0,True
250058,SOUTH CENTRAL REG MED CTR,MS,1.0,69.0,1.0,1.0,6.0,0.16666666666666666,True
250067,CLAY COUNTY MEDICAL CORPORATION,MS,3.0,71.0,0.9,0.0,3.0,0.0,True
250069,OCHSNER RUSH HOSPITAL,MS,3.0,69.0,1.13,0.0,6.0,0.0,True
250072,MERIT HEALTH CENTRAL,MS,3.0,48.0,0.91,0.0,4.0,0.0,True
250077,WAYNE GENERAL HOSPITAL,MS,3.0,52.0,0.86,0.0,4.0,0.0,True
250078,FORREST GENERAL HOSPITAL,MS,2.0,76.0,1.0,0.0,6.0,0.0,True
250082,DELTA HEALTH SYSTEM - THE MEDICAL CENTER,MS,1.0,58.0,1.14,0.0,5.0,0.0,True
250084,MERIT HEALTH NATCHEZ,MS,2.0,50.0,1.17,0.0,4.0,0.0,True
250085,MARION GENERAL HOSPITAL,MS,1.0,72.0,1.04,0.0,3.0,0.0,True
250093,BOLIVAR MEDICAL CENTER,MS,1.0,59.0,0.98,0.0,4.0,0.0,True
250094,MERIT HEALTH WESLEY,MS,2.0,67.0,0.99,0.0,6.0,0.0,True
250095,SOUTH SUNFLOWER COUNTY HOSPITAL,MS,2.0,69.0,0.95,0.0,3.0,0.0,True
250096,CROSSGATES RIVER OAKS HOSPITAL,MS,2.0,74.0,0.97,0.0,4.0,0.0,True
250097,SOUTHWEST MS REGIONAL MEDICAL CENTER,MS,2.0,62.0,1.02,0.0,5.0,0.0,True
250099,GREENWOOD LEFLORE HOSPITAL,MS,1.0,67.0,1.01,0.0,4.0,0.0,True
250100,BMH-GOLDEN TRIANGLE,MS,3.0,74.0,0.97,0.0,5.0,0.0,True
250102,MISSISSIPPI BAPTIST MEDICAL CENTER,MS,2.0,75.0,1.03,2.0,6.0,0.3333333333333333,True
250104,ANDERSON REGIONAL MEDICAL CENTER,MS,2.0,58.0,1.05,0.0,6.0,0.0,True
250117,HIGHLAND COMMUNITY  HOSPITAL,MS,1.0,75.0,1.11,0.0,4.0,0.0,True
250123,SINGING RIVER GULFPORT,MS,2.0,73.0,1.01,0.0,5.0,0.0,True
250124,MAGEE GENERAL HOSPITAL,MS,2.0,68.0,1.1,0.0,3.0,0.0,True
250138,MERIT HEALTH RIVER OAKS,MS,1.0,52.0,1.07,0.0,6.0,0.0,True
250141,BAPTIST MEMORIAL HOSPITAL DESOTO,MS,3.0,67.0,1.0,0.0,5.0,0.0,True
250162,OCHSNER MEDICAL CENTER-HANCOCK,MS,3.0,73.0,0.87,0.0,3.0,0.0,True
250167,METHODIST HEALTHCARE - OLIVE BRANCH HOSPITAL,MS,4.0,76.0,0.82,0.0,5.0,0.0,True
250168,UNIVERSITY OF MISSISSIPPI MEDICAL CENTER- GRENADA,MS,1.0,65.0,1.23,0.0,4.0,0.0,True
260001,MERCY HOSPITAL JOPLIN,MO,1.0,75.0,0.98,0.0,5.0,0.0,True
260005,SSM ST JOSEPH HEALTH CENTER,MO,3.0,63.0,1.0,0.0,5.0,0.0,True
260006,MOSAIC LIFE CARE AT ST JOSEPH,MO,4.0,64.0,1.05,0.0,5.0,0.0,True
260009,BOTHWELL REGIONAL HEALTH CENTER,MO,4.0,61.0,0.9,0.0,4.0,0.0,True
260011,SSM HEALTH ST. MARY'S HOSPITAL - JEFFERSON CITY,MO,3.0,75.0,0.94,0.0,6.0,0.0,True
260017,PHELPS COUNTY REGIONAL MEDICAL CENTER,MO,2.0,72.0,0.98,0.0,6.0,0.0,True
260020,MERCY HOSPITAL ST LOUIS,MO,4.0,77.0,1.01,1.0,6.0,0.16666666666666666,True
260022,NORTHEAST REGIONAL MEDICAL CENTER,MO,2.0,55.0,0.98,0.0,5.0,0.0,True
260023,MERCY HOSPITAL JEFFERSON,MO,4.0,77.0,0.96,0.0,6.0,0.0,True
260024,TEXAS COUNTY MEMORIAL HOSPITAL,MO,2.0,67.0,0.95,0.0,4.0,0.0,True
260025,HANNIBAL REGIONAL HOSPITAL,MO,2.0,68.0,0.98,1.0,6.0,0.16666666666666666,True
260027,RESEARCH MEDICAL CENTER,MO,2.0,57.0,1.09,0.0,5.0,0.0,True
260032,BARNES JEWISH HOSPITAL,MO,4.0,79.0,1.02,0.0,6.0,0.0,True
260034,BATES COUNTY MEMORIAL HOSPITAL,MO,3.0,83.0,0.88,0.0,3.0,0.0,True
260040,COX MEDICAL CENTERS,MO,3.0,71.0,0.97,0.0,6.0,0.0,True
260048,TRUMAN MEDICAL CENTER HOSPITAL HILL,MO,3.0,61.0,0.97,0.0,3.0,0.0,True
260052,MERCY HOSPITAL WASHINGTON,MO,4.0,66.0,0.99,0.0,6.0,0.0,True
260057,CAMERON REGIONAL MEDICAL CENTER,MO,1.0,59.0,0.98,0.0,5.0,0.0,True
260059,MERCY HOSPITAL LEBANON,MO,4.0,62.0,0.84,0.0,3.0,0.0,True
260062,SAINT LUKES NORTH HOSPITAL,MO,5.0,75.0,1.0,0.0,5.0,0.0,True
260065,MERCY HOSPITAL SPRINGFIELD,MO,3.0,69.0,1.01,0.0,6.0,0.0,True
260068,BOONE HOSPITAL CENTER,MO,4.0,78.0,1.0,0.0,6.0,0.0,True
260074,MOBERLY REGIONAL MEDICAL CENTER,MO,2.0,61.0,0.94,0.0,4.0,0.0,True
260077,MERCY HOSPITAL SOUTH,MO,2.0,63.0,1.02,0.0,6.0,0.0,True
260078,OZARKS HEALTHCARE,MO,2.0,56.0,0.94,0.0,6.0,0.0,True
260081,SSM ST CLARE HEALTH CENTER,MO,4.0,75.0,0.99,0.0,6.0,0.0,True
260085,ST JOSEPH MEDICAL CENTER,MO,3.0,62.0,0.97,0.0,6.0,0.0,True
260091,SSM HEALTH ST MARY'S HOSPITAL - ST LOUIS,MO,3.0,62.0,1.06,0.0,5.0,0.0,True
260094,COX MEDICAL CENTER BRANSON,MO,4.0,70.0,0.91,0.0,5.0,0.0,True
260095,CENTERPOINT MEDICAL CENTER,MO,3.0,58.0,1.05,0.0,6.0,0.0,True
260096,NKC HEALTH,MO,4.0,75.0,1.03,0.0,6.0,0.0,True
260097,WESTERN MISSOURI MEDICAL CENTER,MO,4.0,68.0,0.97,0.0,5.0,0.0,True
260102,UNIVERSITY HEALTH LAKEWOOD MEDICAL CENTER,MO,4.0,67.0,0.88,0.0,2.0,0.0,True
260104,SSM HEALTH DEPAUL HOSPITAL ST LOUIS,MO,4.0,55.0,1.08,0.0,6.0,0.0,True
260105,SSM HEALTH SAINT LOUIS UNIVERSITY HOSPITAL,MO,1.0,64.0,1.06,0.0,5.0,0.0,True
260108,MISSOURI BAPTIST MEDICAL CENTER,MO,5.0,81.0,0.97,0.0,6.0,0.0,True
260110,MERCY HOSPITAL SOUTHEAST,MO,2.0,64.0,1.01,0.0,6.0,0.0,True
260113,MISSOURI DELTA MEDICAL CENTER,MO,2.0,56.0,1.0,0.0,4.0,0.0,True
260119,POPLAR BLUFF REGIONAL MEDICAL CENTER,MO,2.0,56.0,1.0,0.0,5.0,0.0,True
260137,FREEMAN HEALTH SYSTEM - FREEMAN WEST,MO,2.0,70.0,0.98,0.0,6.0,0.0,True
260138,ST LUKES HOSPITAL OF KANSAS CITY,MO,5.0,78.0,1.05,0.0,6.0,0.0,True
260141,UNIVERSITY OF MISSOURI HEALTH CARE,MO,3.0,70.0,1.01,0.0,6.0,0.0,True
260142,FITZGIBBON HOSPITAL,MO,2.0,60.0,0.83,0.0,4.0,0.0,True
260160,MERCY HOSPITAL STODDARD,MO,2.0,79.0,0.94,0.0,3.0,0.0,True
260162,BARNES-JEWISH WEST COUNTY HOSPITAL,MO,5.0,87.0,0.96,0.0,4.0,0.0,True
260163,PARKLAND HEALTH CENTER,MO,4.0,68.0,0.96,0.0,5.0,0.0,True
260175,GOLDEN VALLEY MEMORIAL HOSPITAL,MO,3.0,68.0,0.9,0.0,5.0,0.0,True
260176,ST LUKES DES PERES HOSPITAL,MO,3.0,80.0,0.9,0.0,4.0,0.0,True
260177,LIBERTY HOSPITAL,MO,2.0,70.0,1.05,1.0,6.0,0.16666666666666666,True
260179,ST LUKES HOSPITAL,MO,4.0,78.0,1.01,0.0,6.0,0.0,True
260180,CHRISTIAN HOSPITAL NORTHEAST,MO,4.0,66.0,0.98,0.0,6.0,0.0,True
260183,SAINT FRANCIS MEDICAL CENTER,MO,3.0,80.0,1.01,0.0,6.0,0.0,True
260186,LAKE REGIONAL HEALTH SYSTEM,MO,3.0,69.0,0.98,0.0,5.0,0.0,True
260190,LEE'S SUMMIT MEDICAL CENTER,MO,3.0,72.0,0.96,0.0,6.0,0.0,True
260191,BARNES-JEWISH ST PETERS HOSPITAL,MO,3.0,68.0,1.02,0.0,6.0,0.0,True
260193,ST MARY'S MEDICAL CENTER,MO,3.0,63.0,0.96,1.0,6.0,0.16666666666666666,True
260195,CITIZENS MEMORIAL HOSPITAL,MO,3.0,69.0,0.91,0.0,5.0,0.0,True
260200,SSM ST JOSEPH HOSPITAL WEST,MO,3.0,64.0,1.02,0.0,5.0,0.0,True
260214,BELTON REGIONAL MEDICAL CENTER,MO,2.0,58.0,0.99,0.0,5.0,0.0,True
260216,SAINT LUKE'S EAST  HOSPITAL,MO,4.0,79.0,1.03,0.0,6.0,0.0,True
260219,PROGRESS WEST HOSPITAL,MO,4.0,82.0,0.95,0.0,6.0,0.0,True
270003,ST PETERS HEALTH,MT,3.0,56.0,0.89,0.0,6.0,0.0,True
270004,BILLINGS CLINIC,MT,4.0,72.0,1.03,0.0,6.0,0.0,True
270012,BENEFIS HOSPITALS INC,MT,2.0,61.0,0.94,0.0,6.0,0.0,True
270014,ST. PATRICK HOSPITAL,MT,5.0,81.0,0.92,0.0,6.0,0.0,True
270017,ST JAMES HOSPITAL,MT,2.0,65.0,0.9,0.0,5.0,0.0,True
270023,COMMUNITY MEDICAL CENTER,MT,3.0,68.0,0.97,0.0,5.0,0.0,True
270049,INTERMOUNTAIN HEALTH ST VINCENT REGIONAL HOSPITAL,MT,4.0,77.0,1.01,0.0,6.0,0.0,True
270051,LOGAN HEALTH MEDICAL CENTER,MT,3.0,66.0,0.95,0.0,5.0,0.0,True
270057,BOZEMAN HEALTH DEACONESS HOSPITAL,MT,4.0,74.0,0.9,0.0,6.0,0.0,True
270086,GREAT FALLS CLINIC HOSPITAL,MT,2.0,81.0,0.88,0.0,6.0,0.0,True
280003,BRYAN MEDICAL CENTER,NE,3.0,80.0,1.01,0.0,6.0,0.0,True
280009,CHI HEALTH GOOD SAMARITAN,NE,4.0,73.0,1.03,0.0,5.0,0.0,True
280013,THE NEBRASKA MEDICAL CENTER,NE,4.0,72.0,1.01,0.0,6.0,0.0,True
280020,CHI HEALTH ST. ELIZABETH,NE,4.0,67.0,1.03,0.0,5.0,0.0,True
280023,CHI HEALTH ST. FRANCIS,NE,4.0,63.0,1.03,0.0,5.0,0.0,True
280032,MARY LANNING HEALTHCARE,NE,2.0,67.0,0.91,0.0,5.0,0.0,True
280040,THE NEBRASKA METHODIST HOSPITAL,NE,4.0,83.0,0.98,0.0,6.0,0.0,True
280060,CHI HEALTH BERGAN MERCY,NE,4.0,59.0,1.02,0.0,5.0,0.0,True
280061,REGIONAL WEST MEDICAL CENTER,NE,2.0,46.0,1.03,0.0,5.0,0.0,True
280065,GREAT PLAINS HEALTH,NE,3.0,59.0,0.97,0.0,6.0,0.0,True
280077,METHODIST FREMONT HEALTH,NE,2.0,66.0,0.95,0.0,6.0,0.0,True
280081,CHI HEALTH IMMANUEL,NE,3.0,65.0,1.03,0.0,5.0,0.0,True
280105,CHI HEALTH MIDLANDS,NE,4.0,72.0,0.83,0.0,3.0,0.0,True
280111,"COLUMBUS COMMUNITY HOSPITAL, INC",NE,3.0,70.0,1.0,0.0,5.0,0.0,True
280125,FAITH REGIONAL HEALTH SERVICES,NE,3.0,66.0,0.98,0.0,5.0,0.0,True
280128,CHI HEALTH NEBRASKA HEART,NE,4.0,84.0,1.0,0.0,3.0,0.0,True
280130,CHI HEALTH LAKESIDE,NE,4.0,66.0,0.96,0.0,6.0,0.0,True
280132,BELLEVUE MEDICAL CENTER,NE,4.0,75.0,0.92,0.0,6.0,0.0,True
280134,KEARNEY REGIONAL MEDICAL CENTER,NE,4.0,79.0,1.03,0.0,6.0,0.0,True
280139,GRAND ISLAND REGIONAL MEDICAL CENTER,NE,2.0,74.0,0.93,0.0,4.0,0.0,True
290001,RENOWN REGIONAL MEDICAL CENTER,NV,3.0,70.0,1.03,0.0,5.0,0.0,True
290003,SUNRISE HOSPITAL AND MEDICAL CENTER,NV,2.0,60.0,1.18,0.0,6.0,0.0,True
290005,NORTH VISTA HOSPITAL,NV,3.0,58.0,1.14,0.0,4.0,0.0,True
290007,UNIVERSITY MEDICAL CENTER,NV,2.0,60.0,1.08,0.0,6.0,0.0,True
290008,NORTHEASTERN NEVADA REGIONAL HOSPITAL,NV,3.0,44.0,0.87,0.0,6.0,0.0,True
290009,SAINT MARY'S REGIONAL MEDICAL CENTER,NV,4.0,70.0,0.89,0.0,6.0,0.0,True
290019,CARSON TAHOE REGIONAL MEDICAL CENTER,NV,2.0,73.0,0.95,0.0,5.0,0.0,True
290021,VALLEY HOSPITAL MEDICAL CENTER,NV,2.0,57.0,1.13,1.0,6.0,0.16666666666666666,True
290032,NORTHERN NEVADA MEDICAL CENTER,NV,3.0,73.0,0.93,0.0,6.0,0.0,True
290039,MOUNTAINVIEW HOSPITAL,NV,4.0,68.0,1.08,0.0,6.0,0.0,True
290041,SUMMERLIN HOSPITAL MEDICAL CENTER,NV,3.0,64.0,1.1,1.0,5.0,0.2,True
290045,SAINT ROSE DOMINICAN HOSPITALS - SIENA CAMPUS,NV,3.0,67.0,1.17,1.0,6.0,0.16666666666666666,True
290046,SPRING VALLEY HOSPITAL MEDICAL CENTER,NV,3.0,69.0,1.07,0.0,6.0,0.0,True
290047,SOUTHERN HILLS HOSPITAL AND MEDICAL CENTER,NV,4.0,75.0,1.09,0.0,6.0,0.0,True
290049,RENOWN SOUTH MEADOWS MEDICAL CENTER,NV,3.0,76.0,0.95,0.0,5.0,0.0,True
290053,SAINT ROSE DOMINICAN HOSPITALS - SAN MARTIN CAMPUS,NV,4.0,81.0,1.12,0.0,5.0,0.0,True
290054,CENTENNIAL HILLS HOSPITAL MEDICAL CENTER,NV,2.0,59.0,1.08,0.0,6.0,0.0,True
290057,HENDERSON HOSPITAL,NV,2.0,61.0,1.05,1.0,6.0,0.16666666666666666,True
300001,CONCORD HOSPITAL,NH,3.0,74.0,1.0,0.0,6.0,0.0,True
300003,MARY HITCHCOCK MEMORIAL HOSPITAL,NH,3.0,78.0,1.02,0.0,6.0,0.0,True
300005,CONCORD HOSPITAL- LACONIA,NH,3.0,62.0,0.97,0.0,4.0,0.0,True
300011,ST JOSEPH HOSPITAL,NH,4.0,70.0,1.02,0.0,6.0,0.0,True
300012,ELLIOT HOSPITAL,NH,2.0,79.0,1.01,0.0,6.0,0.0,True
300014,FRISBIE MEMORIAL HOSPITAL,NH,3.0,71.0,0.86,0.0,4.0,0.0,True
300017,PARKLAND MEDICAL CENTER,NH,4.0,61.0,0.94,0.0,5.0,0.0,True
300018,WENTWORTH-DOUGLASS HOSPITAL,NH,4.0,82.0,0.94,0.0,6.0,0.0,True
300019,CHESHIRE MEDICAL CENTER,NH,4.0,67.0,0.97,0.0,5.0,0.0,True
300020,SOUTHERN NH MEDICAL CENTER,NH,2.0,70.0,0.98,0.0,6.0,0.0,True
300023,EXETER HOSPITAL INC,NH,4.0,71.0,0.97,0.0,6.0,0.0,True
300029,PORTSMOUTH REGIONAL HOSPITAL,NH,3.0,68.0,1.02,0.0,6.0,0.0,True
300034,CATHOLIC MEDICAL CENTER,NH,4.0,69.0,0.97,0.0,6.0,0.0,True
310001,HACKENSACK UNIVERSITY MEDICAL CENTER,NJ,5.0,74.0,1.09,0.0,6.0,0.0,True
310002,NEWARK BETH ISRAEL MEDICAL CENTER,NJ,2.0,63.0,1.11,0.0,5.0,0.0,True
310003,PALISADES MEDICAL CENTER,NJ,2.0,59.0,1.03,0.0,4.0,0.0,True
310005,HUNTERDON MEDICAL CENTER,NJ,4.0,64.0,0.98,1.0,6.0,0.16666666666666666,True
310006,ST MARY'S GENERAL HOSPITAL,NJ,3.0,59.0,1.05,0.0,5.0,0.0,True
310008,HOLY NAME MEDICAL CENTER,NJ,5.0,74.0,1.06,0.0,6.0,0.0,True
310009,CLARA MAASS MEDICAL CENTER,NJ,3.0,63.0,1.14,0.0,5.0,0.0,True
310010,UNIVERSITY MEDICAL CENTER OF PRINCETON AT PLAINSBORO,NJ,4.0,77.0,1.0,0.0,6.0,0.0,True
310012,VALLEY HOSPITAL,NJ,4.0,79.0,1.03,0.0,6.0,0.0,True
310014,COOPER UNIVERSITY HOSPITAL,NJ,2.0,71.0,1.03,1.0,6.0,0.16666666666666666,True
310015,MORRISTOWN MEDICAL CENTER,NJ,5.0,80.0,1.04,0.0,6.0,0.0,True
310016,HEIGHTS UNIVERSITY HOSPITAL,NJ,2.0,58.0,1.2,0.0,5.0,0.0,True
310017,CHILTON MEDICAL CENTER,NJ,5.0,67.0,1.14,0.0,5.0,0.0,True
310019,ST JOSEPH'S UNIVERSITY MEDICAL CENTER INC,NJ,3.0,58.0,1.1,1.0,6.0,0.16666666666666666,True
310022,WEST JERSEY HOSPITAL,NJ,3.0,70.0,1.03,3.0,6.0,0.5,True
310024,ROBERT WOOD JOHNSON UNIVERSITY HOSPITAL AT RAHWAY,NJ,4.0,63.0,1.07,0.0,5.0,0.0,True
310025,CAREPOINT HEALTH - BAYONNE MEDICAL CENTER,NJ,1.0,49.0,1.18,0.0,6.0,0.0,True
310027,TRINITAS REGIONAL MEDICAL CENTER,NJ,3.0,62.0,1.11,0.0,4.0,0.0,True
310028,NEWTON MEDICAL CENTER,NJ,4.0,63.0,1.04,0.0,6.0,0.0,True
310029,VIRTUA OUR LADY OF LOURDES HOSPITAL,NJ,2.0,60.0,1.09,0.0,5.0,0.0,True
310031,DEBORAH HEART AND LUNG CENTER,NJ,3.0,83.0,1.03,0.0,5.0,0.0,True
310032,INSPIRA MEDICAL CENTER VINELAND,NJ,3.0,59.0,1.05,1.0,5.0,0.2,True
310034,RIVERVIEW MEDICAL CENTER,NJ,3.0,74.0,1.07,1.0,6.0,0.16666666666666666,True
310038,ROBERT WOOD JOHNSON UNIVERSITY HOSPITAL,NJ,2.0,69.0,1.07,0.0,6.0,0.0,True
310039,RARITAN BAY MEDICAL CENTER,NJ,4.0,60.0,1.11,0.0,5.0,0.0,True
310040,CAREPOINT HEALTH-HOBOKEN UNIVERSITY MEDICAL CENTER,NJ,1.0,50.0,1.17,0.0,4.0,0.0,True
310041,COMMUNITY MEDICAL CENTER,NJ,1.0,57.0,1.13,2.0,6.0,0.3333333333333333,True
310044,CAPITAL HEALTH MEDICAL CENTER - HOPEWELL,NJ,2.0,67.0,1.07,1.0,6.0,0.16666666666666666,True
310045,ENGLEWOOD HOSPITAL AND MEDICAL CENTER,NJ,4.0,78.0,1.05,0.0,6.0,0.0,True
310047,SHORE MEDICAL CENTER,NJ,3.0,62.0,0.99,0.0,5.0,0.0,True
310048,ROBERT WOOD JOHNSON UNIVERSITY HOSPITAL - SOMERSET,NJ,3.0,67.0,1.02,1.0,6.0,0.16666666666666666,True
310050,SAINT CLARE'S HOSPITAL/ DENVILLE CAMPUS,NJ,2.0,58.0,1.03,2.0,6.0,0.3333333333333333,True
310051,OVERLOOK MEDICAL CENTER,NJ,5.0,70.0,1.04,0.0,6.0,0.0,True
310052,OCEAN MEDICAL CENTER,NJ,4.0,69.0,1.11,0.0,6.0,0.0,True
310054,HACKENSACK MERIDIAN MOUNTAINSIDE MEDICAL,NJ,4.0,62.0,1.08,0.0,6.0,0.0,True
310057,VIRTUA MOUNT HOLLY HOSPITAL,NJ,3.0,56.0,1.1,1.0,5.0,0.2,True
310060,ST LUKE'S WARREN HOSPITAL,NJ,5.0,69.0,0.97,0.0,5.0,0.0,True
310061,VIRTUA WILLINGBORO HOSPITAL,NJ,3.0,55.0,1.07,0.0,4.0,0.0,True
310064,ATLANTICARE REGIONAL MEDICAL CENTER - CITY CAMPUS,NJ,4.0,66.0,1.06,0.0,6.0,0.0,True
310069,INSPIRA MEDICAL CENTER MULLICA HILL,NJ,3.0,71.0,1.02,2.0,5.0,0.4,True
310070,SAINT PETER'S UNIVERSITY HOSPITAL,NJ,3.0,77.0,1.09,1.0,6.0,0.16666666666666666,True
310073,JERSEY SHORE UNIVERSITY MEDICAL CENTER,NJ,4.0,69.0,1.07,0.0,6.0,0.0,True
310074,JERSEY CITY MEDICAL CENTER,NJ,3.0,71.0,1.06,0.0,5.0,0.0,True
310075,MONMOUTH MEDICAL CENTER,NJ,3.0,74.0,1.08,0.0,6.0,0.0,True
310076,COOPERMAN BARNABAS MEDICAL CENTER,NJ,3.0,70.0,1.05,1.0,6.0,0.16666666666666666,True
310083,CAREWELL HEALTH MEDICAL CENTER,NJ,1.0,44.0,1.29,1.0,3.0,0.3333333333333333,True
310084,MONMOUTH MEDICAL CENTER-SOUTHERN CAMPUS,NJ,3.0,66.0,1.15,1.0,4.0,0.25,True
310086,JEFFERSON STRATFORD HOSPITAL,NJ,2.0,65.0,1.03,3.0,6.0,0.5,True
310092,CAPITAL HEALTH REGIONAL MEDICAL CENTER,NJ,2.0,51.0,1.2,0.0,4.0,0.0,True
310096,SAINT MICHAEL'S MEDICAL CENTER,NJ,4.0,70.0,0.96,0.0,4.0,0.0,True
310108,JFK UNIVERSITY MEDICAL CENTER,NJ,3.0,57.0,1.08,0.0,5.0,0.0,True
310110,ROBERT WOOD JOHNSON UNIVERSITY HOSPITAL AT HAMILTON,NJ,4.0,64.0,1.06,0.0,6.0,0.0,True
310111,CENTRASTATE MEDICAL CENTER,NJ,4.0,62.0,1.07,1.0,5.0,0.2,True
310112,BAYSHORE MEDICAL CENTER,NJ,4.0,69.0,1.07,0.0,5.0,0.0,True
310113,SOUTHERN OCEAN MEDICAL CENTER,NJ,4.0,62.0,1.05,0.0,5.0,0.0,True
310115,AHS HOSPITAL CORP,NJ,4.0,57.0,1.09,0.0,4.0,0.0,True
310118,HUDSON REGIONAL HOSPITAL,NJ,2.0,63.0,1.11,0.0,5.0,0.0,True
310119,THE UNIVERSITY HOSPITAL,NJ,1.0,58.0,1.11,0.0,4.0,0.0,True
310130,HACKENSACK MERIDIAN HEALTH PASCACK VALLEY MEDICAL,NJ,5.0,68.0,1.04,0.0,5.0,0.0,True
320001,UNM HOSPITAL,NM,2.0,65.0,1.0,0.0,5.0,0.0,True
320002,CHRISTUS ST VINCENT REGIONAL MEDICAL CENTER,NM,4.0,71.0,0.93,0.0,5.0,0.0,True
320004,CHRISTUS SOUTHERN NEW MEXICO,NM,3.0,65.0,0.95,0.0,6.0,0.0,True
320005,SAN JUAN REGIONAL MEDICAL CENTER INC,NM,2.0,56.0,0.98,0.0,5.0,0.0,True
320006,EASTERN NEW MEXICO MEDICAL CENTER,NM,1.0,55.0,0.94,0.0,5.0,0.0,True
320009,LOVELACE MEDICAL CENTER,NM,2.0,66.0,1.0,0.0,6.0,0.0,True
320017,LOVELACE WOMEN'S HOSPITAL,NM,4.0,65.0,0.99,0.0,3.0,0.0,True
320018,MEMORIAL MEDICAL CENTER,NM,2.0,62.0,1.03,0.0,5.0,0.0,True
320021,PRESBYTERIAN HOSPITAL,NM,2.0,68.0,0.95,0.0,6.0,0.0,True
320022,PLAINS REGIONAL MEDICAL CENTER,NM,2.0,57.0,0.88,0.0,5.0,0.0,True
320059,NORTHERN NAVAJO MEDICAL CENTER,NM,3.0,54.0,0.94,0.0,3.0,0.0,True
320061,GALLUP INDIAN MEDICAL CENTER,NM,2.0,41.0,0.8,0.0,3.0,0.0,True
320063,CARLSBAD MEDICAL CENTER,NM,1.0,44.0,1.08,0.0,5.0,0.0,True
320065,COVENANT HEALTH HOBBS HOSPITAL,NM,3.0,71.0,1.13,0.0,3.0,0.0,True
320074,LOVELACE WESTSIDE HOSPITAL,NM,4.0,71.0,1.0,0.0,3.0,0.0,True
320085,MOUNTAIN VIEW REGIONAL MEDICAL CENTER,NM,2.0,53.0,1.04,0.0,5.0,0.0,True
320086,LOVELACE REGIONAL HOSPITAL - ROSWELL,NM,2.0,67.0,0.9,0.0,3.0,0.0,True
320090,PRESBYTERIAN SANTA FE MEDICAL CENTER,NM,5.0,75.0,0.81,0.0,3.0,0.0,True
320091,THREE CROSSES REGIONAL HOSPITAL LLC,NM,3.0,84.0,0.97,0.0,5.0,0.0,True
330005,KALEIDA HEALTH,NY,3.0,67.0,0.94,1.0,6.0,0.16666666666666666,True
330006,ST JOSEPH'S MEDICAL CENTER,NY,1.0,41.0,1.26,0.0,3.0,0.0,True
330009,BRONXCARE HOSPITAL CENTER,NY,1.0,56.0,0.96,2.0,4.0,0.5,True
330011,"OUR LADY OF LOURDES MEMORIAL HOSPITAL, INC",NY,3.0,59.0,0.92,0.0,6.0,0.0,True
330013,ALBANY MEDICAL CENTER HOSPITAL,NY,1.0,58.0,1.0,0.0,6.0,0.0,True
330014,JAMAICA HOSPITAL MEDICAL CENTER,NY,1.0,60.0,1.05,0.0,5.0,0.0,True
330019,"NEW YORK COMMUNITY HOSPITAL OF BROOKLYN, INC.",NY,1.0,47.0,1.15,2.0,4.0,0.5,True
330023,VASSAR BROTHERS MEDICAL CENTER,NY,3.0,72.0,0.96,0.0,5.0,0.0,True
330024,MOUNT SINAI HOSPITAL,NY,4.0,70.0,0.98,0.0,6.0,0.0,True
330027,NASSAU UNIVERSITY MEDICAL CENTER,NY,1.0,49.0,1.09,1.0,4.0,0.25,True
330028,RICHMOND UNIVERSITY MEDICAL CENTER,NY,1.0,45.0,1.01,1.0,6.0,0.16666666666666666,True
330030,NEWARK-WAYNE COMMUNITY HOSPITAL,NY,2.0,65.0,0.86,0.0,4.0,0.0,True
330033,CHENANGO MEMORIAL HOSPITAL,NY,2.0,65.0,0.93,0.0,3.0,0.0,True
330043,NS/LIJ HS SOUTHSIDE HOSPITAL,NY,3.0,66.0,1.1,0.0,6.0,0.0,True
330044,WYNN HOSPITAL,NY,1.0,52.0,1.08,0.0,5.0,0.0,True
330045,NS/LIJ HS HUNTINGTON HOSPITAL,NY,5.0,72.0,0.98,0.0,6.0,0.0,True
330046,MOUNT SINAI WEST,NY,4.0,62.0,1.01,0.0,6.0,0.0,True
330047,ST MARY'S HEALTHCARE,NY,3.0,63.0,1.07,0.0,4.0,0.0,True
330049,NORTHERN DUTCHESS HOSPITAL,NY,4.0,83.0,0.97,0.0,5.0,0.0,True
330055,NEW YORK-PRESBYTERIAN/QUEENS,NY,5.0,66.0,1.08,0.0,6.0,0.0,True
330056,BROOKLYN HOSPITAL CENTER - DOWNTOWN CAMPUS,NY,2.0,58.0,1.11,0.0,6.0,0.0,True
330057,ST PETER'S HOSPITAL,NY,2.0,74.0,0.95,0.0,6.0,0.0,True
330058,GENEVA GENERAL HOSPITAL,NY,2.0,50.0,0.84,1.0,5.0,0.2,True
330059,MONTEFIORE MEDICAL CENTER,NY,3.0,65.0,1.04,1.0,6.0,0.16666666666666666,True
330065,NIAGARA FALLS MEMORIAL MEDICAL CENTER,NY,1.0,55.0,0.95,0.0,5.0,0.0,True
330073,UNITED MEMORIAL MEDICAL CENTER,NY,2.0,58.0,0.94,0.0,4.0,0.0,True
330074,F F THOMPSON HOSPITAL,NY,2.0,74.0,0.9,0.0,4.0,0.0,True
330078,SISTERS OF CHARITY HOSPITAL,NY,3.0,67.0,0.96,0.0,4.0,0.0,True
330079,ADIRONDACK MEDICAL CENTER - SARANAC LAKE,NY,4.0,83.0,0.87,0.0,5.0,0.0,True
330080,LINCOLN MEDICAL & MENTAL HEALTH CENTER,NY,2.0,52.0,1.01,0.0,3.0,0.0,True
330085,AURELIA OSBORN FOX MEMORIAL HOSPITAL,NY,3.0,56.0,1.01,0.0,4.0,0.0,True
330086,MONTEFIORE MOUNT VERNON HOSPITAL,NY,3.0,61.0,1.21,0.0,2.0,0.0,True
330090,ARNOT OGDEN MEDICAL CENTER,NY,2.0,61.0,0.94,0.0,6.0,0.0,True
330094,COLUMBIA MEMORIAL HOSPITAL,NY,1.0,59.0,0.98,0.0,5.0,0.0,True
330096,JONES MEMORIAL HOSPITAL,NY,4.0,67.0,0.93,0.0,4.0,0.0,True
330101,NEW YORK-PRESBYTERIAN HOSPITAL,NY,5.0,73.0,0.99,0.0,6.0,0.0,True
330102,KENMORE MERCY HOSPITAL,NY,3.0,77.0,1.02,0.0,5.0,0.0,True
330103,OLEAN GENERAL HOSPITAL,NY,1.0,40.0,0.94,0.0,6.0,0.0,True
330104,NYACK HOSPITAL,NY,2.0,57.0,1.08,1.0,6.0,0.16666666666666666,True
330106,NORTH SHORE UNIVERSITY HOSPITAL,NY,5.0,75.0,1.03,1.0,6.0,0.16666666666666666,True
330107,PECONIC BAY MEDICAL CENTER,NY,2.0,71.0,1.0,0.0,6.0,0.0,True
330115,ONEIDA HEALTH HOSPITAL,NY,2.0,73.0,0.95,0.0,4.0,0.0,True
330119,LENOX HILL HOSPITAL,NY,5.0,67.0,1.03,0.0,6.0,0.0,True
330125,ROCHESTER GENERAL HOSPITAL,NY,2.0,59.0,0.92,0.0,6.0,0.0,True
330126,GARNET HEALTH MEDICAL CENTER,NY,4.0,63.0,1.03,0.0,6.0,0.0,True
330127,JACOBI MEDICAL CENTER,NY,2.0,61.0,1.04,0.0,4.0,0.0,True
330128,ELMHURST HOSPITAL CENTER,NY,2.0,57.0,1.07,0.0,5.0,0.0,True
330135,BON SECOURS COMMUNITY HOSPITAL,NY,2.0,56.0,0.89,0.0,4.0,0.0,True
330136,BASSETT HEALTHCARE,NY,2.0,60.0,0.99,0.0,6.0,0.0,True
330140,ST JOSEPH'S HOSPITAL HEALTH CENTER,NY,2.0,74.0,0.94,3.0,6.0,0.5,True
330141,LONG ISLAND COMMUNITY HOSPITAL,NY,4.0,49.0,1.09,0.0,6.0,0.0,True
330151,ST JAMES HOSPITAL,NY,3.0,69.0,0.95,0.0,4.0,0.0,True
330153,ELLIS HOSPITAL,NY,3.0,59.0,0.93,0.0,5.0,0.0,True
330157,SAMARITAN MEDICAL CENTER,NY,2.0,57.0,0.89,0.0,4.0,0.0,True
330158,GOOD SAMARITAN HOSPITAL OF SUFFERN,NY,3.0,56.0,1.09,1.0,6.0,0.16666666666666666,True
330160,STATEN ISLAND UNIVERSITY HOSPITAL,NY,3.0,58.0,1.01,1.0,6.0,0.16666666666666666,True
330162,NORTHERN WESTCHESTER HOSPITAL,NY,5.0,79.0,0.94,0.0,6.0,0.0,True
330164,HIGHLAND HOSPITAL,NY,3.0,72.0,0.91,0.0,5.0,0.0,True
330169,MOUNT SINAI BETH ISRAEL,NY,3.0,57.0,1.03,2.0,5.0,0.4,True
330175,GUTHRIE CORTLAND REGIONAL MEDICAL CENTER,NY,3.0,53.0,0.95,0.0,4.0,0.0,True
330180,"SAMARITAN HOSPITAL OF TROY, NEW YORK",NY,3.0,64.0,0.93,0.0,5.0,0.0,True
330181,NORTHWELL HOSPITAL GLEN COVE,NY,5.0,78.0,1.14,0.0,5.0,0.0,True
330182,ST FRANCIS HOSPITAL - THE HEART CENTER,NY,5.0,85.0,0.99,0.0,6.0,0.0,True
330184,MONTEFIORE NEW ROCHELLE HOSPITAL,NY,1.0,55.0,1.11,0.0,5.0,0.0,True
330185,JOHN T MATHER MEMORIAL HOSPITAL  OF PORT JEFFERSON,NY,5.0,77.0,1.02,0.0,6.0,0.0,True
330188,MOUNT ST. MARY'S HOSPITAL & HEALTH CENTER,NY,2.0,71.0,0.97,0.0,4.0,0.0,True
330191,GLENS FALLS HOSPITAL,NY,3.0,62.0,0.93,0.0,5.0,0.0,True
330193,FLUSHING HOSPITAL MEDICAL CENTER,NY,2.0,64.0,1.25,0.0,4.0,0.0,True
330194,MAIMONIDES MEDICAL CENTER,NY,2.0,62.0,1.07,3.0,6.0,0.5,True
330195,LONG ISLAND JEWISH MEDICAL CENTER,NY,4.0,68.0,1.06,0.0,6.0,0.0,True
330196,SOUTH BROOKLYN HEALTH,NY,2.0,59.0,1.07,1.0,5.0,0.2,True
330197,CANTON-POTSDAM HOSPITAL,NY,2.0,70.0,0.96,0.0,5.0,0.0,True
330198,MOUNT SINAI SOUTH NASSAU,NY,3.0,62.0,1.03,2.0,6.0,0.3333333333333333,True
330199,METROPOLITAN HOSPITAL CENTER,NY,3.0,63.0,1.1,0.0,2.0,0.0,True
330202,KINGS COUNTY HOSPITAL CENTER,NY,1.0,63.0,1.02,0.0,4.0,0.0,True
330203,CROUSE HOSPITAL,NY,2.0,68.0,0.97,0.0,6.0,0.0,True
330204,BELLEVUE HOSPITAL CENTER,NY,2.0,65.0,0.91,0.0,5.0,0.0,True
330205,ST ANTHONY COMMUNITY HOSPITAL,NY,4.0,71.0,0.94,0.0,5.0,0.0,True
330208,ST JOHN'S RIVERSIDE HOSPITAL,NY,3.0,67.0,1.14,0.0,5.0,0.0,True
330214,NYU LANGONE HOSPITALS,NY,5.0,75.0,0.99,0.0,6.0,0.0,True
330215,"ROME MEMORIAL HOSPITAL, INC",NY,2.0,59.0,0.94,0.0,4.0,0.0,True
330218,OSWEGO HOSPITAL,NY,3.0,70.0,1.0,0.0,4.0,0.0,True
330219,ERIE COUNTY MEDICAL CENTER,NY,2.0,64.0,0.98,0.0,5.0,0.0,True
330221,WYCKOFF HEIGHTS MEDICAL CENTER,NY,2.0,57.0,1.02,0.0,5.0,0.0,True
330222,SARATOGA HOSPITAL,NY,3.0,75.0,0.89,0.0,6.0,0.0,True
330224,HEALTHALLIANCE HOSPITAL MARYS AVENUE CAMPUS,NY,1.0,49.0,1.07,0.0,6.0,0.0,True
330226,UNITY HOSPITAL,NY,2.0,61.0,0.94,0.0,6.0,0.0,True
330229,"BROOKS-TLC HOSPITAL SYSTEM, INC",NY,1.0,62.0,0.98,0.0,4.0,0.0,True
330231,QUEENS HOSPITAL CENTER,NY,2.0,68.0,0.96,0.0,4.0,0.0,True
330233,BROOKDALE HOSPITAL MEDICAL CENTER,NY,1.0,42.0,1.05,0.0,5.0,0.0,True
330234,WESTCHESTER MEDICAL CENTER,NY,2.0,58.0,1.1,0.0,6.0,0.0,True
330235,AUBURN  COMMUNITY  HOSPITAL,NY,2.0,50.0,0.95,0.0,5.0,0.0,True
330238,NICHOLAS H NOYES MEMORIAL HOSPITAL,NY,3.0,66.0,0.83,0.0,4.0,0.0,True
330239,UPMC CHAUTAUQUA AT WCA,NY,2.0,56.0,0.96,0.0,6.0,0.0,True
330240,HARLEM HOSPITAL CENTER,NY,2.0,52.0,0.96,0.0,4.0,0.0,True
330241,UNIVERSITY HOSPITAL S U N Y HEALTH SCIENCE CENTER,NY,3.0,72.0,0.99,0.0,6.0,0.0,True
330246,ST CHARLES HOSPITAL,NY,5.0,77.0,1.07,0.0,5.0,0.0,True
330250,THE UNIVERSITY OF VERMONT HEALTH NETWORK  - CHAMPL,NY,2.0,58.0,0.98,1.0,6.0,0.16666666666666666,True
330259,MERCY MEDICAL CENTER,NY,5.0,69.0,1.14,0.0,6.0,0.0,True
330261,PHELPS HOSPITAL,NY,4.0,70.0,1.03,0.0,5.0,0.0,True
330264,MONTEFIORE ST LUKE'S CORNWALL,NY,2.0,59.0,1.0,0.0,6.0,0.0,True
330265,CLIFTON SPRINGS HOSPITAL AND CLINIC,NY,2.0,76.0,0.84,0.0,3.0,0.0,True
330267,HUDSON VALLEY HOSPITAL CENTER,NY,5.0,71.0,1.06,0.0,6.0,0.0,True
330270,HOSPITAL FOR SPECIAL SURGERY,NY,5.0,88.0,0.92,0.0,2.0,0.0,True
330273,PUTNAM HOSPITAL CENTER,NY,3.0,68.0,1.0,0.0,5.0,0.0,True
330276,NATHAN LITTAUER HOSPITAL,NY,2.0,55.0,0.85,0.0,4.0,0.0,True
330277,CORNING HOSPITAL,NY,3.0,69.0,0.9,0.0,4.0,0.0,True
330279,MERCY HOSPITAL OF BUFFALO,NY,2.0,63.0,0.95,0.0,5.0,0.0,True
330285,STRONG MEMORIAL HOSPITAL,NY,3.0,68.0,0.92,0.0,5.0,0.0,True
330286,GOOD SAMARITAN HOSPITAL MEDICAL CENTER,NY,3.0,61.0,1.08,0.0,6.0,0.0,True
330304,WHITE PLAINS HOSPITAL CENTER,NY,5.0,77.0,1.06,0.0,6.0,0.0,True
330307,CAYUGA MEDICAL CENTER AT ITHACA,NY,3.0,69.0,1.04,0.0,6.0,0.0,True
330331,PLAINVIEW HOSPITAL,NY,4.0,69.0,1.09,0.0,6.0,0.0,True
330332,CHSLI ST JOSEPH HOSPITAL,NY,3.0,65.0,1.12,0.0,6.0,0.0,True
330350,SUNY/DOWNSTATE UNIVERSITY HOSPITAL OF BROOKLYN,NY,1.0,59.0,1.02,0.0,5.0,0.0,True
330386,GARNET HEALTH  MEDICAL CENTER CATSKILLS,NY,2.0,49.0,0.98,0.0,4.0,0.0,True
330393,SUNY/STONY BROOK UNIVERSITY HOSPITAL,NY,5.0,69.0,1.03,1.0,6.0,0.16666666666666666,True
330394,"UNITED HEALTH SERVICES HOSPITALS, INC",NY,2.0,68.0,0.95,0.0,6.0,0.0,True
330395,ST JOHN'S EPISCOPAL HOSPITAL AT SOUTH SHORE,NY,1.0,51.0,1.16,2.0,4.0,0.5,True
330396,WOODHULL MEDICAL & MENTAL HEALTH CENTER,NY,2.0,55.0,0.98,0.0,3.0,0.0,True
330399,ST BARNABAS HOSPITAL,NY,1.0,52.0,0.98,0.0,3.0,0.0,True
330401,ST CATHERINE OF SIENA HOSPITAL,NY,5.0,63.0,1.01,0.0,5.0,0.0,True
340001,CAROLINAS MEDICAL CENTER-NORTHEAST,NC,4.0,73.0,0.9,0.0,6.0,0.0,True
340002,MEMORIAL MISSION HOSPITAL AND ASHEVILLE SURGERY CE,NC,3.0,53.0,0.99,0.0,6.0,0.0,True
340003,NORTHERN REGIONAL HOSPITAL,NC,4.0,76.0,0.94,0.0,4.0,0.0,True
340004,HIGH POINT REGIONAL HEALTH SYSTEM,NC,2.0,62.0,0.95,0.0,5.0,0.0,True
340008,SCOTLAND MEMORIAL HOSPITAL,NC,3.0,69.0,0.93,0.0,6.0,0.0,True
340010,UNC HEALTH CARE WAYNE,NC,3.0,54.0,0.96,0.0,5.0,0.0,True
340013,RUTHERFORD REGIONAL MEDICAL CENTER,NC,2.0,53.0,0.94,0.0,5.0,0.0,True
340014,NOVANT HEALTH FORSYTH MEDICAL CENTER,NC,4.0,71.0,0.95,0.0,6.0,0.0,True
340015,NOVANT HEALTH ROWAN MEDICAL CENTER,NC,4.0,58.0,0.97,0.0,6.0,0.0,True
340016,HARRIS REGIONAL HOSPITAL,NC,3.0,67.0,1.06,0.0,5.0,0.0,True
340017,PARDEE HOSPITAL HENDERSON COUNTY,NC,5.0,78.0,0.99,0.0,6.0,0.0,True
340020,CENTRAL CAROLINA HOSPITAL,NC,2.0,51.0,0.96,0.0,4.0,0.0,True
340021,ATRIUM HEALTH CLEVELAND,NC,3.0,66.0,0.94,0.0,5.0,0.0,True
340023,ADVENTHEALTH HENDERSONVILLE,NC,5.0,84.0,0.93,0.0,4.0,0.0,True
340024,SAMPSON REGIONAL MEDICAL CENTER,NC,2.0,58.0,0.96,0.0,4.0,0.0,True
340027,UNC LENOIR HEALTH CARE,NC,4.0,59.0,0.94,0.0,5.0,0.0,True
340028,CAPE FEAR VALLEY MEDICAL CENTER,NC,2.0,55.0,0.98,0.0,6.0,0.0,True
340030,DUKE UNIVERSITY HOSPITAL,NC,5.0,81.0,0.95,0.0,6.0,0.0,True
340032,CAROMONT REGIONAL MEDICAL CENTER,NC,4.0,67.0,0.95,0.0,6.0,0.0,True
340039,IREDELL MEMORIAL HOSPITAL INC,NC,3.0,70.0,0.93,0.0,6.0,0.0,True
340040,ECU HEALTH MEDICAL CENTER,NC,2.0,69.0,0.99,2.0,6.0,0.3333333333333333,True
340041,CALDWELL MEMORIAL HOSPITAL,NC,3.0,57.0,1.03,0.0,6.0,0.0,True
340042,ONSLOW MEMORIAL HOSPITAL,NC,1.0,52.0,1.0,0.0,4.0,0.0,True
340047,NORTH CAROLINA BAPTIST HOSPITAL,NC,4.0,74.0,0.96,0.0,6.0,0.0,True
340050,SOUTHEASTERN REGIONAL MEDICAL CENTER,NC,2.0,61.0,0.89,0.0,5.0,0.0,True
340051,WATAUGA MEDICAL CENTER,NC,3.0,75.0,0.95,0.0,6.0,0.0,True
340053,NOVANT HEALTH PRESBYTERIAN MEDICAL CENTER,NC,5.0,71.0,0.96,0.0,6.0,0.0,True
340060,UNC ROCKINGHAM,NC,4.0,67.0,0.92,0.0,4.0,0.0,True
340061,UNC HOSPITALS,NC,5.0,80.0,0.95,0.0,6.0,0.0,True
340064,WILKES REGIONAL MEDICAL CENTER,NC,3.0,62.0,1.02,0.0,4.0,0.0,True
340068,COLUMBUS REGIONAL HEALTHCARE SYSTEM,NC,1.0,53.0,1.01,0.0,5.0,0.0,True
340069,"WAKEMED, RALEIGH CAMPUS",NC,4.0,75.0,0.97,0.0,6.0,0.0,True
340070,ALAMANCE REGIONAL MEDICAL CENTER,NC,3.0,60.0,0.93,0.0,6.0,0.0,True
340071,BETSY JOHNSON REGIONAL HOSPITAL,NC,3.0,62.0,0.93,0.0,5.0,0.0,True
340075,"BLUE RIDGE HEALTHCARE HOSPITALS, INC",NC,4.0,63.0,1.0,0.0,5.0,0.0,True
340085,NOVANT HEALTH THOMASVILLE MEDICAL CENTER,NC,3.0,65.0,0.94,0.0,4.0,0.0,True
340087,THE MCDOWELL HOSPITAL,NC,3.0,72.0,0.96,0.0,4.0,0.0,True
340090,JOHNSTON HEALTH,NC,4.0,73.0,0.95,0.0,6.0,0.0,True
340091,"MOSES H. CONE MEMORIAL HOSPITAL, THE",NC,3.0,73.0,0.94,0.0,6.0,0.0,True
340096,LEXINGTON MEMORIAL HOSPITAL INC,NC,2.0,68.0,0.88,0.0,5.0,0.0,True
340097,HUGH CHATHAM MEMORIAL HOSPITAL,NC,3.0,68.0,1.04,0.0,5.0,0.0,True
340098,ATRIUM HEALTH PINEVILLE,NC,3.0,75.0,0.94,0.0,6.0,0.0,True
340099,VIDANT ROANOKE CHOWAN HOSPITAL,NC,2.0,54.0,0.95,0.0,4.0,0.0,True
340107,VIDANT EDGECOMBE HOSPITAL,NC,3.0,74.0,0.99,0.0,4.0,0.0,True
340109,SENTARA ALBEMARLE MEDICAL CENTER,NC,3.0,66.0,0.97,0.0,5.0,0.0,True
340113,CAROLINAS MEDICAL CENTER/BEHAV HEALTH,NC,4.0,72.0,0.98,0.0,6.0,0.0,True
340114,REX HOSPITAL,NC,5.0,82.0,0.93,0.0,6.0,0.0,True
340115,FIRSTHEALTH MOORE REGIONAL HOSPITAL,NC,4.0,81.0,0.92,0.0,6.0,0.0,True
340116,FRYE REGIONAL MEDICAL CENTER,NC,2.0,62.0,1.04,0.0,5.0,0.0,True
340119,STANLY REGIONAL MEDICAL CENTER,NC,3.0,66.0,0.93,0.0,4.0,0.0,True
340120,VIDANT DUPLIN HOSPITAL,NC,3.0,71.0,0.97,0.0,4.0,0.0,True
340123,RANDOLPH HOSPITAL,NC,4.0,57.0,0.9,0.0,4.0,0.0,True
340126,WILSON MEDICAL CENTER,NC,1.0,46.0,0.95,0.0,6.0,0.0,True
340127,GRANVILLE HEALTH SYSTEMS,NC,2.0,59.0,0.89,0.0,3.0,0.0,True
340129,DUKE HEALTH LAKE NORMAN HOSPITAL,NC,1.0,52.0,0.94,0.0,6.0,0.0,True
340130,ATRIUM HEALTH UNION,NC,4.0,73.0,0.91,0.0,6.0,0.0,True
340131,CAROLINA EAST MEDICAL CENTER,NC,4.0,74.0,0.89,0.0,6.0,0.0,True
340132,MARIA PARHAM MEDICAL CENTER,NC,2.0,43.0,1.01,0.0,5.0,0.0,True
340141,NOVANT HEALTH NEW HANOVER REGIONAL MEDICAL CENTER,NC,3.0,56.0,0.94,0.0,6.0,0.0,True
340142,CARTERET GENERAL HOSPITAL,NC,2.0,69.0,0.92,0.0,6.0,0.0,True
340143,CATAWBA VALLEY MEDICAL CENTER,NC,2.0,76.0,0.96,0.0,6.0,0.0,True
340145,ATRIUM HEALTH LINCOLN,NC,3.0,78.0,0.95,0.0,4.0,0.0,True
340147,UNC HEALTH NASH,NC,4.0,62.0,0.95,0.0,6.0,0.0,True
340148,NOVANT HEALTH MEDICAL PARK HOSPITAL,NC,5.0,89.0,0.92,0.0,1.0,0.0,True
340151,ECU HEALTH NORTH HOSPITAL,NC,2.0,49.0,0.99,0.0,6.0,0.0,True
340155,DUKE REGIONAL HOSPITAL,NC,5.0,76.0,0.89,0.0,6.0,0.0,True
340158,NOVANT HEALTH BRUNSWICK MEDICAL CENTER,NC,4.0,72.0,0.92,0.0,5.0,0.0,True
340159,PERSON MEMORIAL HOSPITAL,NC,3.0,53.0,0.92,0.0,3.0,0.0,True
340166,ATRIUM HEALTH UNIVERSITY CITY,NC,3.0,61.0,0.93,0.0,4.0,0.0,True
340171,NOVANT HEALTH MATTHEWS MEDICAL CENTER,NC,5.0,73.0,0.91,0.0,6.0,0.0,True
340173,"WAKEMED, CARY HOSPITAL",NC,5.0,83.0,0.98,0.0,6.0,0.0,True
340183,NOVANT HEALTH HUNTERSVILLE MEDICAL CENTER,NC,4.0,69.0,0.94,0.0,6.0,0.0,True
340184,HAYWOOD REGIONAL MEDICAL CENTER,NC,3.0,65.0,0.98,0.0,5.0,0.0,True
340188,CAPE FEAR VALLEY HOKE HOSPITAL,NC,4.0,83.0,0.72,0.0,4.0,0.0,True
340190,NOVANT HEALTH MINT HILL MEDICAL CENTER,NC,5.0,82.0,0.86,0.0,4.0,0.0,True
350002,CHI ST ALEXIUS HEALTH,ND,4.0,67.0,0.94,0.0,6.0,0.0,True
350006,TRINITY HOSPITALS,ND,3.0,61.0,0.93,0.0,5.0,0.0,True
350011,SANFORD MEDICAL CENTER FARGO,ND,4.0,70.0,1.04,0.0,6.0,0.0,True
350015,SANFORD MEDICAL CENTER BISMARCK,ND,4.0,63.0,0.88,0.0,5.0,0.0,True
350019,ALTRU HOSPITAL,ND,3.0,54.0,1.02,0.0,5.0,0.0,True
350070,ESSENTIA HEALTH,ND,3.0,75.0,1.02,0.0,6.0,0.0,True
360001,MERCY HEALTH-ANDERSON HOSPITAL,OH,4.0,65.0,0.98,0.0,6.0,0.0,True
360002,UNIVERSITY HOSPITALS SAMARITAN MEDICAL CENTER,OH,4.0,69.0,0.96,0.0,4.0,0.0,True
360003,"UNIVERSITY OF CINCINNATI MEDICAL CENTER, LLC",OH,3.0,71.0,1.07,0.0,6.0,0.0,True
360006,RIVERSIDE METHODIST HOSPITAL,OH,4.0,78.0,0.97,0.0,6.0,0.0,True
360008,SOUTHERN OHIO MEDICAL CENTER,OH,4.0,71.0,0.99,0.0,6.0,0.0,True
360009,LIMA MEMORIAL HEALTH SYSTEM,OH,3.0,69.0,0.98,0.0,5.0,0.0,True
360010,UNION HOSPITAL,OH,3.0,60.0,1.01,0.0,4.0,0.0,True
360011,MARION GENERAL HOSPITAL,OH,4.0,62.0,1.0,1.0,5.0,0.2,True
360012,MOUNT CARMEL ST ANN'S,OH,3.0,67.0,1.01,0.0,6.0,0.0,True
360013,WILSON MEMORIAL HOSPITAL,OH,2.0,60.0,1.01,0.0,5.0,0.0,True
360014,OHIOHEALTH O'BLENESS HOSPITAL,OH,3.0,67.0,0.9,0.0,4.0,0.0,True
360016,THE JEWISH HOSPITAL-MERCY HEALTH,OH,4.0,72.0,1.03,0.0,6.0,0.0,True
360017,GRANT MEDICAL CENTER,OH,2.0,71.0,0.97,0.0,6.0,0.0,True
360020,SUMMA HEALTH SYSTEM,OH,3.0,69.0,1.02,0.0,6.0,0.0,True
360025,FIRELANDS REGIONAL MEDICAL CENTER,OH,4.0,69.0,1.03,0.0,5.0,0.0,True
360026,KETTERING HEALTH GREENE MEMORIAL,OH,5.0,80.0,0.97,0.0,3.0,0.0,True
360027,AKRON GENERAL MEDICAL CENTER,OH,5.0,67.0,1.01,0.0,6.0,0.0,True
360029,WOOD COUNTY HOSPITAL,OH,4.0,69.0,0.97,0.0,5.0,0.0,True
360032,GRAND LAKE HEALTH SYSTEM,OH,4.0,67.0,1.03,0.0,4.0,0.0,True
360035,MOUNT CARMEL EAST & WEST,OH,2.0,67.0,0.98,0.0,6.0,0.0,True
360036,WOOSTER COMMUNITY HOSPITAL,OH,4.0,77.0,0.97,0.0,6.0,0.0,True
360039,GENESIS HOSPITAL,OH,5.0,70.0,0.9,0.0,5.0,0.0,True
360040,KNOX COMMUNITY HOSPITAL,OH,3.0,63.0,0.97,0.0,5.0,0.0,True
360041,PARMA COMMUNITY GENERAL HOSPITAL,OH,4.0,68.0,1.01,0.0,5.0,0.0,True
360046,MCCULLOUGH-HYDE MEMORIAL HOSPITAL,OH,3.0,79.0,0.93,0.0,5.0,0.0,True
360048,UNIVERSITY OF TOLEDO MEDICAL CENTER,OH,3.0,66.0,1.02,0.0,5.0,0.0,True
360051,MIAMI VALLEY HOSPITAL,OH,3.0,59.0,1.02,1.0,6.0,0.16666666666666666,True
360054,HOLZER MEDICAL CENTER,OH,4.0,67.0,1.15,0.0,5.0,0.0,True
360056,MERCY HEALTH - FAIRFIELD HOSPITAL,OH,3.0,66.0,0.99,0.0,6.0,0.0,True
360058,MERCER COUNTY JOINT TOWNSHIP COMMUNITY HOSPITAL,OH,3.0,76.0,0.93,0.0,4.0,0.0,True
360059,METROHEALTH SYSTEM,OH,3.0,73.0,0.96,0.0,5.0,0.0,True
360064,ST ELIZABETH YOUNGSTOWN HOSPITAL,OH,3.0,53.0,1.03,0.0,5.0,0.0,True
360065,FISHER-TITUS HOSPITAL,OH,4.0,62.0,0.95,0.0,6.0,0.0,True
360066,MERCY HEALTH ST RITAS MEDICAL CENTER,OH,4.0,69.0,0.99,0.0,6.0,0.0,True
360068,PROMEDICA TOLEDO HOSPITAL,OH,4.0,68.0,1.03,0.0,6.0,0.0,True
360070,MERCY MEDICAL CENTER,OH,3.0,60.0,1.0,0.0,6.0,0.0,True
360071,VAN WERT COUNTY HOSPITAL,OH,5.0,66.0,0.92,0.0,4.0,0.0,True
360072,FAIRFIELD MEDICAL CENTER,OH,2.0,71.0,0.95,0.0,6.0,0.0,True
360075,UH REGIONAL HOSPITALS,OH,4.0,75.0,0.98,0.0,5.0,0.0,True
360076,ATRIUM MEDICAL CENTER,OH,4.0,64.0,1.01,0.0,5.0,0.0,True
360077,FAIRVIEW HOSPITAL,OH,5.0,75.0,0.98,0.0,6.0,0.0,True
360078,UNIVERSITY HOSPITALS PORTAGE MEDICAL CENTER,OH,3.0,68.0,0.95,0.0,5.0,0.0,True
360079,KETTERING HEALTH MAIN CAMPUS,OH,3.0,78.0,1.05,0.0,5.0,0.0,True
360082,EUCLID HOSPITAL,OH,4.0,63.0,1.02,0.0,5.0,0.0,True
360084,AULTMAN HOSPITAL,OH,4.0,69.0,1.0,0.0,5.0,0.0,True
360085,OHIO STATE UNIVERSITY STATE HEALTH SYSTEM,OH,3.0,72.0,0.98,0.0,6.0,0.0,True
360086,SPRINGFIELD REGIONAL MEDICAL CENTER,OH,4.0,54.0,1.04,0.0,5.0,0.0,True
360087,LUTHERAN HOSPITAL,OH,3.0,60.0,0.97,0.0,4.0,0.0,True
360089,MERCY HEALTH - TIFFIN HOSPITAL,OH,3.0,67.0,0.91,0.0,4.0,0.0,True
360091,MEDINA HOSPITAL,OH,5.0,67.0,1.05,0.0,5.0,0.0,True
360092,MEMORIAL HOSPITAL,OH,5.0,81.0,0.84,0.0,4.0,0.0,True
360095,BLANCHARD VALLEY HOSPITAL,OH,3.0,70.0,1.02,0.0,6.0,0.0,True
360096,EAST LIVERPOOL CITY HOSPITAL,OH,3.0,60.0,0.95,0.0,5.0,0.0,True
360098,LAKE HEALTH,OH,3.0,64.0,1.01,1.0,6.0,0.16666666666666666,True
360107,BELLEVUE HOSPITAL,OH,4.0,72.0,0.96,0.0,4.0,0.0,True
360109,COSHOCTON REGIONAL MEDICAL CENTER,OH,4.0,67.0,0.94,0.0,3.0,0.0,True
360112,MERCY ST VINCENT MEDICAL CENTER,OH,3.0,67.0,1.04,0.0,6.0,0.0,True
360118,OHIOHEALTH MANSFIELD HOSPITAL,OH,3.0,66.0,0.98,0.0,5.0,0.0,True
360121,COMMUNITY HOSPITALS AND WELLNESS CENTERS,OH,3.0,70.0,1.03,0.0,5.0,0.0,True
360123,UH ST JOHN MEDICAL CENTER,OH,4.0,73.0,1.06,0.0,6.0,0.0,True
360125,ASHTABULA COUNTY MEDICAL CENTER,OH,3.0,69.0,1.05,1.0,5.0,0.2,True
360131,ALLIANCE COMMUNITY HOSPITAL,OH,4.0,65.0,1.07,0.0,4.0,0.0,True
360132,FORT HAMILTON HUGHES MEMORIAL HOSPITAL,OH,3.0,64.0,1.01,0.0,5.0,0.0,True
360133,KETTERING HEALTH DAYTON,OH,4.0,70.0,0.99,0.0,6.0,0.0,True
360134,GOOD SAMARITAN HOSPITAL,OH,4.0,73.0,0.96,0.0,6.0,0.0,True
360137,UH CLEVELAND MEDICAL CENTER,OH,3.0,69.0,1.05,1.0,6.0,0.16666666666666666,True
360143,MARYMOUNT HOSPITAL,OH,5.0,65.0,1.0,0.0,5.0,0.0,True
360144,SOUTH POINTE HOSPITAL,OH,5.0,65.0,0.96,0.0,4.0,0.0,True
360145,UNIVERSITY HOSPITALS - ELYRIA MEDICAL CENTER,OH,4.0,68.0,1.04,0.0,6.0,0.0,True
360147,MARIETTA MEMORIAL HOSPITAL,OH,3.0,67.0,0.97,0.0,5.0,0.0,True
360148,POMERENE HOSPITAL,OH,3.0,67.0,0.84,0.0,3.0,0.0,True
360150,SUMMA WESTERN RESERVE HOSPITAL,OH,3.0,74.0,0.97,0.0,4.0,0.0,True
360152,DOCTORS HOSPITAL,OH,4.0,68.0,0.96,0.0,5.0,0.0,True
360155,SOUTHWEST GENERAL HEALTH CENTER,OH,4.0,73.0,0.97,0.0,6.0,0.0,True
360156,MEMORIAL HOSPITAL,OH,4.0,63.0,0.95,0.0,4.0,0.0,True
360159,ADENA REGIONAL MEDICAL CENTER,OH,3.0,54.0,1.01,0.0,6.0,0.0,True
360161,MH ST JOSEPH WARREN HOSPITAL,OH,3.0,64.0,1.02,0.0,6.0,0.0,True
360163,CHRIST HOSPITAL,OH,5.0,83.0,0.96,0.0,6.0,0.0,True
360170,BERGER HOSPITAL,OH,3.0,75.0,0.88,0.0,4.0,0.0,True
360172,MERCY REGIONAL MEDICAL CENTER,OH,2.0,56.0,1.16,0.0,6.0,0.0,True
360174,UPPER VALLEY MEDICAL CENTER,OH,4.0,66.0,0.95,0.0,5.0,0.0,True
360175,CLINTON MEMORIAL HOSPITAL,OH,2.0,53.0,1.06,0.0,5.0,0.0,True
360179,BETHESDA NORTH,OH,3.0,71.0,1.0,0.0,6.0,0.0,True
360180,CLEVELAND CLINIC,OH,4.0,81.0,0.95,0.0,6.0,0.0,True
360185,SALEM REGIONAL MEDICAL CENTER,OH,3.0,57.0,1.02,0.0,4.0,0.0,True
360189,MADISON HEALTH,OH,3.0,81.0,0.83,0.0,3.0,0.0,True
360197,MARY RUTAN HOSPITAL,OH,4.0,67.0,0.98,0.0,5.0,0.0,True
360203,SOUTHEASTERN OHIO REGIONAL MEDICAL CENTER,OH,4.0,55.0,0.92,0.0,4.0,0.0,True
360210,GRADY MEMORIAL HOSPITAL,OH,4.0,76.0,0.92,0.0,4.0,0.0,True
360211,TRINITY MEDICAL CTR EAST &TRINITY MEDICAL CTR WEST,OH,2.0,59.0,1.03,0.0,6.0,0.0,True
360218,LICKING MEMORIAL HOSPITAL,OH,2.0,67.0,1.0,0.0,6.0,0.0,True
360230,HILLCREST HOSPITAL,OH,5.0,69.0,0.99,0.0,6.0,0.0,True
360234,MERCY HEALTH - WEST HOSPITAL,OH,4.0,69.0,0.95,0.0,6.0,0.0,True
360236,MERCY HEALTH - CLERMONT HOSPITAL,OH,4.0,68.0,0.96,0.0,4.0,0.0,True
360239,KETTERING HEALTH MIAMISBURG,OH,4.0,76.0,1.04,0.0,4.0,0.0,True
360259,BAY PARK COMMUNITY HOSPITAL,OH,3.0,73.0,0.97,0.0,4.0,0.0,True
360270,MERCY HEALTH - DEFIANCE HOSPITAL,OH,4.0,74.0,0.91,0.0,4.0,0.0,True
360276,HMHP ST ELIZABETH BOARDMAN HEALTH CENTER,OH,2.0,66.0,1.01,1.0,5.0,0.2,True
360348,DUBLIN METHODIST HOSPITAL,OH,4.0,82.0,0.92,0.0,5.0,0.0,True
360351,CRYSTAL CLINIC ORTHOPAEDIC CENTER,OH,5.0,89.0,0.85,0.0,2.0,0.0,True
360352,SURGICAL HOSPITAL AT SOUTHWOODS,OH,4.0,92.0,0.95,0.0,2.0,0.0,True
360354,WEST CHESTER HOSPITAL,OH,3.0,71.0,1.0,1.0,6.0,0.16666666666666666,True
360359,UNIVERSITY HOSPITALS AHUJA MEDICAL CENTER,OH,3.0,70.0,1.01,0.0,6.0,0.0,True
360360,SOIN MEDICAL CENTER,OH,4.0,79.0,0.99,1.0,5.0,0.2,True
360364,CLEVELAND CLINIC AVON HOSPITAL,OH,5.0,84.0,0.94,0.0,5.0,0.0,True
360365,AVITA ONTARIO,OH,4.0,85.0,1.08,0.0,5.0,0.0,True
360368,KETTERING HEALTH TROY,OH,5.0,89.0,0.92,0.0,4.0,0.0,True
370001,HILLCREST MEDICAL CENTER,OK,3.0,66.0,1.04,0.0,6.0,0.0,True
370002,ALLIANCEHEALTH WOODWARD,OK,3.0,59.0,1.08,0.0,5.0,0.0,True
370004,INTEGRIS MIAMI HOSPITAL,OK,4.0,63.0,0.95,0.0,4.0,0.0,True
370006,INTEGRIS HEALTH PONCA CITY,OK,2.0,55.0,1.0,0.0,5.0,0.0,True
370008,NORMAN REGIONAL,OK,2.0,68.0,0.95,0.0,6.0,0.0,True
370013,"MERCY HOSPITAL OKLAHOMA CITY, INC",OK,4.0,78.0,1.17,0.0,5.0,0.0,True
370014,ALLIANCEHEALTH DURANT,OK,1.0,53.0,0.98,3.0,6.0,0.5,True
370015,HILLCREST HOSPITAL PRYOR,OK,4.0,80.0,0.9,0.0,3.0,0.0,True
370016,INTEGRIS HEALTH ENID HOSPITAL,OK,3.0,66.0,1.11,0.0,5.0,0.0,True
370018,ASCENSION ST JOHN JANE PHILLIPS,OK,3.0,67.0,0.98,0.0,6.0,0.0,True
370019,GREAT PLAINS REGIONAL MEDICAL CENTER,OK,2.0,66.0,1.08,0.0,4.0,0.0,True
370020,MERCY HOSPITAL ADA,OK,4.0,67.0,1.0,0.0,5.0,0.0,True
370022,JACKSON COUNTY MEMORIAL HOSPITAL AUTHORITY,OK,3.0,71.0,1.02,0.0,5.0,0.0,True
370023,"DUNCAN REGIONAL HOSPITAL, INC",OK,3.0,64.0,1.0,0.0,6.0,0.0,True
370025,SAINT FRANCIS HOSPITAL MUSKOGEE,OK,3.0,69.0,0.99,0.0,6.0,0.0,True
370026,ST MARY'S REGIONAL MEDICAL CENTER,OK,3.0,71.0,1.04,0.0,6.0,0.0,True
370028,"INTEGRIS BAPTIST MEDICAL CENTER, INC",OK,3.0,71.0,1.07,0.0,6.0,0.0,True
370034,MCALESTER REGIONAL HEALTH CENTER,OK,3.0,51.0,0.98,0.0,6.0,0.0,True
370037,SSM HEALTH ST ANTHONY HOSPITAL - OKLAHOMA CITY,OK,4.0,72.0,1.0,0.0,6.0,0.0,True
370039,HILLCREST HOSPITAL CLAREMORE,OK,4.0,68.0,0.91,0.0,4.0,0.0,True
370047,"MERCY HOSPITAL ARDMORE, INC",OK,4.0,67.0,1.03,0.0,5.0,0.0,True
370049,STILLWATER MEDICAL CENTER,OK,4.0,75.0,1.03,0.0,6.0,0.0,True
370054,GRADY MEMORIAL HOSPITAL,OK,2.0,64.0,1.02,0.0,5.0,0.0,True
370056,MEMORIAL HEALTH,OK,2.0,57.0,0.97,2.0,6.0,0.3333333333333333,True
370078,OKLAHOMA STATE UNIVERSITY MEDICAL CENTER,OK,2.0,72.0,1.03,0.0,5.0,0.0,True
370083,PUSHMATAHA HOSPITAL,OK,3.0,50.0,1.09,0.0,4.0,0.0,True
370089,NORTHEASTERN HEALTH SYSTEM,OK,2.0,60.0,0.97,0.0,6.0,0.0,True
370091,"SAINT FRANCIS HOSPITAL, INC",OK,5.0,80.0,1.03,0.0,6.0,0.0,True
370093,O U MEDICAL CENTER,OK,2.0,64.0,1.08,1.0,6.0,0.16666666666666666,True
370097,SOUTHWESTERN MEDICAL CENTER,OK,2.0,74.0,1.02,0.0,4.0,0.0,True
370099,HILLCREST HOSPITAL CUSHING,OK,4.0,78.0,0.96,0.0,3.0,0.0,True
370106,INTEGRIS SOUTHWEST MEDICAL CENTER,OK,2.0,63.0,1.16,0.0,5.0,0.0,True
370112,SEQUOYAH COUNTY-CITY OF SALLISAW HOSPITAL AUTHORIT,OK,3.0,73.0,1.05,0.0,3.0,0.0,True
370113,INTEGRIS GROVE HOSPITAL,OK,4.0,66.0,1.05,0.0,4.0,0.0,True
370114,ASCENSION ST JOHN MEDICAL CENTER,OK,3.0,61.0,1.06,0.0,5.0,0.0,True
370149,SSM HEALTH ST ANTHONY HOSPITAL - SHAWNEE,OK,3.0,72.0,0.92,0.0,6.0,0.0,True
370166,WAGONER COMMUNITY HOSPITAL,OK,2.0,72.0,0.89,0.0,3.0,0.0,True
370171,CHEROKEE NATION W W HASTINGS INDIAN HOSPITAL,OK,3.0,69.0,0.89,0.0,5.0,0.0,True
370178,MEMORIAL HOSPITAL,OK,4.0,50.0,0.81,0.0,3.0,0.0,True
370180,CHICKASAW NATION MEDICAL CENTER,OK,5.0,86.0,0.73,0.0,4.0,0.0,True
370202,HILLCREST HOSPITAL SOUTH,OK,3.0,71.0,0.99,0.0,6.0,0.0,True
370203,"COMMUNITY HOSPITAL, LLC",OK,4.0,77.0,1.04,0.0,2.0,0.0,True
370210,"OKLAHOMA SURGICAL HOSPITAL, LLC",OK,5.0,81.0,1.01,0.0,2.0,0.0,True
370211,INTEGRIS CANADIAN VALLEY HOSPITAL,OK,4.0,73.0,1.03,0.0,4.0,0.0,True
370215,"OKLAHOMA HEART HOSPITAL, LLC",OK,4.0,91.0,1.01,0.0,5.0,0.0,True
370218,"SAINT FRANCIS HOSPITAL SOUTH, LLC",OK,5.0,80.0,0.93,0.0,6.0,0.0,True
370227,ST JOHN OWASSO,OK,5.0,82.0,0.8,0.0,3.0,0.0,True
370228,"BAILEY MEDICAL CENTER, LLC",OK,5.0,86.0,0.89,0.0,4.0,0.0,True
370234,"OKLAHOMA HEART HOSPITAL SOUTH, LLC",OK,5.0,92.0,0.98,0.0,5.0,0.0,True
370235,ASCENSION ST JOHN BROKEN ARROW,OK,4.0,77.0,0.98,0.0,4.0,0.0,True
370236,INTEGRIS HEALTH EDMOND HOSPITAL,OK,2.0,82.0,1.02,0.0,5.0,0.0,True
370237,"SAINT FRANCIS HOSPITAL VINITA, INC",OK,3.0,79.0,0.83,0.0,3.0,0.0,True
380001,MID-COLUMBIA MEDICAL CENTER,OR,4.0,59.0,0.81,0.0,4.0,0.0,True
380002,ASANTE THREE RIVERS MEDICAL CENTER,OR,3.0,69.0,0.87,0.0,5.0,0.0,True
380004,PROVIDENCE ST VINCENT MEDICAL CENTER,OR,4.0,80.0,0.89,0.0,6.0,0.0,True
380007,LEGACY EMANUEL MEDICAL CENTER,OR,3.0,73.0,0.97,0.0,5.0,0.0,True
380009,OHSU HOSPITAL AND CLINICS,OR,3.0,76.0,0.97,0.0,5.0,0.0,True
380014,GOOD SAMARITAN REGIONAL MEDICAL CENTER,OR,3.0,70.0,0.86,0.0,6.0,0.0,True
380017,LEGACY GOOD SAMARITAN MEDICAL CENTER,OR,4.0,72.0,0.96,0.0,6.0,0.0,True
380018,ASANTE ROGUE REGIONAL MEDICAL CENTER,OR,4.0,76.0,0.93,0.0,5.0,0.0,True
380020,MCKENZIE-WILLAMETTE MEDICAL CENTER,OR,4.0,79.0,0.85,0.0,6.0,0.0,True
380021,HILLSBORO MEDICAL CENTER,OR,3.0,62.0,0.96,0.0,5.0,0.0,True
380022,SAMARITAN ALBANY GENERAL HOSPITAL,OR,4.0,72.0,0.9,0.0,5.0,0.0,True
380025,LEGACY MOUNT HOOD MEDICAL CENTER,OR,3.0,70.0,0.87,0.0,4.0,0.0,True
380027,MERCY MEDICAL CENTER,OR,4.0,58.0,0.86,0.0,5.0,0.0,True
380037,PROVIDENCE NEWBERG MEDICAL CENTER,OR,4.0,83.0,0.83,0.0,3.0,0.0,True
380038,PROVIDENCE WILLAMETTE FALLS MEDICAL CENTER,OR,4.0,69.0,0.87,0.0,4.0,0.0,True
380047,ST CHARLES MEDICAL CENTER - BEND,OR,4.0,78.0,0.9,0.0,6.0,0.0,True
380050,SKY LAKES MEDICAL CENTER,OR,2.0,66.0,0.77,0.0,6.0,0.0,True
380051,SALEM HOSPITAL,OR,3.0,69.0,0.9,0.0,6.0,0.0,True
380052,SAINT ALPHONSUS MEDICAL CENTER ONTARIO,OR,2.0,68.0,0.91,0.0,4.0,0.0,True
380060,ADVENTIST HEALTH PORTLAND,OR,4.0,72.0,0.94,0.0,5.0,0.0,True
380061,PROVIDENCE PORTLAND MEDICAL CENTER,OR,4.0,78.0,0.94,0.0,6.0,0.0,True
380071,WILLAMETTE VALLEY MEDICAL CENTER,OR,2.0,63.0,0.84,0.0,5.0,0.0,True
380075,PROVIDENCE MEDFORD MEDICAL CENTER,OR,2.0,76.0,0.91,0.0,6.0,0.0,True
380082,PROVIDENCE MILWAUKIE HOSPITAL,OR,3.0,66.0,0.91,0.0,3.0,0.0,True
380089,LEGACY MERIDIAN PARK MEDICAL CENTER,OR,2.0,74.0,0.87,0.0,6.0,0.0,True
380090,BAY AREA HOSPITAL,OR,2.0,64.0,0.87,0.0,6.0,0.0,True
380091,KAISER SUNNYSIDE MEDICAL CENTER,OR,4.0,71.0,0.89,0.0,4.0,0.0,True
380102,SACRED HEART MEDICAL CENTER - RIVERBEND,OR,4.0,78.0,0.89,0.0,6.0,0.0,True
380103,KAISER FOUNDATION HOSPITAL WESTSIDE,OR,4.0,81.0,0.85,0.0,3.0,0.0,True
390001,GEISINGER-COMMUNITY MEDICAL CENTER,PA,2.0,62.0,0.99,1.0,6.0,0.16666666666666666,True
390002,UPMC MCKEESPORT HOSPITAL,PA,3.0,59.0,1.02,0.0,4.0,0.0,True
390003,GEISINGER-BLOOMSBURG HOSPITAL,PA,4.0,76.0,0.94,0.0,4.0,0.0,True
390004,PENN STATE HEALTH HOLY SPIRIT MEDICAL CENTER,PA,3.0,61.0,1.11,0.0,6.0,0.0,True
390006,GEISINGER MEDICAL CENTER,PA,4.0,71.0,0.99,0.0,6.0,0.0,True
390009,SAINT VINCENT HOSPITAL,PA,4.0,73.0,0.99,0.0,6.0,0.0,True
390012,JEFFERSON LANSDALE HOSPITAL,PA,3.0,56.0,0.97,0.0,4.0,0.0,True
390013,WELLSPAN EVANGELICAL COMMUNITY HOSPITAL,PA,4.0,76.0,0.91,0.0,6.0,0.0,True
390016,UPMC JAMESON,PA,3.0,61.0,1.03,0.0,5.0,0.0,True
390026,TEMPLE HEALTH - CHESTNUT HILL HOSPITAL,PA,2.0,49.0,0.99,1.0,5.0,0.2,True
390027,TEMPLE UNIVERSITY HOSPITAL,PA,4.0,64.0,1.02,0.0,6.0,0.0,True
390028,UPMC MERCY,PA,4.0,72.0,1.08,0.0,5.0,0.0,True
390030,SCHUYLKILL MEDICAL CENTER - SOUTH JACKSON STREET,PA,4.0,58.0,1.07,0.0,5.0,0.0,True
390032,ALLEGHENY VALLEY HOSPITAL,PA,4.0,58.0,1.0,0.0,4.0,0.0,True
390035,ST LUKE'S HOSPITAL - UPPER BUCKS CAMPUS,PA,5.0,81.0,0.92,0.0,5.0,0.0,True
390036,HERITAGE VALLEY BEAVER,PA,3.0,56.0,1.14,0.0,6.0,0.0,True
390037,HERITAGE VALLEY SEWICKLEY,PA,4.0,69.0,1.12,0.0,5.0,0.0,True
390039,UPMC SOMERSET,PA,4.0,68.0,0.95,0.0,4.0,0.0,True
390041,UNIONTOWN HOSPITAL,PA,2.0,55.0,0.93,0.0,5.0,0.0,True
390042,"WASHINGTON HOSPITAL, THE",PA,4.0,67.0,0.99,0.0,6.0,0.0,True
390044,READING HOSPITAL,PA,4.0,64.0,1.02,0.0,6.0,0.0,True
390045,UPMC WILLIAMSPORT,PA,3.0,71.0,1.02,0.0,6.0,0.0,True
390046,WELLSPAN YORK HOSPITAL,PA,4.0,67.0,1.01,0.0,5.0,0.0,True
390048,GEISINGER-LEWISTOWN HOSPITAL,PA,5.0,60.0,0.94,0.0,4.0,0.0,True
390049,ST LUKES HOSPITAL,PA,5.0,77.0,0.97,1.0,6.0,0.16666666666666666,True
390050,ALLEGHENY GENERAL HOSPITAL,PA,3.0,71.0,1.05,0.0,6.0,0.0,True
390056,PENN HIGHLANDS HUNTINGDON,PA,3.0,60.0,0.93,0.0,5.0,0.0,True
390057,ST LUKE'S HOSPITAL - GRAND VIEW CAMPUS,PA,4.0,67.0,0.97,0.0,6.0,0.0,True
390058,UPMC CARLISLE,PA,4.0,63.0,1.01,0.0,5.0,0.0,True
390062,CONEMAUGH NASON MEDICAL CENTER,PA,5.0,80.0,0.93,0.0,4.0,0.0,True
390063,UPMC HAMOT,PA,3.0,72.0,1.06,0.0,6.0,0.0,True
390065,GETTYSBURG HOSPITAL,PA,4.0,66.0,0.97,0.0,5.0,0.0,True
390066,WELLSPAN GOOD SAMARITAN HOSPITAL,PA,5.0,63.0,0.96,0.0,5.0,0.0,True
390067,UPMC PINNACLE HOSPITALS,PA,4.0,73.0,1.05,0.0,6.0,0.0,True
390068,UPMC LITITZ,PA,4.0,78.0,0.98,0.0,5.0,0.0,True
390070,LOWER BUCKS HOSPITAL,PA,3.0,60.0,0.94,0.0,5.0,0.0,True
390073,UPMC ALTOONA,PA,3.0,48.0,1.12,0.0,6.0,0.0,True
390079,ROBERT PACKER HOSPITAL,PA,2.0,72.0,0.98,0.0,6.0,0.0,True
390086,PENN HIGHLANDS DUBOIS,PA,2.0,54.0,0.99,0.0,6.0,0.0,True
390090,WEST PENN HOSPITAL,PA,3.0,75.0,1.07,0.0,4.0,0.0,True
390091,UPMC NORTHWEST,PA,4.0,60.0,0.96,0.0,5.0,0.0,True
390093,CLARION HOSPITAL,PA,2.0,64.0,0.95,0.0,4.0,0.0,True
390096,PENN STATE HEALTH ST. JOSEPH,PA,3.0,74.0,1.05,0.0,5.0,0.0,True
390097,HOLY REDEEMER HOSPITAL AND MEDICAL CENTER,PA,3.0,68.0,0.93,0.0,6.0,0.0,True
390100,LANCASTER GENERAL HOSPITAL,PA,5.0,73.0,0.97,0.0,6.0,0.0,True
390101,UPMC MEMORIAL,PA,4.0,75.0,1.1,0.0,6.0,0.0,True
390102,UPMC ST MARGARET,PA,3.0,76.0,1.01,0.0,5.0,0.0,True
390107,UPMC PASSAVANT,PA,4.0,79.0,0.98,0.0,6.0,0.0,True
390110,CONEMAUGH MEMORIAL MEDICAL CENTER,PA,2.0,47.0,1.03,0.0,5.0,0.0,True
390111,HOSPITAL OF UNIV OF PENNSYLVANIA,PA,5.0,83.0,1.03,0.0,5.0,0.0,True
390112,CHAN SOON- SHIONG MEDICAL CENTER AT WINDBER,PA,2.0,78.0,1.02,0.0,5.0,0.0,True
390113,MEADVILLE MEDICAL CENTER,PA,4.0,63.0,0.94,0.0,6.0,0.0,True
390114,MAGEE WOMENS HOSPITAL OF UPMC HEALTH SYSTEM,PA,4.0,78.0,1.02,0.0,4.0,0.0,True
390115,JEFFERSON HEALTH- NORTHEAST,PA,2.0,61.0,1.05,1.0,6.0,0.16666666666666666,True
390116,SUBURBAN COMMUNITY HOSPITAL,PA,4.0,65.0,0.9,0.0,3.0,0.0,True
390117,UPMC BEDFORD MEMORIAL,PA,4.0,65.0,1.04,0.0,4.0,0.0,True
390123,POTTSTOWN HOSPITAL,PA,2.0,52.0,1.0,0.0,6.0,0.0,True
390125,WAYNE MEMORIAL HOSPITAL,PA,2.0,61.0,1.02,0.0,6.0,0.0,True
390127,PHOENIXVILLE HOSPITAL,PA,3.0,71.0,0.98,0.0,5.0,0.0,True
390133,LEHIGH VALLEY HOSPITAL,PA,4.0,70.0,0.96,2.0,6.0,0.3333333333333333,True
390137,WILKES-BARRE GENERAL HOSPITAL,PA,2.0,54.0,1.18,0.0,6.0,0.0,True
390138,WELLSPAN WAYNESBORO HOSPITAL,PA,4.0,75.0,0.89,0.0,4.0,0.0,True
390139,BRYN MAWR HOSPITAL,PA,5.0,81.0,1.0,0.0,6.0,0.0,True
390142,JEFFERSON EINSTEIN PHILADELPHIA HOSPITAL,PA,3.0,56.0,1.05,0.0,6.0,0.0,True
390145,EXCELA HEALTH WESTMORELAND REGIONAL HOSPITAL,PA,3.0,55.0,0.94,0.0,6.0,0.0,True
390146,WARREN GENERAL HOSPITAL,PA,3.0,58.0,0.91,0.0,5.0,0.0,True
390147,PENN HIGHLANDS MON VALLEY,PA,1.0,48.0,0.97,0.0,5.0,0.0,True
390151,WELLSPAN CHAMBERSBURG HOSPITAL,PA,4.0,58.0,0.94,0.0,5.0,0.0,True
390153,PAOLI HOSPITAL,PA,5.0,80.0,1.0,0.0,6.0,0.0,True
390156,MERCY CATHOLIC MEDICAL CENTER- MERCY FITZGERALD,PA,2.0,56.0,1.04,0.0,5.0,0.0,True
390160,CANONSBURG GENERAL HOSPITAL,PA,3.0,78.0,1.04,0.0,3.0,0.0,True
390162,ST LUKE'S HOSPITAL - EASTON CAMPUS,PA,4.0,76.0,0.95,0.0,4.0,0.0,True
390163,ACMH HOSPITAL,PA,3.0,61.0,0.92,0.0,4.0,0.0,True
390164,UPMC PRESBYTERIAN SHADYSIDE,PA,4.0,71.0,1.01,0.0,6.0,0.0,True
390168,INDEPENDENCE HEALTH SYSTEM BUTLER MEMORIAL HOSPITA,PA,2.0,72.0,0.94,0.0,5.0,0.0,True
390173,INDIANA REGIONAL MEDICAL CENTER,PA,2.0,56.0,0.98,0.0,6.0,0.0,True
390174,THOMAS JEFFERSON UNIVERSITY HOSPITAL,PA,3.0,68.0,1.0,2.0,6.0,0.3333333333333333,True
390178,UPMC HORIZON,PA,4.0,69.0,0.95,0.0,5.0,0.0,True
390179,CHESTER COUNTY HOSPITAL,PA,5.0,78.0,0.97,0.0,6.0,0.0,True
390183,ST LUKE'S MINERS MEMORIAL HOSPITAL,PA,4.0,79.0,0.89,0.0,4.0,0.0,True
390185,LEHIGH VALLEY HOSPITAL - HAZLETON,PA,2.0,55.0,1.0,0.0,5.0,0.0,True
390195,MAIN LINE HOSPITAL LANKENAU,PA,4.0,79.0,1.0,0.0,6.0,0.0,True
390198,LECOM MEDICAL CENTER AND BEHAVIORAL HEALTH PAV,PA,1.0,69.0,1.15,0.0,3.0,0.0,True
390199,PUNXSUTAWNEY AREA HOSPITAL,PA,2.0,76.0,0.95,0.0,3.0,0.0,True
390201,LEHIGH VALLEY HOSPITAL - POCONO,PA,3.0,68.0,0.99,0.0,6.0,0.0,True
390203,DOYLESTOWN HOSPITAL,PA,4.0,82.0,0.95,0.0,6.0,0.0,True
390204,NAZARETH HOSPITAL,PA,2.0,52.0,1.06,0.0,5.0,0.0,True
390217,EXCELA HEALTH - FRICK HOSPITAL,PA,3.0,61.0,0.93,0.0,4.0,0.0,True
390219,EXCELA HEALTH LATROBE HOSPITAL,PA,4.0,63.0,0.93,0.0,5.0,0.0,True
390222,RIDDLE MEMORIAL HOSPITAL,PA,4.0,74.0,0.99,0.0,6.0,0.0,True
390223,PENN PRESBYTERIAN MEDICAL CENTER,PA,4.0,72.0,0.99,0.0,6.0,0.0,True
390225,WELLSPAN EPHRATA COMMUNITY HOSPITAL,PA,5.0,65.0,0.93,0.0,5.0,0.0,True
390226,PENNSYLVANIA HOSPITAL,PA,4.0,71.0,1.01,0.0,6.0,0.0,True
390228,ST CLAIR HOSPITAL,PA,4.0,75.0,0.94,0.0,6.0,0.0,True
390231,JEFFERSON ABINGTON HOSPITAL,PA,3.0,61.0,0.97,3.0,6.0,0.5,True
390233,UPMC HANOVER,PA,4.0,67.0,1.01,0.0,6.0,0.0,True
390237,REGIONAL HOSPITAL OF SCRANTON,PA,2.0,64.0,1.08,0.0,5.0,0.0,True
390256,MILTON S HERSHEY MEDICAL CENTER,PA,4.0,78.0,1.05,0.0,6.0,0.0,True
390258,ST MARY MEDICAL CENTER,PA,2.0,58.0,1.07,1.0,6.0,0.16666666666666666,True
390265,JEFFERSON HOSPITAL,PA,4.0,74.0,0.97,0.0,6.0,0.0,True
390266,GROVE CITY MEDICAL CENTER,PA,4.0,67.0,0.81,0.0,3.0,0.0,True
390267,FORBES HOSPITAL,PA,3.0,69.0,1.03,1.0,6.0,0.16666666666666666,True
390268,MOUNT NITTANY MEDICAL CENTER,PA,5.0,71.0,1.03,0.0,6.0,0.0,True
390270,GEISINGER WYOMING VALLEY MEDICAL CENTER,PA,4.0,62.0,1.0,0.0,6.0,0.0,True
390304,ROXBOROUGH MEMORIAL HOSPITAL,PA,2.0,58.0,0.98,0.0,3.0,0.0,True
390328,UPMC EAST,PA,4.0,71.0,1.0,0.0,6.0,0.0,True
390329,JEFFERSON EINSTEIN MONTGOMERY HOSPITAL,PA,4.0,60.0,1.04,0.0,5.0,0.0,True
390330,ST LUKE'S HOSPITAL - MONROE CAMPUS,PA,5.0,76.0,0.92,0.0,6.0,0.0,True
390332,GEISINGER ST. LUKE'S  HOSPITAL,PA,5.0,86.0,0.94,0.0,4.0,0.0,True
390334,AHN WEXFORD HOSPITAL,PA,5.0,89.0,0.96,0.0,4.0,0.0,True
390335,ST LUKE'S HOSPITAL - CARBON CAMPUS,PA,5.0,84.0,0.93,0.0,5.0,0.0,True
390336,PENN STATE HEALTH HAMPDEN MEDICAL CENTER,PA,4.0,77.0,1.1,0.0,5.0,0.0,True
390337,GEISINGER MEDICAL CENTER MUNCY,PA,4.0,88.0,0.87,0.0,3.0,0.0,True
390338,LEHIGH VALLEY HOSPITAL - DICKSON CITY,PA,3.0,84.0,1.01,0.0,4.0,0.0,True
390339,PENN STATE HEALTH LANCASTER MEDICAL CENTER,PA,3.0,79.0,0.99,0.0,5.0,0.0,True
410004,ROGER WILLIAMS MEDICAL CENTER,RI,3.0,62.0,1.02,0.0,4.0,0.0,True
410005,OUR LADY OF FATIMA HOSPITAL,RI,3.0,69.0,1.02,0.0,5.0,0.0,True
410006,NEWPORT HOSPITAL,RI,4.0,74.0,0.99,0.0,5.0,0.0,True
410007,RHODE ISLAND HOSPITAL,RI,4.0,71.0,1.02,0.0,5.0,0.0,True
410008,SOUTH COUNTY HOSPITAL INC,RI,4.0,80.0,0.95,0.0,5.0,0.0,True
410009,KENT COUNTY MEMORIAL HOSPITAL,RI,3.0,62.0,1.03,1.0,6.0,0.16666666666666666,True
410010,WOMEN & INFANTS HOSPITAL OF RHODE ISLAND,RI,4.0,70.0,1.04,0.0,1.0,0.0,True
410011,LANDMARK MEDICAL CENTER,RI,2.0,61.0,0.97,1.0,5.0,0.2,True
410012,THE MIRIAM HOSPITAL,RI,4.0,75.0,0.96,0.0,6.0,0.0,True
410013,WESTERLY HOSPITAL,RI,4.0,74.0,0.94,0.0,4.0,0.0,True
420002,PIEDMONT MEDICAL CENTER,SC,2.0,50.0,1.03,0.0,6.0,0.0,True
420004,MUSC MEDICAL CENTER,SC,2.0,72.0,0.98,0.0,6.0,0.0,True
420005,MCLEOD MEDICAL CENTER - DILLON,SC,3.0,70.0,0.87,0.0,4.0,0.0,True
420007,SPARTANBURG MEDICAL CENTER,SC,2.0,69.0,1.03,0.0,6.0,0.0,True
420009,PRISMA HEALTH OCONEE MEMORIAL HOSPITAL,SC,4.0,70.0,1.0,0.0,6.0,0.0,True
420010,CAROLINA PINES REGIONAL MEDICAL CENTER,SC,2.0,64.0,1.01,0.0,4.0,0.0,True
420015,PRISMA HEALTH BAPTIST EASLEY HOSPITAL,SC,4.0,65.0,0.96,0.0,4.0,0.0,True
420018,PRISMA HEALTH RICHLAND HOSPITAL,SC,3.0,67.0,1.05,0.0,5.0,0.0,True
420020,TIDELANDS GEORGETOWN MEMORIAL HOSPITAL,SC,2.0,58.0,0.94,0.0,5.0,0.0,True
420023,ST FRANCIS-DOWNTOWN,SC,4.0,77.0,1.01,0.0,6.0,0.0,True
420026,MUSC HEALTH COLUMBIA MEDICAL CENTER DOWNTOWN,SC,3.0,69.0,1.02,0.0,6.0,0.0,True
420027,ANMED HEALTH,SC,4.0,66.0,1.11,0.0,5.0,0.0,True
420030,COLLETON MEDICAL CENTER,SC,3.0,67.0,0.95,0.0,5.0,0.0,True
420033,PRISMA HEALTH GREER MEMORIAL HOSPITAL,SC,5.0,79.0,0.95,0.0,4.0,0.0,True
420036,MUSC HEALTH LANCASTER MEDICAL CENTER,SC,4.0,61.0,1.07,0.0,4.0,0.0,True
420037,PRISMA HEALTH HILLCREST HOSPITAL,SC,4.0,73.0,0.98,0.0,4.0,0.0,True
420038,PRISMA HEALTH LAURENS COUNTY HOSPITAL,SC,4.0,63.0,0.93,0.0,4.0,0.0,True
420043,CHEROKEE MEDICAL CENTER,SC,2.0,65.0,0.95,0.0,4.0,0.0,True
420048,KERSHAWHEALTH,SC,3.0,57.0,1.1,0.0,5.0,0.0,True
420049,CONWAY MEDICAL CENTER,SC,2.0,68.0,1.03,0.0,5.0,0.0,True
420051,MCLEOD REGIONAL MEDICAL CENTER-PEE DEE,SC,3.0,72.0,1.0,1.0,6.0,0.16666666666666666,True
420053,NEWBERRY COUNTY MEMORIAL HOSPITAL,SC,3.0,77.0,1.01,0.0,4.0,0.0,True
420055,MUSC HEALTH MARION MEDICAL CENTER,SC,3.0,70.0,0.95,0.0,3.0,0.0,True
420065,BON SECOURS-ST FRANCIS XAVIER HOSPITAL,SC,3.0,79.0,1.01,0.0,4.0,0.0,True
420067,BEAUFORT COUNTY MEMORIAL HOSPITAL,SC,4.0,61.0,0.96,0.0,6.0,0.0,True
420070,PRISMA HEALTH TUOMEY HOSPITAL,SC,3.0,55.0,0.95,0.0,4.0,0.0,True
420071,SELF REGIONAL HEALTHCARE,SC,4.0,72.0,1.07,0.0,6.0,0.0,True
420073,LEXINGTON MEDICAL CENTER,SC,3.0,80.0,1.0,0.0,6.0,0.0,True
420078,PRISMA HEALTH GREENVILLE MEMORIAL HOSPITAL,SC,4.0,69.0,1.03,0.0,5.0,0.0,True
420079,TRIDENT MEDICAL CENTER,SC,3.0,65.0,1.01,0.0,6.0,0.0,True
420080,NOVANT HEALTH HILTON HEAD MEDICAL CENTER,SC,2.0,52.0,1.02,0.0,6.0,0.0,True
420082,AIKEN REGIONAL MEDICAL CENTER,SC,2.0,56.0,0.95,0.0,5.0,0.0,True
420085,GRAND STRAND REGIONAL MEDICAL CENTER,SC,2.0,65.0,0.96,0.0,6.0,0.0,True
420086,PRISMA HEALTH BAPTIST,SC,4.0,70.0,1.04,0.0,5.0,0.0,True
420087,ROPER HOSPITAL,SC,4.0,80.0,1.02,0.0,6.0,0.0,True
420089,EAST COOPER MEDICAL CENTER,SC,4.0,75.0,0.99,0.0,4.0,0.0,True
420091,MUSC HEALTH FLORENCE MEDICAL CENTER,SC,3.0,72.0,0.98,0.0,5.0,0.0,True
420098,TIDELANDS WACCAMAW COMMUNITY HOSPITAL,SC,4.0,70.0,0.99,0.0,6.0,0.0,True
420101,COASTAL CAROLINA HOSPITAL,SC,4.0,61.0,1.03,0.0,4.0,0.0,True
420102,PRISMA HEALTH  PATEWOOD HOSPITAL,SC,5.0,81.0,0.9,0.0,2.0,0.0,True
420103,PELHAM MEDICAL CENTER,SC,5.0,87.0,1.03,0.0,4.0,0.0,True
420104,MOUNT PLEASANT HOSPITAL,SC,5.0,83.0,0.97,0.0,5.0,0.0,True
420105,MCLEOD LORIS  HOSPITAL,SC,4.0,79.0,1.0,0.0,6.0,0.0,True
420106,PRISMA HEALTH BAPTIST PARKRIDGE,SC,4.0,74.0,0.98,0.0,4.0,0.0,True
420107,MCLEOD HEALTH CHERAW,SC,3.0,68.0,1.04,0.0,4.0,0.0,True
420109,MCLEOD HEALTH CLARENDON,SC,3.0,65.0,0.94,0.0,4.0,0.0,True
420110,ROPER ST FRANCIS HOSPITAL-BERKELEY INC,SC,5.0,82.0,0.96,0.0,5.0,0.0,True
430005,"PRAIRIE LAKES HEALTHCARE SYSTEM, INC",SD,3.0,61.0,0.98,0.0,6.0,0.0,True
430008,BROOKINGS HEALTH SYSTEM,SD,4.0,82.0,0.91,0.0,4.0,0.0,True
430012,AVERA SACRED HEART HOSPITAL,SD,3.0,70.0,0.94,0.0,4.0,0.0,True
430014,AVERA ST LUKES,SD,4.0,73.0,1.02,0.0,6.0,0.0,True
430015,AVERA ST MARY'S HOSPITAL,SD,2.0,61.0,0.93,0.0,5.0,0.0,True
430016,AVERA MCKENNAN HOSPITAL & UNIVERSITY HEALTH CENTER,SD,4.0,76.0,1.02,0.0,5.0,0.0,True
430027,SANFORD USD MEDICAL CENTER,SD,5.0,75.0,1.07,0.0,6.0,0.0,True
430048,MONUMENT HEALTH SPEARFISH HOSPITAL,SD,4.0,84.0,0.92,0.0,3.0,0.0,True
430077,MONUMENT HEALTH RAPID CITY HOSPITAL,SD,3.0,65.0,1.0,0.0,6.0,0.0,True
430095,AVERA HEART HOSPITAL OF SOUTH DAKOTA,SD,5.0,89.0,1.02,0.0,3.0,0.0,True
430097,SANFORD MEDICAL CENTER ABERDEEN,SD,4.0,76.0,0.91,0.0,4.0,0.0,True
440002,JACKSON-MADISON COUNTY GENERAL HOSPITAL,TN,3.0,67.0,1.1,0.0,5.0,0.0,True
440003,HIGHPOINT HEALTH-SUMNER WITH ASCENSION SAINT THOMA,TN,3.0,61.0,1.01,0.0,5.0,0.0,True
440006,TRISTAR SKYLINE MEDICAL CENTER,TN,2.0,65.0,1.07,0.0,5.0,0.0,True
440007,UNITY MEDICAL CENTER,TN,3.0,89.0,1.15,0.0,3.0,0.0,True
440009,CUMBERLAND MEDICAL CENTER,TN,4.0,64.0,0.95,0.0,6.0,0.0,True
440011,BLOUNT MEMORIAL HOSPITAL,TN,2.0,63.0,0.97,0.0,6.0,0.0,True
440012,WELLMONT BRISTOL REGIONAL MEDICAL CENTER,TN,2.0,57.0,1.04,0.0,6.0,0.0,True
440015,"UNIVERSITY HEALTH SYSTEM, INC",TN,4.0,76.0,0.99,0.0,6.0,0.0,True
440016,BAPTIST MEMORIAL HOSPITAL - CARROLL COUNTY,TN,4.0,79.0,1.02,0.0,3.0,0.0,True
440017,WELLMONT HOLSTON VALLEY MEDICAL CENTER,TN,2.0,57.0,1.1,0.0,6.0,0.0,True
440018,SYCAMORE SHOALS HOSPITAL,TN,2.0,70.0,1.1,0.0,5.0,0.0,True
440020,SOUTHERN TENNESSEE REGIONAL HEALTH SYSTEM PULASKI,TN,3.0,51.0,0.94,0.0,4.0,0.0,True
440029,WILLIAMSON MEDICAL CENTER,TN,5.0,81.0,1.02,0.0,6.0,0.0,True
440030,MORRISTOWN HAMBLEN HOSPITAL ASSOCIATION,TN,2.0,61.0,0.96,0.0,5.0,0.0,True
440031,ROANE MEDICAL CENTER,TN,4.0,74.0,0.87,0.0,4.0,0.0,True
440033,LAFOLLETTE MEDICAL CENTER,TN,3.0,47.0,1.11,0.0,3.0,0.0,True
440034,METHODIST MEDICAL CENTER OF OAK RIDGE,TN,4.0,69.0,0.95,0.0,6.0,0.0,True
440035,TENNOVA HEALTHCARE - CLARKSVILLE,TN,1.0,40.0,1.01,1.0,5.0,0.2,True
440039,VANDERBILT UNIVERSITY MEDICAL CENTER,TN,5.0,80.0,1.0,0.0,6.0,0.0,True
440046,TRISTAR HORIZON MEDICAL CENTER,TN,3.0,72.0,1.03,0.0,6.0,0.0,True
440048,BAPTIST MEMORIAL HOSPITAL,TN,3.0,69.0,0.99,0.0,6.0,0.0,True
440049,METHODIST HOSPITALS OF MEMPHIS,TN,3.0,65.0,1.03,0.0,6.0,0.0,True
440050,GREENEVILLE COMMUNITY HOSPITAL,TN,2.0,58.0,0.99,0.0,4.0,0.0,True
440053,SAINT THOMAS RUTHERFORD HOSPITAL,TN,3.0,67.0,1.04,0.0,6.0,0.0,True
440056,TENNOVA HEALTHCARE-JEFFERSON MEMORIAL HOSPITAL,TN,2.0,64.0,0.99,0.0,4.0,0.0,True
440058,SOUTHERN TENNESSEE REGIONAL HEALTH SYSTEM WINCHEST,TN,3.0,67.0,1.01,0.0,6.0,0.0,True
440059,COOKEVILLE REGIONAL MEDICAL CENTER,TN,2.0,70.0,0.98,1.0,6.0,0.16666666666666666,True
440061,VOLUNTEER COMMUNITY HOSPITAL,TN,2.0,66.0,1.2,0.0,4.0,0.0,True
440063,JOHNSON CITY MEDICAL CENTER,TN,1.0,54.0,1.06,0.0,6.0,0.0,True
440065,TRISTAR NORTHCREST MEDICAL CENTER,TN,3.0,70.0,0.95,0.0,5.0,0.0,True
440068,STARR REGIONAL MEDICAL CENTER ATHENS,TN,3.0,59.0,0.94,0.0,4.0,0.0,True
440072,DYERSBURG REGIONAL MEDICAL CENTER,TN,4.0,62.0,1.13,0.0,4.0,0.0,True
440073,MAURY REGIONAL HOSPITAL,TN,3.0,76.0,1.06,0.0,6.0,0.0,True
440081,LECONTE MEDICAL CENTER,TN,5.0,70.0,0.94,0.0,4.0,0.0,True
440082,ASCENSION SAINT THOMAS HOSPITAL,TN,3.0,77.0,1.02,0.0,6.0,0.0,True
440084,SWEETWATER HOSPITAL ASSOCIATION,TN,1.0,64.0,1.0,0.0,4.0,0.0,True
440091,"MEMORIAL HEALTHCARE SYSTEM, INC",TN,5.0,79.0,1.03,0.0,6.0,0.0,True
440102,LINCOLN MEDICAL CENTER,TN,3.0,63.0,1.23,0.0,3.0,0.0,True
440104,ERLANGER MEDICAL CENTER,TN,4.0,65.0,1.06,0.0,6.0,0.0,True
440109,HARDIN MEDICAL CENTER,TN,2.0,61.0,1.0,0.0,3.0,0.0,True
440110,FORT LOUDOUN MEDICAL CENTER,TN,4.0,70.0,1.03,0.0,4.0,0.0,True
440111,METRO NASHVILLE GENERAL HOSPITAL,TN,4.0,64.0,1.05,0.0,1.0,0.0,True
440120,PHYSICIANS REGIONAL MEDICAL CENTER,TN,3.0,65.0,1.04,0.0,6.0,0.0,True
440125,FORT SANDERS REGIONAL MEDICAL CENTER,TN,3.0,70.0,1.0,0.0,6.0,0.0,True
440130,BAPTIST MEMORIAL HOSPITAL UNION CITY,TN,4.0,67.0,1.16,0.0,4.0,0.0,True
440131,BAPTIST MEMORIAL HOSPITAL TIPTON,TN,3.0,72.0,0.95,0.0,4.0,0.0,True
440132,WEST TENNESSEE HEALTHCARE HENRY COUNTY HOSPITAL,TN,3.0,73.0,1.01,0.0,4.0,0.0,True
440137,VANDERBILT BEDFORD HOSPITAL,TN,4.0,72.0,0.91,0.0,4.0,0.0,True
440144,VANDERBILT TULLAHOMA-HARTON HOSPITAL,TN,3.0,64.0,0.99,0.0,5.0,0.0,True
440150,TRISTAR SUMMIT MEDICAL CENTER,TN,4.0,66.0,0.98,0.0,6.0,0.0,True
440151,SAINT THOMAS RIVER PARK HOSPITAL,TN,3.0,64.0,1.07,0.0,4.0,0.0,True
440152,REGIONAL ONE HEALTH,TN,1.0,67.0,1.14,0.0,1.0,0.0,True
440153,TENNOVA HEALTHCARE - NEWPORT MEDICAL CENTER,TN,4.0,68.0,0.85,0.0,4.0,0.0,True
440156,PARKRIDGE MEDICAL CENTER,TN,4.0,72.0,0.98,0.0,6.0,0.0,True
440161,TRISTAR CENTENNIAL MEDICAL CENTER,TN,4.0,77.0,1.0,0.0,6.0,0.0,True
440173,PARKWEST MEDICAL CENTER,TN,3.0,73.0,0.97,0.0,6.0,0.0,True
440175,SOUTHERN TENNESSEE REGIONAL HEALTH SYSTEM LAWRENCE,TN,3.0,63.0,1.07,0.0,4.0,0.0,True
440183,ST FRANCIS HOSPITAL,TN,1.0,50.0,1.04,0.0,6.0,0.0,True
440184,FRANKLIN WOODS COMMUNITY HOSPITAL,TN,3.0,80.0,0.95,0.0,4.0,0.0,True
440185,AFFILIATE OF VITRUVIAN HEALTH,TN,2.0,54.0,1.0,0.0,6.0,0.0,True
440187,LIVINGSTON REGIONAL HOSPITAL,TN,2.0,69.0,1.09,0.0,4.0,0.0,True
440193,VANDERBILT WILSON COUNTY HOSPITAL,TN,5.0,73.0,0.96,0.0,6.0,0.0,True
440194,TRISTAR HENDERSONVILLE MEDICAL CENTER,TN,4.0,66.0,0.95,0.0,6.0,0.0,True
440197,TRISTAR SOUTHERN HILLS MEDICAL CENTER,TN,4.0,61.0,1.08,0.0,4.0,0.0,True
440227,TRISTAR STONECREST MEDICAL CENTER,TN,4.0,70.0,0.98,0.0,6.0,0.0,True
440228,SAINT FRANCIS BARTLETT MEDICAL CENTER,TN,1.0,53.0,0.96,0.0,5.0,0.0,True
450002,THE HOSPITALS OF PROVIDENCE - MEMORIAL CAMPUS,TX,2.0,54.0,1.04,0.0,4.0,0.0,True
450007,PETERSON REGIONAL MEDICAL CENTER,TX,4.0,80.0,0.97,0.0,5.0,0.0,True
450010,UNITED REGIONAL HEALTH CARE SYSTEM,TX,3.0,71.0,1.18,0.0,6.0,0.0,True
450011,CHI ST JOSEPH HEALTH REGIONAL HOSPITAL,TX,2.0,66.0,1.07,0.0,6.0,0.0,True
450015,PARKLAND HEALTH & HOSPITAL SYSTEM,TX,3.0,70.0,0.86,0.0,5.0,0.0,True
450018,UNIVERSITY OF TEXAS MEDICAL BRANCH GALVESTON,TX,3.0,72.0,1.06,0.0,5.0,0.0,True
450021,BAYLOR UNIVERSITY MEDICAL CENTER,TX,4.0,74.0,1.02,0.0,6.0,0.0,True
450023,CITIZENS MEDICAL CENTER,TX,3.0,73.0,1.22,0.0,5.0,0.0,True
450024,UNIVERSITY MEDICAL CENTER OF EL PASO,TX,3.0,70.0,1.12,0.0,5.0,0.0,True
450028,VALLEY BAPTIST MEDICAL CENTER- BROWNSVILLE,TX,3.0,58.0,1.05,0.0,5.0,0.0,True
450029,LAREDO MEDICAL CENTER,TX,4.0,59.0,0.98,0.0,5.0,0.0,True
450032,CHRISTUS GOOD SHEPHERD MEDICAL CENTER,TX,4.0,71.0,1.01,1.0,5.0,0.2,True
450033,VHS HARLINGEN HOSPITAL COMPANY LLC,TX,2.0,63.0,1.04,0.0,6.0,0.0,True
450034,CHRISTUS SOUTHEAST TEXAS- ST ELIZABETH,TX,4.0,67.0,1.09,0.0,5.0,0.0,True
450035,ST JOSEPH MEDICAL CENTER,TX,3.0,56.0,1.02,0.0,2.0,0.0,True
450039,JPS HEALTH NETWORK,TX,4.0,70.0,1.03,0.0,4.0,0.0,True
450040,COVENANT MEDICAL CENTER,TX,3.0,70.0,1.13,0.0,5.0,0.0,True
450042,ASCENSION PROVIDENCE,TX,2.0,72.0,0.98,0.0,6.0,0.0,True
450044,UT OF TEXAS  SOUTHWESTERN UNIVERSITY HOSPITAL - WILLIAM P. CLEMENTS JR.,TX,4.0,85.0,0.98,1.0,6.0,0.16666666666666666,True
450046,CHRISTUS SPOHN HOSPITAL CORPUS CHRISTI,TX,3.0,72.0,1.09,0.0,6.0,0.0,True
450051,METHODIST DALLAS MEDICAL CENTER,TX,3.0,75.0,1.01,0.0,5.0,0.0,True
450054,BAYLOR SCOTT & WHITE MEDICAL CENTER - TEMPLE,TX,5.0,73.0,0.98,0.0,6.0,0.0,True
450056,ASCENSION SETON MEDICAL CENTER AUSTIN,TX,3.0,67.0,1.01,0.0,6.0,0.0,True
450058,BAPTIST MEDICAL CENTER,TX,3.0,63.0,1.06,0.0,6.0,0.0,True
450064,TEXAS HEALTH ARLINGTON MEMORIAL HOSPITAL,TX,4.0,71.0,1.05,0.0,4.0,0.0,True
450068,MEMORIAL HERMANN - TEXAS MEDICAL CENTER,TX,4.0,71.0,1.03,0.0,5.0,0.0,True
450072,CHI ST LUKE'S HEALTH BRAZOSPORT,TX,4.0,66.0,1.04,0.0,5.0,0.0,True
450079,BAYLOR SCOTT & WHITE MEDICAL CENTER AT IRVING,TX,5.0,77.0,1.0,0.0,5.0,0.0,True
450080,TITUS REGIONAL MEDICAL CENTER,TX,3.0,70.0,0.98,0.0,5.0,0.0,True
450082,CHRISTUS SPOHN HOSPITAL BEEVILLE,TX,2.0,56.0,1.16,0.0,3.0,0.0,True
450083,UT HEALTH EAST TEXAS TYLER REGIONAL HOSPITAL,TX,2.0,67.0,1.07,0.0,6.0,0.0,True
450087,MEDICAL CITY NORTH HILLS,TX,2.0,67.0,1.02,0.0,5.0,0.0,True
450090,NORTH TEXAS MEDICAL CENTER,TX,4.0,69.0,1.04,0.0,5.0,0.0,True
450092,FORT DUNCAN MEDICAL CENTER,TX,3.0,57.0,1.2,0.0,3.0,0.0,True
450097,HCA HOUSTON HEALTHCARE SOUTHEAST,TX,3.0,62.0,1.11,0.0,6.0,0.0,True
450101,BAYLOR SCOTT & WHITE MEDICAL CENTER HILLCREST,TX,4.0,78.0,1.04,0.0,6.0,0.0,True
450102,CHRISTUS MOTHER FRANCES HOSPITAL,TX,4.0,74.0,1.1,0.0,6.0,0.0,True
450104,GUADALUPE REGIONAL MEDICAL CENTER,TX,2.0,81.0,1.13,0.0,6.0,0.0,True
450107,LAS PALMAS MEDICAL CENTER A CAMPUS OF LPDS HEALTHC,TX,2.0,60.0,1.07,0.0,6.0,0.0,True
450108,CONNALLY MEMORIAL MEDICAL CENTER,TX,3.0,82.0,1.11,0.0,3.0,0.0,True
450119,SOUTH TEXAS HEALTH SYSTEM,TX,4.0,68.0,1.05,0.0,5.0,0.0,True
450124,DELL SETON  MED CENTER AT THE UNIVERSITY OF TX,TX,4.0,79.0,1.09,0.0,2.0,0.0,True
450128,KNAPP MEDICAL CENTER,TX,5.0,63.0,0.99,0.0,3.0,0.0,True
450132,MEDICAL CENTER HOSPITAL,TX,3.0,71.0,1.11,0.0,5.0,0.0,True
450133,MIDLAND MEMORIAL HOSPITAL,TX,1.0,66.0,1.15,0.0,5.0,0.0,True
450135,TEXAS HEALTH HARRIS METHODIST FORT WORTH,TX,4.0,76.0,1.04,0.0,5.0,0.0,True
450137,BAYLOR SCOTT AND WHITE ALL SAINTS MEDICAL CENTER,TX,4.0,73.0,1.02,0.0,5.0,0.0,True
450147,DE TAR HOSPITAL NAVARRO,TX,2.0,65.0,1.16,0.0,5.0,0.0,True
450148,TEXAS HEALTH HARRIS METHODIST HOSPITAL CLEBURNE,TX,5.0,72.0,1.0,0.0,4.0,0.0,True
450152,ADVENTHEALTH CENTRAL TEXAS,TX,3.0,68.0,1.0,0.0,5.0,0.0,True
450154,VAL VERDE REGIONAL MEDICAL CENTER,TX,3.0,60.0,0.99,0.0,4.0,0.0,True
450163,CHRISTUS SPOHN HOSPITAL KLEBERG,TX,2.0,60.0,1.01,0.0,3.0,0.0,True
450165,METHODIST HOSPITAL ATASCOSA,TX,3.0,71.0,0.96,0.0,3.0,0.0,True
450176,MISSION REGIONAL MEDICAL CENTER,TX,4.0,70.0,0.95,0.0,5.0,0.0,True
450184,MEMORIAL HERMANN HOSPITAL SYSTEM,TX,3.0,71.0,1.0,0.0,6.0,0.0,True
450193,Baylor St Lukes Medical Center,TX,4.0,64.0,1.04,0.0,5.0,0.0,True
450196,PARIS REGIONAL MEDICAL CENTER,TX,1.0,55.0,1.06,0.0,6.0,0.0,True
450203,MEDICAL CITY WEATHERFORD,TX,2.0,64.0,1.08,0.0,6.0,0.0,True
450209,NORTHWEST TEXAS HOSPITAL,TX,3.0,66.0,1.13,0.0,5.0,0.0,True
450210,UT HEALTH EAST TEXAS CARTHAGE HOSPITAL,TX,5.0,74.0,0.86,0.0,3.0,0.0,True
450211,CHI ST LUKES HEALTH MEMORIAL LUFKIN,TX,2.0,72.0,1.04,0.0,5.0,0.0,True
450213,UNIVERSITY HEALTH SYSTEM,TX,3.0,76.0,1.03,0.0,5.0,0.0,True
450222,HCA HOUSTON HEALTHCARE CONROE,TX,2.0,57.0,1.15,1.0,5.0,0.2,True
450229,HENDRICK MEDICAL CENTER,TX,3.0,65.0,1.1,0.0,6.0,0.0,True
450231,BSA HOSPITAL,TX,2.0,76.0,1.06,0.0,6.0,0.0,True
450236,CHRISTUS MOTHER FRANCES HOSPITAL SULPHUR SPRINGS,TX,4.0,76.0,1.04,0.0,5.0,0.0,True
450237,CHRISTUS SANTA ROSA MEDICAL CENTER,TX,3.0,70.0,1.1,0.0,6.0,0.0,True
450272,CHRISTUS SANTA ROSA HOSPITAL-SAN MARCOS,TX,4.0,69.0,1.15,0.0,5.0,0.0,True
450289,HARRIS HEALTH,TX,3.0,71.0,0.98,0.0,2.0,0.0,True
450324,TEXOMA MEDICAL CENTER,TX,4.0,67.0,1.02,2.0,6.0,0.3333333333333333,True
450330,OAKBEND MEDICAL CENTER,TX,3.0,59.0,1.12,0.0,4.0,0.0,True
450346,BAPTIST BEAUMONT HOSPITAL,TX,3.0,69.0,1.03,0.0,5.0,0.0,True
450347,HUNTSVILLE MEMORIAL HOSPITAL,TX,2.0,63.0,1.13,0.0,4.0,0.0,True
450351,TEXAS HEALTH HARRIS METHODIST HOSPITAL STEPHENVILL,TX,4.0,74.0,0.89,0.0,3.0,0.0,True
450352,HUNT REGIONAL MEDICAL CENTER,TX,2.0,63.0,1.05,0.0,6.0,0.0,True
450358,HOUSTON METHODIST HOSPITAL,TX,5.0,82.0,0.98,0.0,6.0,0.0,True
450370,COLUMBUS COMMUNITY HOSPITAL,TX,2.0,73.0,1.42,0.0,3.0,0.0,True
450372,BAYLOR SCOTT & WHITE MEDICAL CENTER- WAXAHACHIE,TX,4.0,78.0,1.09,0.0,5.0,0.0,True
450379,DALLAS MEDICAL CENTER,TX,3.0,62.0,1.04,0.0,3.0,0.0,True
450388,METHODIST HOSPITAL,TX,4.0,67.0,1.04,1.0,6.0,0.16666666666666666,True
450389,UT HEALTH EAST TEXAS ATHENS HOSPITAL,TX,2.0,70.0,1.08,0.0,5.0,0.0,True
450395,CHI ST LUKES HEALTH MEMORIAL LIVINGSTON,TX,4.0,61.0,0.97,0.0,4.0,0.0,True
450403,MEDICAL CENTER OF MCKINNEY,TX,3.0,68.0,1.08,0.0,6.0,0.0,True
450419,TEXAS HEALTH HARRIS METHODIST HOSPITAL AZLE,TX,4.0,65.0,1.02,0.0,4.0,0.0,True
450424,HOUSTON METHODIST BAYTOWN HOSPITAL,TX,5.0,78.0,1.02,0.0,5.0,0.0,True
450431,ST DAVID'S MEDICAL CENTER,TX,4.0,75.0,1.06,0.0,6.0,0.0,True
450447,NAVARRO REGIONAL HOSPITAL,TX,2.0,56.0,1.02,0.0,5.0,0.0,True
450462,TEXAS HEALTH PRESBYTERIAN HOSPITAL DALLAS,TX,4.0,71.0,1.04,0.0,6.0,0.0,True
450465,MATAGORDA REGIONAL MEDICAL CENTER,TX,5.0,63.0,1.03,0.0,4.0,0.0,True
450469,WILSON N JONES REGIONAL MEDICAL CENTER,TX,2.0,61.0,1.15,0.0,5.0,0.0,True
450475,UT HEALTH EAST TEXAS HENDERSON HOSPITAL,TX,5.0,68.0,1.03,0.0,3.0,0.0,True
450484,WOODLAND HEIGHTS MEDICAL CENTER,TX,3.0,68.0,1.0,1.0,6.0,0.16666666666666666,True
450508,NACOGDOCHES MEMORIAL HOSPITAL,TX,2.0,74.0,1.08,0.0,6.0,0.0,True
450518,THE MEDICAL CENTER OF SOUTHEAST TEXAS,TX,3.0,55.0,1.11,0.0,5.0,0.0,True
450537,METHODIST RICHARDSON MEDICAL CENTER,TX,4.0,79.0,1.19,0.0,5.0,0.0,True
450539,COVENANT HOSPITAL PLAINVIEW,TX,4.0,71.0,0.99,0.0,3.0,0.0,True
450563,BAYLOR SCOTT & WHITE MEDICAL CENTER  GRAPEVINE,TX,4.0,79.0,1.04,0.0,6.0,0.0,True
450565,PALO PINTO GENERAL HOSPITAL,TX,3.0,64.0,0.96,0.0,4.0,0.0,True
450571,SHANNON MEDICAL CENTER,TX,3.0,65.0,1.04,0.0,6.0,0.0,True
450573,CHRISTUS JASPER MEMORIAL HOSPITAL,TX,4.0,77.0,1.07,0.0,4.0,0.0,True
450587,HENDRICK MEDICAL CENTER BROWNWOOD,TX,1.0,55.0,1.1,0.0,6.0,0.0,True
450596,LAKE GRANBURY MEDICAL CENTER,TX,3.0,51.0,0.99,0.0,5.0,0.0,True
450597,CUERO REGIONAL HOSPITAL,TX,4.0,68.0,1.23,0.0,3.0,0.0,True
450604,HILL COUNTRY MEMORIAL HOSPITAL,TX,4.0,73.0,1.01,0.0,5.0,0.0,True
450610,MEMORIAL HERMANN MEMORIAL CITY HOSPITAL,TX,4.0,69.0,1.0,0.0,5.0,0.0,True
450617,HCA HOUSTON HEALTHCARE CLEAR LAKE,TX,4.0,61.0,1.06,1.0,6.0,0.16666666666666666,True
450634,MEDICAL CITY DENTON,TX,4.0,67.0,1.04,0.0,6.0,0.0,True
450638,HCA HOUSTON HEALTHCARE NORTHWEST,TX,2.0,58.0,1.07,0.0,4.0,0.0,True
450639,TEXAS HEALTH HARRIS METHODIST HURST-EULESS-BEDFORD,TX,4.0,73.0,1.1,0.0,5.0,0.0,True
450641,NOCONA GENERAL HOSPITAL,TX,1.0,88.0,1.22,0.0,3.0,0.0,True
450643,DOCTORS HOSPITAL OF LAREDO,TX,4.0,68.0,0.89,0.0,5.0,0.0,True
450644,HCA HOUSTON HEALTHCARE WEST,TX,1.0,56.0,1.0,0.0,5.0,0.0,True
450647,MEDICAL CITY DALLAS HOSPITAL,TX,3.0,67.0,1.04,0.0,6.0,0.0,True
450651,MEDICAL CITY PLANO,TX,3.0,66.0,1.11,1.0,6.0,0.16666666666666666,True
450654,STARR COUNTY MEMORIAL HOSPITAL,TX,2.0,63.0,1.01,0.0,3.0,0.0,True
450656,NACOGDOCHES MEDICAL CENTER,TX,3.0,71.0,0.99,0.0,6.0,0.0,True
450659,HCA HOUSTON HEALTHCARE MEDICAL CENTER,TX,4.0,62.0,1.02,0.0,4.0,0.0,True
450661,ODESSA REGIONAL MEDICAL CENTER,TX,3.0,61.0,0.99,0.0,5.0,0.0,True
450662,VALLEY REGIONAL MEDICAL CENTER,TX,2.0,66.0,0.97,0.0,4.0,0.0,True
450668,SIERRA MEDICAL CENTER,TX,2.0,64.0,1.06,0.0,5.0,0.0,True
450669,MEDICAL CITY LEWISVILLE,TX,3.0,70.0,1.1,0.0,5.0,0.0,True
450670,HCA HOUSTON HEALTHCARE TOMBALL,TX,3.0,61.0,1.12,0.0,6.0,0.0,True
450672,MEDICAL CITY FORT WORTH,TX,2.0,66.0,1.09,2.0,6.0,0.3333333333333333,True
450674,"WOMANS HOSPITAL OF TEXAS,THE",TX,4.0,68.0,1.13,0.0,1.0,0.0,True
450675,MEDICAL CITY ARLINGTON,TX,2.0,58.0,1.04,1.0,5.0,0.2,True
450677,TEXAS HEALTH HUGULEY HOSPITAL FORT WORTH SOUTH,TX,3.0,71.0,1.05,0.0,5.0,0.0,True
450684,MEMORIAL HERMANN NORTHEAST HOSPITAL,TX,3.0,70.0,0.99,0.0,5.0,0.0,True
450686,UNIVERSITY MEDICAL CENTER,TX,2.0,79.0,1.16,0.0,5.0,0.0,True
450688,DALLAS REGIONAL MEDICAL CENTER,TX,3.0,59.0,1.06,0.0,5.0,0.0,True
450690,THE UNIVERSITY OF TEXAS HEALTH SCIENCE CENTER AT TYLER,TX,4.0,82.0,1.05,0.0,4.0,0.0,True
450694,EL CAMPO MEMORIAL HOSPITAL,TX,3.0,56.0,1.13,0.0,3.0,0.0,True
450702,LONGVIEW REGIONAL MEDICAL CENTER,TX,3.0,73.0,1.04,0.0,6.0,0.0,True
450709,HOUSTON METHODIST CLEAR LAKE HOSPITAL,TX,5.0,85.0,1.08,0.0,5.0,0.0,True
450711,RIO GRANDE REGIONAL HOSPITAL,TX,4.0,66.0,1.01,0.0,4.0,0.0,True
450713,ST DAVID'S SOUTH AUSTIN MEDICAL CENTER,TX,3.0,68.0,1.06,0.0,6.0,0.0,True
450718,ROUND ROCK MEDICAL CENTER,TX,3.0,70.0,1.05,0.0,5.0,0.0,True
450723,METHODIST CHARLTON MEDICAL CENTER,TX,3.0,67.0,1.1,0.0,5.0,0.0,True
450730,CARROLLTON REGIONAL MEDICAL CENTER,TX,2.0,58.0,1.12,0.0,5.0,0.0,True
450742,BAYLOR SCOTT AND WHITE MEDICAL CENTER LAKE POINTE,TX,4.0,67.0,1.02,0.0,6.0,0.0,True
450743,TEXAS HEALTH PRESBYTERIAN HOSPITAL DENTON,TX,5.0,79.0,1.05,0.0,5.0,0.0,True
450747,PALESTINE REGIONAL MEDICAL CENTER,TX,1.0,59.0,1.1,0.0,4.0,0.0,True
450771,TEXAS HEALTH PRESBYTERIAN HOSPITAL PLANO,TX,4.0,72.0,1.07,0.0,6.0,0.0,True
450775,HCA HOUSTON HEALTHCARE KINGWOOD,TX,3.0,53.0,1.1,0.0,6.0,0.0,True
450779,TEXAS HEALTH HARRIS METHODIST HOSPITAL SOUTHWEST F,TX,5.0,79.0,1.0,0.0,6.0,0.0,True
450788,"CORPUS CHRISTI MEDICAL CENTER,THE",TX,4.0,66.0,1.04,0.0,5.0,0.0,True
450801,CHRISTUS ST MICHAEL HEALTH SYSTEM,TX,3.0,69.0,1.07,0.0,6.0,0.0,True
450809,NORTH AUSTIN MEDICAL CENTER,TX,3.0,70.0,1.01,0.0,6.0,0.0,True
450820,HOUSTON METHODIST SUGARLAND HOSPITAL,TX,5.0,80.0,0.99,0.0,6.0,0.0,True
450822,MEDICAL CITY LAS COLINAS,TX,4.0,67.0,0.98,0.0,4.0,0.0,True
450828,CHRISTUS SPOHN HOSPITAL ALICE,TX,3.0,64.0,1.1,0.0,4.0,0.0,True
450840,TEXAS HEALTH PRESBYTERIAN HOSPITAL ALLEN,TX,4.0,77.0,1.07,0.0,6.0,0.0,True
450844,HOUSTON METHODIST WILLOWBROOK HOSPITAL,TX,5.0,78.0,1.1,0.0,5.0,0.0,True
450847,MEMORIAL HERMANN KATY HOSPITAL,TX,3.0,70.0,0.99,0.0,5.0,0.0,True
450848,MEMORIAL HERMANN SUGAR LAND HOSPITAL,TX,4.0,69.0,0.93,0.0,5.0,0.0,True
450851,BAYLOR SCOTT & WHITE HEART & VASCULAR HOSPITAL - DALLAS,TX,5.0,88.0,0.97,0.0,3.0,0.0,True
450853,BAYLOR SCOTT & WHITE MEDICAL CENTER - FRISCO,TX,3.0,79.0,1.08,0.0,2.0,0.0,True
450855,HARLINGEN MEDICAL CENTER,TX,4.0,76.0,0.97,0.0,6.0,0.0,True
450862,ST LUKE'S THE WOODLANDS HOSPITAL,TX,3.0,78.0,1.06,0.0,5.0,0.0,True
450864,BAYLOR SCOTT & WHITE TEXAS SPINE & JOINT HOSPITAL,TX,5.0,87.0,0.85,0.0,2.0,0.0,True
450867,ASCENSION SETON NORTHWEST,TX,4.0,70.0,1.08,0.0,5.0,0.0,True
450869,DOCTORS HOSPTAL AT RENAISSANCE,TX,3.0,71.0,1.09,0.0,6.0,0.0,True
450876,LUBBOCK HEART HOSPITAL LP,TX,2.0,83.0,1.09,0.0,5.0,0.0,True
450885,BAYLOR SCOTT &  WHITE MEDICAL CENTER - CENTENNIAL,TX,5.0,75.0,1.1,0.0,5.0,0.0,True
450890,BAYLOR SCOTT & WHITE MEDICAL CENTER PLANO,TX,4.0,83.0,1.06,0.0,6.0,0.0,True
450893,THE HEART HOSPITAL BAYLOR DENTON,TX,5.0,86.0,1.06,0.0,3.0,0.0,True
460001,INTERMOUNTAIN HEALTH UTAH VALLEY HOSPITAL,UT,5.0,82.0,0.98,0.0,5.0,0.0,True
460003,HOLY CROSS HOSPITAL - SALT LAKE,UT,3.0,61.0,1.08,0.0,3.0,0.0,True
460004,MCKAY-DEE HOSPITAL,UT,5.0,78.0,0.96,0.0,6.0,0.0,True
460005,OGDEN REGIONAL MEDICAL CENTER,UT,3.0,71.0,1.03,0.0,5.0,0.0,True
460006,LDS HOSPITAL,UT,5.0,76.0,1.0,0.0,5.0,0.0,True
460007,CEDAR CITY HOSPITAL,UT,3.0,84.0,0.97,0.0,3.0,0.0,True
460009,UNIVERSITY OF UTAH HOSPITAL AND CLINICS,UT,5.0,82.0,1.0,0.0,6.0,0.0,True
460010,INTERMOUNTAIN MEDICAL CENTER,UT,5.0,79.0,0.97,0.0,5.0,0.0,True
460011,CASTLEVIEW HOSPITAL,UT,2.0,61.0,1.01,0.0,5.0,0.0,True
460013,MOUNTAIN VIEW HOSPITAL,UT,5.0,76.0,1.02,0.0,4.0,0.0,True
460014,MOUNTAIN WEST MEDICAL CENTER,UT,4.0,66.0,0.9,0.0,4.0,0.0,True
460015,INTERMOUNTAIN HEALTH LOGAN REGIONAL HOSPITAL,UT,5.0,76.0,0.87,0.0,5.0,0.0,True
460019,UINTAH BASIN MEDICAL CENTER,UT,2.0,60.0,0.86,0.0,4.0,0.0,True
460021,ST. GEORGE REGIONAL HOSPITAL,UT,5.0,84.0,0.94,0.0,6.0,0.0,True
460023,AMERICAN FORK HOSPITAL,UT,4.0,78.0,0.88,0.0,3.0,0.0,True
460026,INTERMOUNTAIN HEALTH SEVIER VALLEY HOSPITAL,UT,4.0,83.0,0.91,0.0,3.0,0.0,True
460030,ASHLEY REGIONAL MEDICAL CENTER,UT,4.0,64.0,0.81,0.0,3.0,0.0,True
460041,HOLY CROSS HOSPITAL-DAVIS,UT,5.0,55.0,1.0,0.0,5.0,0.0,True
460042,LAKEVIEW HOSPITAL,UT,5.0,69.0,1.0,0.0,4.0,0.0,True
460044,INTERMOUNTAIN HEALTH ALTA VIEW HOSPITAL,UT,5.0,81.0,0.97,0.0,3.0,0.0,True
460047,ST MARK'S HOSPITAL,UT,4.0,70.0,1.04,0.0,5.0,0.0,True
460051,HOLY CROSS HOSPITAL-JORDAN VALLEY,UT,4.0,59.0,0.99,0.0,6.0,0.0,True
460052,TIMPANOGOS REGIONAL HOSPITAL,UT,4.0,74.0,1.08,0.0,5.0,0.0,True
460057,PARK CITY HOSPITAL,UT,5.0,83.0,0.91,0.0,4.0,0.0,True
460058,INTERMOUNTAIN HEALTH RIVERTON HOSPITAL,UT,5.0,77.0,0.94,0.0,4.0,0.0,True
460060,LONE PEAK HOSPITAL,UT,5.0,79.0,0.94,0.0,3.0,0.0,True
460061,INTERMOUNTAIN HEALTH LAYTON HOSPITAL,UT,5.0,79.0,0.9,0.0,3.0,0.0,True
470001,CENTRAL VERMONT MEDICAL CENTER,VT,3.0,71.0,0.85,0.0,6.0,0.0,True
470003,UNIV. OF VERMONT - FLETCHER ALLEN HEALTH CARE,VT,4.0,76.0,0.97,0.0,6.0,0.0,True
470005,RUTLAND REGIONAL MEDICAL CENTER,VT,3.0,68.0,0.95,0.0,5.0,0.0,True
470011,BRATTLEBORO MEMORIAL HOSPITAL,VT,3.0,62.0,0.97,0.0,5.0,0.0,True
470012,SOUTHWESTERN VERMONT MEDICAL CENTER,VT,3.0,72.0,0.96,0.0,5.0,0.0,True
470024,NORTHWESTERN MEDICAL CENTER INC,VT,4.0,65.0,0.88,0.0,5.0,0.0,True
490002,RUSSELL COUNTY HOSPITAL,VA,4.0,73.0,0.91,0.0,4.0,0.0,True
490004,SENTARA RMH MEDICAL CENTER,VA,5.0,64.0,0.94,0.0,6.0,0.0,True
490005,WINCHESTER MEDICAL CENTER,VA,4.0,73.0,0.96,0.0,6.0,0.0,True
490007,SENTARA NORFOLK GENERAL HOSPITAL,VA,4.0,77.0,0.97,0.0,5.0,0.0,True
490009,UNIVERSITY OF VIRGINIA MEDICAL CENTER,VA,4.0,80.0,1.01,0.0,6.0,0.0,True
490013,SENTARA HALIFAX REGIONAL HOSPITAL,VA,3.0,60.0,0.84,0.0,4.0,0.0,True
490017,BON SECOURS MARYVIEW MEDICAL CENTER,VA,3.0,57.0,1.01,0.0,5.0,0.0,True
490018,AUGUSTA HEALTH,VA,4.0,69.0,0.96,0.0,6.0,0.0,True
490019,UVA HEALTH CULPEPER MEDICAL CENTER,VA,2.0,63.0,1.02,0.0,4.0,0.0,True
490020,JOHN RANDOLPH MEDICAL CENTER,VA,3.0,68.0,1.05,0.0,5.0,0.0,True
490021,CENTRA HEALTH -  LYNCHBURG GEN HOSPITAL,VA,3.0,63.0,0.98,0.0,6.0,0.0,True
490022,MARY WASHINGTON HOSPITAL,VA,3.0,63.0,0.96,1.0,6.0,0.16666666666666666,True
490023,FAUQUIER HOSPITAL,VA,3.0,58.0,1.04,0.0,6.0,0.0,True
490024,CARILION MEDICAL CENTER,VA,3.0,70.0,1.01,0.0,6.0,0.0,True
490032,MEDICAL COLLEGE OF VIRGINIA HOSPITALS,VA,4.0,76.0,1.02,0.0,6.0,0.0,True
490033,WARREN MEMORIAL HOSPITAL,VA,2.0,78.0,0.87,0.0,5.0,0.0,True
490037,RIVERSIDE SHORE MEMORIAL HOSPITAL,VA,3.0,76.0,0.92,0.0,4.0,0.0,True
490038,SMYTH COUNTY COMMUNITY HOSPITAL,VA,3.0,70.0,0.97,0.0,4.0,0.0,True
490040,INOVA ALEXANDRIA HOSPITAL,VA,5.0,71.0,0.94,0.0,6.0,0.0,True
490041,MARY IMMACULATE HOSPITAL,VA,4.0,69.0,1.0,0.0,6.0,0.0,True
490042,CARILION NEW RIVER VALLEY MEDICAL CENTER,VA,4.0,73.0,0.98,0.0,5.0,0.0,True
490043,INOVA LOUDOUN HOSPITAL,VA,5.0,77.0,0.99,0.0,6.0,0.0,True
490044,SENTARA OBICI HOSPITAL,VA,4.0,74.0,0.89,0.0,6.0,0.0,True
490045,NOVANT PRINCE WILLIAM MEDICAL CENTER,VA,3.0,63.0,1.04,0.0,5.0,0.0,True
490046,SENTARA LEIGH HOSPITAL,VA,3.0,78.0,0.94,1.0,6.0,0.16666666666666666,True
490048,LEWISGALE MEDICAL CENTER,VA,2.0,58.0,1.05,0.0,6.0,0.0,True
490050,VIRGINIA HOSPITAL CENTER,VA,4.0,78.0,0.99,0.0,6.0,0.0,True
490052,RIVERSIDE REGIONAL MEDICAL CENTER,VA,3.0,74.0,1.02,0.0,5.0,0.0,True
490053,JOHNSTON MEMORIAL HOSPITAL,VA,3.0,64.0,1.0,0.0,5.0,0.0,True
490057,SENTARA VIRGINIA BEACH GENERAL HOSPITAL,VA,4.0,71.0,0.94,0.0,6.0,0.0,True
490059,BON SECOURS ST MARYS HOSPITAL,VA,5.0,71.0,1.01,0.0,6.0,0.0,True
490060,CLINCH VALLEY MEDICAL CENTER,VA,3.0,65.0,0.94,0.0,5.0,0.0,True
490063,INOVA FAIRFAX HOSPITAL,VA,5.0,81.0,0.98,0.0,6.0,0.0,True
490066,SENTARA WILLIAMSBURG REGIONAL MEDICAL CENTER,VA,5.0,81.0,0.93,0.0,6.0,0.0,True
490067,BON SECOURS SOUTHSIDE MEDICAL CENTER,VA,2.0,58.0,1.11,0.0,5.0,0.0,True
490069,BON SECOURS MEMORIAL REGIONAL MEDICAL CENTER,VA,4.0,63.0,1.01,0.0,6.0,0.0,True
490075,SOVAH HEALTH DANVILLE,VA,2.0,51.0,1.01,0.0,6.0,0.0,True
490077,SENTARA MARTHA JEFFERSON HOSPITAL,VA,4.0,81.0,0.92,0.0,6.0,0.0,True
490084,VCU HEALTH TAPPAHANNOCK HOSPITAL,VA,4.0,67.0,0.96,0.0,4.0,0.0,True
490088,CENTRA BEDFORD MEMORIAL HOSPITAL,VA,5.0,77.0,0.94,0.0,4.0,0.0,True
490089,CARILION FRANKLIN MEMORIAL HOSPITAL,VA,4.0,75.0,0.91,0.0,4.0,0.0,True
490090,"SOUTHSIDE COMMUNITY HOSPITAL, INC",VA,4.0,62.0,1.05,0.0,4.0,0.0,True
490092,BON SECOURS SOUTHAMPTON MEMORIAL HOSPITAL,VA,3.0,55.0,0.84,0.0,3.0,0.0,True
490093,SENTARA CAREPLEX HOSPITAL,VA,4.0,70.0,0.95,0.0,5.0,0.0,True
490097,BON SECOURS SOUTHERN VIRGINIA MEDICAL CENTER,VA,4.0,64.0,0.97,0.0,3.0,0.0,True
490098,COMMUNITY MEMORIAL HOSPITAL,VA,4.0,70.0,0.96,0.0,4.0,0.0,True
490101,INOVA FAIR OAKS HOSPITAL,VA,5.0,77.0,0.93,0.0,5.0,0.0,True
490107,RESTON HOSPITAL CENTER,VA,3.0,65.0,1.03,0.0,6.0,0.0,True
490110,LEWISGALE HOSPITAL MONTGOMERY,VA,3.0,77.0,0.93,0.0,6.0,0.0,True
490111,WYTHE COUNTY COMMUNITY HOSPITAL,VA,3.0,65.0,0.92,0.0,4.0,0.0,True
490112,CJW MEDICAL CENTER,VA,4.0,66.0,1.01,0.0,6.0,0.0,True
490113,SENTARA NORTHERN VIRGINIA MEDICAL CENTER,VA,3.0,65.0,0.95,0.0,5.0,0.0,True
490114,LONESOME PINE HOSPITAL,VA,4.0,66.0,1.0,0.0,4.0,0.0,True
490115,TWIN COUNTY REGIONAL HOSPITAL,VA,2.0,53.0,0.96,0.0,4.0,0.0,True
490116,LEWISGALE HOSPITAL PULASKI,VA,4.0,84.0,1.0,0.0,4.0,0.0,True
490118,HENRICO DOCTORS' HOSPITAL,VA,4.0,71.0,1.06,0.0,6.0,0.0,True
490119,SENTARA PRINCESS ANNE HOSPITAL,VA,5.0,82.0,0.91,0.0,6.0,0.0,True
490120,CHESAPEAKE GENERAL HOSPITAL,VA,3.0,63.0,0.94,0.0,6.0,0.0,True
490122,INOVA MOUNT VERNON HOSPITAL,VA,4.0,71.0,0.97,0.0,5.0,0.0,True
490126,LEWISGALE HOSPITAL ALLEGHANY,VA,4.0,66.0,1.0,0.0,4.0,0.0,True
490127,BUCHANAN GENERAL HOSPITAL,VA,4.0,74.0,0.88,0.0,3.0,0.0,True
490130,RIVERSIDE WALTER REED HOSPITAL,VA,4.0,79.0,0.91,0.0,6.0,0.0,True
490136,BON SECOURS ST FRANCIS MEDICAL CENTER,VA,3.0,72.0,0.99,0.0,6.0,0.0,True
490140,"STAFFORD HOSPITAL, LLC",VA,4.0,69.0,0.87,0.0,5.0,0.0,True
490141,SPOTSYLVANIA REGIONAL MEDICAL CENTER,VA,3.0,64.0,0.98,0.0,6.0,0.0,True
490143,RIVERSIDE DOCTORS' HOSPITAL OF WILLIAMSBURG,VA,5.0,81.0,0.95,0.0,5.0,0.0,True
490144,UVA HEALTH HAYMARKET MEDICAL CENTER,VA,4.0,78.0,0.96,0.0,5.0,0.0,True
490145,STONESPRINGS HOSPITAL CENTER,VA,4.0,75.0,0.97,0.0,4.0,0.0,True
500002,PROVIDENCE ST MARY MEDICAL CENTER,WA,3.0,68.0,0.96,0.0,6.0,0.0,True
500003,SKAGIT VALLEY HOSPITAL,WA,3.0,70.0,0.92,0.0,6.0,0.0,True
500005,VIRGINIA MASON MEDICAL CENTER,WA,5.0,78.0,0.97,0.0,6.0,0.0,True
500007,ISLAND HOSPITAL,WA,4.0,83.0,0.89,0.0,4.0,0.0,True
500008,UNIVERSITY OF WASHINGTON MEDICAL CTR,WA,4.0,80.0,0.97,0.0,6.0,0.0,True
500011,HIGHLINE MEDICAL CENTER,WA,4.0,55.0,0.94,0.0,5.0,0.0,True
500014,PROVIDENCE REGIONAL MEDICAL CENTER EVERETT,WA,4.0,60.0,0.93,0.0,6.0,0.0,True
500015,MULTICARE AUBURN MEDICAL CENTER,WA,2.0,51.0,0.96,0.0,6.0,0.0,True
500016,CONFLUENCE HEALTH HOSPITAL,WA,3.0,76.0,0.94,0.0,6.0,0.0,True
500019,PROVIDENCE CENTRALIA HOSPITAL,WA,3.0,61.0,0.91,0.0,6.0,0.0,True
500021,ST CLARE HOSPITAL,WA,4.0,68.0,0.94,0.0,5.0,0.0,True
500024,PROVIDENCE ST PETER HOSPITAL,WA,3.0,77.0,0.92,0.0,6.0,0.0,True
500025,SWEDISH MEDICAL CENTER / CHERRY HILL,WA,4.0,75.0,0.99,0.0,4.0,0.0,True
500026,SWEDISH EDMONDS HOSPITAL,WA,3.0,61.0,0.94,0.0,5.0,0.0,True
500027,SWEDISH MEDICAL CENTER,WA,4.0,73.0,0.95,0.0,5.0,0.0,True
500030,ST JOSEPH HOSPITAL,WA,4.0,67.0,0.96,0.0,6.0,0.0,True
500031,GRAYS HARBOR COMMUNITY HOSPITAL,WA,3.0,47.0,0.97,0.0,6.0,0.0,True
500033,SAMARITAN HOSPITAL,WA,2.0,58.0,0.93,0.0,4.0,0.0,True
500036,YAKIMA VALLEY MEMORIAL,WA,1.0,50.0,0.94,0.0,6.0,0.0,True
500039,HARRISON MEDICAL CENTER,WA,4.0,66.0,0.95,0.0,6.0,0.0,True
500041,PEACEHEALTH ST JOHN MEDICAL CENTER,WA,4.0,61.0,0.87,0.0,6.0,0.0,True
500044,DEACONESS MEDICAL CENTER,WA,3.0,68.0,0.97,0.0,6.0,0.0,True
500050,PEACEHEALTH SOUTHWEST MEDICAL CENTER,WA,3.0,65.0,0.9,0.0,6.0,0.0,True
500051,OVERLAKE HOSPITAL MEDICAL CENTER,WA,2.0,80.0,0.92,0.0,6.0,0.0,True
500053,TRIOS HEALTH,WA,2.0,64.0,0.98,0.0,6.0,0.0,True
500054,PROV SACRED HRT MED CTR & CHILDS HOSP.,WA,3.0,75.0,1.01,0.0,6.0,0.0,True
500058,KADLEC REGIONAL MEDICAL CENTER,WA,4.0,74.0,0.95,0.0,6.0,0.0,True
500060,CASCADE VALLEY HOSPITAL,WA,4.0,66.0,0.87,0.0,3.0,0.0,True
500064,HARBORVIEW MEDICAL CENTER,WA,2.0,69.0,1.01,0.0,5.0,0.0,True
500072,OLYMPIC MEDICAL CENTER,WA,3.0,64.0,0.92,0.0,4.0,0.0,True
500077,PROVIDENCE HOLY FAMILY HOSPITAL,WA,3.0,72.0,0.94,0.0,4.0,0.0,True
500079,MULTICARE GOOD SAMARITAN HOSPITAL,WA,2.0,58.0,0.91,0.0,6.0,0.0,True
500084,EVERGREENHEALTH MONROE,WA,3.0,63.0,0.83,0.0,3.0,0.0,True
500088,VALLEY MEDICAL CENTER,WA,2.0,72.0,0.94,0.0,5.0,0.0,True
500108,ST JOSEPH MEDICAL CENTER,WA,3.0,66.0,0.97,0.0,5.0,0.0,True
500119,MULTICARE VALLEY HOSPITAL,WA,5.0,70.0,0.92,0.0,5.0,0.0,True
500124,EVERGREENHEALTH MEDICAL CENTER,WA,5.0,80.0,0.96,0.0,6.0,0.0,True
500129,TACOMA GENERAL ALLENMORE HOSPITAL,WA,2.0,67.0,0.92,0.0,6.0,0.0,True
500139,CAPITAL MEDICAL CENTER,WA,3.0,72.0,0.9,0.0,6.0,0.0,True
500141,ST FRANCIS COMMUNITY HOSPITAL,WA,4.0,65.0,0.95,0.0,5.0,0.0,True
500150,LEGACY SALMON CREEK MEDICAL CENTER,WA,4.0,79.0,0.86,0.0,6.0,0.0,True
500151,ST ANTHONY HOSPITAL,WA,5.0,76.0,0.93,0.0,5.0,0.0,True
500152,SWEDISH ISSAQUAH,WA,4.0,80.0,0.95,0.0,5.0,0.0,True
500154,MULTICARE COVINGTON MEDICAL CENTER,WA,3.0,71.0,0.87,0.0,4.0,0.0,True
510001,"WEST VIRGINIA UNIVERSITY HOSPITALS, INC",WV,3.0,76.0,1.03,0.0,6.0,0.0,True
510002,"CAMC GREENBRIER VALLEY MEDICAL CENTER, INC",WV,2.0,50.0,0.93,0.0,4.0,0.0,True
510006,"UNITED HOSPITAL CENTER, INC",WV,4.0,70.0,0.97,1.0,6.0,0.16666666666666666,True
510007,ST MARYS MEDICAL CENTER,WV,3.0,74.0,0.99,0.0,6.0,0.0,True
510008,BERKELEY MEDICAL CENTER,WV,3.0,54.0,0.92,0.0,6.0,0.0,True
510012,RIVERS HEALTH,WV,1.0,60.0,1.0,0.0,4.0,0.0,True
510013,"REYNOLDS MEMORIAL HOSPITAL, INC",WV,2.0,70.0,0.97,0.0,4.0,0.0,True
510022,CHARLESTON AREA MEDICAL CENTER,WV,2.0,69.0,1.01,1.0,6.0,0.16666666666666666,True
510023,"WEIRTON MEDICAL CENTER, INC",WV,1.0,52.0,1.0,1.0,5.0,0.2,True
510024,MON HEALTH MEDICAL CENTER,WV,4.0,77.0,1.08,0.0,6.0,0.0,True
510029,THOMAS MEMORIAL HOSPITAL,WV,1.0,71.0,0.97,0.0,6.0,0.0,True
510030,DAVIS MEDICAL CENTER,WV,2.0,48.0,0.95,0.0,4.0,0.0,True
510038,STONEWALL JACKSON MEMORIAL HOSPITAL,WV,1.0,67.0,1.05,0.0,5.0,0.0,True
510046,PRINCETON COMMUNITY HOSPITAL ASSN INC,WV,2.0,57.0,1.06,1.0,6.0,0.16666666666666666,True
510048,LOGAN REGIONAL MEDICAL CENTER,WV,2.0,51.0,0.92,0.0,4.0,0.0,True
510050,"WHEELING HOSPITAL, INC",WV,2.0,55.0,0.99,0.0,6.0,0.0,True
510055,"CABELL HUNTINGTON HOSPITAL, INC",WV,3.0,68.0,1.08,0.0,5.0,0.0,True
510058,CAMDEN CLARK MEDICAL CENTER,WV,2.0,61.0,0.99,2.0,6.0,0.3333333333333333,True
510062,BECKLEY ARH HOSPITAL,WV,3.0,68.0,1.03,0.0,5.0,0.0,True
510070,RALEIGH GENERAL HOSPITAL,WV,2.0,48.0,1.03,0.0,5.0,0.0,True
510072,WETZEL COUNTY HOSPITAL,WV,3.0,78.0,0.99,0.0,4.0,0.0,True
520002,"ASPIRUS STEVENS POINT HOSPITAL & CLINICS, INC.",WI,4.0,66.0,0.91,0.0,4.0,0.0,True
520004,MAYO CLINIC HEALTH SYSTEM-FRANCISCAN MEDICAL CENTER INC,WI,5.0,83.0,0.9,0.0,5.0,0.0,True
520008,WAUKESHA MEMORIAL HOSPITAL,WI,4.0,72.0,1.05,0.0,5.0,0.0,True
520009,ASCENSION NE WISCONSIN - ST ELIZABETH CAMPUS,WI,4.0,68.0,0.85,0.0,6.0,0.0,True
520011,MARSHFIELD MEDICAL CENTER - RICE LAKE,WI,2.0,68.0,0.86,0.0,3.0,0.0,True
520019,ASPIRUS RHINELANDER HOSPITAL,WI,3.0,62.0,0.89,0.0,4.0,0.0,True
520021,FROEDTERT SOUTH INC.,WI,2.0,76.0,0.98,0.0,5.0,0.0,True
520028,THE MONROE CLINIC,WI,5.0,73.0,0.9,0.0,5.0,0.0,True
520030,ASPIRUS WAUSAU HOSPITAL,WI,4.0,73.0,0.95,0.0,6.0,0.0,True
520033,ASPIRUS RIVERVIEW HOSPITAL & CLINICS INC,WI,3.0,67.0,0.93,0.0,4.0,0.0,True
520034,AURORA MEDICAL CTR MANITOWOC COUNTY,WI,5.0,74.0,0.85,0.0,4.0,0.0,True
520035,AURORA MEDICAL CENTER SHEBOYGAN COUNTY,WI,5.0,74.0,0.83,0.0,4.0,0.0,True
520037,MARSHFIELD MEDICAL CENTER,WI,1.0,58.0,0.99,1.0,6.0,0.16666666666666666,True
520038,AURORA MEDICAL CTR WASHINGTON COUNTY,WI,4.0,73.0,0.84,0.0,4.0,0.0,True
520041,ASPIRUS DIVINE SAVIOR HOSPITAL,WI,3.0,64.0,0.81,0.0,4.0,0.0,True
520044,ST NICHOLAS HOSPITAL,WI,3.0,76.0,0.87,0.0,3.0,0.0,True
520045,THEDACARE REGIONAL MED CTR - NEENAH,WI,4.0,72.0,0.95,0.0,4.0,0.0,True
520049,BELLIN MEMORIAL HOSPITAL,WI,4.0,79.0,0.94,0.0,5.0,0.0,True
520051,ASCENSION COLUMBIA ST MARYS HOSPITAL MILWAUKEE,WI,3.0,63.0,0.98,0.0,5.0,0.0,True
520057,SSM HEALTH ST CLARE HOSPITAL - BARABOO,WI,4.0,70.0,0.84,0.0,3.0,0.0,True
520059,AURORA MEMORIAL HOSPITAL BURLINGTON,WI,4.0,64.0,0.87,0.0,4.0,0.0,True
520062,OCONOMOWOC MEMORIAL HOSPITAL,WI,5.0,72.0,1.05,0.0,6.0,0.0,True
520063,ST JOSEPHS COMMUNITY HOSPITAL WEST BEND,WI,4.0,70.0,0.92,0.0,5.0,0.0,True
520066,MERCY HEALTH SYSTEM CORP,WI,3.0,61.0,0.92,0.0,6.0,0.0,True
520070,MAYO CLINIC HEALTH SYSTEM EAU CLAIRE HOSPITAL,WI,5.0,79.0,0.95,0.0,6.0,0.0,True
520071,FORT MEMORIAL HOSPITAL,WI,4.0,68.0,0.92,0.0,4.0,0.0,True
520075,ST VINCENT HOSPITAL,WI,4.0,69.0,0.99,0.0,5.0,0.0,True
520076,MARSHFIELD MEDICAL CENTER - BEAVER DAM (MMC-BD),WI,2.0,51.0,0.86,0.0,3.0,0.0,True
520083,SSM HEALTH ST MARY'S HOSPITAL - MADISON,WI,4.0,74.0,0.93,0.0,6.0,0.0,True
520087,GUNDERSEN LUTHERAN MEDICAL CENTER,WI,4.0,79.0,1.07,0.0,5.0,0.0,True
520088,SSM HEALTH ST AGNES HOSPITAL-FOND DU LAC,WI,4.0,66.0,0.88,0.0,5.0,0.0,True
520089,UNITYPOINT HEALTH - MERITER,WI,5.0,77.0,0.93,0.0,5.0,0.0,True
520091,HOWARD YOUNG MEDICAL CENTER,WI,4.0,83.0,0.94,0.0,4.0,0.0,True
520095,SAUK PRAIRIE HOSPITAL,WI,5.0,90.0,0.86,0.0,4.0,0.0,True
520097,ST MARYS HOSPITAL MEDICAL CTR,WI,3.0,61.0,1.04,0.0,5.0,0.0,True
520098,UNIVERSITY OF WI  HOSPITALS & CLINICS AUTHORITY,WI,5.0,82.0,0.93,0.0,6.0,0.0,True
520100,BELOIT HEALTH SYSTEM,WI,3.0,56.0,0.96,0.0,5.0,0.0,True
520102,AURORA LAKELAND MEDICAL CENTER,WI,5.0,74.0,0.84,0.0,4.0,0.0,True
520103,COMMUNITY MEMORIAL HOSPITAL,WI,4.0,71.0,0.91,0.0,6.0,0.0,True
520107,HOLY FAMILY MEMORIAL,WI,3.0,72.0,0.88,0.0,3.0,0.0,True
520109,MILE BLUFF MEDICAL CENTER,WI,4.0,72.0,0.78,0.0,3.0,0.0,True
520113,AURORA MEDICAL CENTER BAY AREA,WI,4.0,69.0,0.84,0.0,4.0,0.0,True
520116,WATERTOWN MEMORIAL HOSPITAL,WI,3.0,64.0,0.97,0.0,6.0,0.0,True
520138,AURORA ST LUKES MEDICAL CENTER,WI,4.0,71.0,0.96,0.0,6.0,0.0,True
520139,WEST ALLIS MEMORIAL HOSPITAL,WI,4.0,69.0,0.89,0.0,5.0,0.0,True
520160,THEDACARE REGIONAL MEDICAL CENTER - APPLETON INC,WI,4.0,74.0,0.92,0.0,6.0,0.0,True
520177,FROEDTERT MEMORIAL LUTHERAN HOSPITAL,WI,3.0,77.0,0.96,0.0,5.0,0.0,True
520189,AURORA MEDICAL CENTER KENOSHA,WI,4.0,77.0,0.94,0.0,5.0,0.0,True
520193,AURORA BAYCARE MEDICAL CTR,WI,4.0,80.0,0.92,0.0,6.0,0.0,True
520198,AURORA MEDICAL CTR OSHKOSH,WI,4.0,76.0,0.81,0.0,5.0,0.0,True
520202,MARSHFIELD MEDICAL CENTER - WESTON,WI,3.0,76.0,0.93,0.0,5.0,0.0,True
520206,AURORA MEDICAL CENTER - SUMMIT,WI,5.0,79.0,0.9,0.0,5.0,0.0,True
520207,AURORA MEDICAL CENTER,WI,5.0,82.0,0.85,0.0,6.0,0.0,True
520208,SSM HEALTH ST MARY'S HOSPITAL - JANESVILLE,WI,4.0,77.0,0.9,0.0,4.0,0.0,True
520210,MARSHFIELD MEDICAL CENTER - EAU CLAIRE,WI,3.0,68.0,0.91,0.0,5.0,0.0,True
520212,MARSHFIELD MEDICAL CENTER - MINOCQUA,WI,5.0,80.0,0.92,0.0,3.0,0.0,True
530002,CAMPBELL COUNTY HEALTH,WY,3.0,51.0,0.93,0.0,5.0,0.0,True
530006,SHERIDAN MEMORIAL HOSPITAL,WY,3.0,68.0,0.92,0.0,6.0,0.0,True
530008,SAGEWEST HEALTH CARE,WY,2.0,53.0,0.95,0.0,5.0,0.0,True
530012,BANNER WYOMING MEDICAL CENTER,WY,2.0,56.0,1.04,0.0,6.0,0.0,True
530014,CHEYENNE REGIONAL MEDICAL CENTER,WY,3.0,67.0,0.99,0.0,6.0,0.0,True
530015,ST JOHNS MEDICAL CENTER,WY,5.0,83.0,0.81,0.0,5.0,0.0,True
530025,IVINSON MEMORIAL HOSPITAL,WY,3.0,78.0,0.97,0.0,4.0,0.0,True
670023,METHODIST MANSFIELD MEDICAL CENTER,TX,4.0,83.0,1.13,0.0,6.0,0.0,True
670025,BAYLOR SCOTT & WHITE THE HEART HOSPITAL PLANO,TX,4.0,89.0,0.99,0.0,4.0,0.0,True
670031,ST LUKE'S PATIENTS MEDICAL CENTER,TX,3.0,65.0,1.03,0.0,4.0,0.0,True
670034,BAYLOR SCOTT & WHITE MEDICAL CENTER - ROUND ROCK,TX,4.0,78.0,0.99,0.0,6.0,0.0,True
670041,ASCENSION SETON WILLIAMSON,TX,4.0,72.0,1.15,0.0,5.0,0.0,True
670043,ASCENSION SETON CEDAR PARK,TX,3.0,62.0,0.96,0.0,6.0,0.0,True
670044,TEXAS HEALTH PRESBYTERIAN HOSPITAL ROCKWALL,TX,5.0,80.0,0.96,0.0,4.0,0.0,True
670047,THE HOSPITALS OF PROVIDENCE - EAST CAMPUS,TX,2.0,57.0,1.02,0.0,4.0,0.0,True
670053,ST LUKE'S SUGAR LAND HOSPITAL,TX,3.0,61.0,1.16,0.0,3.0,0.0,True
670055,METHODIST HOSPITAL  STONE OAK,TX,4.0,71.0,1.04,0.0,6.0,0.0,True
670056,ASCENSION  SETON HAYS,TX,3.0,65.0,1.06,0.0,5.0,0.0,True
670060,BAYLOR SCOTT AND WHITE MEDICAL CENTER SUNNYVALE,TX,2.0,50.0,1.02,0.0,5.0,0.0,True
670068,TEXAS HEALTH PRESBYTERIAN HOSPITAL FLOWER MOUND,TX,5.0,79.0,1.07,0.0,4.0,0.0,True
670071,TEXAS HEALTH HEART & VASCULAR HOSPITAL ARLINGTON,TX,4.0,86.0,0.98,0.0,3.0,0.0,True
670073,METHODIST HOSPITAL FOR SURGERY,TX,4.0,83.0,1.03,0.0,2.0,0.0,True
670075,ST LUKE'S HOSPITAL AT THE VINTAGE,TX,4.0,78.0,1.09,0.0,5.0,0.0,True
670076,BAYLOR SCOTT AND WHITE SURGICAL HOSPITAL AT SHERMA,TX,3.0,86.0,0.96,0.0,2.0,0.0,True
670077,HOUSTON METHODIST WEST HOSPITAL,TX,5.0,83.0,1.01,0.0,6.0,0.0,True
670078,BAPTIST NEIGHBORHOOD HOSPITAL THOUSAND OAKS,TX,5.0,81.0,0.82,0.0,3.0,0.0,True
670080,SETON MEDICAL CENTER HARKER HEIGHTS,TX,4.0,73.0,1.01,0.0,5.0,0.0,True
670082,BAYLOR SCOTT AND WHITE  MEDICAL CENTER  MCKINNEY,TX,4.0,78.0,1.06,0.0,6.0,0.0,True
670085,TEXAS HEALTH HARRIS METHODIST HOSPITAL ALLIANCE,TX,5.0,73.0,1.06,0.0,5.0,0.0,True
670088,BAYLOR SCOTT & WHITE MEDICAL CENTER- COLLEGE STATI,TX,4.0,82.0,0.99,0.0,6.0,0.0,True
670090,CRESCENT MEDICAL CENTER LANCASTER,TX,2.0,49.0,1.11,0.0,1.0,0.0,True
670098,RESOLUTE HEALTH HOSPITAL,TX,4.0,75.0,1.11,0.0,6.0,0.0,True
670103,MEDICAL CITY ALLIANCE,TX,3.0,70.0,0.97,0.0,5.0,0.0,True
670106,HCA HOUSTON HEALTHCARE PEARLAND,TX,3.0,60.0,0.99,0.0,3.0,0.0,True
670108,BAYLOR SCOTT & WHITE MEDICAL CENTER - MARBLE FALLS,TX,4.0,79.0,1.01,0.0,5.0,0.0,True
670120,THE HOSPITALS OF PROVIDENCE TRANSMOUNTAIN CAMPUS,TX,2.0,64.0,0.97,0.0,4.0,0.0,True
670122,HOUSTON METHODIST THE WOODLANDS HOSPITAL,TX,5.0,84.0,1.01,0.0,6.0,0.0,True
670128,BAYLOR SCOTT & WHITE MEDICAL CENTER PFLUGERVILLE,TX,4.0,77.0,1.05,0.0,3.0,0.0,True
670260,TEXAS HEALTH HOSPITAL FRISCO,TX,4.0,80.0,1.09,0.0,5.0,0.0,True
670300,METHODIST MIDLOTHIAN MEDICAL CENTER,TX,4.0,82.0,1.12,0.0,4.0,0.0,True
670309,TEXAS HEALTH HOSPITAL MANSFIELD,TX,5.0,80.0,1.14,0.0,3.0,0.0,True
