Facility ID,Facility Name,State,Overall_Rating,Patient_Recommendation,MSPB Score,Worse_Readmission_Count,Valid_Readmission_Measures,Worse_Readmission_Rate,Complete_HVI_Data,Quality_Score,Experience_Score,Cost_Score,Readmission_Score,Hospital_Value_Index
100001,SHANDS JACKSONVILLE,FL,4.0,70.0,0.95,0.0,5.0,0.0,True,73.8388625592417,57.606635071090054,71.65876777251185,100.0,75.7760663507109
100002,BETHESDA HOSPITAL EAST,FL,2.0,60.0,1.02,0.0,6.0,0.0,True,16.37440758293839,18.246445497630333,32.81990521327014,100.0,41.860189573459714
100006,ORLANDO HEALTH,FL,4.0,74.0,1.0,1.0,6.0,0.16666666666666666,True,73.8388625592417,73.86255924170617,44.33649289099526,83.33333333333334,68.84281200631912
100007,ADVENTHEALTH ORLANDO,FL,3.0,74.0,0.99,4.0,6.0,0.6666666666666666,True,42.77251184834123,73.86255924170617,50.142180094786724,33.333333333333336,50.02764612954187
100008,BAPTIST HOSPITAL OF MIAMI,FL,5.0,74.0,1.02,0.0,5.0,0.0,True,94.50236966824644,73.86255924170617,32.81990521327014,100.0,75.29620853080569
100012,LEE MEMORIAL HOSPITAL,FL,5.0,72.0,0.95,0.0,6.0,0.0,True,94.50236966824644,66.13744075829385,71.65876777251185,100.0,83.07464454976304
100014,ADVENTHEALTH NEW SMYRNA BEACH,FL,4.0,69.0,0.97,0.0,6.0,0.0,True,73.8388625592417,52.89099526066351,61.23222748815166,100.0,71.99052132701422
100017,HALIFAX HEALTH MEDICAL CENTER,FL,2.0,66.0,1.03,0.0,6.0,0.0,True,16.37440758293839,38.76777251184834,27.511848341232227,100.0,45.66350710900474
100018,NAPLES COMMUNITY HOSPITAL,FL,3.0,66.0,1.02,0.0,6.0,0.0,True,42.77251184834123,38.76777251184834,32.81990521327014,100.0,53.59004739336493
100019,HOLMES REGIONAL MEDICAL CENTER,FL,4.0,64.0,1.08,0.0,6.0,0.0,True,73.8388625592417,30.971563981042653,10.545023696682465,100.0,53.838862559241704
100022,JACKSON HEALTH SYSTEM,FL,1.0,69.0,1.11,1.0,5.0,0.2,True,2.962085308056872,52.89099526066351,5.545023696682464,80.0,35.34952606635071
100023,HCA FLORIDA CITRUS HOSPITAL,FL,2.0,63.0,1.0,1.0,6.0,0.16666666666666666,True,16.37440758293839,26.895734597156395,44.33649289099526,83.33333333333334,42.734992101105846
100025,SACRED HEART HOSPITAL,FL,4.0,64.0,1.0,0.0,6.0,0.0,True,73.8388625592417,30.971563981042653,44.33649289099526,100.0,62.28672985781991
100026,ASCENSION SACRED HEART BAY,FL,3.0,72.0,1.08,0.0,5.0,0.0,True,42.77251184834123,66.13744075829385,10.545023696682465,100.0,54.86374407582939
100028,PARRISH MEDICAL CENTER,FL,2.0,61.0,1.05,0.0,6.0,0.0,True,16.37440758293839,20.85308056872038,18.95734597156398,100.0,39.046208530805686
100029,NORTH SHORE MEDICAL CENTER,FL,1.0,46.0,1.14,1.0,6.0,0.16666666666666666,True,2.962085308056872,1.161137440758294,3.3412322274881516,83.33333333333334,22.699447077409165
100030,ORLANDO HEALTH-HEALTH CENTRAL HOSPITAL,FL,3.0,73.0,0.98,0.0,6.0,0.0,True,42.77251184834123,70.04739336492891,55.66350710900474,100.0,67.12085308056872
100032,ORLANDO HEALTH BAYFRONT HOSPITAL,FL,2.0,67.0,1.11,0.0,6.0,0.0,True,16.37440758293839,43.578199052132696,5.545023696682464,100.0,41.37440758293839
100034,"MOUNT SINAI MEDICAL CENTER OF FLORIDA, INC",FL,3.0,74.0,1.02,0.0,6.0,0.0,True,42.77251184834123,73.86255924170617,32.81990521327014,100.0,62.36374407582939
100035,MANATEE MEMORIAL HOSPITAL,FL,3.0,58.0,1.03,0.0,6.0,0.0,True,42.77251184834123,13.90995260663507,27.511848341232227,100.0,46.04857819905213
100038,MEMORIAL REGIONAL HOSPITAL,FL,3.0,71.0,1.04,1.0,6.0,0.16666666666666666,True,42.77251184834123,61.990521327014214,22.843601895734597,83.33333333333334,52.734992101105846
100039,BROWARD HEALTH MEDICAL CENTER,FL,3.0,63.0,1.06,0.0,5.0,0.0,True,42.77251184834123,26.895734597156395,15.734597156398102,100.0,46.350710900473935
100040,ASCENSION ST VINCENT'S RIVERSIDE,FL,3.0,72.0,1.01,0.0,6.0,0.0,True,42.77251184834123,66.13744075829385,38.41232227488152,100.0,61.83056872037915
100043,MEASE DUNEDIN HOSPITAL,FL,4.0,81.0,1.0,0.0,5.0,0.0,True,73.8388625592417,93.36492890995261,44.33649289099526,100.0,77.88507109004739
100044,CLEVELAND CLINIC MARTIN NORTH HOSPITAL,FL,3.0,61.0,1.02,1.0,6.0,0.16666666666666666,True,42.77251184834123,20.85308056872038,32.81990521327014,83.33333333333334,44.94470774091627
100045,ADVENTHEALTH DELAND,FL,4.0,68.0,1.0,0.0,5.0,0.0,True,73.8388625592417,48.34123222748815,44.33649289099526,100.0,66.62914691943128
100046,Adventhealth Zephyrhills,FL,4.0,71.0,0.98,0.0,5.0,0.0,True,73.8388625592417,61.990521327014214,55.66350710900474,100.0,72.87322274881517
100049,HCA FLORIDA HIGHLANDS HOSPITAL,FL,3.0,66.0,1.01,0.0,5.0,0.0,True,42.77251184834123,38.76777251184834,38.41232227488152,100.0,54.98815165876778
100050,LARKIN COMMUNITY HOSPITAL PALM SPRINGS CAMPUS,FL,4.0,61.0,1.26,0.0,4.0,0.0,True,73.8388625592417,20.85308056872038,0.2843601895734597,100.0,48.74407582938389
100051,ORLANDO HEALTH SOUTH LAKE HOSPITAL,FL,3.0,75.0,0.98,0.0,6.0,0.0,True,42.77251184834123,77.39336492890996,55.66350710900474,100.0,68.95734597156398
100052,WINTER HAVEN HOSPITAL,FL,3.0,65.0,1.0,0.0,5.0,0.0,True,42.77251184834123,34.834123222748815,44.33649289099526,100.0,55.485781990521325
100053,HIALEAH HOSPITAL,FL,3.0,55.0,1.17,0.0,5.0,0.0,True,42.77251184834123,7.843601895734597,1.5639810426540284,100.0,38.04502369668246
100054,HCA FLORIDA TWIN CITIES HOSPITAL,FL,5.0,83.0,0.98,1.0,4.0,0.25,True,94.50236966824644,96.25592417061611,55.66350710900474,75.0,80.35545023696682
100055,ADVENTHEALTH NORTH PINELLAS,FL,4.0,74.0,1.02,0.0,5.0,0.0,True,73.8388625592417,73.86255924170617,32.81990521327014,100.0,70.1303317535545
100057,ADVENTHEALTH WATERMAN,FL,4.0,73.0,1.01,0.0,6.0,0.0,True,73.8388625592417,70.04739336492891,38.41232227488152,100.0,70.57464454976304
100062,ADVENTHEALTH OCALA,FL,4.0,68.0,1.01,0.0,6.0,0.0,True,73.8388625592417,48.34123222748815,38.41232227488152,100.0,65.14810426540285
100063,MORTON PLANT NORTH BAY HOSPITAL,FL,3.0,80.0,0.98,0.0,5.0,0.0,True,42.77251184834123,91.56398104265404,55.66350710900474,100.0,72.5
100067,ST ANTHONYS HOSPITAL,FL,3.0,81.0,1.03,0.0,5.0,0.0,True,42.77251184834123,93.36492890995261,27.511848341232227,100.0,65.91232227488152
100068,ADVENTHEALTH DAYTONA BEACH,FL,5.0,75.0,0.97,0.0,6.0,0.0,True,94.50236966824644,77.39336492890996,61.23222748815166,100.0,83.28199052132702
100069,AdventHealth Carrollwood,FL,3.0,71.0,1.02,0.0,6.0,0.0,True,42.77251184834123,61.990521327014214,32.81990521327014,100.0,59.3957345971564
100071,TAMPA GENERAL HOSPITAL BROOKSVILLE,FL,1.0,54.0,1.04,1.0,5.0,0.2,True,2.962085308056872,6.563981042654028,22.843601895734597,80.0,28.092417061611375
100072,ADVENTHEALTH FISH MEMORIAL,FL,5.0,74.0,0.95,0.0,5.0,0.0,True,94.50236966824644,73.86255924170617,71.65876777251185,100.0,85.00592417061611
100073,HOLY CROSS HOSPITAL,FL,4.0,70.0,1.06,0.0,6.0,0.0,True,73.8388625592417,57.606635071090054,15.734597156398102,100.0,61.79502369668247
100075,ST JOSEPHS HOSPITAL,FL,4.0,77.0,1.01,2.0,5.0,0.4,True,73.8388625592417,83.5781990521327,38.41232227488152,60.0,63.95734597156398
100077,Adventhealth Port Charlotte,FL,1.0,52.0,1.01,0.0,5.0,0.0,True,2.962085308056872,4.739336492890995,38.41232227488152,100.0,36.52843601895735
100080,HCA FLORIDA JFK HOSPITAL,FL,2.0,58.0,1.0,1.0,6.0,0.16666666666666666,True,16.37440758293839,13.90995260663507,44.33649289099526,83.33333333333334,39.48854660347551
100084,UF HEALTH LEESBURG HOSPITAL,FL,3.0,67.0,1.04,0.0,6.0,0.0,True,42.77251184834123,43.578199052132696,22.843601895734597,100.0,52.29857819905213
100086,BROWARD HEALTH NORTH,FL,3.0,65.0,1.11,1.0,6.0,0.16666666666666666,True,42.77251184834123,34.834123222748815,5.545023696682464,83.33333333333334,41.62124802527646
100087,SARASOTA MEMORIAL HOSPITAL,FL,5.0,77.0,1.05,1.0,6.0,0.16666666666666666,True,94.50236966824644,83.5781990521327,18.95734597156398,83.33333333333334,70.09281200631912
100088,BAPTIST HEALTH MEDICAL CENTER - JACKSONVILLE,FL,4.0,77.0,0.98,0.0,6.0,0.0,True,73.8388625592417,83.5781990521327,55.66350710900474,100.0,78.27014218009478
100090,FLAGLER HOSPITAL,FL,3.0,66.0,1.08,0.0,6.0,0.0,True,42.77251184834123,38.76777251184834,10.545023696682465,100.0,48.02132701421801
100093,BAPTIST HOSPITAL,FL,4.0,78.0,1.05,0.0,6.0,0.0,True,73.8388625592417,86.4218009478673,18.95734597156398,100.0,69.80450236966824
100099,ADVENTHEALTH LAKE WALES,FL,2.0,66.0,0.98,0.0,4.0,0.0,True,16.37440758293839,38.76777251184834,55.66350710900474,100.0,52.70142180094787
100105,CLEVELAND CLINIC INDIAN RIVER HOSPITAL,FL,4.0,58.0,1.01,0.0,6.0,0.0,True,73.8388625592417,13.90995260663507,38.41232227488152,100.0,56.540284360189574
100107,HCA FLORIDA LEHIGH HOSPITAL,FL,2.0,55.0,0.95,0.0,4.0,0.0,True,16.37440758293839,7.843601895734597,71.65876777251185,100.0,48.969194312796205
100109,ADVENTHEALTH SEBRING,FL,3.0,65.0,1.02,0.0,6.0,0.0,True,42.77251184834123,34.834123222748815,32.81990521327014,100.0,52.60663507109005
100110,HCA FLORIDA OSCEOLA HOSPITAL,FL,2.0,60.0,1.06,1.0,5.0,0.2,True,16.37440758293839,18.246445497630333,15.734597156398102,80.0,32.588862559241704
100113,UF HEALTH SHANDS HOSPITAL,FL,5.0,78.0,0.98,1.0,6.0,0.16666666666666666,True,94.50236966824644,86.4218009478673,55.66350710900474,83.33333333333334,79.98025276461296
100117,BAPTIST MEDICAL CENTER  BEACHES,FL,4.0,83.0,1.0,0.0,6.0,0.0,True,73.8388625592417,96.25592417061611,44.33649289099526,100.0,78.60781990521326
100118,AdventHealth Palm Coast,FL,5.0,72.0,0.93,0.0,6.0,0.0,True,94.50236966824644,66.13744075829385,81.04265402843602,100.0,85.42061611374407
100121,BARTOW REGIONAL MEDICAL CENTER,FL,3.0,67.0,0.98,0.0,5.0,0.0,True,42.77251184834123,43.578199052132696,55.66350710900474,100.0,60.50355450236967
100122,NORTH OKALOOSA MEDICAL CENTER,FL,3.0,53.0,1.03,1.0,5.0,0.2,True,42.77251184834123,5.592417061611375,27.511848341232227,80.0,38.969194312796205
100124,SANTA ROSA MEDICAL CENTER,FL,4.0,61.0,0.96,0.0,5.0,0.0,True,73.8388625592417,20.85308056872038,66.44549763033176,100.0,65.28436018957346
100125,HOMESTEAD HOSPITAL,FL,4.0,67.0,0.98,0.0,4.0,0.0,True,73.8388625592417,43.578199052132696,55.66350710900474,100.0,68.27014218009478
100126,HCA FLORIDA PASADENA HOSPITAL A PART OF HCA FLORID,FL,4.0,73.0,1.03,0.0,6.0,0.0,True,73.8388625592417,70.04739336492891,27.511848341232227,100.0,67.8495260663507
100127,MORTON PLANT HOSPITAL,FL,4.0,81.0,1.03,0.0,6.0,0.0,True,73.8388625592417,93.36492890995261,27.511848341232227,100.0,73.67890995260663
100128,TAMPA GENERAL HOSPITAL,FL,3.0,71.0,1.0,1.0,6.0,0.16666666666666666,True,42.77251184834123,61.990521327014214,44.33649289099526,83.33333333333334,58.10821484992101
100131,HCA FLORIDA AVENTURA HOSPITAL,FL,3.0,64.0,1.06,0.0,6.0,0.0,True,42.77251184834123,30.971563981042653,15.734597156398102,100.0,47.3696682464455
100132,SOUTH FLORIDA BAPTIST HOSPITAL,FL,3.0,75.0,1.03,0.0,5.0,0.0,True,42.77251184834123,77.39336492890996,27.511848341232227,100.0,61.91943127962085
100134,ED FRASER MEMORIAL HOSPITAL,FL,1.0,76.0,0.9,0.0,3.0,0.0,True,2.962085308056872,80.59241706161137,89.97630331753554,100.0,68.38270142180095
100135,TALLAHASSEE MEMORIAL HEALTHCARE,FL,3.0,66.0,1.04,0.0,6.0,0.0,True,42.77251184834123,38.76777251184834,22.843601895734597,100.0,51.09597156398104
100137,ADVENTHEALTH HEART OF FLORIDA,FL,3.0,63.0,0.98,0.0,6.0,0.0,True,42.77251184834123,26.895734597156395,55.66350710900474,100.0,56.33293838862559
100140,BAPTIST MEDICAL CENTER - NASSAU,FL,4.0,77.0,0.88,0.0,4.0,0.0,True,73.8388625592417,83.5781990521327,93.22274881516589,100.0,87.65995260663507
100142,JACKSON HOSPITAL,FL,1.0,70.0,1.05,0.0,5.0,0.0,True,2.962085308056872,57.606635071090054,18.95734597156398,100.0,44.88151658767772
100150,LOWER KEYS MEDICAL CENTER,FL,4.0,63.0,0.9,0.0,5.0,0.0,True,73.8388625592417,26.895734597156395,89.97630331753554,100.0,72.67772511848341
100151,MAYO CLINIC,FL,5.0,89.0,1.02,0.0,6.0,0.0,True,94.50236966824644,99.45497630331754,32.81990521327014,100.0,81.69431279620854
100154,SOUTH MIAMI HOSPITAL,FL,4.0,77.0,1.08,0.0,5.0,0.0,True,73.8388625592417,83.5781990521327,10.545023696682465,100.0,66.99052132701422
100156,HCA FLORIDA LAKE CITY HOSPITAL,FL,3.0,61.0,1.01,1.0,5.0,0.2,True,42.77251184834123,20.85308056872038,38.41232227488152,80.0,45.50947867298578
100157,LAKELAND REGIONAL MEDICAL CENTER,FL,1.0,66.0,1.0,2.0,6.0,0.3333333333333333,True,2.962085308056872,38.76777251184834,44.33649289099526,66.66666666666667,38.183254344391784
100161,CENTRAL FLORIDA LAKE MONROE HOSPITAL,FL,2.0,54.0,1.06,0.0,6.0,0.0,True,16.37440758293839,6.563981042654028,15.734597156398102,100.0,34.66824644549763
100166,HCA FLORIDA SARASOTA DOCTORS HOSPITAL,FL,4.0,68.0,1.03,0.0,6.0,0.0,True,73.8388625592417,48.34123222748815,27.511848341232227,100.0,62.42298578199052
100167,HCA FLORIDA MERCY HOSPITAL,FL,2.0,67.0,1.1,0.0,6.0,0.0,True,16.37440758293839,43.578199052132696,6.943127962085308,100.0,41.723933649289094
100168,BOCA RATON REGIONAL HOSPITAL,FL,2.0,64.0,1.05,0.0,6.0,0.0,True,16.37440758293839,30.971563981042653,18.95734597156398,100.0,41.57582938388626
100173,ADVENTHEALTH TAMPA,FL,3.0,66.0,1.04,0.0,6.0,0.0,True,42.77251184834123,38.76777251184834,22.843601895734597,100.0,51.09597156398104
100175,DESOTO MEMORIAL HOSPITAL,FL,2.0,67.0,1.09,0.0,4.0,0.0,True,16.37440758293839,43.578199052132696,8.554502369668246,100.0,42.12677725118483
100176,PALM BEACH GARDENS MEDICAL CENTER,FL,2.0,55.0,0.99,0.0,6.0,0.0,True,16.37440758293839,7.843601895734597,50.142180094786724,100.0,43.59004739336493
100177,CAPE CANAVERAL HOSPITAL,FL,3.0,70.0,1.04,0.0,6.0,0.0,True,42.77251184834123,57.606635071090054,22.843601895734597,100.0,55.80568720379147
100179,HCA FLORIDA MEMORIAL HOSPITAL,FL,2.0,62.0,1.08,0.0,6.0,0.0,True,16.37440758293839,23.72037914691943,10.545023696682465,100.0,37.65995260663507
100180,HCA FLORIDA ST PETERSBURG HOSPITAL,FL,2.0,66.0,1.06,0.0,4.0,0.0,True,16.37440758293839,38.76777251184834,15.734597156398102,100.0,42.719194312796205
100181,LARKIN COMMUNITY HOSPITAL,FL,1.0,68.0,1.13,1.0,3.0,0.3333333333333333,True,2.962085308056872,48.34123222748815,4.004739336492891,66.66666666666667,30.493680884676145
100183,CORAL GABLES HOSPITAL,FL,3.0,64.0,1.17,0.0,4.0,0.0,True,42.77251184834123,30.971563981042653,1.5639810426540284,100.0,43.82701421800948
100187,PALMETTO GENERAL HOSPITAL,FL,2.0,56.0,1.08,0.0,6.0,0.0,True,16.37440758293839,9.62085308056872,10.545023696682465,100.0,34.13507109004739
100189,HCA FLORIDA NORTHWEST HOSPITAL,FL,2.0,56.0,1.01,1.0,5.0,0.2,True,16.37440758293839,9.62085308056872,38.41232227488152,80.0,36.10189573459716
100191,HCA FLORIDA TRINITY HOSPITAL,FL,2.0,64.0,1.01,0.0,6.0,0.0,True,16.37440758293839,30.971563981042653,38.41232227488152,100.0,46.43957345971564
100200,BROWARD HEALTH IMPERIAL POINT,FL,3.0,72.0,1.09,0.0,4.0,0.0,True,42.77251184834123,66.13744075829385,8.554502369668246,100.0,54.36611374407583
100204,HCA FLORIDA NORTH FLORIDA HOSPITAL,FL,3.0,59.0,1.0,1.0,6.0,0.16666666666666666,True,42.77251184834123,16.327014218009477,44.33649289099526,83.33333333333334,46.69233807266983
100206,HCA FLORIDA SOUTH TAMPA HOSPITAL,FL,5.0,75.0,1.04,0.0,5.0,0.0,True,94.50236966824644,77.39336492890996,22.843601895734597,100.0,73.68483412322274
100209,HCA FLORIDA KENDALL HOSPITAL,FL,4.0,60.0,1.06,0.0,5.0,0.0,True,73.8388625592417,18.246445497630333,15.734597156398102,100.0,51.95497630331754
100211,ADVENTHEALTH DADE CITY,FL,4.0,77.0,1.02,0.0,5.0,0.0,True,73.8388625592417,83.5781990521327,32.81990521327014,100.0,72.55924170616115
100212,MARION COMMUNTIY HOSPITAL,FL,1.0,67.0,1.03,2.0,6.0,0.3333333333333333,True,2.962085308056872,43.578199052132696,27.511848341232227,66.66666666666667,35.17969984202212
100213,HCA FLORIDA BLAKE HOSPITAL,FL,2.0,56.0,1.06,1.0,6.0,0.16666666666666666,True,16.37440758293839,9.62085308056872,15.734597156398102,83.33333333333334,31.26579778830964
100217,ORLANDO HEALTH SEBASTIAN RIVER HOSPITAL,FL,4.0,56.0,1.01,0.0,5.0,0.0,True,73.8388625592417,9.62085308056872,38.41232227488152,100.0,55.46800947867298
100220,GULF COAST MEDICAL CENTER LEE HEALTH,FL,4.0,73.0,0.98,0.0,6.0,0.0,True,73.8388625592417,70.04739336492891,55.66350710900474,100.0,74.88744075829383
100223,HCA FLORIDA FORT WALTON-DESTIN HOSPITAL,FL,3.0,64.0,1.06,2.0,6.0,0.3333333333333333,True,42.77251184834123,30.971563981042653,15.734597156398102,66.66666666666667,39.03633491311217
100224,UNIVERSITY HOSPITAL AND MEDICAL CENTER,FL,2.0,56.0,1.16,1.0,5.0,0.2,True,16.37440758293839,9.62085308056872,2.109004739336493,80.0,27.0260663507109
100226,HCA FLORIDA ORANGE PARK HOSPITAL,FL,3.0,63.0,1.05,0.0,6.0,0.0,True,42.77251184834123,26.895734597156395,18.95734597156398,100.0,47.156398104265406
100228,WESTSIDE REGIONAL MEDICAL CENTER,FL,2.0,64.0,1.06,1.0,5.0,0.2,True,16.37440758293839,30.971563981042653,15.734597156398102,80.0,35.77014218009479
100230,MEMORIAL HOSPITAL PEMBROKE,FL,4.0,75.0,0.93,0.0,4.0,0.0,True,73.8388625592417,77.39336492890996,81.04265402843602,100.0,83.06872037914692
100231,HCA FLORIDA WEST HOSPITAL,FL,3.0,72.0,1.02,0.0,6.0,0.0,True,42.77251184834123,66.13744075829385,32.81990521327014,100.0,60.432464454976305
100232,HCA FLORIDA PUTNAM HOSPITAL,FL,2.0,57.0,1.0,0.0,6.0,0.0,True,16.37440758293839,11.540284360189574,44.33649289099526,100.0,43.062796208530806
100236,HCA FLORIDA FAWCETT HOSPITAL,FL,1.0,49.0,0.99,2.0,6.0,0.3333333333333333,True,2.962085308056872,2.5355450236966828,50.142180094786724,66.66666666666667,30.576619273301738
100238,HCA FLORIDA NORTHSIDE HOSPITAL,FL,1.0,53.0,1.05,1.0,6.0,0.16666666666666666,True,2.962085308056872,5.592417061611375,18.95734597156398,83.33333333333334,27.71129541864139
100242,HCA FLORIDA GULF COAST HOSPITAL,FL,2.0,61.0,1.08,0.0,6.0,0.0,True,16.37440758293839,20.85308056872038,10.545023696682465,100.0,36.943127962085306
100243,HCA FLORIDA BRANDON HOSPITAL,FL,3.0,56.0,0.99,1.0,6.0,0.16666666666666666,True,42.77251184834123,9.62085308056872,50.142180094786724,83.33333333333334,46.4672195892575
100244,CAPE CORAL HOSPITAL,FL,3.0,70.0,0.98,0.0,5.0,0.0,True,42.77251184834123,57.606635071090054,55.66350710900474,100.0,64.010663507109
100246,HCA FLORIDA LAWNWOOD HOSPITAL,FL,1.0,61.0,1.09,1.0,5.0,0.2,True,2.962085308056872,20.85308056872038,8.554502369668246,80.0,28.092417061611375
100248,HCA FLORIDA LARGO HOSPITAL,FL,2.0,58.0,1.07,1.0,5.0,0.2,True,16.37440758293839,13.90995260663507,12.985781990521328,80.0,30.817535545023695
100249,TAMPA GENERAL HOSPITAL CRYSTAL RIVER,FL,2.0,56.0,0.99,0.0,6.0,0.0,True,16.37440758293839,9.62085308056872,50.142180094786724,100.0,44.03436018957346
100252,HCA FLORIDA RAULERSON HOSPITAL,FL,3.0,66.0,1.0,0.0,5.0,0.0,True,42.77251184834123,38.76777251184834,44.33649289099526,100.0,56.469194312796205
100253,JUPITER MEDICAL CENTER,FL,4.0,79.0,1.01,1.0,6.0,0.16666666666666666,True,73.8388625592417,89.26540284360189,38.41232227488152,83.33333333333334,71.2124802527646
100254,HCA FLORIDA CAPITAL HOSPITAL,FL,2.0,60.0,1.01,1.0,6.0,0.16666666666666666,True,16.37440758293839,18.246445497630333,38.41232227488152,83.33333333333334,39.0916271721959
100256,HCA FLORIDA BAYONET POINT HOSPITAL,FL,2.0,58.0,1.05,3.0,6.0,0.5,True,16.37440758293839,13.90995260663507,18.95734597156398,50.0,24.81042654028436
100258,DELRAY MEDICAL CENTER,FL,1.0,45.0,1.02,1.0,6.0,0.16666666666666666,True,2.962085308056872,0.9478672985781991,32.81990521327014,83.33333333333334,30.01579778830964
100259,HCA FLORIDA SOUTH SHORE HOSPITAL,FL,2.0,58.0,0.98,0.0,6.0,0.0,True,16.37440758293839,13.90995260663507,55.66350710900474,100.0,46.486966824644554
100260,ST LUCIE MEDICAL CENTER,FL,1.0,67.0,1.0,4.0,6.0,0.6666666666666666,True,2.962085308056872,43.578199052132696,44.33649289099526,33.333333333333336,31.05252764612954
100264,HCA FLORIDA OAK HILL HOSPITAL,FL,1.0,59.0,1.03,2.0,6.0,0.3333333333333333,True,2.962085308056872,16.327014218009477,27.511848341232227,66.66666666666667,28.36690363349131
100265,MEASE COUNTRYSIDE HOSPITAL,FL,4.0,80.0,1.01,0.0,5.0,0.0,True,73.8388625592417,91.56398104265404,38.41232227488152,100.0,75.95379146919431
100266,GULF BREEZE HOSPITAL,FL,4.0,83.0,1.05,0.0,5.0,0.0,True,73.8388625592417,96.25592417061611,18.95734597156398,100.0,72.26303317535545
100267,HCA FLORIDA ENGLEWOOD HOSPITAL,FL,3.0,66.0,1.01,0.0,6.0,0.0,True,42.77251184834123,38.76777251184834,38.41232227488152,100.0,54.98815165876778
100268,WEST BOCA MEDICAL CENTER,FL,3.0,52.0,1.0,0.0,4.0,0.0,True,42.77251184834123,4.739336492890995,44.33649289099526,100.0,47.96208530805687
100269,HCA FLORIDA PALMS WEST HOSPITAL,FL,2.0,61.0,0.96,1.0,5.0,0.2,True,16.37440758293839,20.85308056872038,66.44549763033176,80.0,45.91824644549763
100275,WELLINGTON REGIONAL MEDICAL CENTER,FL,2.0,57.0,1.0,1.0,6.0,0.16666666666666666,True,16.37440758293839,11.540284360189574,44.33649289099526,83.33333333333334,38.89612954186414
100276,BROWARD HEALTH CORAL SPRINGS,FL,4.0,72.0,1.05,0.0,5.0,0.0,True,73.8388625592417,66.13744075829385,18.95734597156398,100.0,64.73341232227489
100281,MEMORIAL HOSPITAL WEST,FL,3.0,75.0,0.97,0.0,6.0,0.0,True,42.77251184834123,77.39336492890996,61.23222748815166,100.0,70.3495260663507
100284,KERALTY HOSPITAL,FL,2.0,67.0,1.39,0.0,3.0,0.0,True,16.37440758293839,43.578199052132696,0.09478672985781991,100.0,40.01184834123222
100285,MEMORIAL HOSPITAL MIRAMAR,FL,5.0,78.0,1.0,0.0,4.0,0.0,True,94.50236966824644,86.4218009478673,44.33649289099526,100.0,81.31516587677726
100286,PHYSICIANS REGIONAL MEDICAL CENTER - PINE RIDGE,FL,2.0,64.0,1.0,1.0,6.0,0.16666666666666666,True,16.37440758293839,30.971563981042653,44.33649289099526,83.33333333333334,43.75394944707741
100287,GOOD SAMARITAN MEDICAL CENTER,FL,2.0,60.0,1.0,0.0,6.0,0.0,True,16.37440758293839,18.246445497630333,44.33649289099526,100.0,44.739336492891
100288,ST MARY'S MEDICAL CENTER,FL,1.0,56.0,1.04,0.0,3.0,0.0,True,2.962085308056872,9.62085308056872,22.843601895734597,100.0,33.85663507109005
100289,CLEVELAND CLINIC HOSPITAL,FL,5.0,80.0,0.93,0.0,6.0,0.0,True,94.50236966824644,91.56398104265404,81.04265402843602,100.0,91.77725118483413
100290,"VILLAGES REGIONAL HOSPITAL, THE",FL,4.0,64.0,1.04,0.0,6.0,0.0,True,73.8388625592417,30.971563981042653,22.843601895734597,100.0,56.91350710900474
100291,ORLANDO HEALTH MELBOURNE HOSPITAL,FL,3.0,63.0,1.04,0.0,6.0,0.0,True,42.77251184834123,26.895734597156395,22.843601895734597,100.0,48.127962085308056
100292,SACRED HEART HOSPITAL ON THE EMERALD COAST,FL,3.0,73.0,0.94,0.0,5.0,0.0,True,42.77251184834123,70.04739336492891,76.80094786729858,100.0,72.40521327014218
100296,DOCTORS HOSPITAL,FL,5.0,73.0,0.97,0.0,5.0,0.0,True,94.50236966824644,70.04739336492891,61.23222748815166,100.0,81.44549763033174
100299,LAKEWOOD RANCH MEDICAL CENTER,FL,4.0,67.0,1.09,0.0,6.0,0.0,True,73.8388625592417,43.578199052132696,8.554502369668246,100.0,56.492890995260666
100302,ORLANDO HEALTH ST CLOUD HOSPITAL,FL,2.0,65.0,0.98,1.0,5.0,0.2,True,16.37440758293839,34.834123222748815,55.66350710900474,80.0,46.71800947867298
100307,ASCENSION ST VINCENT'S SOUTHSIDE,FL,4.0,66.0,1.11,0.0,6.0,0.0,True,73.8388625592417,38.76777251184834,5.545023696682464,100.0,54.53791469194313
100314,WEST KENDALL BAPTIST HOSPITAL,FL,5.0,75.0,0.92,0.0,4.0,0.0,True,94.50236966824644,77.39336492890996,84.54976303317535,100.0,89.11137440758294
100315,VIERA HOSPITAL,FL,5.0,74.0,1.02,0.0,5.0,0.0,True,94.50236966824644,73.86255924170617,32.81990521327014,100.0,75.29620853080569
100316,PALM BAY HOSPITAL,FL,3.0,67.0,1.04,0.0,6.0,0.0,True,42.77251184834123,43.578199052132696,22.843601895734597,100.0,52.29857819905213
100319,ADVENTHEALTH WESLEY CHAPEL,FL,5.0,78.0,0.95,0.0,6.0,0.0,True,94.50236966824644,86.4218009478673,71.65876777251185,100.0,88.1457345971564
100320,HCA FLORIDA POINCIANA HOSPITAL,FL,2.0,64.0,0.91,0.0,5.0,0.0,True,16.37440758293839,30.971563981042653,87.48815165876778,100.0,58.708530805687204
100321,ASCENSION ST VINCENT'S CLAY COUNTY,FL,3.0,72.0,0.89,0.0,6.0,0.0,True,42.77251184834123,66.13744075829385,91.89573459715639,100.0,75.20142180094787
100329,OVIEDO MEDICAL CENTER,FL,3.0,74.0,0.99,0.0,5.0,0.0,True,42.77251184834123,73.86255924170617,50.142180094786724,100.0,66.69431279620854
100350,UCF LAKE NONA HOSPITAL,FL,3.0,76.0,0.9,0.0,3.0,0.0,True,42.77251184834123,80.59241706161137,89.97630331753554,100.0,78.33530805687204
100359,SARASOTA MEMORIAL HOSPITAL - VENICE,FL,5.0,86.0,1.02,0.0,6.0,0.0,True,94.50236966824644,98.31753554502369,32.81990521327014,100.0,81.40995260663507
100360,HCA FLORIDA UNIVERSITY HOSPITAL,FL,3.0,69.0,0.99,0.0,3.0,0.0,True,42.77251184834123,52.89099526066351,50.142180094786724,100.0,61.45142180094787
100361,ASCENSION ST VINCENT'S ST JOHNS COUNTY,FL,4.0,76.0,0.97,0.0,3.0,0.0,True,73.8388625592417,80.59241706161137,61.23222748815166,100.0,78.91587677725119
100363,ADVENTHEALTH PALM COAST PARKWAY,FL,4.0,75.0,0.88,0.0,3.0,0.0,True,73.8388625592417,77.39336492890996,93.22274881516589,100.0,86.11374407582939
110001,HAMILTON MEDICAL CENTER,GA,3.0,66.0,0.94,0.0,5.0,0.0,True,42.77251184834123,38.76777251184834,76.80094786729858,100.0,64.58530805687204
110002,UPSON REGIONAL MEDICAL CENTER,GA,1.0,72.0,1.02,0.0,5.0,0.0,True,2.962085308056872,66.13744075829385,32.81990521327014,100.0,50.47985781990521
110003,Memorial Satilla Health,GA,3.0,63.0,0.99,1.0,5.0,0.2,True,42.77251184834123,26.895734597156395,50.142180094786724,80.0,49.95260663507109
110005,NORTHSIDE HOSPITAL FORSYTH,GA,4.0,81.0,0.96,0.0,6.0,0.0,True,73.8388625592417,93.36492890995261,66.44549763033176,100.0,83.41232227488152
110006,ST MARY'S HOSPITAL,GA,1.0,73.0,0.99,1.0,6.0,0.16666666666666666,True,2.962085308056872,70.04739336492891,50.142180094786724,83.33333333333334,51.62124802527646
110007,PHOEBE PUTNEY MEMORIAL HOSPITAL,GA,2.0,55.0,0.93,0.0,6.0,0.0,True,16.37440758293839,7.843601895734597,81.04265402843602,100.0,51.31516587677725
110008,NORTHSIDE HOSPITAL CHEROKEE,GA,4.0,87.0,0.94,0.0,6.0,0.0,True,73.8388625592417,98.72037914691944,76.80094786729858,100.0,87.34004739336493
110010,EMORY UNIVERSITY HOSPITAL,GA,4.0,76.0,0.94,0.0,6.0,0.0,True,73.8388625592417,80.59241706161137,76.80094786729858,100.0,82.80805687203791
110011,TANNER MEDICAL CENTER - CARROLLTON,GA,2.0,69.0,1.05,0.0,5.0,0.0,True,16.37440758293839,52.89099526066351,18.95734597156398,100.0,47.055687203791464
110015,TANNER MEDICAL CENTER VILLA RICA,GA,3.0,76.0,1.01,0.0,5.0,0.0,True,42.77251184834123,80.59241706161137,38.41232227488152,100.0,65.44431279620852
110016,WELLSTAR WEST GEORGIA MEDICAL CENTER,GA,5.0,76.0,0.93,0.0,5.0,0.0,True,94.50236966824644,80.59241706161137,81.04265402843602,100.0,89.03436018957346
110018,PIEDMONT NEWTON HOSPITAL,GA,3.0,61.0,0.98,0.0,6.0,0.0,True,42.77251184834123,20.85308056872038,55.66350710900474,100.0,54.82227488151659
110023,ADVENTHEALTH GORDON,GA,3.0,74.0,0.87,0.0,5.0,0.0,True,42.77251184834123,73.86255924170617,94.50236966824644,100.0,77.78436018957346
110024,CANDLER HOSPITAL,GA,2.0,69.0,1.01,0.0,4.0,0.0,True,16.37440758293839,52.89099526066351,38.41232227488152,100.0,51.91943127962085
110025,SOUTHEAST GEORGIA HEALTH SYSTEM- BRUNSWICK CAMPUS,GA,2.0,57.0,0.96,0.0,6.0,0.0,True,16.37440758293839,11.540284360189574,66.44549763033176,100.0,48.59004739336493
110027,"TY COBB REGIONAL MEDICAL CENTER, LLC",GA,3.0,70.0,0.95,0.0,4.0,0.0,True,42.77251184834123,57.606635071090054,71.65876777251185,100.0,68.00947867298578
110028,PIEDMONT AUGUSTA HOSPITAL,GA,2.0,67.0,1.02,0.0,6.0,0.0,True,16.37440758293839,43.578199052132696,32.81990521327014,100.0,48.193127962085306
110029,"NORTHEAST GEORGIA MEDICAL CENTER, INC",GA,3.0,69.0,0.96,0.0,6.0,0.0,True,42.77251184834123,52.89099526066351,66.44549763033176,100.0,65.52725118483413
110030,PIEDMONT CARTERSVILLE MEDICAL CENTER,GA,3.0,67.0,0.94,0.0,5.0,0.0,True,42.77251184834123,43.578199052132696,76.80094786729858,100.0,65.78791469194313
110031,WELLSTAR SPALDING MEDICAL CENTER,GA,2.0,57.0,1.0,0.0,5.0,0.0,True,16.37440758293839,11.540284360189574,44.33649289099526,100.0,43.062796208530806
110032,STEPHENS COUNTY HOSPITAL,GA,2.0,74.0,0.89,0.0,4.0,0.0,True,16.37440758293839,73.86255924170617,91.89573459715639,100.0,70.53317535545024
110034,"WELLSTAR MCG HEALTH, AFFILIATED WITH MED COL",GA,1.0,64.0,1.04,0.0,5.0,0.0,True,2.962085308056872,30.971563981042653,22.843601895734597,100.0,39.194312796208536
110035,WELLSTAR KENNESTONE REGIONAL MEDICAL CENTER,GA,4.0,67.0,0.95,0.0,6.0,0.0,True,73.8388625592417,43.578199052132696,71.65876777251185,100.0,72.26895734597156
110036,SAVANNAH HEALTH SERVICES LLC DBA MEMORIAL HEALTH UNIVERSITY MEDICAL CENTER,GA,1.0,64.0,1.05,0.0,6.0,0.0,True,2.962085308056872,30.971563981042653,18.95734597156398,100.0,38.22274881516588
110038,ARCHBOLD MEMORIAL HOSPITAL,GA,2.0,67.0,1.0,0.0,6.0,0.0,True,16.37440758293839,43.578199052132696,44.33649289099526,100.0,51.072274881516584
110041,NORTHEAST GEORGIA MEDICAL CENTER HABERSHAM,GA,3.0,70.0,0.84,0.0,4.0,0.0,True,42.77251184834123,57.606635071090054,97.58293838862559,100.0,74.49052132701422
110042,WELLSTAR PAULDING MEDICAL CENTER,GA,4.0,79.0,0.88,0.0,5.0,0.0,True,73.8388625592417,89.26540284360189,93.22274881516589,100.0,89.08175355450237
110043,ST JOSEPH'S HOSPITAL - SAVANNAH,GA,2.0,74.0,1.05,0.0,6.0,0.0,True,16.37440758293839,73.86255924170617,18.95734597156398,100.0,52.29857819905213
110044,PHOEBE SUMTER MEDICAL CENTER,GA,3.0,68.0,0.88,0.0,4.0,0.0,True,42.77251184834123,48.34123222748815,93.22274881516589,100.0,71.08412322274881
110045,"NGMC BARROW, LLC",GA,4.0,63.0,0.85,0.0,4.0,0.0,True,73.8388625592417,26.895734597156395,96.72985781990522,100.0,74.36611374407583
110046,PIEDMONT WALTON HOSPITAL,GA,4.0,66.0,0.95,0.0,4.0,0.0,True,73.8388625592417,38.76777251184834,71.65876777251185,100.0,71.06635071090048
110050,ADVENTHEALTH MURRAY,GA,5.0,85.0,0.78,0.0,3.0,0.0,True,94.50236966824644,97.8436018957346,99.69194312796209,100.0,98.00947867298578
110051,UNION GENERAL HOSPITAL,GA,3.0,77.0,1.06,0.0,5.0,0.0,True,42.77251184834123,83.5781990521327,15.734597156398102,100.0,60.52132701421801
110054,ATRIUM HEALTH FLOYD MEDICAL CENTER,GA,2.0,73.0,0.99,0.0,6.0,0.0,True,16.37440758293839,70.04739336492891,50.142180094786724,100.0,59.1409952606635
110064,PIEDMONT COLUMBUS REGIONAL MIDTOWN,GA,2.0,67.0,1.08,0.0,5.0,0.0,True,16.37440758293839,43.578199052132696,10.545023696682465,100.0,42.62440758293839
110069,EMORY HOUSTON HOSPITAL WARNER ROBINS,GA,2.0,56.0,0.94,0.0,6.0,0.0,True,16.37440758293839,9.62085308056872,76.80094786729858,100.0,50.699052132701425
110074,PIEDMONT ATHENS REGIONAL MEDICAL CENTER,GA,4.0,78.0,0.95,0.0,5.0,0.0,True,73.8388625592417,86.4218009478673,71.65876777251185,100.0,82.97985781990522
110075,EAST GEORGIA REGIONAL MEDICAL CENTER,GA,3.0,68.0,1.04,0.0,6.0,0.0,True,42.77251184834123,48.34123222748815,22.843601895734597,100.0,53.48933649289099
110076,EMORY DECATUR HOSPITAL,GA,2.0,61.0,0.97,0.0,6.0,0.0,True,16.37440758293839,20.85308056872038,61.23222748815166,100.0,49.61492890995261
110078,EMORY UNIVERSITY HOSPITAL MIDTOWN,GA,2.0,71.0,0.95,0.0,5.0,0.0,True,16.37440758293839,61.990521327014214,71.65876777251185,100.0,62.50592417061611
110079,GRADY MEMORIAL HOSPITAL,GA,2.0,68.0,0.98,0.0,5.0,0.0,True,16.37440758293839,48.34123222748815,55.66350710900474,100.0,55.094786729857816
110082,"SAINT JOSEPH'S HOSPITAL OF ATLANTA, INC",GA,3.0,76.0,0.93,0.0,5.0,0.0,True,42.77251184834123,80.59241706161137,81.04265402843602,100.0,76.10189573459715
110083,"PIEDMONT HOSPITAL, INC",GA,4.0,74.0,0.94,0.0,6.0,0.0,True,73.8388625592417,73.86255924170617,76.80094786729858,100.0,81.12559241706161
110087,NORTHSIDE HOSPITAL GWINNETT,GA,3.0,70.0,1.03,0.0,6.0,0.0,True,42.77251184834123,57.606635071090054,27.511848341232227,100.0,56.97274881516588
110089,"COFFEE REGIONAL MEDICAL CENTER, INC",GA,3.0,62.0,0.99,0.0,5.0,0.0,True,42.77251184834123,23.72037914691943,50.142180094786724,100.0,54.15876777251185
110091,PIEDMONT ROCKDALE HOSPITAL,GA,3.0,57.0,0.96,0.0,5.0,0.0,True,42.77251184834123,11.540284360189574,66.44549763033176,100.0,55.18957345971564
110095,TIFT REGIONAL MEDICAL CENTER,GA,3.0,66.0,0.93,0.0,5.0,0.0,True,42.77251184834123,38.76777251184834,81.04265402843602,100.0,65.6457345971564
110104,CRISP REGIONAL HOSPITAL,GA,2.0,63.0,0.87,0.0,4.0,0.0,True,16.37440758293839,26.895734597156395,94.50236966824644,100.0,59.443127962085306
110105,COLQUITT REGIONAL MEDICAL CENTER,GA,4.0,79.0,0.91,0.0,5.0,0.0,True,73.8388625592417,89.26540284360189,87.48815165876778,100.0,87.64810426540285
110107,ATRIUM HEALTH NAVICENT THE MEDICAL CENTER,GA,2.0,59.0,1.01,0.0,6.0,0.0,True,16.37440758293839,16.327014218009477,38.41232227488152,100.0,42.77843601895735
110109,EMANUEL MEDICAL CENTER,GA,4.0,65.0,0.91,0.0,4.0,0.0,True,73.8388625592417,34.834123222748815,87.48815165876778,100.0,74.04028436018957
110122,SGMC HEALTH,GA,2.0,67.0,0.95,1.0,5.0,0.2,True,16.37440758293839,43.578199052132696,71.65876777251185,80.0,52.90284360189573
110124,WAYNE MEMORIAL HOSPITAL,GA,3.0,68.0,1.1,0.0,4.0,0.0,True,42.77251184834123,48.34123222748815,6.943127962085308,100.0,49.51421800947867
110125,FAIRVIEW PARK HOSPITAL,GA,4.0,74.0,0.96,0.0,5.0,0.0,True,73.8388625592417,73.86255924170617,66.44549763033176,100.0,78.5367298578199
110128,MEMORIAL HEALTH MEADOWS HOSPITAL,GA,5.0,76.0,0.89,0.0,5.0,0.0,True,94.50236966824644,80.59241706161137,91.89573459715639,100.0,91.74763033175356
110129,ST FRANCIS HOSPITAL- EMORY HEALTHCARE,GA,3.0,68.0,1.0,0.0,5.0,0.0,True,42.77251184834123,48.34123222748815,44.33649289099526,100.0,58.86255924170616
110132,MEMORIAL HOSPITAL AND MANOR,GA,1.0,52.0,0.88,0.0,3.0,0.0,True,2.962085308056872,4.739336492890995,93.22274881516589,100.0,50.23104265402844
110143,WELLSTAR COBB MEDICAL CENTER,GA,3.0,68.0,0.95,0.0,5.0,0.0,True,42.77251184834123,48.34123222748815,71.65876777251185,100.0,65.6931279620853
110146,SOUTHEAST GEORGIA HEALTH SYSTEM -- CAMDEN CAMPUS,GA,4.0,64.0,0.93,0.0,3.0,0.0,True,73.8388625592417,30.971563981042653,81.04265402843602,100.0,71.4632701421801
110150,NAVICENT HEALTH BALDWIN,GA,2.0,56.0,0.86,0.0,4.0,0.0,True,16.37440758293839,9.62085308056872,95.75829383886256,100.0,55.43838862559242
110161,NORTHSIDE HOSPITAL,GA,3.0,75.0,0.93,0.0,6.0,0.0,True,42.77251184834123,77.39336492890996,81.04265402843602,100.0,75.3021327014218
110164,"COLISEUM MEDICAL CENTERS, LLC, DBA",GA,3.0,69.0,1.01,0.0,5.0,0.0,True,42.77251184834123,52.89099526066351,38.41232227488152,100.0,58.518957345971565
110165,SOUTHERN REGIONAL MEDICAL CENTER,GA,1.0,48.0,1.05,0.0,3.0,0.0,True,2.962085308056872,1.943127962085308,18.95734597156398,100.0,30.96563981042654
110168,ADVENTHEALTH REDMOND,GA,4.0,78.0,0.97,0.0,6.0,0.0,True,73.8388625592417,86.4218009478673,61.23222748815166,100.0,80.37322274881517
110177,DOCTORS HOSPITAL,GA,3.0,73.0,0.97,0.0,6.0,0.0,True,42.77251184834123,70.04739336492891,61.23222748815166,100.0,68.51303317535545
110184,WELLSTAR DOUGLAS MEDICAL CENTER,GA,3.0,69.0,0.91,0.0,5.0,0.0,True,42.77251184834123,52.89099526066351,87.48815165876778,100.0,70.78791469194313
110191,PIEDMONT HENRY HOSPITAL,GA,2.0,57.0,0.99,0.0,6.0,0.0,True,16.37440758293839,11.540284360189574,50.142180094786724,100.0,44.51421800947867
110192,PIEDMONT EASTSIDE MEDICAL CENTER,GA,2.0,56.0,1.01,0.0,6.0,0.0,True,16.37440758293839,9.62085308056872,38.41232227488152,100.0,41.10189573459716
110198,WELLSTAR NORTH FULTON MEDICAL CENTER,GA,2.0,64.0,0.95,0.0,5.0,0.0,True,16.37440758293839,30.971563981042653,71.65876777251185,100.0,54.75118483412322
110200,PIEDMONT COLUMBUS REGIONAL NORTHSIDE,GA,5.0,79.0,1.07,0.0,5.0,0.0,True,94.50236966824644,89.26540284360189,12.985781990521328,100.0,74.18838862559241
110201,PIEDMONT MACON NORTH HOSPITAL,GA,4.0,70.0,1.0,0.0,3.0,0.0,True,73.8388625592417,57.606635071090054,44.33649289099526,100.0,68.94549763033176
110215,PIEDMONT FAYETTE HOSPITAL,GA,3.0,73.0,0.93,0.0,6.0,0.0,True,42.77251184834123,70.04739336492891,81.04265402843602,100.0,73.46563981042654
110225,PIEDMONT MOUNTAINSIDE HOSPITAL INC,GA,4.0,70.0,0.91,0.0,4.0,0.0,True,73.8388625592417,57.606635071090054,87.48815165876778,100.0,79.73341232227489
110226,EMORY HILLANDALE HOSPITAL,GA,1.0,64.0,0.9,0.0,3.0,0.0,True,2.962085308056872,30.971563981042653,89.97630331753554,100.0,55.97748815165877
110229,"PIEDMONT NEWNAN HOSPITAL, INC",GA,4.0,70.0,0.92,0.0,6.0,0.0,True,73.8388625592417,57.606635071090054,84.54976303317535,100.0,78.99881516587678
110230,EMORY JOHNS CREEK HOSPITAL,GA,4.0,72.0,0.9,0.0,6.0,0.0,True,73.8388625592417,66.13744075829385,89.97630331753554,100.0,82.48815165876778
110233,"SOUTHEASTERN REGIONAL MEDICAL CENTER, INC",GA,5.0,95.0,1.08,0.0,1.0,0.0,True,94.50236966824644,100.0,10.545023696682465,100.0,76.26184834123222
110236,CHI MEMORIAL HOSPITAL- GEORGIA,GA,3.0,76.0,1.08,0.0,3.0,0.0,True,42.77251184834123,80.59241706161137,10.545023696682465,100.0,58.47748815165877
110237,NORTHEAST GEORGIA MEDICAL CENTER LUMPKIN,GA,5.0,86.0,0.83,0.0,4.0,0.0,True,94.50236966824644,98.31753554502369,98.34123222748815,100.0,97.79028436018957
110252,NORTHSIDE HOSPITAL DULUTH,GA,4.0,71.0,0.96,0.0,4.0,0.0,True,73.8388625592417,61.990521327014214,66.44549763033176,100.0,75.56872037914692
120001,THE QUEENS MEDICAL CENTER,HI,3.0,76.0,0.93,0.0,6.0,0.0,True,42.77251184834123,80.59241706161137,81.04265402843602,100.0,76.10189573459715
120002,MAUI MEMORIAL MEDICAL CENTER,HI,2.0,63.0,0.86,0.0,5.0,0.0,True,16.37440758293839,26.895734597156395,95.75829383886256,100.0,59.757109004739334
120005,HILO BENIOFF MEDICAL CENTER,HI,3.0,64.0,0.89,0.0,5.0,0.0,True,42.77251184834123,30.971563981042653,91.89573459715639,100.0,66.40995260663507
120006,ADVENTIST HEALTH CASTLE,HI,4.0,77.0,0.91,0.0,6.0,0.0,True,73.8388625592417,83.5781990521327,87.48815165876778,100.0,86.22630331753555
120007,KUAKINI MEDICAL CENTER,HI,4.0,57.0,0.94,0.0,5.0,0.0,True,73.8388625592417,11.540284360189574,76.80094786729858,100.0,65.54502369668246
120011,KAISER FOUNDATION HOSPITAL,HI,4.0,80.0,0.82,0.0,3.0,0.0,True,73.8388625592417,91.56398104265404,98.7914691943128,100.0,91.04857819905213
120014,WILCOX MEMORIAL HOSPITAL,HI,2.0,69.0,0.82,0.0,3.0,0.0,True,16.37440758293839,52.89099526066351,98.7914691943128,100.0,67.01421800947867
120019,KONA COMMUNITY HOSPITAL,HI,2.0,63.0,0.85,0.0,4.0,0.0,True,16.37440758293839,26.895734597156395,96.72985781990522,100.0,60.0
120022,STRAUB CLINIC AND HOSPITAL,HI,4.0,76.0,0.95,0.0,6.0,0.0,True,73.8388625592417,80.59241706161137,71.65876777251185,100.0,81.52251184834122
120026,PALI MOMI MEDICAL CENTER,HI,4.0,79.0,0.92,0.0,5.0,0.0,True,73.8388625592417,89.26540284360189,84.54976303317535,100.0,86.91350710900474
120028,"NORTH HAWAII COMMUNITY HOSPITAL, INC",HI,3.0,78.0,0.85,0.0,3.0,0.0,True,42.77251184834123,86.4218009478673,96.72985781990522,100.0,81.48104265402844
130002,ST LUKES MAGIC VALLEY MEDICAL CENTER,ID,4.0,61.0,0.94,0.0,5.0,0.0,True,73.8388625592417,20.85308056872038,76.80094786729858,100.0,67.87322274881517
130003,ST JOSEPH REGIONAL MEDICAL CENTER,ID,2.0,58.0,1.07,0.0,5.0,0.0,True,16.37440758293839,13.90995260663507,12.985781990521328,100.0,35.817535545023695
130006,ST LUKE'S REGIONAL MEDICAL CENTER,ID,5.0,81.0,0.96,0.0,6.0,0.0,True,94.50236966824644,93.36492890995261,66.44549763033176,100.0,88.5781990521327
130007,SAINT ALPHONSUS REGIONAL MEDICAL CENTER,ID,3.0,77.0,1.02,0.0,6.0,0.0,True,42.77251184834123,83.5781990521327,32.81990521327014,100.0,64.79265402843602
130013,SAINT ALPHONSUS MEDICAL CENTER - NAMPA,ID,3.0,78.0,0.98,0.0,6.0,0.0,True,42.77251184834123,86.4218009478673,55.66350710900474,100.0,71.21445497630332
130014,WEST VALLEY MEDICAL CENTER,ID,5.0,74.0,0.91,0.0,3.0,0.0,True,94.50236966824644,73.86255924170617,87.48815165876778,100.0,88.9632701421801
130018,EASTERN IDAHO REGIONAL MEDICAL CENTER,ID,3.0,66.0,1.0,0.0,6.0,0.0,True,42.77251184834123,38.76777251184834,44.33649289099526,100.0,56.469194312796205
130028,PORTNEUF MEDICAL CENTER,ID,4.0,58.0,1.0,0.0,6.0,0.0,True,73.8388625592417,13.90995260663507,44.33649289099526,100.0,58.02132701421801
130049,KOOTENAI HEALTH,ID,4.0,72.0,1.0,0.0,6.0,0.0,True,73.8388625592417,66.13744075829385,44.33649289099526,100.0,71.0781990521327
130065,MOUNTAIN VIEW HOSPITAL,ID,3.0,81.0,0.97,0.0,2.0,0.0,True,42.77251184834123,93.36492890995261,61.23222748815166,100.0,74.34241706161137
130071,ST LUKE'S NAMPA MEDICAL CENTER,ID,5.0,81.0,0.92,0.0,4.0,0.0,True,94.50236966824644,93.36492890995261,84.54976303317535,100.0,93.1042654028436
130074,"IDAHO FALLS COMMUNITY HOSPITAL, LLC",ID,4.0,80.0,1.01,0.0,5.0,0.0,True,73.8388625592417,91.56398104265404,38.41232227488152,100.0,75.95379146919431
140001,GRAHAM HOSPITAL ASSOCIATION,IL,3.0,63.0,0.93,0.0,5.0,0.0,True,42.77251184834123,26.895734597156395,81.04265402843602,100.0,62.67772511848341
140002,ALTON MEMORIAL HOSPITAL,IL,4.0,75.0,0.93,0.0,6.0,0.0,True,73.8388625592417,77.39336492890996,81.04265402843602,100.0,83.06872037914692
140007,SAINT JOSEPH MEDICAL CENTER,IL,1.0,49.0,1.07,1.0,6.0,0.16666666666666666,True,2.962085308056872,2.5355450236966828,12.985781990521328,83.33333333333334,25.454186413902057
140008,LOYOLA GOTTLIEB MEMORIAL HOSPITAL,IL,3.0,62.0,1.01,0.0,5.0,0.0,True,42.77251184834123,23.72037914691943,38.41232227488152,100.0,51.226303317535546
140010,NORTHSHORE UNIVERSITY HEALTHSYSTEM - EVANSTON HOSPITAL,IL,5.0,70.0,0.97,0.0,6.0,0.0,True,94.50236966824644,57.606635071090054,61.23222748815166,100.0,78.33530805687204
140011,HERRIN HOSPITAL,IL,1.0,71.0,1.01,1.0,5.0,0.2,True,2.962085308056872,61.990521327014214,38.41232227488152,80.0,45.84123222748815
140012,OSF SAINT KATHARINE MEDICAL CENTER,IL,2.0,64.0,0.96,0.0,5.0,0.0,True,16.37440758293839,30.971563981042653,66.44549763033176,100.0,53.4478672985782
140013,CARLE HEALTH PROCTOR HOSPITAL,IL,3.0,61.0,0.99,0.0,5.0,0.0,True,42.77251184834123,20.85308056872038,50.142180094786724,100.0,53.441943127962084
140015,BLESSING HOSPITAL,IL,4.0,68.0,1.0,0.0,6.0,0.0,True,73.8388625592417,48.34123222748815,44.33649289099526,100.0,66.62914691943128
140018,MT SINAI HOSPITAL MEDICAL CENTER,IL,1.0,47.0,0.99,0.0,5.0,0.0,True,2.962085308056872,1.5165876777251186,50.142180094786724,100.0,38.65521327014218
140029,COPLEY MEMORIAL HOSPITAL,IL,4.0,69.0,0.96,0.0,6.0,0.0,True,73.8388625592417,52.89099526066351,66.44549763033176,100.0,73.29383886255924
140030,ADVOCATE SHERMAN HOSPITAL,IL,4.0,74.0,0.99,0.0,5.0,0.0,True,73.8388625592417,73.86255924170617,50.142180094786724,100.0,74.46090047393365
140032,ST ANTHONYS MEMORIAL HOSPITAL,IL,3.0,67.0,0.94,0.0,4.0,0.0,True,42.77251184834123,43.578199052132696,76.80094786729858,100.0,65.78791469194313
140034,SSM HEALTH ST MARY'S HOSPITAL -CENTRALIA,IL,3.0,61.0,0.92,0.0,4.0,0.0,True,42.77251184834123,20.85308056872038,84.54976303317535,100.0,62.04383886255924
140043,CGH MEDICAL CENTER,IL,1.0,65.0,0.96,0.0,6.0,0.0,True,2.962085308056872,34.834123222748815,66.44549763033176,100.0,51.06042654028436
140046,GOOD SAMARITAN REGIONAL HLTH CENTER,IL,4.0,67.0,0.98,0.0,6.0,0.0,True,73.8388625592417,43.578199052132696,55.66350710900474,100.0,68.27014218009478
140048,ADVOCATE TRINITY HOSPITAL,IL,2.0,56.0,0.94,0.0,6.0,0.0,True,16.37440758293839,9.62085308056872,76.80094786729858,100.0,50.699052132701425
140049,WEST SUBURBAN MEDICAL CENTER,IL,1.0,48.0,0.95,0.0,4.0,0.0,True,2.962085308056872,1.943127962085308,71.65876777251185,100.0,44.14099526066351
140052,OSF SAINT ANTHONY'S HEALTH CENTER,IL,4.0,76.0,1.0,0.0,5.0,0.0,True,73.8388625592417,80.59241706161137,44.33649289099526,100.0,74.69194312796208
140053,ST JOHNS HOSPITAL,IL,2.0,63.0,1.05,0.0,5.0,0.0,True,16.37440758293839,26.895734597156395,18.95734597156398,100.0,40.55687203791469
140054,MACNEAL  HOSPITAL,IL,3.0,58.0,0.98,0.0,5.0,0.0,True,42.77251184834123,13.90995260663507,55.66350710900474,100.0,53.08649289099526
140059,JERSEY COMMUNITY HOSPITAL,IL,3.0,82.0,1.0,0.0,5.0,0.0,True,42.77251184834123,94.88151658767772,44.33649289099526,100.0,70.49763033175356
140062,PALOS COMMUNITY HOSPITAL,IL,4.0,67.0,0.99,0.0,6.0,0.0,True,73.8388625592417,43.578199052132696,50.142180094786724,100.0,66.88981042654028
140063,RUSH OAK PARK HOSPITAL,IL,4.0,64.0,0.9,0.0,5.0,0.0,True,73.8388625592417,30.971563981042653,89.97630331753554,100.0,73.69668246445497
140064,ST MARY MEDICAL CENTER,IL,2.0,62.0,0.96,0.0,4.0,0.0,True,16.37440758293839,23.72037914691943,66.44549763033176,100.0,51.63507109004739
140065,UCHICAGO MEDICINE ADVENTHEALTH LA GRANGE,IL,5.0,73.0,1.07,0.0,6.0,0.0,True,94.50236966824644,70.04739336492891,12.985781990521328,100.0,69.38388625592417
140067,SAINT FRANCIS MEDICAL CENTER,IL,2.0,65.0,0.97,1.0,6.0,0.16666666666666666,True,16.37440758293839,34.834123222748815,61.23222748815166,83.33333333333334,48.94352290679305
140068,ROSELAND COMMUNITY HOSPITAL,IL,1.0,44.0,1.13,0.0,4.0,0.0,True,2.962085308056872,0.7582938388625593,4.004739336492891,100.0,26.93127962085308
140080,SAINT FRANCIS HOSPITAL-EVANSTON,IL,2.0,64.0,1.08,1.0,6.0,0.16666666666666666,True,16.37440758293839,30.971563981042653,10.545023696682465,83.33333333333334,35.306082148499215
140084,VISTA MEDICAL CENTER EAST,IL,2.0,30.0,1.0,0.0,5.0,0.0,True,16.37440758293839,0.09478672985781991,44.33649289099526,100.0,40.20142180094787
140088,THE UNIVERSITY OF CHICAGO MEDICAL CENTER,IL,4.0,73.0,0.99,1.0,5.0,0.2,True,73.8388625592417,70.04739336492891,50.142180094786724,80.0,68.50710900473933
140089,MC DONOUGH DISTRICT HOSPITAL,IL,3.0,58.0,0.93,0.0,4.0,0.0,True,42.77251184834123,13.90995260663507,81.04265402843602,100.0,59.431279620853076
140091,CARLE FOUNDATION HOSPITAL,IL,2.0,69.0,0.96,2.0,6.0,0.3333333333333333,True,16.37440758293839,52.89099526066351,66.44549763033176,66.66666666666667,50.59439178515008
140093,OSF SACRED HEART MEDICAL CENTER,IL,2.0,54.0,0.93,0.0,5.0,0.0,True,16.37440758293839,6.563981042654028,81.04265402843602,100.0,50.99526066350711
140095,SAINT ANTHONY HOSPITAL,IL,2.0,69.0,1.02,0.0,2.0,0.0,True,16.37440758293839,52.89099526066351,32.81990521327014,100.0,50.52132701421801
140100,"MIDWESTERN REGION MED CENTER, INC",IL,4.0,89.0,1.04,0.0,1.0,0.0,True,73.8388625592417,99.45497630331754,22.843601895734597,100.0,74.03436018957346
140101,MORRIS HOSPITAL & HEALTHCARE CENTERS,IL,4.0,77.0,1.04,0.0,6.0,0.0,True,73.8388625592417,83.5781990521327,22.843601895734597,100.0,70.06516587677726
140103,ST BERNARD HOSPITAL,IL,1.0,44.0,1.03,0.0,4.0,0.0,True,2.962085308056872,0.7582938388625593,27.511848341232227,100.0,32.808056872037916
140110,OSF SAINT ELIZABETH MDL CTR,IL,3.0,57.0,1.02,0.0,4.0,0.0,True,42.77251184834123,11.540284360189574,32.81990521327014,100.0,46.78317535545024
140113,OSF HEART OF MARY MEDICAL CENTER,IL,3.0,74.0,0.98,0.0,5.0,0.0,True,42.77251184834123,73.86255924170617,55.66350710900474,100.0,68.07464454976304
140114,SWEDISH HOSPITAL,IL,3.0,58.0,1.08,0.0,5.0,0.0,True,42.77251184834123,13.90995260663507,10.545023696682465,100.0,41.80687203791469
140116,NORTHWESTERN MEDICINE MCHENRY,IL,5.0,75.0,1.0,0.0,6.0,0.0,True,94.50236966824644,77.39336492890996,44.33649289099526,100.0,79.05805687203792
140117,AMITA HEALTH RESURRECTION MEDICAL CENTER,IL,3.0,67.0,1.12,0.0,6.0,0.0,True,42.77251184834123,43.578199052132696,4.644549763033176,100.0,47.74881516587678
140119,RUSH UNIVERSITY MEDICAL CENTER,IL,5.0,78.0,0.94,1.0,6.0,0.16666666666666666,True,94.50236966824644,86.4218009478673,76.80094786729858,83.33333333333334,85.26461295418642
140120,CARLE HEALTH PEKIN HOSPITAL,IL,3.0,54.0,0.91,0.0,4.0,0.0,True,42.77251184834123,6.563981042654028,87.48815165876778,100.0,59.20616113744076
140122,UCHICAGO MEDICINE ADVENTHEALTH HINSDALE,IL,5.0,73.0,1.02,0.0,5.0,0.0,True,94.50236966824644,70.04739336492891,32.81990521327014,100.0,74.34241706161137
140124,JOHN H STROGER JR HOSPITAL,IL,2.0,68.0,0.98,0.0,5.0,0.0,True,16.37440758293839,48.34123222748815,55.66350710900474,100.0,55.094786729857816
140125,GATEWAY REGIONAL MEDICAL CENTER,IL,2.0,38.0,1.0,0.0,4.0,0.0,True,16.37440758293839,0.18957345971563982,44.33649289099526,100.0,40.225118483412324
140127,CARLE BROMENN MEDICAL CENTER,IL,3.0,77.0,0.96,1.0,6.0,0.16666666666666666,True,42.77251184834123,83.5781990521327,66.44549763033176,83.33333333333334,69.03238546603475
140130,NORTHWESTERN LAKE FOREST HOSPITAL,IL,5.0,78.0,0.95,0.0,6.0,0.0,True,94.50236966824644,86.4218009478673,71.65876777251185,100.0,88.1457345971564
140133,HOLY CROSS HOSPITAL,IL,2.0,46.0,0.99,0.0,4.0,0.0,True,16.37440758293839,1.161137440758294,50.142180094786724,100.0,41.91943127962085
140135,DECATUR MEMORIAL HOSPITAL,IL,3.0,58.0,1.03,0.0,5.0,0.0,True,42.77251184834123,13.90995260663507,27.511848341232227,100.0,46.04857819905213
140137,HSHS HOLY FAMILY HOSPITAL INC,IL,3.0,67.0,0.92,0.0,3.0,0.0,True,42.77251184834123,43.578199052132696,84.54976303317535,100.0,67.72511848341232
140145,ST JOSEPHS HOSPITAL,IL,4.0,68.0,0.97,0.0,4.0,0.0,True,73.8388625592417,48.34123222748815,61.23222748815166,100.0,70.85308056872037
140148,MEMORIAL MEDICAL CENTER,IL,3.0,70.0,1.03,0.0,5.0,0.0,True,42.77251184834123,57.606635071090054,27.511848341232227,100.0,56.97274881516588
140150,UNIVERSITY OF ILLINOIS HOSPITAL AND CLINICS,IL,4.0,65.0,1.04,0.0,6.0,0.0,True,73.8388625592417,34.834123222748815,22.843601895734597,100.0,57.87914691943128
140155,PRESENCE ST MARYS HOSPITAL,IL,4.0,69.0,0.97,0.0,6.0,0.0,True,73.8388625592417,52.89099526066351,61.23222748815166,100.0,71.99052132701422
140158,INSIGHT HOSPITAL AND MEDICAL CENTER CHICAGO,IL,1.0,51.0,1.07,0.0,3.0,0.0,True,2.962085308056872,3.9810426540284363,12.985781990521328,100.0,29.982227488151658
140160,FHN MEMORIAL HOSPITAL,IL,3.0,63.0,1.05,0.0,5.0,0.0,True,42.77251184834123,26.895734597156395,18.95734597156398,100.0,47.156398104265406
140161,SAINT JAMES HOSPITAL,IL,4.0,61.0,0.92,0.0,5.0,0.0,True,73.8388625592417,20.85308056872038,84.54976303317535,100.0,69.81042654028435
140162,ST JOSEPH MEDICAL CENTER,IL,2.0,65.0,0.96,0.0,6.0,0.0,True,16.37440758293839,34.834123222748815,66.44549763033176,100.0,54.41350710900474
140164,MEMORIAL HOSPITAL OF CARBONDALE,IL,1.0,64.0,1.07,0.0,5.0,0.0,True,2.962085308056872,30.971563981042653,12.985781990521328,100.0,36.72985781990521
140166,ST MARYS HOSPITAL,IL,1.0,60.0,1.0,0.0,5.0,0.0,True,2.962085308056872,18.246445497630333,44.33649289099526,100.0,41.38625592417061
140172,FRANCISCAN HEALTH OLYMPIA & CHICAGO HEIGHTS,IL,3.0,59.0,1.03,0.0,6.0,0.0,True,42.77251184834123,16.327014218009477,27.511848341232227,100.0,46.65284360189573
140174,PRESENCE MERCY MEDICAL CENTER,IL,3.0,58.0,0.93,0.0,5.0,0.0,True,42.77251184834123,13.90995260663507,81.04265402843602,100.0,59.431279620853076
140177,JACKSON PARK HOSPITAL,IL,1.0,29.0,1.05,0.0,3.0,0.0,True,2.962085308056872,0.047393364928909956,18.95734597156398,100.0,30.49170616113744
140179,OSF LITTLE COMPANY OF MARY MEDICAL CENTER,IL,2.0,70.0,0.95,1.0,5.0,0.2,True,16.37440758293839,57.606635071090054,71.65876777251185,80.0,56.40995260663507
140180,PRESENCE SAINTS MARY AND ELIZABETH MEDICAL CENTER,IL,3.0,67.0,1.03,0.0,5.0,0.0,True,42.77251184834123,43.578199052132696,27.511848341232227,100.0,53.46563981042654
140182,ADVOCATE ILLINOIS MASONIC MEDICAL CENTER,IL,3.0,70.0,1.01,1.0,5.0,0.2,True,42.77251184834123,57.606635071090054,38.41232227488152,80.0,54.6978672985782
140184,HEARTLAND REGIONAL MEDICAL CENTER,IL,2.0,68.0,1.09,0.0,5.0,0.0,True,16.37440758293839,48.34123222748815,8.554502369668246,100.0,43.317535545023695
140185,MEMORIAL HOSPITAL,IL,5.0,75.0,0.96,0.0,6.0,0.0,True,94.50236966824644,77.39336492890996,66.44549763033176,100.0,84.58530805687204
140186,RIVERSIDE MEDICAL CENTER,IL,4.0,68.0,1.09,0.0,5.0,0.0,True,73.8388625592417,48.34123222748815,8.554502369668246,100.0,57.68364928909953
140187,HSHS ST ELIZABETH'S HOSPITAL,IL,4.0,79.0,1.0,0.0,6.0,0.0,True,73.8388625592417,89.26540284360189,44.33649289099526,100.0,76.8601895734597
140189,SARAH BUSH LINCOLN HEALTH CENTER,IL,3.0,73.0,0.93,0.0,6.0,0.0,True,42.77251184834123,70.04739336492891,81.04265402843602,100.0,73.46563981042654
140191,INGALLS MEMORIAL HOSPITAL,IL,2.0,49.0,1.03,1.0,6.0,0.16666666666666666,True,16.37440758293839,2.5355450236966828,27.511848341232227,83.33333333333334,32.43878357030016
140200,ELMHURST MEMORIAL HOSPITAL,IL,3.0,76.0,0.98,0.0,6.0,0.0,True,42.77251184834123,80.59241706161137,55.66350710900474,100.0,69.75710900473933
140202,ADVOCATE CONDELL MEDICAL CENTER,IL,4.0,66.0,1.0,0.0,6.0,0.0,True,73.8388625592417,38.76777251184834,44.33649289099526,100.0,64.23578199052133
140206,HUMBOLDT PARK HEALTH,IL,1.0,53.0,1.05,0.0,4.0,0.0,True,2.962085308056872,5.592417061611375,18.95734597156398,100.0,31.877962085308056
140208,ADVOCATE CHRIST HOSPITAL & MEDICAL CENTER,IL,3.0,61.0,0.97,0.0,6.0,0.0,True,42.77251184834123,20.85308056872038,61.23222748815166,100.0,56.214454976303315
140209,CARLE HEALTH METHODIST HOSPITAL,IL,2.0,61.0,0.97,0.0,5.0,0.0,True,16.37440758293839,20.85308056872038,61.23222748815166,100.0,49.61492890995261
140210,HARRISBURG MEDICAL CENTER,IL,2.0,50.0,0.79,0.0,4.0,0.0,True,16.37440758293839,3.2701421800947865,99.62085308056872,100.0,54.81635071090047
140211,NORTHWESTERN MEDICINE DELNOR COMMUNITY HOSPITAL,IL,5.0,76.0,0.98,0.0,6.0,0.0,True,94.50236966824644,80.59241706161137,55.66350710900474,100.0,82.68957345971563
140213,SILVER CROSS HOSPITAL  AND MEDICAL CENTERS,IL,5.0,73.0,0.97,1.0,6.0,0.16666666666666666,True,94.50236966824644,70.04739336492891,61.23222748815166,83.33333333333334,77.27883096366509
140223,ADVOCATE LUTHERAN GENERAL HOSPITAL,IL,4.0,72.0,1.0,0.0,6.0,0.0,True,73.8388625592417,66.13744075829385,44.33649289099526,100.0,71.0781990521327
140228,UW HEALTH,IL,3.0,64.0,0.99,0.0,5.0,0.0,True,42.77251184834123,30.971563981042653,50.142180094786724,100.0,55.97156398104265
140231,EDWARD HOSPITAL,IL,3.0,74.0,0.96,1.0,6.0,0.16666666666666666,True,42.77251184834123,73.86255924170617,66.44549763033176,83.33333333333334,66.60347551342812
140233,SAINT ANTHONY MEDICAL CENTER,IL,2.0,68.0,1.05,0.0,6.0,0.0,True,16.37440758293839,48.34123222748815,18.95734597156398,100.0,45.91824644549763
140239,JAVON BEA HOSPITAL,IL,3.0,67.0,1.02,0.0,5.0,0.0,True,42.77251184834123,43.578199052132696,32.81990521327014,100.0,54.79265402843602
140242,NORTHWESTERN MEDICINE CENTRAL DUPAGE HOSPITAL,IL,5.0,82.0,1.0,0.0,6.0,0.0,True,94.50236966824644,94.88151658767772,44.33649289099526,100.0,83.43009478672985
140252,NORTHWEST COMMUNITY HOSPITAL 1,IL,4.0,64.0,1.0,1.0,6.0,0.16666666666666666,True,73.8388625592417,30.971563981042653,44.33649289099526,83.33333333333334,58.12006319115324
140258,ALEXIAN BROTHERS MEDICAL CENTER 1,IL,3.0,63.0,1.09,1.0,6.0,0.16666666666666666,True,42.77251184834123,26.895734597156395,8.554502369668246,83.33333333333334,40.38902053712481
140275,GENESIS HLTH SYSTEM DBA GENESIS MDL CTR-ILLINI,IL,2.0,58.0,1.11,0.0,6.0,0.0,True,16.37440758293839,13.90995260663507,5.545023696682464,100.0,33.95734597156398
140276,LOYOLA UNIVERSITY MEDICAL CENTER,IL,2.0,63.0,0.98,1.0,6.0,0.16666666666666666,True,16.37440758293839,26.895734597156395,55.66350710900474,83.33333333333334,45.566745655608216
140280,TRINITY ROCK ISLAND,IL,3.0,60.0,1.03,0.0,6.0,0.0,True,42.77251184834123,18.246445497630333,27.511848341232227,100.0,47.132701421800945
140281,NORTHWESTERN MEMORIAL HOSPITAL,IL,5.0,82.0,0.94,0.0,6.0,0.0,True,94.50236966824644,94.88151658767772,76.80094786729858,100.0,91.54620853080569
140286,NORTHWESTERN MEDICINE KISHWAUKEE HOSPITAL,IL,5.0,67.0,1.0,0.0,5.0,0.0,True,94.50236966824644,43.578199052132696,44.33649289099526,100.0,70.6042654028436
140288,ADVOCATE GOOD SAMARITAN HOSPITAL,IL,4.0,71.0,0.98,0.0,6.0,0.0,True,73.8388625592417,61.990521327014214,55.66350710900474,100.0,72.87322274881517
140289,ANDERSON HOSPITAL,IL,3.0,67.0,1.03,0.0,6.0,0.0,True,42.77251184834123,43.578199052132696,27.511848341232227,100.0,53.46563981042654
140290,ST ALEXIUS MEDICAL CENTER,IL,5.0,55.0,1.05,0.0,6.0,0.0,True,94.50236966824644,7.843601895734597,18.95734597156398,100.0,55.32582938388626
140291,ADVOCATE GOOD SHEPHERD HOSPITAL,IL,5.0,76.0,0.91,0.0,6.0,0.0,True,94.50236966824644,80.59241706161137,87.48815165876778,100.0,90.6457345971564
140292,UCHICAGO MEDICINE ADVENTHEALTH GLENOAKS,IL,3.0,57.0,1.08,0.0,5.0,0.0,True,42.77251184834123,11.540284360189574,10.545023696682465,100.0,41.214454976303315
140304,UCHICAGO MEDICINE ADVENTHEALTH BOLINGBROOK,IL,3.0,63.0,1.05,0.0,5.0,0.0,True,42.77251184834123,26.895734597156395,18.95734597156398,100.0,47.156398104265406
150001,JOHNSON MEMORIAL HOSPITAL,IN,5.0,72.0,0.96,0.0,4.0,0.0,True,94.50236966824644,66.13744075829385,66.44549763033176,100.0,81.77132701421802
150002,METHODIST HOSPITALS INC,IN,1.0,53.0,1.07,0.0,5.0,0.0,True,2.962085308056872,5.592417061611375,12.985781990521328,100.0,30.385071090047393
150005,HENDRICKS REGIONAL HEALTH,IN,5.0,86.0,0.94,0.0,6.0,0.0,True,94.50236966824644,98.31753554502369,76.80094786729858,100.0,92.40521327014218
150006,NORTHWEST HEALTH-LA PORTE,IN,3.0,65.0,1.03,0.0,5.0,0.0,True,42.77251184834123,34.834123222748815,27.511848341232227,100.0,51.279620853080566
150007,COMMUNITY HOWARD REGIONAL HEALTH INC.,IN,4.0,78.0,0.99,0.0,6.0,0.0,True,73.8388625592417,86.4218009478673,50.142180094786724,100.0,77.60071090047393
150008,ST CATHERINE HOSPITAL INC,IN,4.0,69.0,1.1,0.0,4.0,0.0,True,73.8388625592417,52.89099526066351,6.943127962085308,100.0,58.41824644549763
150009,NORTON CLARK HOSPITAL,IN,3.0,50.0,1.09,0.0,5.0,0.0,True,42.77251184834123,3.2701421800947865,8.554502369668246,100.0,38.649289099526065
150010,ASCENSION ST VINCENT KOKOMO,IN,4.0,76.0,0.96,0.0,5.0,0.0,True,73.8388625592417,80.59241706161137,66.44549763033176,100.0,80.2191943127962
150011,MARION GENERAL HOSPITAL,IN,3.0,58.0,0.98,0.0,5.0,0.0,True,42.77251184834123,13.90995260663507,55.66350710900474,100.0,53.08649289099526
150012,SAINT JOSEPH REGIONAL MEDICAL CENTER,IN,2.0,67.0,0.96,0.0,6.0,0.0,True,16.37440758293839,43.578199052132696,66.44549763033176,100.0,56.59952606635071
150015,FRANCISCAN HEALTH MICHIGAN CITY,IN,3.0,74.0,0.99,0.0,6.0,0.0,True,42.77251184834123,73.86255924170617,50.142180094786724,100.0,66.69431279620854
150017,LUTHERAN HOSPITAL OF INDIANA,IN,3.0,59.0,1.07,0.0,5.0,0.0,True,42.77251184834123,16.327014218009477,12.985781990521328,100.0,43.02132701421801
150018,ELKHART GENERAL HOSPITAL,IN,4.0,63.0,0.98,0.0,6.0,0.0,True,73.8388625592417,26.895734597156395,55.66350710900474,100.0,64.0995260663507
150021,PARKVIEW REGIONAL MEDICAL CENTER,IN,3.0,80.0,1.0,0.0,5.0,0.0,True,42.77251184834123,91.56398104265404,44.33649289099526,100.0,69.66824644549763
150022,FRANCISCAN HEALTH CRAWFORDSVILLE,IN,5.0,70.0,1.03,0.0,4.0,0.0,True,94.50236966824644,57.606635071090054,27.511848341232227,100.0,69.90521327014218
150023,UNION HOSPITAL INC,IN,3.0,64.0,1.01,1.0,6.0,0.16666666666666666,True,42.77251184834123,30.971563981042653,38.41232227488152,83.33333333333334,48.87243285939969
150024,ESKENAZI HEALTH,IN,3.0,75.0,0.98,0.0,5.0,0.0,True,42.77251184834123,77.39336492890996,55.66350710900474,100.0,68.95734597156398
150026,GOSHEN HOSPITAL,IN,3.0,75.0,1.0,0.0,5.0,0.0,True,42.77251184834123,77.39336492890996,44.33649289099526,100.0,66.12559241706161
150030,HENRY COUNTY MEMORIAL HOSPITAL,IN,4.0,66.0,1.06,0.0,5.0,0.0,True,73.8388625592417,38.76777251184834,15.734597156398102,100.0,57.08530805687204
150034,ST MARY MEDICAL CENTER INC,IN,3.0,72.0,1.04,0.0,6.0,0.0,True,42.77251184834123,66.13744075829385,22.843601895734597,100.0,57.93838862559242
150035,NORTHWEST HEALTH - PORTER,IN,2.0,49.0,1.05,0.0,6.0,0.0,True,16.37440758293839,2.5355450236966828,18.95734597156398,100.0,34.46682464454976
150037,HANCOCK REGIONAL HOSPITAL,IN,4.0,76.0,1.03,0.0,5.0,0.0,True,73.8388625592417,80.59241706161137,27.511848341232227,100.0,70.48578199052133
150042,GOOD SAMARITAN HOSPITAL,IN,2.0,66.0,1.16,0.0,6.0,0.0,True,16.37440758293839,38.76777251184834,2.109004739336493,100.0,39.312796208530806
150044,BAPTIST HEALTH FLOYD,IN,3.0,72.0,1.13,0.0,6.0,0.0,True,42.77251184834123,66.13744075829385,4.004739336492891,100.0,53.22867298578199
150045,PARKVIEW DEKALB HOSPITAL,IN,3.0,62.0,0.92,0.0,4.0,0.0,True,42.77251184834123,23.72037914691943,84.54976303317535,100.0,62.760663507109
150046,TERRE HAUTE REGIONAL HOSPITAL,IN,2.0,66.0,1.02,0.0,5.0,0.0,True,16.37440758293839,38.76777251184834,32.81990521327014,100.0,46.99052132701422
150047,"ST JOSEPH HEALTH SYSTEM, LLC",IN,4.0,72.0,1.16,0.0,3.0,0.0,True,73.8388625592417,66.13744075829385,2.109004739336493,100.0,60.52132701421801
150048,REID HEALTH,IN,2.0,65.0,0.99,0.0,6.0,0.0,True,16.37440758293839,34.834123222748815,50.142180094786724,100.0,50.33767772511848
150051,INDIANA UNIVERSITY HEALTH BLOOMINGTON HOSPITAL,IN,3.0,58.0,1.06,0.0,6.0,0.0,True,42.77251184834123,13.90995260663507,15.734597156398102,100.0,43.1042654028436
150056,INDIANA UNIVERSITY HEALTH,IN,3.0,64.0,1.05,0.0,6.0,0.0,True,42.77251184834123,30.971563981042653,18.95734597156398,100.0,48.175355450236964
150057,FRANCISCAN HEALTH MOORESVILLE,IN,5.0,79.0,0.93,0.0,5.0,0.0,True,94.50236966824644,89.26540284360189,81.04265402843602,100.0,91.20260663507109
150058,MEMORIAL HOSPITAL OF SOUTH BEND,IN,2.0,70.0,0.97,0.0,6.0,0.0,True,16.37440758293839,57.606635071090054,61.23222748815166,100.0,58.80331753554503
150059,RIVERVIEW HEALTH,IN,4.0,73.0,1.03,0.0,5.0,0.0,True,73.8388625592417,70.04739336492891,27.511848341232227,100.0,67.8495260663507
150061,DAVIESS COMMUNITY HOSPITAL,IN,3.0,64.0,1.07,0.0,4.0,0.0,True,42.77251184834123,30.971563981042653,12.985781990521328,100.0,46.682464454976305
150065,SCHNECK MEDICAL CENTER,IN,4.0,71.0,1.02,0.0,4.0,0.0,True,73.8388625592417,61.990521327014214,32.81990521327014,100.0,67.16232227488152
150069,NORTON-KING'S DAUGHTERS' HEALTH,IN,2.0,61.0,1.01,0.0,4.0,0.0,True,16.37440758293839,20.85308056872038,38.41232227488152,100.0,43.90995260663507
150072,MEMORIAL HOSPITAL,IN,4.0,68.0,1.15,0.0,4.0,0.0,True,73.8388625592417,48.34123222748815,2.772511848341232,100.0,56.23815165876778
150074,COMMUNITY HOSPITAL EAST,IN,3.0,79.0,1.04,0.0,6.0,0.0,True,42.77251184834123,89.26540284360189,22.843601895734597,100.0,63.72037914691943
150075,BLUFFTON REGIONAL MEDICAL CENTER,IN,4.0,65.0,0.95,0.0,4.0,0.0,True,73.8388625592417,34.834123222748815,71.65876777251185,100.0,70.08293838862559
150076,SAINT JOSEPH REGIONAL MEDICAL CENTER - PLYMOUTH,IN,4.0,63.0,0.95,0.0,4.0,0.0,True,73.8388625592417,26.895734597156395,71.65876777251185,100.0,68.09834123222748
150082,DEACONESS HOSPITAL INC,IN,2.0,73.0,1.05,1.0,6.0,0.16666666666666666,True,16.37440758293839,70.04739336492891,18.95734597156398,83.33333333333334,47.17812006319116
150084,ASCENSION ST VINCENT HOSPITAL,IN,2.0,62.0,1.04,0.0,6.0,0.0,True,16.37440758293839,23.72037914691943,22.843601895734597,100.0,40.7345971563981
150086,ST ELIZABETH DEARBORN HOSPITAL,IN,5.0,71.0,1.04,0.0,5.0,0.0,True,94.50236966824644,61.990521327014214,22.843601895734597,100.0,69.83412322274881
150088,ASCENSION ST VINCENT ANDERSON,IN,2.0,67.0,0.95,0.0,5.0,0.0,True,16.37440758293839,43.578199052132696,71.65876777251185,100.0,57.90284360189573
150089,INDIANA UNIVERSITY HEALTH BALL MEMORIAL HOSPITAL,IN,3.0,49.0,1.01,0.0,6.0,0.0,True,42.77251184834123,2.5355450236966828,38.41232227488152,100.0,45.93009478672986
150090,FRANCISCAN HEALTH DYER,IN,2.0,57.0,1.07,0.0,5.0,0.0,True,16.37440758293839,11.540284360189574,12.985781990521328,100.0,35.225118483412324
150091,PARKVIEW HUNTINGTON HOSPITAL,IN,4.0,70.0,0.9,0.0,4.0,0.0,True,73.8388625592417,57.606635071090054,89.97630331753554,100.0,80.35545023696683
150097,MAJOR HOSPITAL,IN,4.0,72.0,1.01,0.0,4.0,0.0,True,73.8388625592417,66.13744075829385,38.41232227488152,100.0,69.59715639810426
150100,ASCENSION ST VINCENT EVANSVILLE,IN,4.0,72.0,0.99,0.0,6.0,0.0,True,73.8388625592417,66.13744075829385,50.142180094786724,100.0,72.52962085308057
150101,PARKVIEW WHITLEY HOSPITAL,IN,4.0,76.0,0.89,0.0,3.0,0.0,True,73.8388625592417,80.59241706161137,91.89573459715639,100.0,86.58175355450237
150102,NORTHWEST HEALTH - STARKE,IN,1.0,76.0,1.08,0.0,4.0,0.0,True,2.962085308056872,80.59241706161137,10.545023696682465,100.0,48.524881516587676
150104,WITHAM HEALTH SERVICES,IN,4.0,62.0,0.96,0.0,6.0,0.0,True,73.8388625592417,23.72037914691943,66.44549763033176,100.0,66.00118483412322
150109,FRANCISCAN HEALTH LAFAYETTE,IN,3.0,76.0,1.03,0.0,6.0,0.0,True,42.77251184834123,80.59241706161137,27.511848341232227,100.0,62.719194312796205
150112,COLUMBUS REGIONAL HOSPITAL,IN,4.0,65.0,0.97,0.0,6.0,0.0,True,73.8388625592417,34.834123222748815,61.23222748815166,100.0,67.47630331753555
150113,COMMUNITY HOSPITAL OF ANDERSON AND MADISON COUNTY,IN,3.0,77.0,1.01,0.0,6.0,0.0,True,42.77251184834123,83.5781990521327,38.41232227488152,100.0,66.19075829383885
150115,MEMORIAL HOSPITAL AND HEALTH CARE CENTER,IN,4.0,75.0,0.99,0.0,6.0,0.0,True,73.8388625592417,77.39336492890996,50.142180094786724,100.0,75.3436018957346
150125,COMMUNITY HOSPITAL,IN,3.0,75.0,1.1,1.0,6.0,0.16666666666666666,True,42.77251184834123,77.39336492890996,6.943127962085308,83.33333333333334,52.61058451816746
150126,FRANCISCAN HEALTH CROWN POINT,IN,3.0,69.0,1.01,0.0,6.0,0.0,True,42.77251184834123,52.89099526066351,38.41232227488152,100.0,58.518957345971565
150128,"COMMUNITY HOSPITAL SOUTH, INC.",IN,3.0,79.0,1.09,0.0,6.0,0.0,True,42.77251184834123,89.26540284360189,8.554502369668246,100.0,60.14810426540284
150133,KOSCIUSKO COMMUNITY HOSPITAL,IN,4.0,63.0,0.97,0.0,4.0,0.0,True,73.8388625592417,26.895734597156395,61.23222748815166,100.0,65.49170616113744
150146,PARKVIEW NOBLE HOSPITAL,IN,3.0,68.0,0.9,0.0,4.0,0.0,True,42.77251184834123,48.34123222748815,89.97630331753554,100.0,70.27251184834122
150150,DUPONT HOSPITAL LLC,IN,4.0,69.0,1.04,0.0,4.0,0.0,True,73.8388625592417,52.89099526066351,22.843601895734597,100.0,62.39336492890995
150153,ST VINCENT HEART CENTER,IN,5.0,85.0,0.97,0.0,3.0,0.0,True,94.50236966824644,97.8436018957346,61.23222748815166,100.0,88.39454976303318
150157,ASCENSION ST VINCENT CARMEL,IN,3.0,69.0,0.97,0.0,4.0,0.0,True,42.77251184834123,52.89099526066351,61.23222748815166,100.0,64.22393364928911
150158,IU HEALTH WEST HOSPITAL,IN,4.0,70.0,0.97,0.0,6.0,0.0,True,73.8388625592417,57.606635071090054,61.23222748815166,100.0,73.16943127962085
150161,INDIANA UNIVERSITY HEALTH NORTH HOSPITAL,IN,4.0,77.0,1.03,0.0,5.0,0.0,True,73.8388625592417,83.5781990521327,27.511848341232227,100.0,71.23222748815166
150162,FRANCISCAN HEALTH INDIANAPOLIS,IN,4.0,76.0,0.99,0.0,5.0,0.0,True,73.8388625592417,80.59241706161137,50.142180094786724,100.0,76.14336492890995
150165,FRANCISCAN HEALTH MUNSTER,IN,3.0,74.0,0.99,0.0,6.0,0.0,True,42.77251184834123,73.86255924170617,50.142180094786724,100.0,66.69431279620854
150169,COMMUNITY HOSPITAL NORTH,IN,3.0,71.0,1.06,0.0,5.0,0.0,True,42.77251184834123,61.990521327014214,15.734597156398102,100.0,55.12440758293839
150173,INDIANA UNIVERSITY HEALTH ARNETT HOSPITAL,IN,4.0,73.0,0.99,0.0,6.0,0.0,True,73.8388625592417,70.04739336492891,50.142180094786724,100.0,73.50710900473933
150181,ASCENSION ST VINCENT FISHERS,IN,4.0,77.0,1.0,0.0,4.0,0.0,True,73.8388625592417,83.5781990521327,44.33649289099526,100.0,75.43838862559241
150183,MONROE HOSPITAL,IN,4.0,82.0,0.91,0.0,4.0,0.0,True,73.8388625592417,94.88151658767772,87.48815165876778,100.0,89.0521327014218
160001,UNITYPOINT HEALTH - MARSHALLTOWN,IA,3.0,65.0,0.84,0.0,4.0,0.0,True,42.77251184834123,34.834123222748815,97.58293838862559,100.0,68.79739336492891
160013,TRINITY MUSCATINE,IA,4.0,57.0,0.93,0.0,4.0,0.0,True,73.8388625592417,11.540284360189574,81.04265402843602,100.0,66.60545023696682
160016,TRINITY REGIONAL MEDICAL CENTER,IA,2.0,54.0,0.93,0.0,5.0,0.0,True,16.37440758293839,6.563981042654028,81.04265402843602,100.0,50.99526066350711
160028,CHI HEALTH MERCY COUNCIL BLUFFS,IA,5.0,66.0,0.97,0.0,4.0,0.0,True,94.50236966824644,38.76777251184834,61.23222748815166,100.0,73.62559241706161
160029,UNIVERSITY OF IOWA HEALTH CARE MEDICAL CENTER DOWN,IA,4.0,72.0,0.99,0.0,6.0,0.0,True,73.8388625592417,66.13744075829385,50.142180094786724,100.0,72.52962085308057
160030,MARY GREELEY MEDICAL CENTER,IA,4.0,82.0,0.95,0.0,6.0,0.0,True,73.8388625592417,94.88151658767772,71.65876777251185,100.0,85.09478672985782
160032,MERCYONE NEWTON MEDICAL CENTER,IA,4.0,58.0,0.99,0.0,3.0,0.0,True,73.8388625592417,13.90995260663507,50.142180094786724,100.0,59.47274881516587
160033,GENESIS MEDICAL CENTER-DAVENPORT,IA,2.0,63.0,0.96,1.0,6.0,0.16666666666666666,True,16.37440758293839,26.895734597156395,66.44549763033176,83.33333333333334,48.262243285939974
160045,ST LUKES HOSPITAL,IA,4.0,78.0,0.95,0.0,6.0,0.0,True,73.8388625592417,86.4218009478673,71.65876777251185,100.0,82.97985781990522
160047,METHODIST JENNIE EDMUNDSON,IA,3.0,73.0,0.95,0.0,6.0,0.0,True,42.77251184834123,70.04739336492891,71.65876777251185,100.0,71.1196682464455
160057,SOUTHEAST IOWA REGIONAL MEDICAL CENTER,IA,4.0,56.0,0.93,0.0,6.0,0.0,True,73.8388625592417,9.62085308056872,81.04265402843602,100.0,66.12559241706161
160058,UNIVERSITY OF IOWA HOSPITAL & CLINICS,IA,2.0,74.0,1.05,0.0,6.0,0.0,True,16.37440758293839,73.86255924170617,18.95734597156398,100.0,52.29857819905213
160064,MERCYONE NORTH IOWA MEDICAL CENTER,IA,2.0,58.0,0.96,0.0,6.0,0.0,True,16.37440758293839,13.90995260663507,66.44549763033176,100.0,49.182464454976305
160067,MERCYONE WATERLOO MEDICAL CENTER,IA,4.0,65.0,0.89,0.0,6.0,0.0,True,73.8388625592417,34.834123222748815,91.89573459715639,100.0,75.14218009478672
160069,MERCYONE DUBUQUE MEDICAL CENTER,IA,3.0,76.0,0.93,0.0,5.0,0.0,True,42.77251184834123,80.59241706161137,81.04265402843602,100.0,76.10189573459715
160079,MERCY MEDICAL CENTER - CEDAR RAPIDS,IA,4.0,81.0,0.95,0.0,6.0,0.0,True,73.8388625592417,93.36492890995261,71.65876777251185,100.0,84.71563981042654
160080,MERCYONE CLINTON MEDICAL CENTER,IA,4.0,65.0,0.86,0.0,5.0,0.0,True,73.8388625592417,34.834123222748815,95.75829383886256,100.0,76.10781990521326
160082,UNITYPOINT HEALTH - DES MOINES IOWA METHODIST MEDI,IA,3.0,71.0,0.97,0.0,6.0,0.0,True,42.77251184834123,61.990521327014214,61.23222748815166,100.0,66.49881516587678
160083,MERCYONE DES MOINES MEDICAL CENTER,IA,1.0,59.0,1.01,0.0,6.0,0.0,True,2.962085308056872,16.327014218009477,38.41232227488152,100.0,39.425355450236964
160089,OTTUMWA REGIONAL HEALTH CENTER,IA,2.0,41.0,1.0,0.0,4.0,0.0,True,16.37440758293839,0.42654028436018954,44.33649289099526,100.0,40.28436018957346
160101,BROADLAWNS MEDICAL CENTER,IA,3.0,78.0,0.98,0.0,1.0,0.0,True,42.77251184834123,86.4218009478673,55.66350710900474,100.0,71.21445497630332
160104,TRINITY - BETTENDORF,IA,3.0,68.0,0.95,0.0,6.0,0.0,True,42.77251184834123,48.34123222748815,71.65876777251185,100.0,65.6931279620853
160110,ALLEN HOSPITAL,IA,3.0,69.0,0.93,0.0,6.0,0.0,True,42.77251184834123,52.89099526066351,81.04265402843602,100.0,69.17654028436019
160112,SPENCER MUNICIPAL HOSPITAL,IA,4.0,79.0,0.9,0.0,5.0,0.0,True,73.8388625592417,89.26540284360189,89.97630331753554,100.0,88.27014218009478
160117,FINLEY HOSPITAL,IA,3.0,74.0,0.9,0.0,6.0,0.0,True,42.77251184834123,73.86255924170617,89.97630331753554,100.0,76.65284360189574
160124,LAKES REGIONAL HEALTHCARE,IA,2.0,78.0,0.88,0.0,5.0,0.0,True,16.37440758293839,86.4218009478673,93.22274881516589,100.0,74.00473933649289
160146,ST LUKES REGIONAL MEDICAL CENTER,IA,2.0,70.0,0.95,0.0,5.0,0.0,True,16.37440758293839,57.606635071090054,71.65876777251185,100.0,61.40995260663507
160147,GRINNELL REGIONAL MEDICAL CENTER,IA,2.0,72.0,0.89,0.0,4.0,0.0,True,16.37440758293839,66.13744075829385,91.89573459715639,100.0,68.60189573459715
160153,MERCYONE SIOUXLAND MEDICAL CENTER,IA,2.0,54.0,0.98,0.0,6.0,0.0,True,16.37440758293839,6.563981042654028,55.66350710900474,100.0,44.65047393364929
170009,SAINT JOHN HOSPITAL,KS,3.0,64.0,0.88,0.0,3.0,0.0,True,42.77251184834123,30.971563981042653,93.22274881516589,100.0,66.74170616113744
170012,SALINA REGIONAL HEALTH CENTER,KS,3.0,66.0,1.05,0.0,6.0,0.0,True,42.77251184834123,38.76777251184834,18.95734597156398,100.0,50.12440758293839
170013,HAYS MEDICAL CENTER,KS,3.0,65.0,1.05,0.0,6.0,0.0,True,42.77251184834123,34.834123222748815,18.95734597156398,100.0,49.1409952606635
170014,ADVENTHEALTH OTTAWA,KS,3.0,67.0,0.94,0.0,4.0,0.0,True,42.77251184834123,43.578199052132696,76.80094786729858,100.0,65.78791469194313
170016,UNIVERSITY OF KANSAS HEALTH SYSTEM - ST FRANCIS CAMPUS,KS,3.0,65.0,0.98,0.0,6.0,0.0,True,42.77251184834123,34.834123222748815,55.66350710900474,100.0,58.317535545023695
170020,HUTCHINSON REGIONAL MEDICAL CENTER INC,KS,2.0,64.0,0.95,0.0,6.0,0.0,True,16.37440758293839,30.971563981042653,71.65876777251185,100.0,54.75118483412322
170023,ST. CATHERINE HOSPITAL - GARDEN CITY,KS,2.0,53.0,1.03,0.0,5.0,0.0,True,16.37440758293839,5.592417061611375,27.511848341232227,100.0,37.3696682464455
170027,PRATT REGIONAL MEDICAL CENTER,KS,4.0,81.0,0.95,0.0,5.0,0.0,True,73.8388625592417,93.36492890995261,71.65876777251185,100.0,84.71563981042654
170040,UNIVERSITY OF KANSAS HOSPITAL,KS,5.0,83.0,0.99,0.0,5.0,0.0,True,94.50236966824644,96.25592417061611,50.142180094786724,100.0,85.22511848341232
170049,UNIVERSITY OF KANSAS HEALTH SYSTEM OLATHE HOSPITAL,KS,4.0,69.0,1.0,0.0,5.0,0.0,True,73.8388625592417,52.89099526066351,44.33649289099526,100.0,67.76658767772511
170068,SOUTHWEST MEDICAL CENTER,KS,1.0,56.0,0.92,0.0,5.0,0.0,True,2.962085308056872,9.62085308056872,84.54976303317535,100.0,49.28317535545024
170074,"STORMONT VAIL HEALTH FLINT HILLS, LLC",KS,4.0,72.0,0.82,0.0,4.0,0.0,True,73.8388625592417,66.13744075829385,98.7914691943128,100.0,84.69194312796209
170086,STORMONT VAIL HOSPITAL,KS,4.0,76.0,1.06,0.0,6.0,0.0,True,73.8388625592417,80.59241706161137,15.734597156398102,100.0,67.5414691943128
170103,NMC HEALTH,KS,5.0,77.0,1.01,0.0,5.0,0.0,True,94.50236966824644,83.5781990521327,38.41232227488152,100.0,79.12322274881517
170104,ADVENTHEALTH SHAWNEE MISSION,KS,3.0,75.0,0.99,0.0,6.0,0.0,True,42.77251184834123,77.39336492890996,50.142180094786724,100.0,67.57701421800948
170105,MCPHERSON HOSPITAL,KS,2.0,66.0,0.92,0.0,4.0,0.0,True,16.37440758293839,38.76777251184834,84.54976303317535,100.0,59.92298578199052
170120,LABETTE HEALTH,KS,3.0,69.0,0.9,0.0,5.0,0.0,True,42.77251184834123,52.89099526066351,89.97630331753554,100.0,71.40995260663507
170122,"ASCENSION VIA CHRISTI HOSPITALS WICHITA, INC.",KS,2.0,61.0,0.96,0.0,6.0,0.0,True,16.37440758293839,20.85308056872038,66.44549763033176,100.0,50.91824644549763
170123,WESLEY MEDICAL CENTER,KS,4.0,65.0,1.02,0.0,6.0,0.0,True,73.8388625592417,34.834123222748815,32.81990521327014,100.0,60.37322274881517
170137,LMH,KS,4.0,69.0,0.92,0.0,6.0,0.0,True,73.8388625592417,52.89099526066351,84.54976303317535,100.0,77.81990521327015
170142,"ASCENSION VIA CHRISTI HOSPITAL MANHATTAN, INC",KS,4.0,70.0,0.94,0.0,6.0,0.0,True,73.8388625592417,57.606635071090054,76.80094786729858,100.0,77.06161137440759
170146,PROVIDENCE MEDICAL CENTER,KS,3.0,56.0,0.97,0.0,6.0,0.0,True,42.77251184834123,9.62085308056872,61.23222748815166,100.0,53.406398104265406
170175,CENTURA ST. CATHERINE-DODGE CITY,KS,3.0,58.0,0.95,0.0,5.0,0.0,True,42.77251184834123,13.90995260663507,71.65876777251185,100.0,57.08530805687204
170176,OVERLAND PARK REG MED CTR,KS,4.0,67.0,1.03,0.0,6.0,0.0,True,73.8388625592417,43.578199052132696,27.511848341232227,100.0,61.23222748815166
170182,MENORAH MEDICAL CENTER,KS,3.0,73.0,1.02,0.0,6.0,0.0,True,42.77251184834123,70.04739336492891,32.81990521327014,100.0,61.40995260663507
170185,SAINT LUKE'S SOUTH HOSPITAL,KS,4.0,78.0,1.06,0.0,6.0,0.0,True,73.8388625592417,86.4218009478673,15.734597156398102,100.0,68.99881516587678
170186,KANSAS HEART HOSPITAL,KS,4.0,89.0,1.02,0.0,3.0,0.0,True,73.8388625592417,99.45497630331754,32.81990521327014,100.0,76.52843601895735
170191,UNIVERSITY  OF KS HLTH SYSTEM GREAT BEND CAMPUS,KS,4.0,57.0,0.97,0.0,4.0,0.0,True,73.8388625592417,11.540284360189574,61.23222748815166,100.0,61.65284360189573
170197,KANSAS MEDICAL CENTER LLC,KS,2.0,76.0,1.03,0.0,5.0,0.0,True,16.37440758293839,80.59241706161137,27.511848341232227,100.0,56.1196682464455
170200,"VIA CHRISTI HOSPITAL WICHITA ST TERESA, INC",KS,4.0,79.0,0.99,0.0,4.0,0.0,True,73.8388625592417,89.26540284360189,50.142180094786724,100.0,78.31161137440758
170204,"ROCK REGIONAL HOSPITAL, LLC",KS,4.0,90.0,0.98,0.0,4.0,0.0,True,73.8388625592417,99.76303317535546,55.66350710900474,100.0,82.31635071090048
170208,"ADVENTHEALTH SOUTH OVERLAND PARK, INC",KS,4.0,83.0,0.99,0.0,3.0,0.0,True,73.8388625592417,96.25592417061611,50.142180094786724,100.0,80.05924170616113
180001,ST ELIZABETH FT THOMAS,KY,5.0,68.0,1.09,0.0,4.0,0.0,True,94.50236966824644,48.34123222748815,8.554502369668246,100.0,62.84952606635071
180002,WHITESBURG ARH HOSPITAL,KY,3.0,65.0,0.91,0.0,4.0,0.0,True,42.77251184834123,34.834123222748815,87.48815165876778,100.0,66.27369668246445
180004,OWENSBORO HEALTH MUHLENBERG COMMUNITY HOSPITAL,KY,4.0,71.0,0.92,0.0,4.0,0.0,True,73.8388625592417,61.990521327014214,84.54976303317535,100.0,80.09478672985782
180005,HIGHLANDS ARH REGIONAL MEDICAL CENTER,KY,2.0,64.0,1.05,0.0,5.0,0.0,True,16.37440758293839,30.971563981042653,18.95734597156398,100.0,41.57582938388626
180009,KING'S DAUGHTERS' MEDICAL CENTER,KY,3.0,68.0,1.0,0.0,6.0,0.0,True,42.77251184834123,48.34123222748815,44.33649289099526,100.0,58.86255924170616
180010,SAINT JOSEPH HOSPITAL,KY,3.0,64.0,1.0,0.0,6.0,0.0,True,42.77251184834123,30.971563981042653,44.33649289099526,100.0,54.52014218009479
180011,SAINT JOSEPH LONDON,KY,3.0,73.0,0.93,0.0,6.0,0.0,True,42.77251184834123,70.04739336492891,81.04265402843602,100.0,73.46563981042654
180012,BAPTIST HEALTH HARDIN,KY,3.0,69.0,1.03,0.0,5.0,0.0,True,42.77251184834123,52.89099526066351,27.511848341232227,100.0,55.79383886255924
180013,THE MEDICAL CENTER (BOWLING GREEN),KY,2.0,70.0,1.06,0.0,5.0,0.0,True,16.37440758293839,57.606635071090054,15.734597156398102,100.0,47.42890995260664
180016,UOFL HEALTH - SHELBYVILLE HOSPITAL,KY,3.0,64.0,0.92,0.0,4.0,0.0,True,42.77251184834123,30.971563981042653,84.54976303317535,100.0,64.57345971563981
180017,T J SAMSON COMMUNITY HOSPITAL,KY,3.0,68.0,1.06,0.0,6.0,0.0,True,42.77251184834123,48.34123222748815,15.734597156398102,100.0,51.71208530805687
180018,ST CLAIRE REGIONAL MEDICAL CENTER,KY,2.0,68.0,0.92,1.0,5.0,0.2,True,16.37440758293839,48.34123222748815,84.54976303317535,80.0,57.31635071090047
180019,MEADOWVIEW REGIONAL MEDICAL CENTER,KY,4.0,55.0,1.1,0.0,5.0,0.0,True,73.8388625592417,7.843601895734597,6.943127962085308,100.0,47.156398104265406
180020,MIDDLESBORO ARH HOSPITAL,KY,1.0,56.0,1.09,0.0,4.0,0.0,True,2.962085308056872,9.62085308056872,8.554502369668246,100.0,30.28436018957346
180024,SPRING VIEW HOSPITAL,KY,5.0,64.0,0.83,0.0,5.0,0.0,True,94.50236966824644,30.971563981042653,98.34123222748815,100.0,80.95379146919431
180025,CHI SAINT JOSEPH FLAGET MEMORIAL HOSPITAL,KY,3.0,61.0,0.87,0.0,3.0,0.0,True,42.77251184834123,20.85308056872038,94.50236966824644,100.0,64.53199052132702
180027,MURRAY-CALLOWAY COUNTY HOSPITAL,KY,3.0,74.0,1.02,0.0,6.0,0.0,True,42.77251184834123,73.86255924170617,32.81990521327014,100.0,62.36374407582939
180029,HAZARD ARH REGIONAL MEDICAL CENTER,KY,2.0,55.0,1.06,0.0,5.0,0.0,True,16.37440758293839,7.843601895734597,15.734597156398102,100.0,34.98815165876778
180035,ST ELIZABETH EDGEWOOD,KY,5.0,74.0,1.04,0.0,6.0,0.0,True,94.50236966824644,73.86255924170617,22.843601895734597,100.0,72.8021327014218
180038,OWENSBORO HEALTH REGIONAL HOSPITAL,KY,2.0,68.0,0.97,0.0,5.0,0.0,True,16.37440758293839,48.34123222748815,61.23222748815166,100.0,56.48696682464455
180040,UOFL HEALTH - JEWISH HOSPITAL and Mary & Elizabeth Hospital,KY,2.0,65.0,1.01,0.0,6.0,0.0,True,16.37440758293839,34.834123222748815,38.41232227488152,100.0,47.405213270142184
180043,AdventHealthManchester,KY,3.0,75.0,0.97,0.0,3.0,0.0,True,42.77251184834123,77.39336492890996,61.23222748815166,100.0,70.3495260663507
180044,PIKEVILLE MEDICAL CENTER,KY,1.0,66.0,0.95,0.0,5.0,0.0,True,2.962085308056872,38.76777251184834,71.65876777251185,100.0,53.34715639810427
180045,ST ELIZABETH FLORENCE,KY,3.0,69.0,1.03,0.0,4.0,0.0,True,42.77251184834123,52.89099526066351,27.511848341232227,100.0,55.79383886255924
180046,BOURBON COMMUNITY HOSPITAL,KY,2.0,73.0,1.22,0.0,3.0,0.0,True,16.37440758293839,70.04739336492891,0.7582938388625593,100.0,46.79502369668246
180048,EPHRAIM MCDOWELL REGIONAL MEDICAL CENTER,KY,3.0,64.0,1.07,0.0,5.0,0.0,True,42.77251184834123,30.971563981042653,12.985781990521328,100.0,46.682464454976305
180049,BAPTIST HEALTH RICHMOND,KY,4.0,78.0,1.02,0.0,5.0,0.0,True,73.8388625592417,86.4218009478673,32.81990521327014,100.0,73.27014218009478
180050,HARLAN ARH HOSPITAL,KY,2.0,59.0,0.95,0.0,4.0,0.0,True,16.37440758293839,16.327014218009477,71.65876777251185,100.0,51.09004739336493
180051,JENNIE STUART MEDICAL CENTER,KY,1.0,57.0,1.05,0.0,4.0,0.0,True,2.962085308056872,11.540284360189574,18.95734597156398,100.0,33.36492890995261
180056,DEACONESS HENDERSON HOSPITAL,KY,2.0,61.0,1.03,0.0,4.0,0.0,True,16.37440758293839,20.85308056872038,27.511848341232227,100.0,41.18483412322275
180064,SAINT JOSEPH MOUNT STERLING,KY,4.0,73.0,1.02,0.0,3.0,0.0,True,73.8388625592417,70.04739336492891,32.81990521327014,100.0,69.17654028436019
180066,The Medical Center at Russellville,KY,2.0,67.0,0.92,0.0,3.0,0.0,True,16.37440758293839,43.578199052132696,84.54976303317535,100.0,61.12559241706161
180067,UNIVERSITY OF KENTUCKY HOSPITAL,KY,4.0,76.0,1.02,0.0,5.0,0.0,True,73.8388625592417,80.59241706161137,32.81990521327014,100.0,71.81279620853081
180069,TUG VALLEY ARH REGIONAL MEDICAL CENTER,KY,2.0,54.0,0.81,1.0,4.0,0.25,True,16.37440758293839,6.563981042654028,99.21800947867298,75.0,49.28909952606635
180070,OWENSBORO HEALTH TWIN LAKES MEDICAL CENTER,KY,3.0,71.0,1.05,0.0,4.0,0.0,True,42.77251184834123,61.990521327014214,18.95734597156398,100.0,55.93009478672985
180078,PAINTSVILLE ARH HOSPITAL,KY,2.0,58.0,0.96,0.0,4.0,0.0,True,16.37440758293839,13.90995260663507,66.44549763033176,100.0,49.182464454976305
180079,HARRISON MEMORIAL HOSPITAL,KY,3.0,82.0,0.95,0.0,5.0,0.0,True,42.77251184834123,94.88151658767772,71.65876777251185,100.0,77.3281990521327
180080,BAPTIST HEALTH CORBIN,KY,3.0,75.0,1.0,0.0,5.0,0.0,True,42.77251184834123,77.39336492890996,44.33649289099526,100.0,66.12559241706161
180087,TAYLOR REGIONAL HOSPITAL,KY,2.0,69.0,1.09,0.0,4.0,0.0,True,16.37440758293839,52.89099526066351,8.554502369668246,100.0,44.45497630331754
180088,"NORTON HOSPITALS, INC",KY,2.0,73.0,1.0,2.0,6.0,0.3333333333333333,True,16.37440758293839,70.04739336492891,44.33649289099526,66.66666666666667,49.3562401263823
180092,CLARK REGIONAL MEDICAL CENTER,KY,3.0,70.0,1.01,0.0,5.0,0.0,True,42.77251184834123,57.606635071090054,38.41232227488152,100.0,59.6978672985782
180093,BAPTIST HEALTH DEACONESS MADISONVILLE,KY,2.0,62.0,1.04,0.0,5.0,0.0,True,16.37440758293839,23.72037914691943,22.843601895734597,100.0,40.7345971563981
180101,GEORGETOWN COMMUNITY HOSPITAL,KY,3.0,65.0,0.96,0.0,3.0,0.0,True,42.77251184834123,34.834123222748815,66.44549763033176,100.0,61.013033175355446
180102,MERCY HEALTH - LOURDES HOSPITAL,KY,3.0,68.0,1.03,0.0,6.0,0.0,True,42.77251184834123,48.34123222748815,27.511848341232227,100.0,54.6563981042654
180103,BAPTIST HEALTH LEXINGTON,KY,4.0,84.0,1.09,0.0,6.0,0.0,True,73.8388625592417,97.27488151658767,8.554502369668246,100.0,69.91706161137441
180104,BAPTIST HEALTH PADUCAH,KY,4.0,79.0,1.02,0.0,5.0,0.0,True,73.8388625592417,89.26540284360189,32.81990521327014,100.0,73.98104265402844
180105,MONROE COUNTY MEDICAL CENTER,KY,1.0,67.0,0.92,0.0,4.0,0.0,True,2.962085308056872,43.578199052132696,84.54976303317535,100.0,57.77251184834123
180115,"ROCKCASTLE COUNTY HOSPITAL, INC.",KY,2.0,85.0,1.0,0.0,4.0,0.0,True,16.37440758293839,97.8436018957346,44.33649289099526,100.0,64.63862559241706
180116,JACKSON PURCHASE MEDICAL CENTER,KY,1.0,60.0,1.06,0.0,4.0,0.0,True,2.962085308056872,18.246445497630333,15.734597156398102,100.0,34.235781990521325
180124,TRISTAR GREENVIEW REGIONAL HOSPITAL,KY,2.0,71.0,1.08,0.0,6.0,0.0,True,16.37440758293839,61.990521327014214,10.545023696682465,100.0,47.22748815165876
180127,FRANKFORT REGIONAL MEDICAL CENTER,KY,3.0,51.0,0.94,0.0,5.0,0.0,True,42.77251184834123,3.9810426540284363,76.80094786729858,100.0,55.88862559241706
180128,THREE RIVERS MEDICAL CENTER,KY,3.0,79.0,0.88,0.0,4.0,0.0,True,42.77251184834123,89.26540284360189,93.22274881516589,100.0,81.31516587677726
180130,BAPTIST HEALTH LOUISVILLE,KY,4.0,75.0,1.02,0.0,6.0,0.0,True,73.8388625592417,77.39336492890996,32.81990521327014,100.0,71.01303317535545
180132,LAKE CUMBERLAND REGIONAL HOSPITAL,KY,2.0,53.0,1.03,0.0,5.0,0.0,True,16.37440758293839,5.592417061611375,27.511848341232227,100.0,37.3696682464455
180138,BAPTIST HEALTH LAGRANGE,KY,5.0,80.0,1.01,0.0,4.0,0.0,True,94.50236966824644,91.56398104265404,38.41232227488152,100.0,81.1196682464455
180141,UNIVERSITY OF LOUISVILLE HOSPITAL,KY,1.0,66.0,1.13,1.0,5.0,0.2,True,2.962085308056872,38.76777251184834,4.004739336492891,80.0,31.433649289099527
180143,SAINT JOSEPH EAST,KY,2.0,65.0,0.94,0.0,5.0,0.0,True,16.37440758293839,34.834123222748815,76.80094786729858,100.0,57.002369668246445
190002,OCHSNER LAFAYETTE GENERAL MEDICAL CENTER,LA,3.0,74.0,1.02,0.0,6.0,0.0,True,42.77251184834123,73.86255924170617,32.81990521327014,100.0,62.36374407582939
190004,THIBODAUX REGIONAL MEDICAL CENTER,LA,3.0,80.0,1.04,0.0,5.0,0.0,True,42.77251184834123,91.56398104265404,22.843601895734597,100.0,64.29502369668246
190005,UNIVERSITY MEDICAL CENTER NEW ORLEANS,LA,2.0,75.0,1.02,0.0,4.0,0.0,True,16.37440758293839,77.39336492890996,32.81990521327014,100.0,56.64691943127962
190006,OCHSNER UNIVERSITY HOSPITAL AND CLINICS,LA,3.0,75.0,1.03,0.0,4.0,0.0,True,42.77251184834123,77.39336492890996,27.511848341232227,100.0,61.91943127962085
190007,NATCHITOCHES REGIONAL MEDICAL CENTER,LA,4.0,65.0,1.11,0.0,3.0,0.0,True,73.8388625592417,34.834123222748815,5.545023696682464,100.0,53.55450236966824
190008,TERREBONNE GENERAL MEDICAL CENTER - PARISH,LA,4.0,72.0,1.04,0.0,5.0,0.0,True,73.8388625592417,66.13744075829385,22.843601895734597,100.0,65.70497630331754
190011,OCHSNER LSU HEALTH MONROE,LA,3.0,77.0,1.12,0.0,2.0,0.0,True,42.77251184834123,83.5781990521327,4.644549763033176,100.0,57.74881516587678
190013,WEST CALCASIEU CAMERON HOSPITAL,LA,4.0,75.0,1.03,0.0,5.0,0.0,True,73.8388625592417,77.39336492890996,27.511848341232227,100.0,69.68601895734596
190014,OCHSNER ST MARY,LA,2.0,63.0,1.16,0.0,4.0,0.0,True,16.37440758293839,26.895734597156395,2.109004739336493,100.0,36.344786729857816
190015,NORTH OAKS MEDICAL CENTER,LA,2.0,63.0,1.15,1.0,5.0,0.2,True,16.37440758293839,26.895734597156395,2.772511848341232,80.0,31.510663507109
190017,OPELOUSAS GENERAL HEALTH SYSTEM,LA,2.0,66.0,1.03,0.0,6.0,0.0,True,16.37440758293839,38.76777251184834,27.511848341232227,100.0,45.66350710900474
190019,CHRISTUS ST FRANCES CABRINI HOSPITAL,LA,3.0,70.0,1.06,1.0,5.0,0.2,True,42.77251184834123,57.606635071090054,15.734597156398102,80.0,49.02843601895735
190020,LANE REGIONAL MEDICAL CENTER,LA,3.0,69.0,1.1,0.0,5.0,0.0,True,42.77251184834123,52.89099526066351,6.943127962085308,100.0,50.65165876777252
190025,SAVOY MEDICAL CENTER,LA,4.0,88.0,1.25,0.0,3.0,0.0,True,73.8388625592417,99.0521327014218,0.4028436018957346,100.0,68.32345971563981
190026,RAPIDES REGIONAL MEDICAL CENTER,LA,2.0,60.0,1.07,0.0,5.0,0.0,True,16.37440758293839,18.246445497630333,12.985781990521328,100.0,36.90165876777252
190027,CHRISTUS OCHSNER ST PATRICK HOSPITAL,LA,3.0,67.0,1.05,0.0,5.0,0.0,True,42.77251184834123,43.578199052132696,18.95734597156398,100.0,51.32701421800948
190034,ABBEVILLE GENERAL HOSPITAL,LA,3.0,74.0,1.02,0.0,3.0,0.0,True,42.77251184834123,73.86255924170617,32.81990521327014,100.0,62.36374407582939
190036,OCHSNER MEDICAL CENTER ACUTE,LA,4.0,73.0,0.99,1.0,6.0,0.16666666666666666,True,73.8388625592417,70.04739336492891,50.142180094786724,83.33333333333334,69.34044233807268
190039,WEST JEFFERSON MEDICAL CENTER,LA,3.0,72.0,1.1,0.0,5.0,0.0,True,42.77251184834123,66.13744075829385,6.943127962085308,100.0,53.96327014218009
190040,SLIDELL MEMORIAL HOSPITAL,LA,2.0,63.0,0.98,1.0,5.0,0.2,True,16.37440758293839,26.895734597156395,55.66350710900474,80.0,44.73341232227488
190041,CHRISTUS SHREVEPORT-BOSSIER HEALTH SYSTEM,LA,3.0,71.0,1.06,0.0,6.0,0.0,True,42.77251184834123,61.990521327014214,15.734597156398102,100.0,55.12440758293839
190044,ACADIA GENERAL HOSPITAL,LA,3.0,68.0,1.09,0.0,5.0,0.0,True,42.77251184834123,48.34123222748815,8.554502369668246,100.0,49.91706161137441
190045,ST TAMMANY PARISH HOSPITAL,LA,4.0,80.0,1.01,0.0,6.0,0.0,True,73.8388625592417,91.56398104265404,38.41232227488152,100.0,75.95379146919431
190046,TOURO INFIRMARY,LA,3.0,73.0,0.96,0.0,6.0,0.0,True,42.77251184834123,70.04739336492891,66.44549763033176,100.0,69.81635071090048
190050,BEAUREGARD MEMORIAL HOSPITAL,LA,3.0,72.0,1.23,0.0,4.0,0.0,True,42.77251184834123,66.13744075829385,0.5450236966824644,100.0,52.36374407582939
190053,OCHSNER AMERICAN LEGION HOSPITAL,LA,2.0,70.0,1.09,0.0,4.0,0.0,True,16.37440758293839,57.606635071090054,8.554502369668246,100.0,45.63388625592417
190054,IBERIA MEDICAL CENTER,LA,2.0,62.0,0.99,0.0,6.0,0.0,True,16.37440758293839,23.72037914691943,50.142180094786724,100.0,47.55924170616113
190060,LAKE CHARLES MEMORIAL HOSPITAL,LA,3.0,68.0,1.02,0.0,5.0,0.0,True,42.77251184834123,48.34123222748815,32.81990521327014,100.0,55.98341232227488
190064,OUR LADY OF THE LAKE REGIONAL MEDICAL CENTER,LA,3.0,72.0,1.02,0.0,5.0,0.0,True,42.77251184834123,66.13744075829385,32.81990521327014,100.0,60.432464454976305
190065,BATON ROUGE GENERAL MEDICAL CENTER,LA,3.0,74.0,0.98,0.0,6.0,0.0,True,42.77251184834123,73.86255924170617,55.66350710900474,100.0,68.07464454976304
190086,NORTHERN LOUISIANA MEDICAL CENTER,LA,2.0,47.0,1.32,0.0,5.0,0.0,True,16.37440758293839,1.5165876777251186,0.14218009478672985,100.0,29.50829383886256
190088,SPRINGHILL MEDICAL CENTER,LA,4.0,68.0,0.98,0.0,3.0,0.0,True,73.8388625592417,48.34123222748815,55.66350710900474,100.0,69.46090047393365
190098,OCHSNER LSU HEALTH SHREVEPORT,LA,2.0,68.0,1.16,0.0,5.0,0.0,True,16.37440758293839,48.34123222748815,2.109004739336493,100.0,41.70616113744076
190099,AVOYELLES HOSPITAL,LA,1.0,66.0,1.22,0.0,3.0,0.0,True,2.962085308056872,38.76777251184834,0.7582938388625593,100.0,35.622037914691944
190102,"OUR LADY OF LOURDES REGIONAL MEDICAL CENTER, INC",LA,3.0,82.0,1.04,0.0,5.0,0.0,True,42.77251184834123,94.88151658767772,22.843601895734597,100.0,65.12440758293839
190106,OAKDALE COMMUNITY HOSPITAL,LA,3.0,82.0,1.04,0.0,3.0,0.0,True,42.77251184834123,94.88151658767772,22.843601895734597,100.0,65.12440758293839
190111,WILLIS KNIGHTON MEDICAL CENTER,LA,3.0,70.0,1.17,0.0,6.0,0.0,True,42.77251184834123,57.606635071090054,1.5639810426540284,100.0,50.48578199052133
190114,CLAIBORNE MEMORIAL MEDICAL CENTER,LA,1.0,75.0,1.02,0.0,3.0,0.0,True,2.962085308056872,77.39336492890996,32.81990521327014,100.0,53.29383886255924
190116,MOREHOUSE GENERAL HOSPITAL,LA,2.0,54.0,1.16,0.0,3.0,0.0,True,16.37440758293839,6.563981042654028,2.109004739336493,100.0,31.261848341232227
190118,DESOTO REGIONAL HEALTH SYSTEM,LA,2.0,73.0,1.02,0.0,3.0,0.0,True,16.37440758293839,70.04739336492891,32.81990521327014,100.0,54.81042654028436
190125,ST FRANCIS MEDICAL CENTER,LA,3.0,76.0,1.08,0.0,5.0,0.0,True,42.77251184834123,80.59241706161137,10.545023696682465,100.0,58.47748815165877
190128,WOMANS HOSPITAL,LA,4.0,83.0,1.06,0.0,1.0,0.0,True,73.8388625592417,96.25592417061611,15.734597156398102,100.0,71.45734597156398
190144,MINDEN MEDICAL CENTER,LA,2.0,67.0,1.14,0.0,4.0,0.0,True,16.37440758293839,43.578199052132696,3.3412322274881516,100.0,40.82345971563981
190160,GLENWOOD REGIONAL MEDICAL CENTER,LA,2.0,72.0,1.08,1.0,6.0,0.16666666666666666,True,16.37440758293839,66.13744075829385,10.545023696682465,83.33333333333334,44.09755134281201
190164,BYRD REGIONAL HOSPITAL,LA,2.0,64.0,1.26,1.0,4.0,0.25,True,16.37440758293839,30.971563981042653,0.2843601895734597,75.0,30.657582938388625
190167,MERCY REGIONAL MEDICAL CENTER,LA,3.0,79.0,1.18,0.0,4.0,0.0,True,42.77251184834123,89.26540284360189,1.2796208530805688,100.0,58.32938388625592
190176,EAST JEFFERSON GENERAL HOSPITAL,LA,2.0,74.0,1.06,0.0,6.0,0.0,True,16.37440758293839,73.86255924170617,15.734597156398102,100.0,51.492890995260666
190183,LEONARD J CHABERT MEDICAL CENTER,LA,3.0,75.0,0.91,0.0,3.0,0.0,True,42.77251184834123,77.39336492890996,87.48815165876778,100.0,76.91350710900474
190184,CITIZENS MEDICAL CENTER,LA,3.0,88.0,0.96,0.0,4.0,0.0,True,42.77251184834123,99.0521327014218,66.44549763033176,100.0,77.0675355450237
190202,OCHSNER MEDICAL CENTER - BATON ROUGE,LA,4.0,66.0,0.99,0.0,5.0,0.0,True,73.8388625592417,38.76777251184834,50.142180094786724,100.0,65.68720379146919
190274,OCHSNER MEDICAL CENTER-KENNER,LA,4.0,67.0,0.94,0.0,5.0,0.0,True,73.8388625592417,43.578199052132696,76.80094786729858,100.0,73.55450236966824
190308,ST BERNARD PARISH HOSPITAL,LA,4.0,69.0,0.81,0.0,3.0,0.0,True,73.8388625592417,52.89099526066351,99.21800947867298,100.0,81.48696682464455
190312,OUR LADY OF THE ANGELS HOSPITAL,LA,4.0,74.0,1.22,0.0,3.0,0.0,True,73.8388625592417,73.86255924170617,0.7582938388625593,100.0,62.1149289099526
190318,ACADIAN MEDICAL CENTER,LA,3.0,63.0,1.16,0.0,4.0,0.0,True,42.77251184834123,26.895734597156395,2.109004739336493,100.0,42.944312796208536
200001,ST JOSEPH HOSPITAL,ME,3.0,84.0,0.92,1.0,6.0,0.16666666666666666,True,42.77251184834123,97.27488151658767,84.54976303317535,83.33333333333334,76.98262243285939
200008,NORTHERN LIGHT MERCY HOSPITAL,ME,4.0,86.0,1.0,0.0,4.0,0.0,True,73.8388625592417,98.31753554502369,44.33649289099526,100.0,79.12322274881517
200009,MAINEHEALTH MAINE MEDICAL CENTER,ME,4.0,74.0,1.02,0.0,6.0,0.0,True,73.8388625592417,73.86255924170617,32.81990521327014,100.0,70.1303317535545
200018,NORTHERN LIGHT  A R GOULD HOSPITAL,ME,2.0,61.0,0.86,0.0,4.0,0.0,True,16.37440758293839,20.85308056872038,95.75829383886256,100.0,58.24644549763033
200020,YORK HOSPITAL,ME,4.0,77.0,0.95,0.0,5.0,0.0,True,73.8388625592417,83.5781990521327,71.65876777251185,100.0,82.26895734597156
200021,MAINEHEALTH MID COAST HOSPITAL,ME,3.0,74.0,0.9,0.0,4.0,0.0,True,42.77251184834123,73.86255924170617,89.97630331753554,100.0,76.65284360189574
200024,CENTRAL MAINE MEDICAL CENTER,ME,4.0,66.0,1.02,0.0,5.0,0.0,True,73.8388625592417,38.76777251184834,32.81990521327014,100.0,61.35663507109005
200031,CARY MEDICAL CENTER,ME,1.0,80.0,0.84,0.0,4.0,0.0,True,2.962085308056872,91.56398104265404,97.58293838862559,100.0,73.02725118483413
200033,NORTHERN LIGHT EASTERN MAINE MEDICAL CENTER,ME,5.0,59.0,0.99,0.0,6.0,0.0,True,94.50236966824644,16.327014218009477,50.142180094786724,100.0,65.24289099526067
200034,ST MARY'S REGIONAL MEDICAL CENTER,ME,4.0,78.0,0.97,0.0,3.0,0.0,True,73.8388625592417,86.4218009478673,61.23222748815166,100.0,80.37322274881517
200039,MAINE GENERAL MEDICAL CENTER,ME,4.0,73.0,0.92,0.0,5.0,0.0,True,73.8388625592417,70.04739336492891,84.54976303317535,100.0,82.10900473933648
200050,NORTHERN LIGHT MAINE COAST HOSPITAL,ME,3.0,58.0,0.87,0.0,3.0,0.0,True,42.77251184834123,13.90995260663507,94.50236966824644,100.0,62.796208530805686
200063,MAINEHEALTH PEN BAY HOSPITAL,ME,3.0,69.0,0.92,0.0,4.0,0.0,True,42.77251184834123,52.89099526066351,84.54976303317535,100.0,70.05331753554502
220001,UMASS MEMORIAL HEALTHALLIANCE HOSPITALS,MA,3.0,54.0,1.04,0.0,5.0,0.0,True,42.77251184834123,6.563981042654028,22.843601895734597,100.0,43.04502369668246
220002,MOUNT AUBURN HOSPITAL,MA,4.0,76.0,0.98,0.0,6.0,0.0,True,73.8388625592417,80.59241706161137,55.66350710900474,100.0,77.52369668246445
220008,STURDY MEMORIAL HOSPITAL,MA,3.0,65.0,0.97,1.0,5.0,0.2,True,42.77251184834123,34.834123222748815,61.23222748815166,80.0,54.709715639810426
220010,MERRIMACK HEALTH LAWRENCE HOSPITAL,MA,2.0,63.0,1.07,0.0,6.0,0.0,True,16.37440758293839,26.895734597156395,12.985781990521328,100.0,39.06398104265403
220011,CAMBRIDGE HEALTH ALLIANCE,MA,3.0,64.0,0.99,0.0,5.0,0.0,True,42.77251184834123,30.971563981042653,50.142180094786724,100.0,55.97156398104265
220012,CAPE COD HOSPITAL,MA,2.0,72.0,0.97,2.0,6.0,0.3333333333333333,True,16.37440758293839,66.13744075829385,61.23222748815166,66.66666666666667,52.602685624012636
220015,"COOLEY DICKINSON HOSPITAL INC,THE",MA,2.0,74.0,0.92,0.0,5.0,0.0,True,16.37440758293839,73.86255924170617,84.54976303317535,100.0,68.69668246445498
220016,BAYSTATE FRANKLIN MEDICAL CENTER,MA,3.0,63.0,0.92,1.0,4.0,0.25,True,42.77251184834123,26.895734597156395,84.54976303317535,75.0,57.30450236966824
220019,UMASS MEMORIAL HEALTH - HARRINGTON HOSPITAL,MA,3.0,64.0,0.97,0.0,4.0,0.0,True,42.77251184834123,30.971563981042653,61.23222748815166,100.0,58.74407582938389
220020,SAINT ANNE'S HOSPITAL,MA,3.0,74.0,0.98,0.0,6.0,0.0,True,42.77251184834123,73.86255924170617,55.66350710900474,100.0,68.07464454976304
220024,HOLYOKE MEDICAL CENTER,MA,4.0,72.0,0.97,0.0,5.0,0.0,True,73.8388625592417,66.13744075829385,61.23222748815166,100.0,75.30213270142181
220029,ANNA JAQUES HOSPITAL,MA,3.0,62.0,0.97,0.0,5.0,0.0,True,42.77251184834123,23.72037914691943,61.23222748815166,100.0,56.93127962085308
220030,BAYSTATE WING HOSPITAL,MA,4.0,67.0,0.99,0.0,4.0,0.0,True,73.8388625592417,43.578199052132696,50.142180094786724,100.0,66.88981042654028
220031,BOSTON MEDICAL CENTER,MA,3.0,74.0,1.0,0.0,6.0,0.0,True,42.77251184834123,73.86255924170617,44.33649289099526,100.0,65.24289099526067
220033,NORTHEAST HOSPITAL CORPORATION,MA,3.0,66.0,0.98,0.0,6.0,0.0,True,42.77251184834123,38.76777251184834,55.66350710900474,100.0,59.300947867298575
220035,NORTH SHORE MEDICAL CENTER -,MA,5.0,68.0,0.91,0.0,6.0,0.0,True,94.50236966824644,48.34123222748815,87.48815165876778,100.0,82.58293838862559
220036,BOSTON MEDICAL CENTER-BRIGHTON,MA,3.0,69.0,1.06,2.0,6.0,0.3333333333333333,True,42.77251184834123,52.89099526066351,15.734597156398102,66.66666666666667,44.51619273301738
220046,BERKSHIRE MEDICAL CENTER,MA,4.0,58.0,1.02,0.0,6.0,0.0,True,73.8388625592417,13.90995260663507,32.81990521327014,100.0,55.14218009478673
220049,UMASS MEMORIAL HEALTHCARE-MARLBOROUGH HOSPITAL,MA,2.0,58.0,0.97,0.0,5.0,0.0,True,16.37440758293839,13.90995260663507,61.23222748815166,100.0,47.87914691943128
220052,SIGNATURE HEALTHCARE BROCKTON HOSPITAL,MA,3.0,63.0,1.01,0.0,5.0,0.0,True,42.77251184834123,26.895734597156395,38.41232227488152,100.0,52.02014218009479
220060,BETH ISRAEL DEACONESS HOSPITAL PLYMOUTH,MA,4.0,65.0,0.96,0.0,6.0,0.0,True,73.8388625592417,34.834123222748815,66.44549763033176,100.0,68.77962085308057
220063,LOWELL GENERAL HOSPITAL,MA,2.0,66.0,0.98,1.0,6.0,0.16666666666666666,True,16.37440758293839,38.76777251184834,55.66350710900474,83.33333333333334,48.534755134281205
220065,BAYSTATE NOBLE HOSPITAL,MA,2.0,64.0,0.96,0.0,4.0,0.0,True,16.37440758293839,30.971563981042653,66.44549763033176,100.0,53.4478672985782
220066,MERCY MEDICAL CTR,MA,2.0,70.0,1.01,0.0,5.0,0.0,True,16.37440758293839,57.606635071090054,38.41232227488152,100.0,53.09834123222749
220070,MELROSEWAKEFIELD HEALTHCARE,MA,3.0,63.0,1.0,0.0,6.0,0.0,True,42.77251184834123,26.895734597156395,44.33649289099526,100.0,53.50118483412322
220071,MASSACHUSETTS GENERAL HOSPITAL,MA,5.0,85.0,0.98,0.0,6.0,0.0,True,94.50236966824644,97.8436018957346,55.66350710900474,100.0,87.00236966824644
220073,BROWN UNIVERSITY HEALTH MORTON HOSPITAL,MA,1.0,47.0,1.01,2.0,6.0,0.3333333333333333,True,2.962085308056872,1.5165876777251186,38.41232227488152,66.66666666666667,27.389415481832543
220074,SOUTHCOAST HOSPITALS GROUP,MA,4.0,69.0,1.02,0.0,6.0,0.0,True,73.8388625592417,52.89099526066351,32.81990521327014,100.0,64.88744075829385
220077,BAYSTATE MEDICAL CENTER,MA,2.0,63.0,1.03,3.0,6.0,0.5,True,16.37440758293839,26.895734597156395,27.511848341232227,50.0,30.19549763033175
220080,HOLY FAMILY HOSPITAL,MA,2.0,54.0,1.07,1.0,6.0,0.16666666666666666,True,16.37440758293839,6.563981042654028,12.985781990521328,83.33333333333334,29.81437598736177
220083,BETH ISRAEL DEACONESS HOSPITAL - NEEDHAM,MA,5.0,71.0,0.89,0.0,5.0,0.0,True,94.50236966824644,61.990521327014214,91.89573459715639,100.0,87.09715639810426
220084,EMERSON HOSPITAL -,MA,5.0,77.0,1.01,0.0,5.0,0.0,True,94.50236966824644,83.5781990521327,38.41232227488152,100.0,79.12322274881517
220086,BETH ISRAEL DEACONESS MEDICAL CENTER,MA,3.0,79.0,0.98,1.0,6.0,0.16666666666666666,True,42.77251184834123,89.26540284360189,55.66350710900474,83.33333333333334,67.7586887835703
220088,NEW ENGLAND BAPTIST HOSPITAL,MA,5.0,87.0,0.91,0.0,2.0,0.0,True,94.50236966824644,98.72037914691944,87.48815165876778,100.0,95.17772511848341
220090,MILFORD REGIONAL MEDICAL CENTER,MA,4.0,75.0,0.97,4.0,6.0,0.6666666666666666,True,73.8388625592417,77.39336492890996,61.23222748815166,33.333333333333336,61.44944707740917
220095,HEYWOOD HOSPITAL -,MA,2.0,68.0,1.08,0.0,5.0,0.0,True,16.37440758293839,48.34123222748815,10.545023696682465,100.0,43.81516587677725
220100,SOUTH SHORE HOSPITAL,MA,2.0,65.0,0.99,2.0,6.0,0.3333333333333333,True,16.37440758293839,34.834123222748815,50.142180094786724,66.66666666666667,42.00434439178515
220101,NEWTON-WELLESLEY HOSPITAL,MA,5.0,80.0,0.88,0.0,6.0,0.0,True,94.50236966824644,91.56398104265404,93.22274881516589,100.0,94.82227488151659
220105,WINCHESTER HOSPITAL,MA,3.0,74.0,0.93,4.0,6.0,0.6666666666666666,True,42.77251184834123,73.86255924170617,81.04265402843602,33.333333333333336,57.75276461295419
220108,BETH ISRAEL DEACONESS HOSPITAL - MILTON,MA,4.0,70.0,0.92,1.0,5.0,0.2,True,73.8388625592417,57.606635071090054,84.54976303317535,80.0,73.99881516587678
220110,BRIGHAM AND WOMEN'S HOSPITAL,MA,5.0,81.0,1.0,1.0,6.0,0.16666666666666666,True,94.50236966824644,93.36492890995261,44.33649289099526,83.33333333333334,78.8842812006319
220111,GOOD SAMARITAN MEDICAL CENTER,MA,2.0,51.0,1.0,1.0,6.0,0.16666666666666666,True,16.37440758293839,3.9810426540284363,44.33649289099526,83.33333333333334,37.006319115323855
220116,TUFTS MEDICAL CENTER,MA,2.0,80.0,1.03,1.0,6.0,0.16666666666666666,True,16.37440758293839,91.56398104265404,27.511848341232227,83.33333333333334,54.6958925750395
220119,BRIGHAM AND WOMEN FAULKNER HOSPITAL,MA,5.0,72.0,0.9,0.0,5.0,0.0,True,94.50236966824644,66.13744075829385,89.97630331753554,100.0,87.65402843601896
220135,FALMOUTH HOSPITAL,MA,4.0,72.0,0.99,0.0,6.0,0.0,True,73.8388625592417,66.13744075829385,50.142180094786724,100.0,72.52962085308057
220163,UMASS MEMORIAL MEDICAL CENTER/UNIVERSITY CAMPUS,MA,3.0,71.0,1.02,0.0,6.0,0.0,True,42.77251184834123,61.990521327014214,32.81990521327014,100.0,59.3957345971564
220171,"LAHEY HOSPITAL & MEDICAL CENTER, BURLINGTON",MA,4.0,73.0,0.97,0.0,6.0,0.0,True,73.8388625592417,70.04739336492891,61.23222748815166,100.0,76.27962085308056
220175,METROWEST MEDICAL CENTER,MA,1.0,42.0,1.04,0.0,5.0,0.0,True,2.962085308056872,0.5450236966824644,22.843601895734597,100.0,31.587677725118482
220176,ST VINCENT HOSPITAL,MA,2.0,51.0,1.0,0.0,6.0,0.0,True,16.37440758293839,3.9810426540284363,44.33649289099526,100.0,41.17298578199052
220177,NANTUCKET COTTAGE HOSPITAL,MA,3.0,78.0,0.76,0.0,3.0,0.0,True,42.77251184834123,86.4218009478673,99.90521327014218,100.0,82.27488151658767
230002,ST JOE MERCY HOSPITAL SYSTEM LIVONIA,MI,2.0,64.0,0.96,2.0,6.0,0.3333333333333333,True,16.37440758293839,30.971563981042653,66.44549763033176,66.66666666666667,45.11453396524487
230003,COREWELL HEALTH ZEELAND HOSPITAL,MI,5.0,84.0,0.86,0.0,3.0,0.0,True,94.50236966824644,97.27488151658767,95.75829383886256,100.0,96.88388625592417
230005,PROMEDICA CHARLES AND VIRGINIA HICKMAN HOSPITAL,MI,3.0,58.0,0.91,0.0,5.0,0.0,True,42.77251184834123,13.90995260663507,87.48815165876778,100.0,61.04265402843602
230015,THREE RIVERS HEALTH,MI,2.0,62.0,0.99,0.0,4.0,0.0,True,16.37440758293839,23.72037914691943,50.142180094786724,100.0,47.55924170616113
230017,BRONSON METHODIST HOSPITAL,MI,4.0,76.0,0.95,0.0,6.0,0.0,True,73.8388625592417,80.59241706161137,71.65876777251185,100.0,81.52251184834122
230019,"ASCENSION PROVIDENCE HOSPITAL, SOUTHFIELD AND NOVI",MI,4.0,64.0,0.95,0.0,6.0,0.0,True,73.8388625592417,30.971563981042653,71.65876777251185,100.0,69.11729857819905
230020,BEAUMONT HOSPITAL - DEARBORN,MI,2.0,48.0,1.05,0.0,6.0,0.0,True,16.37440758293839,1.943127962085308,18.95734597156398,100.0,34.31872037914692
230021,"LAKELAND HOSPITAL, ST JOSEPH",MI,4.0,60.0,0.93,0.0,5.0,0.0,True,73.8388625592417,18.246445497630333,81.04265402843602,100.0,68.28199052132702
230022,INSIGHT HOSPITAL AND MEDICAL CENTER COLDWATER,MI,2.0,57.0,0.91,0.0,4.0,0.0,True,16.37440758293839,11.540284360189574,87.48815165876778,100.0,53.850710900473935
230024,SINAI-GRACE HOSPITAL,MI,1.0,35.0,1.03,0.0,5.0,0.0,True,2.962085308056872,0.14218009478672985,27.511848341232227,100.0,32.654028436018955
230029,TRINITY HEALTH OAKLAND HOSPITAL,MI,2.0,66.0,0.99,0.0,6.0,0.0,True,16.37440758293839,38.76777251184834,50.142180094786724,100.0,51.32109004739336
230030,MYMICHIGAN MEDICAL CENTER ALMA,MI,4.0,78.0,0.93,0.0,5.0,0.0,True,73.8388625592417,86.4218009478673,81.04265402843602,100.0,85.32582938388626
230031,LAKE HURON MEDICAL CENTER,MI,4.0,66.0,0.88,0.0,5.0,0.0,True,73.8388625592417,38.76777251184834,93.22274881516589,100.0,76.45734597156398
230035,SPECTRUM HEALTH UNITED HOSPITAL,MI,4.0,72.0,0.88,0.0,4.0,0.0,True,73.8388625592417,66.13744075829385,93.22274881516589,100.0,83.29976303317537
230036,MYMICHIGAN MEDICAL CENTER ALPENA,MI,3.0,71.0,0.97,0.0,5.0,0.0,True,42.77251184834123,61.990521327014214,61.23222748815166,100.0,66.49881516587678
230037,HILLSDALE HOSPITAL,MI,3.0,62.0,0.87,0.0,5.0,0.0,True,42.77251184834123,23.72037914691943,94.50236966824644,100.0,65.24881516587678
230038,SPECTRUM HEALTH,MI,4.0,73.0,0.96,0.0,6.0,0.0,True,73.8388625592417,70.04739336492891,66.44549763033176,100.0,77.58293838862559
230041,MCLAREN BAY REGION,MI,1.0,49.0,1.01,1.0,6.0,0.16666666666666666,True,2.962085308056872,2.5355450236966828,38.41232227488152,83.33333333333334,31.810821484992104
230046,UNIVERSITY OF MICHIGAN HEALTH SYSTEM,MI,4.0,85.0,0.91,0.0,6.0,0.0,True,73.8388625592417,97.8436018957346,87.48815165876778,100.0,89.79265402843602
230047,HENRY FORD MACOMB HOSPITAL,MI,3.0,66.0,0.97,0.0,5.0,0.0,True,42.77251184834123,38.76777251184834,61.23222748815166,100.0,60.693127962085306
230053,HENRY FORD HEALTH HOSPITAL,MI,3.0,71.0,0.96,1.0,5.0,0.2,True,42.77251184834123,61.990521327014214,66.44549763033176,80.0,62.8021327014218
230054,UPHS MARQUETTE DLP HOSPITAL,MI,3.0,61.0,1.01,0.0,6.0,0.0,True,42.77251184834123,20.85308056872038,38.41232227488152,100.0,50.50947867298578
230055,DICKINSON COUNTY MEMORIAL HOSPITAL,MI,2.0,60.0,0.96,0.0,4.0,0.0,True,16.37440758293839,18.246445497630333,66.44549763033176,100.0,50.26658767772512
230058,MUNSON HEALTHCARE GRAYLING HOSPITAL,MI,3.0,70.0,0.86,0.0,4.0,0.0,True,42.77251184834123,57.606635071090054,95.75829383886256,100.0,74.03436018957346
230059,MERCY HEALTH SAINT MARY'S,MI,3.0,78.0,0.92,0.0,6.0,0.0,True,42.77251184834123,86.4218009478673,84.54976303317535,100.0,78.43601895734596
230066,TRINITY HEALTH MUSKEGON HOSPITAL,MI,3.0,62.0,0.92,0.0,6.0,0.0,True,42.77251184834123,23.72037914691943,84.54976303317535,100.0,62.760663507109
230069,TRINITY HEALTH LIVINGSTON HOSPITAL,MI,4.0,71.0,0.88,0.0,4.0,0.0,True,73.8388625592417,61.990521327014214,93.22274881516589,100.0,82.26303317535545
230070,COVENANT MEDICAL CENTER,MI,2.0,69.0,1.04,1.0,6.0,0.16666666666666666,True,16.37440758293839,52.89099526066351,22.843601895734597,83.33333333333334,43.86058451816746
230072,HOLLAND COMMUNITY HOSPITAL,MI,5.0,77.0,0.87,0.0,6.0,0.0,True,94.50236966824644,83.5781990521327,94.50236966824644,100.0,93.1457345971564
230075,BRONSON BATTLE CREEK HOSPITAL,MI,3.0,63.0,0.94,0.0,5.0,0.0,True,42.77251184834123,26.895734597156395,76.80094786729858,100.0,61.617298578199055
230077,MYMICHIGAN MEDICAL CENTER SAGINAW,MI,3.0,69.0,1.01,0.0,5.0,0.0,True,42.77251184834123,52.89099526066351,38.41232227488152,100.0,58.518957345971565
230080,MCLAREN CENTRAL MICHIGAN,MI,3.0,66.0,0.85,0.0,5.0,0.0,True,42.77251184834123,38.76777251184834,96.72985781990522,100.0,69.5675355450237
230081,MUNSON HEALTHCARE CADILLAC HOSPITAL,MI,4.0,69.0,0.82,0.0,4.0,0.0,True,73.8388625592417,52.89099526066351,98.7914691943128,100.0,81.3803317535545
230089,BEAUMONT HOSPITAL - GROSSE POINTE,MI,4.0,63.0,0.92,0.0,6.0,0.0,True,73.8388625592417,26.895734597156395,84.54976303317535,100.0,71.32109004739337
230092,HENRY FORD ALLEGIANCE HEALTH,MI,3.0,58.0,0.93,0.0,5.0,0.0,True,42.77251184834123,13.90995260663507,81.04265402843602,100.0,59.431279620853076
230093,COREWELL HEALTH BIG RAPIDS HOSPITAL,MI,3.0,67.0,0.86,0.0,4.0,0.0,True,42.77251184834123,43.578199052132696,95.75829383886256,100.0,70.52725118483411
230095,MYMICHIGAN MEDICAL CENTER WEST BRANCH,MI,5.0,78.0,0.94,0.0,5.0,0.0,True,94.50236966824644,86.4218009478673,76.80094786729858,100.0,89.43127962085308
230097,MUNSON MEDICAL CENTER,MI,4.0,71.0,0.91,0.0,6.0,0.0,True,73.8388625592417,61.990521327014214,87.48815165876778,100.0,80.82938388625593
230099,PROMEDICA MONROE REGIONAL HOSPITAL,MI,1.0,50.0,1.02,1.0,5.0,0.2,True,2.962085308056872,3.2701421800947865,32.81990521327014,80.0,29.76303317535545
230100,TAWAS ST JOSEPH HOSPITAL,MI,3.0,64.0,0.91,0.0,4.0,0.0,True,42.77251184834123,30.971563981042653,87.48815165876778,100.0,65.30805687203792
230104,HARPER UNIVERSITY HOSPITAL,MI,1.0,49.0,0.95,0.0,5.0,0.0,True,2.962085308056872,2.5355450236966828,71.65876777251185,100.0,44.28909952606635
230105,MCLAREN NORTHERN MICHIGAN,MI,3.0,62.0,0.93,0.0,6.0,0.0,True,42.77251184834123,23.72037914691943,81.04265402843602,100.0,61.88388625592417
230108,UP HEALTH SYSTEM PORTAGE,MI,5.0,78.0,0.77,0.0,3.0,0.0,True,94.50236966824644,86.4218009478673,99.81042654028435,100.0,95.18364928909952
230110,COREWELL HEALTH LUDINGTON HOSPITAL,MI,4.0,68.0,0.83,0.0,4.0,0.0,True,73.8388625592417,48.34123222748815,98.34123222748815,100.0,80.1303317535545
230117,BORGESS MEDICAL CENTER,MI,3.0,61.0,0.98,0.0,6.0,0.0,True,42.77251184834123,20.85308056872038,55.66350710900474,100.0,54.82227488151659
230121,MEMORIAL HEALTHCARE,MI,3.0,63.0,0.9,0.0,5.0,0.0,True,42.77251184834123,26.895734597156395,89.97630331753554,100.0,64.9111374407583
230130,BEAUMONT HOSPITAL ROYAL OAK,MI,3.0,63.0,1.0,0.0,6.0,0.0,True,42.77251184834123,26.895734597156395,44.33649289099526,100.0,53.50118483412322
230132,HURLEY MEDICAL CENTER,MI,2.0,64.0,0.96,0.0,6.0,0.0,True,16.37440758293839,30.971563981042653,66.44549763033176,100.0,53.4478672985782
230133,MUNSON HEALTHCARE OTSEGO MEMORIAL HOSPITAL,MI,4.0,58.0,0.9,0.0,4.0,0.0,True,73.8388625592417,13.90995260663507,89.97630331753554,100.0,69.43127962085308
230141,MCLAREN FLINT,MI,2.0,55.0,1.0,1.0,6.0,0.16666666666666666,True,16.37440758293839,7.843601895734597,44.33649289099526,83.33333333333334,37.9719589257504
230142,COREWELL HEALTH WAYNE HOSPITAL,MI,2.0,45.0,1.03,0.0,5.0,0.0,True,16.37440758293839,0.9478672985781991,27.511848341232227,100.0,36.208530805687204
230146,WYANDOTTE HOSPITAL AND MEDICAL CENTER,MI,2.0,64.0,1.04,0.0,5.0,0.0,True,16.37440758293839,30.971563981042653,22.843601895734597,100.0,42.54739336492891
230151,BEAUMONT HOSPITAL - FARMINGTON HILLS,MI,3.0,48.0,1.01,0.0,6.0,0.0,True,42.77251184834123,1.943127962085308,38.41232227488152,100.0,45.78199052132702
230156,TRINITY HEALTH ANN ARBOR HOSPITAL,MI,4.0,78.0,0.92,0.0,6.0,0.0,True,73.8388625592417,86.4218009478673,84.54976303317535,100.0,86.20260663507109
230165,HENRY FORD HEALTH ST JOHN HOSPITAL,MI,1.0,55.0,0.96,0.0,5.0,0.0,True,2.962085308056872,7.843601895734597,66.44549763033176,100.0,44.312796208530806
230167,MCLAREN GREATER LANSING,MI,3.0,67.0,0.92,0.0,6.0,0.0,True,42.77251184834123,43.578199052132696,84.54976303317535,100.0,67.72511848341232
230174,TRINITY HEALTH GRAND HAVEN HOSPITAL,MI,4.0,66.0,0.84,0.0,2.0,0.0,True,73.8388625592417,38.76777251184834,97.58293838862559,100.0,77.54739336492891
230176,COREWELL HEALTH TRENTON HOSPITAL,MI,3.0,67.0,1.01,0.0,5.0,0.0,True,42.77251184834123,43.578199052132696,38.41232227488152,100.0,56.19075829383886
230180,MYMICHIGAN MEDICAL CENTER CLARE,MI,2.0,66.0,0.87,0.0,4.0,0.0,True,16.37440758293839,38.76777251184834,94.50236966824644,100.0,62.411137440758296
230193,MCLAREN LAPEER REGION,MI,2.0,46.0,0.94,0.0,5.0,0.0,True,16.37440758293839,1.161137440758294,76.80094786729858,100.0,48.584123222748815
230195,Henry Ford Health Warren Hospital,MI,1.0,47.0,0.99,0.0,6.0,0.0,True,2.962085308056872,1.5165876777251186,50.142180094786724,100.0,38.65521327014218
230197,ASCENSION GENESYS HOSPITAL,MI,3.0,59.0,0.94,0.0,6.0,0.0,True,42.77251184834123,16.327014218009477,76.80094786729858,100.0,58.97511848341232
230207,MCLAREN OAKLAND,MI,2.0,46.0,1.04,0.0,4.0,0.0,True,16.37440758293839,1.161137440758294,22.843601895734597,100.0,35.094786729857816
230208,UNIVERSITY OF MICHIGAN HEALTH-SPARROW CARSON,MI,4.0,85.0,0.93,0.0,4.0,0.0,True,73.8388625592417,97.8436018957346,81.04265402843602,100.0,88.18127962085308
230216,MCLAREN PORT HURON,MI,2.0,63.0,0.94,0.0,6.0,0.0,True,16.37440758293839,26.895734597156395,76.80094786729858,100.0,55.017772511848335
230217,OAKLAWN HOSPITAL,MI,4.0,74.0,0.87,0.0,4.0,0.0,True,73.8388625592417,73.86255924170617,94.50236966824644,100.0,85.55094786729858
230222,MYMICHIGAN MEDICAL CENTER MIDLAND,MI,4.0,81.0,0.96,0.0,6.0,0.0,True,73.8388625592417,93.36492890995261,66.44549763033176,100.0,83.41232227488152
230227,MCLAREN MACOMB,MI,1.0,52.0,1.02,0.0,5.0,0.0,True,2.962085308056872,4.739336492890995,32.81990521327014,100.0,35.1303317535545
230230,EDWARD W SPARROW HOSPITAL,MI,3.0,62.0,0.98,0.0,5.0,0.0,True,42.77251184834123,23.72037914691943,55.66350710900474,100.0,55.53909952606635
230236,UNIVERSITY OF MICHIGAN HEALTH - WEST,MI,4.0,77.0,0.95,0.0,6.0,0.0,True,73.8388625592417,83.5781990521327,71.65876777251185,100.0,82.26895734597156
230239,CHIPPEWA COUNTY WAR MEMORIAL HOSPITAL,MI,2.0,66.0,0.86,0.0,4.0,0.0,True,16.37440758293839,38.76777251184834,95.75829383886256,100.0,62.725118483412324
230244,GARDEN CITY HOSPITAL,MI,2.0,52.0,1.04,1.0,6.0,0.16666666666666666,True,16.37440758293839,4.739336492890995,22.843601895734597,83.33333333333334,31.82266982622433
230254,ASCENSION PROVIDENCE ROCHESTER HOSPITAL,MI,3.0,56.0,1.0,0.0,6.0,0.0,True,42.77251184834123,9.62085308056872,44.33649289099526,100.0,49.182464454976305
230259,CHELSEA HOSPITAL,MI,4.0,87.0,0.84,0.0,5.0,0.0,True,73.8388625592417,98.72037914691944,97.58293838862559,100.0,92.53554502369668
230269,"BEAUMONT HOSPITAL, TROY",MI,4.0,63.0,0.99,1.0,6.0,0.16666666666666666,True,73.8388625592417,26.895734597156395,50.142180094786724,83.33333333333334,58.55252764612954
230270,BEAUMONT HOSPITAL - TAYLOR,MI,2.0,57.0,1.05,0.0,4.0,0.0,True,16.37440758293839,11.540284360189574,18.95734597156398,100.0,36.71800947867298
230273,DETROIT RECEIVING HOSPITAL,MI,1.0,39.0,0.95,0.0,5.0,0.0,True,2.962085308056872,0.23696682464454977,71.65876777251185,100.0,43.714454976303315
230277,HURON VALLEY-SINAI HOSPITAL,MI,3.0,59.0,0.94,0.0,6.0,0.0,True,42.77251184834123,16.327014218009477,76.80094786729858,100.0,58.97511848341232
230297,KARMANOS CANCER CENTER,MI,3.0,76.0,1.07,0.0,2.0,0.0,True,42.77251184834123,80.59241706161137,12.985781990521328,100.0,59.08767772511848
230302,HENRY FORD HEALTH WEST BLOOMFIELD HOSPITAL,MI,3.0,71.0,0.9,1.0,5.0,0.2,True,42.77251184834123,61.990521327014214,89.97630331753554,80.0,68.68483412322274
230303,MUNSON HEALTHCARE MANISTEE HOSPITAL,MI,4.0,60.0,0.77,0.0,3.0,0.0,True,73.8388625592417,18.246445497630333,99.81042654028435,100.0,72.9739336492891
240001,NORTH MEMORIAL HEALTH HOSPITAL,MN,1.0,68.0,0.93,0.0,5.0,0.0,True,2.962085308056872,48.34123222748815,81.04265402843602,100.0,58.08649289099526
240002,ESSENTIA HEALTH ST MARY'S MEDICAL CENTER,MN,4.0,74.0,1.02,0.0,5.0,0.0,True,73.8388625592417,73.86255924170617,32.81990521327014,100.0,70.1303317535545
240004,HENNEPIN COUNTY MEDICAL CENTER,MN,3.0,64.0,0.99,0.0,5.0,0.0,True,42.77251184834123,30.971563981042653,50.142180094786724,100.0,55.97156398104265
240006,OLMSTED MEDICAL CENTER,MN,4.0,78.0,0.87,0.0,4.0,0.0,True,73.8388625592417,86.4218009478673,94.50236966824644,100.0,88.69075829383885
240010,MAYO CLINIC HOSPITAL ROCHESTER,MN,5.0,88.0,0.95,0.0,6.0,0.0,True,94.50236966824644,99.0521327014218,71.65876777251185,100.0,91.30331753554502
240014,NORTHFIELD HOSPITAL,MN,4.0,81.0,0.84,0.0,3.0,0.0,True,73.8388625592417,93.36492890995261,97.58293838862559,100.0,91.19668246445497
240018,MAYO CLINIC HEALTH SYSTEM IN RED WING,MN,4.0,75.0,0.83,0.0,3.0,0.0,True,73.8388625592417,77.39336492890996,98.34123222748815,100.0,87.39336492890996
240020,CAMBRIDGE MEDICAL CENTER,MN,4.0,66.0,0.81,0.0,5.0,0.0,True,73.8388625592417,38.76777251184834,99.21800947867298,100.0,77.95616113744076
240022,SANFORD WORTHINGTON MEDICAL CENTER,MN,4.0,69.0,0.95,0.0,4.0,0.0,True,73.8388625592417,52.89099526066351,71.65876777251185,100.0,74.59715639810426
240030,ALOMERE HEALTH,MN,4.0,73.0,0.9,0.0,5.0,0.0,True,73.8388625592417,70.04739336492891,89.97630331753554,100.0,83.46563981042654
240036,ST CLOUD HOSPITAL,MN,4.0,70.0,0.94,0.0,6.0,0.0,True,73.8388625592417,57.606635071090054,76.80094786729858,100.0,77.06161137440759
240038,ALLINA UNITED HOSPITAL,MN,3.0,65.0,0.94,0.0,6.0,0.0,True,42.77251184834123,34.834123222748815,76.80094786729858,100.0,63.60189573459715
240040,RANGE REGIONAL HEALTH SERVICES,MN,4.0,67.0,0.91,0.0,3.0,0.0,True,73.8388625592417,43.578199052132696,87.48815165876778,100.0,76.22630331753555
240043,MAYO CLINIC HEALTH SYSTEM - ALBERT LEA AND AUSTIN,MN,5.0,66.0,0.9,0.0,5.0,0.0,True,94.50236966824644,38.76777251184834,89.97630331753554,100.0,80.81161137440758
240044,WINONA HEALTH SERVICES,MN,2.0,66.0,0.86,0.0,3.0,0.0,True,16.37440758293839,38.76777251184834,95.75829383886256,100.0,62.725118483412324
240047,ST LUKES HOSPITAL,MN,3.0,72.0,0.99,0.0,6.0,0.0,True,42.77251184834123,66.13744075829385,50.142180094786724,100.0,64.76303317535545
240050,FAIRVIEW LAKES HEALTH SERVICES,MN,3.0,64.0,0.9,0.0,4.0,0.0,True,42.77251184834123,30.971563981042653,89.97630331753554,100.0,65.93009478672985
240052,LAKE REGION HEALTHCARE CORPORATION,MN,4.0,79.0,0.91,0.0,4.0,0.0,True,73.8388625592417,89.26540284360189,87.48815165876778,100.0,87.64810426540285
240053,PARK NICOLLET METHODIST HOSPITAL,MN,3.0,82.0,0.91,0.0,6.0,0.0,True,42.77251184834123,94.88151658767772,87.48815165876778,100.0,81.28554502369668
240056,RIDGEVIEW MEDICAL CENTER,MN,4.0,81.0,0.94,0.0,6.0,0.0,True,73.8388625592417,93.36492890995261,76.80094786729858,100.0,86.00118483412322
240057,ABBOTT NORTHWESTERN HOSPITAL,MN,4.0,72.0,0.95,0.0,6.0,0.0,True,73.8388625592417,66.13744075829385,71.65876777251185,100.0,77.90876777251185
240064,GRAND ITASCA CLINIC AND HOSPITAL,MN,4.0,68.0,0.85,0.0,3.0,0.0,True,73.8388625592417,48.34123222748815,96.72985781990522,100.0,79.72748815165878
240066,LAKEVIEW MEMORIAL HOSPITAL,MN,4.0,83.0,0.91,0.0,6.0,0.0,True,73.8388625592417,96.25592417061611,87.48815165876778,100.0,89.3957345971564
240069,OWATONNA HOSPITAL,MN,5.0,66.0,0.9,0.0,5.0,0.0,True,94.50236966824644,38.76777251184834,89.97630331753554,100.0,80.81161137440758
240071,ALLINA HEALTH FARIBAULT MEDICAL CENTER,MN,3.0,72.0,0.94,0.0,3.0,0.0,True,42.77251184834123,66.13744075829385,76.80094786729858,100.0,71.42772511848341
240075,ESSENTIA HEALTH ST JOSEPH'S MEDICAL CENTER,MN,3.0,64.0,0.83,0.0,6.0,0.0,True,42.77251184834123,30.971563981042653,98.34123222748815,100.0,68.021327014218
240076,BUFFALO HOSPITAL,MN,5.0,74.0,0.88,0.0,4.0,0.0,True,94.50236966824644,73.86255924170617,93.22274881516589,100.0,90.39691943127963
240078,M HEALTH FAIRVIEW SOUTHDALE HOSPITAL,MN,5.0,70.0,0.92,0.0,6.0,0.0,True,94.50236966824644,57.606635071090054,84.54976303317535,100.0,84.16469194312796
240080,M HEALTH FAIRVIEW UNIVERSITY OF MN MEDICAL CENTER,MN,4.0,71.0,0.98,0.0,6.0,0.0,True,73.8388625592417,61.990521327014214,55.66350710900474,100.0,72.87322274881517
240084,ESSENTIA HEALTH VIRGINIA,MN,4.0,60.0,0.93,0.0,2.0,0.0,True,73.8388625592417,18.246445497630333,81.04265402843602,100.0,68.28199052132702
240088,CENTRACARE- RICE MEMORIAL HOSPITAL,MN,3.0,50.0,0.85,0.0,3.0,0.0,True,42.77251184834123,3.2701421800947865,96.72985781990522,100.0,60.69312796208531
240093,MAYO CLINIC HEALTH SYSTEM - MANKATO,MN,5.0,75.0,0.93,0.0,6.0,0.0,True,94.50236966824644,77.39336492890996,81.04265402843602,100.0,88.23459715639811
240100,SANFORD BEMIDJI MEDICAL CENTER,MN,4.0,62.0,0.91,0.0,5.0,0.0,True,73.8388625592417,23.72037914691943,87.48815165876778,100.0,71.26184834123222
240101,ESSENTIA HEALTH ST MARYS - DETROIT LAKES,MN,4.0,73.0,0.86,0.0,4.0,0.0,True,73.8388625592417,70.04739336492891,95.75829383886256,100.0,84.9111374407583
240104,ST FRANCIS REGIONAL MEDICAL CENTER,MN,3.0,68.0,0.87,0.0,5.0,0.0,True,42.77251184834123,48.34123222748815,94.50236966824644,100.0,71.40402843601896
240106,REGIONS HOSPITAL,MN,3.0,77.0,0.95,0.0,6.0,0.0,True,42.77251184834123,83.5781990521327,71.65876777251185,100.0,74.50236966824644
240115,MERCY HOSPITAL,MN,3.0,65.0,0.9,0.0,6.0,0.0,True,42.77251184834123,34.834123222748815,89.97630331753554,100.0,66.89573459715639
240141,FAIRVIEW NORTHLAND REGIONAL HOSPITAL,MN,4.0,71.0,0.85,0.0,3.0,0.0,True,73.8388625592417,61.990521327014214,96.72985781990522,100.0,83.1398104265403
240166,MAYO CLINIC HEALTH SYSTEM - FAIRMONT,MN,5.0,69.0,0.81,0.0,4.0,0.0,True,94.50236966824644,52.89099526066351,99.21800947867298,100.0,86.65284360189574
240187,HUTCHINSON HEALTH,MN,3.0,74.0,0.9,0.0,3.0,0.0,True,42.77251184834123,73.86255924170617,89.97630331753554,100.0,76.65284360189574
240207,M HEALTH FAIRVIEW RIDGES HOSPITAL,MN,4.0,66.0,0.86,0.0,5.0,0.0,True,73.8388625592417,38.76777251184834,95.75829383886256,100.0,77.09123222748815
240210,M HEALTH FAIRVIEW ST JOHN'S HOSPITAL,MN,5.0,60.0,0.92,0.0,5.0,0.0,True,94.50236966824644,18.246445497630333,84.54976303317535,100.0,74.32464454976304
240213,M HEALTH FAIRVIEW WOODWINDS HOSPITAL,MN,4.0,69.0,0.9,0.0,5.0,0.0,True,73.8388625592417,52.89099526066351,89.97630331753554,100.0,79.17654028436019
240214,MAPLE GROVE HOSPITAL,MN,5.0,78.0,0.84,0.0,5.0,0.0,True,94.50236966824644,86.4218009478673,97.58293838862559,100.0,94.62677725118483
250001,UNIVERSITY OF MISSISSIPPI MED CENTER,MS,2.0,74.0,1.01,0.0,6.0,0.0,True,16.37440758293839,73.86255924170617,38.41232227488152,100.0,57.16232227488152
250002,TISHOMINGO HEALTH SERVICES INC,MS,2.0,79.0,1.02,0.0,4.0,0.0,True,16.37440758293839,89.26540284360189,32.81990521327014,100.0,59.6149289099526
250004,NORTH MISSISSIPPI MEDICAL CENTER,MS,2.0,67.0,1.04,0.0,6.0,0.0,True,16.37440758293839,43.578199052132696,22.843601895734597,100.0,45.699052132701425
250006,BAPTIST MEMORIAL HOSPITAL UNION COUNTY,MS,4.0,77.0,0.98,0.0,4.0,0.0,True,73.8388625592417,83.5781990521327,55.66350710900474,100.0,78.27014218009478
250007,Memorial Hospital Biloxi,MS,1.0,47.0,1.02,0.0,4.0,0.0,True,2.962085308056872,1.5165876777251186,32.81990521327014,100.0,34.324644549763036
250009,MAGNOLIA REGIONAL HEALTH CENTER,MS,2.0,75.0,0.94,0.0,6.0,0.0,True,16.37440758293839,77.39336492890996,76.80094786729858,100.0,67.64218009478674
250019,MEMORIAL HOSPITAL AT GULFPORT,MS,3.0,67.0,1.16,0.0,6.0,0.0,True,42.77251184834123,43.578199052132696,2.109004739336493,100.0,47.11492890995261
250020,WEBSTER GENERAL HOSPITAL/ SWING BED,MS,4.0,74.0,0.91,0.0,4.0,0.0,True,73.8388625592417,73.86255924170617,87.48815165876778,100.0,83.79739336492891
250025,NORTH MISSISSIPPI MEDICAL CENTER-GILMORE AMORY,MS,3.0,78.0,0.99,0.0,4.0,0.0,True,42.77251184834123,86.4218009478673,50.142180094786724,100.0,69.83412322274881
250031,MERIT HEALTH RIVER REGION,MS,2.0,55.0,1.07,0.0,5.0,0.0,True,16.37440758293839,7.843601895734597,12.985781990521328,100.0,34.300947867298575
250034,BAPTIST MEMORIAL HOSPITAL NORTH MS,MS,4.0,79.0,0.97,2.0,6.0,0.3333333333333333,True,73.8388625592417,89.26540284360189,61.23222748815166,66.66666666666667,72.75078988941549
250036,GEORGE REGIONAL HEALTH SYSTEM,MS,1.0,74.0,0.95,0.0,3.0,0.0,True,2.962085308056872,73.86255924170617,71.65876777251185,100.0,62.12085308056872
250038,MERIT HEALTH MADISON,MS,3.0,73.0,0.95,0.0,4.0,0.0,True,42.77251184834123,70.04739336492891,71.65876777251185,100.0,71.1196682464455
250040,SINGING RIVER HEALTH SYSTEM,MS,1.0,69.0,1.01,0.0,6.0,0.0,True,2.962085308056872,52.89099526066351,38.41232227488152,100.0,48.56635071090047
250042,NORTHWEST MISSISSISSIPPI REGIONAL MEDICAL CENTER,MS,3.0,49.0,0.94,0.0,3.0,0.0,True,42.77251184834123,2.5355450236966828,76.80094786729858,100.0,55.52725118483412
250043,NESHOBA COUNTY GENERAL HOSPITAL,MS,3.0,87.0,1.02,0.0,4.0,0.0,True,42.77251184834123,98.72037914691944,32.81990521327014,100.0,68.5781990521327
250044,BAPTIST MEMORIAL HOSPITAL BOONEVILLE,MS,3.0,90.0,0.93,0.0,4.0,0.0,True,42.77251184834123,99.76303317535546,81.04265402843602,100.0,80.89454976303318
250048,ST DOMINIC-JACKSON MEMORIAL HOSPITAL,MS,2.0,72.0,1.02,0.0,6.0,0.0,True,16.37440758293839,66.13744075829385,32.81990521327014,100.0,53.83293838862559
250050,BAPTIST MEMORIAL HOSPITAL-OKTIBBEHA COUNTY,MS,2.0,59.0,1.06,0.0,3.0,0.0,True,16.37440758293839,16.327014218009477,15.734597156398102,100.0,37.10900473933649
250057,KING'S DAUGHTERS MEDICAL CENTER-BROOKHAVEN,MS,3.0,74.0,1.01,0.0,4.0,0.0,True,42.77251184834123,73.86255924170617,38.41232227488152,100.0,63.76184834123223
250058,SOUTH CENTRAL REG MED CTR,MS,1.0,69.0,1.0,1.0,6.0,0.16666666666666666,True,2.962085308056872,52.89099526066351,44.33649289099526,83.33333333333334,45.880726698262244
250067,CLAY COUNTY MEDICAL CORPORATION,MS,3.0,71.0,0.9,0.0,3.0,0.0,True,42.77251184834123,61.990521327014214,89.97630331753554,100.0,73.68483412322274
250069,OCHSNER RUSH HOSPITAL,MS,3.0,69.0,1.13,0.0,6.0,0.0,True,42.77251184834123,52.89099526066351,4.004739336492891,100.0,49.91706161137441
250072,MERIT HEALTH CENTRAL,MS,3.0,48.0,0.91,0.0,4.0,0.0,True,42.77251184834123,1.943127962085308,87.48815165876778,100.0,58.050947867298575
250077,WAYNE GENERAL HOSPITAL,MS,3.0,52.0,0.86,0.0,4.0,0.0,True,42.77251184834123,4.739336492890995,95.75829383886256,100.0,60.817535545023695
250078,FORREST GENERAL HOSPITAL,MS,2.0,76.0,1.0,0.0,6.0,0.0,True,16.37440758293839,80.59241706161137,44.33649289099526,100.0,60.32582938388626
250082,DELTA HEALTH SYSTEM - THE MEDICAL CENTER,MS,1.0,58.0,1.14,0.0,5.0,0.0,True,2.962085308056872,13.90995260663507,3.3412322274881516,100.0,30.053317535545023
250084,MERIT HEALTH NATCHEZ,MS,2.0,50.0,1.17,0.0,4.0,0.0,True,16.37440758293839,3.2701421800947865,1.5639810426540284,100.0,30.3021327014218
250085,MARION GENERAL HOSPITAL,MS,1.0,72.0,1.04,0.0,3.0,0.0,True,2.962085308056872,66.13744075829385,22.843601895734597,100.0,47.98578199052133
250093,BOLIVAR MEDICAL CENTER,MS,1.0,59.0,0.98,0.0,4.0,0.0,True,2.962085308056872,16.327014218009477,55.66350710900474,100.0,43.73815165876778
250094,MERIT HEALTH WESLEY,MS,2.0,67.0,0.99,0.0,6.0,0.0,True,16.37440758293839,43.578199052132696,50.142180094786724,100.0,52.523696682464454
250095,SOUTH SUNFLOWER COUNTY HOSPITAL,MS,2.0,69.0,0.95,0.0,3.0,0.0,True,16.37440758293839,52.89099526066351,71.65876777251185,100.0,60.231042654028435
250096,CROSSGATES RIVER OAKS HOSPITAL,MS,2.0,74.0,0.97,0.0,4.0,0.0,True,16.37440758293839,73.86255924170617,61.23222748815166,100.0,62.867298578199055
250097,SOUTHWEST MS REGIONAL MEDICAL CENTER,MS,2.0,62.0,1.02,0.0,5.0,0.0,True,16.37440758293839,23.72037914691943,32.81990521327014,100.0,43.22867298578199
250099,GREENWOOD LEFLORE HOSPITAL,MS,1.0,67.0,1.01,0.0,4.0,0.0,True,2.962085308056872,43.578199052132696,38.41232227488152,100.0,46.23815165876777
250100,BMH-GOLDEN TRIANGLE,MS,3.0,74.0,0.97,0.0,5.0,0.0,True,42.77251184834123,73.86255924170617,61.23222748815166,100.0,69.46682464454977
250102,MISSISSIPPI BAPTIST MEDICAL CENTER,MS,2.0,75.0,1.03,2.0,6.0,0.3333333333333333,True,16.37440758293839,77.39336492890996,27.511848341232227,66.66666666666667,46.98657187993681
250104,ANDERSON REGIONAL MEDICAL CENTER,MS,2.0,58.0,1.05,0.0,6.0,0.0,True,16.37440758293839,13.90995260663507,18.95734597156398,100.0,37.31042654028436
250117,HIGHLAND COMMUNITY  HOSPITAL,MS,1.0,75.0,1.11,0.0,4.0,0.0,True,2.962085308056872,77.39336492890996,5.545023696682464,100.0,46.475118483412324
250123,SINGING RIVER GULFPORT,MS,2.0,73.0,1.01,0.0,5.0,0.0,True,16.37440758293839,70.04739336492891,38.41232227488152,100.0,56.208530805687204
250124,MAGEE GENERAL HOSPITAL,MS,2.0,68.0,1.1,0.0,3.0,0.0,True,16.37440758293839,48.34123222748815,6.943127962085308,100.0,42.91469194312796
250138,MERIT HEALTH RIVER OAKS,MS,1.0,52.0,1.07,0.0,6.0,0.0,True,2.962085308056872,4.739336492890995,12.985781990521328,100.0,30.171800947867297
250141,BAPTIST MEMORIAL HOSPITAL DESOTO,MS,3.0,67.0,1.0,0.0,5.0,0.0,True,42.77251184834123,43.578199052132696,44.33649289099526,100.0,57.6718009478673
250162,OCHSNER MEDICAL CENTER-HANCOCK,MS,3.0,73.0,0.87,0.0,3.0,0.0,True,42.77251184834123,70.04739336492891,94.50236966824644,100.0,76.83056872037915
250167,METHODIST HEALTHCARE - OLIVE BRANCH HOSPITAL,MS,4.0,76.0,0.82,0.0,5.0,0.0,True,73.8388625592417,80.59241706161137,98.7914691943128,100.0,88.30568720379146
250168,UNIVERSITY OF MISSISSIPPI MEDICAL CENTER- GRENADA,MS,1.0,65.0,1.23,0.0,4.0,0.0,True,2.962085308056872,34.834123222748815,0.5450236966824644,100.0,34.58530805687204
260001,MERCY HOSPITAL JOPLIN,MO,1.0,75.0,0.98,0.0,5.0,0.0,True,2.962085308056872,77.39336492890996,55.66350710900474,100.0,59.00473933649289
260005,SSM ST JOSEPH HEALTH CENTER,MO,3.0,63.0,1.0,0.0,5.0,0.0,True,42.77251184834123,26.895734597156395,44.33649289099526,100.0,53.50118483412322
260006,MOSAIC LIFE CARE AT ST JOSEPH,MO,4.0,64.0,1.05,0.0,5.0,0.0,True,73.8388625592417,30.971563981042653,18.95734597156398,100.0,55.941943127962084
260009,BOTHWELL REGIONAL HEALTH CENTER,MO,4.0,61.0,0.9,0.0,4.0,0.0,True,73.8388625592417,20.85308056872038,89.97630331753554,100.0,71.16706161137441
260011,SSM HEALTH ST. MARY'S HOSPITAL - JEFFERSON CITY,MO,3.0,75.0,0.94,0.0,6.0,0.0,True,42.77251184834123,77.39336492890996,76.80094786729858,100.0,74.24170616113744
260017,PHELPS COUNTY REGIONAL MEDICAL CENTER,MO,2.0,72.0,0.98,0.0,6.0,0.0,True,16.37440758293839,66.13744075829385,55.66350710900474,100.0,59.54383886255924
260020,MERCY HOSPITAL ST LOUIS,MO,4.0,77.0,1.01,1.0,6.0,0.16666666666666666,True,73.8388625592417,83.5781990521327,38.41232227488152,83.33333333333334,69.79067930489731
260022,NORTHEAST REGIONAL MEDICAL CENTER,MO,2.0,55.0,0.98,0.0,5.0,0.0,True,16.37440758293839,7.843601895734597,55.66350710900474,100.0,44.97037914691943
260023,MERCY HOSPITAL JEFFERSON,MO,4.0,77.0,0.96,0.0,6.0,0.0,True,73.8388625592417,83.5781990521327,66.44549763033176,100.0,80.96563981042654
260024,TEXAS COUNTY MEMORIAL HOSPITAL,MO,2.0,67.0,0.95,0.0,4.0,0.0,True,16.37440758293839,43.578199052132696,71.65876777251185,100.0,57.90284360189573
260025,HANNIBAL REGIONAL HOSPITAL,MO,2.0,68.0,0.98,1.0,6.0,0.16666666666666666,True,16.37440758293839,48.34123222748815,55.66350710900474,83.33333333333334,50.92812006319116
260027,RESEARCH MEDICAL CENTER,MO,2.0,57.0,1.09,0.0,5.0,0.0,True,16.37440758293839,11.540284360189574,8.554502369668246,100.0,34.117298578199055
260032,BARNES JEWISH HOSPITAL,MO,4.0,79.0,1.02,0.0,6.0,0.0,True,73.8388625592417,89.26540284360189,32.81990521327014,100.0,73.98104265402844
260034,BATES COUNTY MEMORIAL HOSPITAL,MO,3.0,83.0,0.88,0.0,3.0,0.0,True,42.77251184834123,96.25592417061611,93.22274881516589,100.0,83.06279620853081
260040,COX MEDICAL CENTERS,MO,3.0,71.0,0.97,0.0,6.0,0.0,True,42.77251184834123,61.990521327014214,61.23222748815166,100.0,66.49881516587678
260048,TRUMAN MEDICAL CENTER HOSPITAL HILL,MO,3.0,61.0,0.97,0.0,3.0,0.0,True,42.77251184834123,20.85308056872038,61.23222748815166,100.0,56.214454976303315
260052,MERCY HOSPITAL WASHINGTON,MO,4.0,66.0,0.99,0.0,6.0,0.0,True,73.8388625592417,38.76777251184834,50.142180094786724,100.0,65.68720379146919
260057,CAMERON REGIONAL MEDICAL CENTER,MO,1.0,59.0,0.98,0.0,5.0,0.0,True,2.962085308056872,16.327014218009477,55.66350710900474,100.0,43.73815165876778
260059,MERCY HOSPITAL LEBANON,MO,4.0,62.0,0.84,0.0,3.0,0.0,True,73.8388625592417,23.72037914691943,97.58293838862559,100.0,73.78554502369668
260062,SAINT LUKES NORTH HOSPITAL,MO,5.0,75.0,1.0,0.0,5.0,0.0,True,94.50236966824644,77.39336492890996,44.33649289099526,100.0,79.05805687203792
260065,MERCY HOSPITAL SPRINGFIELD,MO,3.0,69.0,1.01,0.0,6.0,0.0,True,42.77251184834123,52.89099526066351,38.41232227488152,100.0,58.518957345971565
260068,BOONE HOSPITAL CENTER,MO,4.0,78.0,1.0,0.0,6.0,0.0,True,73.8388625592417,86.4218009478673,44.33649289099526,100.0,76.14928909952607
260074,MOBERLY REGIONAL MEDICAL CENTER,MO,2.0,61.0,0.94,0.0,4.0,0.0,True,16.37440758293839,20.85308056872038,76.80094786729858,100.0,53.507109004739334
260077,MERCY HOSPITAL SOUTH,MO,2.0,63.0,1.02,0.0,6.0,0.0,True,16.37440758293839,26.895734597156395,32.81990521327014,100.0,44.02251184834123
260078,OZARKS HEALTHCARE,MO,2.0,56.0,0.94,0.0,6.0,0.0,True,16.37440758293839,9.62085308056872,76.80094786729858,100.0,50.699052132701425
260081,SSM ST CLARE HEALTH CENTER,MO,4.0,75.0,0.99,0.0,6.0,0.0,True,73.8388625592417,77.39336492890996,50.142180094786724,100.0,75.3436018957346
260085,ST JOSEPH MEDICAL CENTER,MO,3.0,62.0,0.97,0.0,6.0,0.0,True,42.77251184834123,23.72037914691943,61.23222748815166,100.0,56.93127962085308
260091,SSM HEALTH ST MARY'S HOSPITAL - ST LOUIS,MO,3.0,62.0,1.06,0.0,5.0,0.0,True,42.77251184834123,23.72037914691943,15.734597156398102,100.0,45.556872037914694
260094,COX MEDICAL CENTER BRANSON,MO,4.0,70.0,0.91,0.0,5.0,0.0,True,73.8388625592417,57.606635071090054,87.48815165876778,100.0,79.73341232227489
260095,CENTERPOINT MEDICAL CENTER,MO,3.0,58.0,1.05,0.0,6.0,0.0,True,42.77251184834123,13.90995260663507,18.95734597156398,100.0,43.90995260663507
260096,NKC HEALTH,MO,4.0,75.0,1.03,0.0,6.0,0.0,True,73.8388625592417,77.39336492890996,27.511848341232227,100.0,69.68601895734596
260097,WESTERN MISSOURI MEDICAL CENTER,MO,4.0,68.0,0.97,0.0,5.0,0.0,True,73.8388625592417,48.34123222748815,61.23222748815166,100.0,70.85308056872037
260102,UNIVERSITY HEALTH LAKEWOOD MEDICAL CENTER,MO,4.0,67.0,0.88,0.0,2.0,0.0,True,73.8388625592417,43.578199052132696,93.22274881516589,100.0,77.65995260663507
260104,SSM HEALTH DEPAUL HOSPITAL ST LOUIS,MO,4.0,55.0,1.08,0.0,6.0,0.0,True,73.8388625592417,7.843601895734597,10.545023696682465,100.0,48.05687203791469
260105,SSM HEALTH SAINT LOUIS UNIVERSITY HOSPITAL,MO,1.0,64.0,1.06,0.0,5.0,0.0,True,2.962085308056872,30.971563981042653,15.734597156398102,100.0,37.41706161137441
260108,MISSOURI BAPTIST MEDICAL CENTER,MO,5.0,81.0,0.97,0.0,6.0,0.0,True,94.50236966824644,93.36492890995261,61.23222748815166,100.0,87.27488151658767
260110,MERCY HOSPITAL SOUTHEAST,MO,2.0,64.0,1.01,0.0,6.0,0.0,True,16.37440758293839,30.971563981042653,38.41232227488152,100.0,46.43957345971564
260113,MISSOURI DELTA MEDICAL CENTER,MO,2.0,56.0,1.0,0.0,4.0,0.0,True,16.37440758293839,9.62085308056872,44.33649289099526,100.0,42.58293838862559
260119,POPLAR BLUFF REGIONAL MEDICAL CENTER,MO,2.0,56.0,1.0,0.0,5.0,0.0,True,16.37440758293839,9.62085308056872,44.33649289099526,100.0,42.58293838862559
260137,FREEMAN HEALTH SYSTEM - FREEMAN WEST,MO,2.0,70.0,0.98,0.0,6.0,0.0,True,16.37440758293839,57.606635071090054,55.66350710900474,100.0,57.411137440758296
260138,ST LUKES HOSPITAL OF KANSAS CITY,MO,5.0,78.0,1.05,0.0,6.0,0.0,True,94.50236966824644,86.4218009478673,18.95734597156398,100.0,74.97037914691943
260141,UNIVERSITY OF MISSOURI HEALTH CARE,MO,3.0,70.0,1.01,0.0,6.0,0.0,True,42.77251184834123,57.606635071090054,38.41232227488152,100.0,59.6978672985782
260142,FITZGIBBON HOSPITAL,MO,2.0,60.0,0.83,0.0,4.0,0.0,True,16.37440758293839,18.246445497630333,98.34123222748815,100.0,58.24052132701422
260160,MERCY HOSPITAL STODDARD,MO,2.0,79.0,0.94,0.0,3.0,0.0,True,16.37440758293839,89.26540284360189,76.80094786729858,100.0,70.6101895734597
260162,BARNES-JEWISH WEST COUNTY HOSPITAL,MO,5.0,87.0,0.96,0.0,4.0,0.0,True,94.50236966824644,98.72037914691944,66.44549763033176,100.0,89.91706161137441
260163,PARKLAND HEALTH CENTER,MO,4.0,68.0,0.96,0.0,5.0,0.0,True,73.8388625592417,48.34123222748815,66.44549763033176,100.0,72.1563981042654
260175,GOLDEN VALLEY MEMORIAL HOSPITAL,MO,3.0,68.0,0.9,0.0,5.0,0.0,True,42.77251184834123,48.34123222748815,89.97630331753554,100.0,70.27251184834122
260176,ST LUKES DES PERES HOSPITAL,MO,3.0,80.0,0.9,0.0,4.0,0.0,True,42.77251184834123,91.56398104265404,89.97630331753554,100.0,81.0781990521327
260177,LIBERTY HOSPITAL,MO,2.0,70.0,1.05,1.0,6.0,0.16666666666666666,True,16.37440758293839,57.606635071090054,18.95734597156398,83.33333333333334,44.06793048973144
260179,ST LUKES HOSPITAL,MO,4.0,78.0,1.01,0.0,6.0,0.0,True,73.8388625592417,86.4218009478673,38.41232227488152,100.0,74.66824644549763
260180,CHRISTIAN HOSPITAL NORTHEAST,MO,4.0,66.0,0.98,0.0,6.0,0.0,True,73.8388625592417,38.76777251184834,55.66350710900474,100.0,67.0675355450237
260183,SAINT FRANCIS MEDICAL CENTER,MO,3.0,80.0,1.01,0.0,6.0,0.0,True,42.77251184834123,91.56398104265404,38.41232227488152,100.0,68.18720379146919
260186,LAKE REGIONAL HEALTH SYSTEM,MO,3.0,69.0,0.98,0.0,5.0,0.0,True,42.77251184834123,52.89099526066351,55.66350710900474,100.0,62.83175355450237
260190,LEE'S SUMMIT MEDICAL CENTER,MO,3.0,72.0,0.96,0.0,6.0,0.0,True,42.77251184834123,66.13744075829385,66.44549763033176,100.0,68.8388625592417
260191,BARNES-JEWISH ST PETERS HOSPITAL,MO,3.0,68.0,1.02,0.0,6.0,0.0,True,42.77251184834123,48.34123222748815,32.81990521327014,100.0,55.98341232227488
260193,ST MARY'S MEDICAL CENTER,MO,3.0,63.0,0.96,1.0,6.0,0.16666666666666666,True,42.77251184834123,26.895734597156395,66.44549763033176,83.33333333333334,54.861769352290686
260195,CITIZENS MEMORIAL HOSPITAL,MO,3.0,69.0,0.91,0.0,5.0,0.0,True,42.77251184834123,52.89099526066351,87.48815165876778,100.0,70.78791469194313
260200,SSM ST JOSEPH HOSPITAL WEST,MO,3.0,64.0,1.02,0.0,5.0,0.0,True,42.77251184834123,30.971563981042653,32.81990521327014,100.0,51.64099526066351
260214,BELTON REGIONAL MEDICAL CENTER,MO,2.0,58.0,0.99,0.0,5.0,0.0,True,16.37440758293839,13.90995260663507,50.142180094786724,100.0,45.10663507109005
260216,SAINT LUKE'S EAST  HOSPITAL,MO,4.0,79.0,1.03,0.0,6.0,0.0,True,73.8388625592417,89.26540284360189,27.511848341232227,100.0,72.65402843601896
260219,PROGRESS WEST HOSPITAL,MO,4.0,82.0,0.95,0.0,6.0,0.0,True,73.8388625592417,94.88151658767772,71.65876777251185,100.0,85.09478672985782
270003,ST PETERS HEALTH,MT,3.0,56.0,0.89,0.0,6.0,0.0,True,42.77251184834123,9.62085308056872,91.89573459715639,100.0,61.072274881516584
270004,BILLINGS CLINIC,MT,4.0,72.0,1.03,0.0,6.0,0.0,True,73.8388625592417,66.13744075829385,27.511848341232227,100.0,66.87203791469194
270012,BENEFIS HOSPITALS INC,MT,2.0,61.0,0.94,0.0,6.0,0.0,True,16.37440758293839,20.85308056872038,76.80094786729858,100.0,53.507109004739334
270014,ST. PATRICK HOSPITAL,MT,5.0,81.0,0.92,0.0,6.0,0.0,True,94.50236966824644,93.36492890995261,84.54976303317535,100.0,93.1042654028436
270017,ST JAMES HOSPITAL,MT,2.0,65.0,0.9,0.0,5.0,0.0,True,16.37440758293839,34.834123222748815,89.97630331753554,100.0,60.296208530805686
270023,COMMUNITY MEDICAL CENTER,MT,3.0,68.0,0.97,0.0,5.0,0.0,True,42.77251184834123,48.34123222748815,61.23222748815166,100.0,63.08649289099526
270049,INTERMOUNTAIN HEALTH ST VINCENT REGIONAL HOSPITAL,MT,4.0,77.0,1.01,0.0,6.0,0.0,True,73.8388625592417,83.5781990521327,38.41232227488152,100.0,73.95734597156398
270051,LOGAN HEALTH MEDICAL CENTER,MT,3.0,66.0,0.95,0.0,5.0,0.0,True,42.77251184834123,38.76777251184834,71.65876777251185,100.0,63.29976303317535
270057,BOZEMAN HEALTH DEACONESS HOSPITAL,MT,4.0,74.0,0.9,0.0,6.0,0.0,True,73.8388625592417,73.86255924170617,89.97630331753554,100.0,84.41943127962085
270086,GREAT FALLS CLINIC HOSPITAL,MT,2.0,81.0,0.88,0.0,6.0,0.0,True,16.37440758293839,93.36492890995261,93.22274881516589,100.0,75.74052132701422
280003,BRYAN MEDICAL CENTER,NE,3.0,80.0,1.01,0.0,6.0,0.0,True,42.77251184834123,91.56398104265404,38.41232227488152,100.0,68.18720379146919
280009,CHI HEALTH GOOD SAMARITAN,NE,4.0,73.0,1.03,0.0,5.0,0.0,True,73.8388625592417,70.04739336492891,27.511848341232227,100.0,67.8495260663507
280013,THE NEBRASKA MEDICAL CENTER,NE,4.0,72.0,1.01,0.0,6.0,0.0,True,73.8388625592417,66.13744075829385,38.41232227488152,100.0,69.59715639810426
280020,CHI HEALTH ST. ELIZABETH,NE,4.0,67.0,1.03,0.0,5.0,0.0,True,73.8388625592417,43.578199052132696,27.511848341232227,100.0,61.23222748815166
280023,CHI HEALTH ST. FRANCIS,NE,4.0,63.0,1.03,0.0,5.0,0.0,True,73.8388625592417,26.895734597156395,27.511848341232227,100.0,57.06161137440758
280032,MARY LANNING HEALTHCARE,NE,2.0,67.0,0.91,0.0,5.0,0.0,True,16.37440758293839,43.578199052132696,87.48815165876778,100.0,61.860189573459714
280040,THE NEBRASKA METHODIST HOSPITAL,NE,4.0,83.0,0.98,0.0,6.0,0.0,True,73.8388625592417,96.25592417061611,55.66350710900474,100.0,81.43957345971563
280060,CHI HEALTH BERGAN MERCY,NE,4.0,59.0,1.02,0.0,5.0,0.0,True,73.8388625592417,16.327014218009477,32.81990521327014,100.0,55.74644549763033
280061,REGIONAL WEST MEDICAL CENTER,NE,2.0,46.0,1.03,0.0,5.0,0.0,True,16.37440758293839,1.161137440758294,27.511848341232227,100.0,36.26184834123222
280065,GREAT PLAINS HEALTH,NE,3.0,59.0,0.97,0.0,6.0,0.0,True,42.77251184834123,16.327014218009477,61.23222748815166,100.0,55.08293838862559
280077,METHODIST FREMONT HEALTH,NE,2.0,66.0,0.95,0.0,6.0,0.0,True,16.37440758293839,38.76777251184834,71.65876777251185,100.0,56.70023696682465
280081,CHI HEALTH IMMANUEL,NE,3.0,65.0,1.03,0.0,5.0,0.0,True,42.77251184834123,34.834123222748815,27.511848341232227,100.0,51.279620853080566
280105,CHI HEALTH MIDLANDS,NE,4.0,72.0,0.83,0.0,3.0,0.0,True,73.8388625592417,66.13744075829385,98.34123222748815,100.0,84.57938388625593
280111,"COLUMBUS COMMUNITY HOSPITAL, INC",NE,3.0,70.0,1.0,0.0,5.0,0.0,True,42.77251184834123,57.606635071090054,44.33649289099526,100.0,61.17890995260664
280125,FAITH REGIONAL HEALTH SERVICES,NE,3.0,66.0,0.98,0.0,5.0,0.0,True,42.77251184834123,38.76777251184834,55.66350710900474,100.0,59.300947867298575
280128,CHI HEALTH NEBRASKA HEART,NE,4.0,84.0,1.0,0.0,3.0,0.0,True,73.8388625592417,97.27488151658767,44.33649289099526,100.0,78.86255924170615
280130,CHI HEALTH LAKESIDE,NE,4.0,66.0,0.96,0.0,6.0,0.0,True,73.8388625592417,38.76777251184834,66.44549763033176,100.0,69.76303317535545
280132,BELLEVUE MEDICAL CENTER,NE,4.0,75.0,0.92,0.0,6.0,0.0,True,73.8388625592417,77.39336492890996,84.54976303317535,100.0,83.94549763033176
280134,KEARNEY REGIONAL MEDICAL CENTER,NE,4.0,79.0,1.03,0.0,6.0,0.0,True,73.8388625592417,89.26540284360189,27.511848341232227,100.0,72.65402843601896
280139,GRAND ISLAND REGIONAL MEDICAL CENTER,NE,2.0,74.0,0.93,0.0,4.0,0.0,True,16.37440758293839,73.86255924170617,81.04265402843602,100.0,67.81990521327015
290001,RENOWN REGIONAL MEDICAL CENTER,NV,3.0,70.0,1.03,0.0,5.0,0.0,True,42.77251184834123,57.606635071090054,27.511848341232227,100.0,56.97274881516588
290003,SUNRISE HOSPITAL AND MEDICAL CENTER,NV,2.0,60.0,1.18,0.0,6.0,0.0,True,16.37440758293839,18.246445497630333,1.2796208530805688,100.0,33.975118483412324
290005,NORTH VISTA HOSPITAL,NV,3.0,58.0,1.14,0.0,4.0,0.0,True,42.77251184834123,13.90995260663507,3.3412322274881516,100.0,40.00592417061611
290007,UNIVERSITY MEDICAL CENTER,NV,2.0,60.0,1.08,0.0,6.0,0.0,True,16.37440758293839,18.246445497630333,10.545023696682465,100.0,36.291469194312796
290008,NORTHEASTERN NEVADA REGIONAL HOSPITAL,NV,3.0,44.0,0.87,0.0,6.0,0.0,True,42.77251184834123,0.7582938388625593,94.50236966824644,100.0,59.508293838862556
290009,SAINT MARY'S REGIONAL MEDICAL CENTER,NV,4.0,70.0,0.89,0.0,6.0,0.0,True,73.8388625592417,57.606635071090054,91.89573459715639,100.0,80.83530805687204
290019,CARSON TAHOE REGIONAL MEDICAL CENTER,NV,2.0,73.0,0.95,0.0,5.0,0.0,True,16.37440758293839,70.04739336492891,71.65876777251185,100.0,64.52014218009478
290021,VALLEY HOSPITAL MEDICAL CENTER,NV,2.0,57.0,1.13,1.0,6.0,0.16666666666666666,True,16.37440758293839,11.540284360189574,4.004739336492891,83.33333333333334,28.81319115323855
290032,NORTHERN NEVADA MEDICAL CENTER,NV,3.0,73.0,0.93,0.0,6.0,0.0,True,42.77251184834123,70.04739336492891,81.04265402843602,100.0,73.46563981042654
290039,MOUNTAINVIEW HOSPITAL,NV,4.0,68.0,1.08,0.0,6.0,0.0,True,73.8388625592417,48.34123222748815,10.545023696682465,100.0,58.18127962085308
290041,SUMMERLIN HOSPITAL MEDICAL CENTER,NV,3.0,64.0,1.1,1.0,5.0,0.2,True,42.77251184834123,30.971563981042653,6.943127962085308,80.0,40.1718009478673
290045,SAINT ROSE DOMINICAN HOSPITALS - SIENA CAMPUS,NV,3.0,67.0,1.17,1.0,6.0,0.16666666666666666,True,42.77251184834123,43.578199052132696,1.5639810426540284,83.33333333333334,42.812006319115326
290046,SPRING VALLEY HOSPITAL MEDICAL CENTER,NV,3.0,69.0,1.07,0.0,6.0,0.0,True,42.77251184834123,52.89099526066351,12.985781990521328,100.0,52.16232227488152
290047,SOUTHERN HILLS HOSPITAL AND MEDICAL CENTER,NV,4.0,75.0,1.09,0.0,6.0,0.0,True,73.8388625592417,77.39336492890996,8.554502369668246,100.0,64.94668246445498
290049,RENOWN SOUTH MEADOWS MEDICAL CENTER,NV,3.0,76.0,0.95,0.0,5.0,0.0,True,42.77251184834123,80.59241706161137,71.65876777251185,100.0,73.75592417061611
290053,SAINT ROSE DOMINICAN HOSPITALS - SAN MARTIN CAMPUS,NV,4.0,81.0,1.12,0.0,5.0,0.0,True,73.8388625592417,93.36492890995261,4.644549763033176,100.0,67.96208530805687
290054,CENTENNIAL HILLS HOSPITAL MEDICAL CENTER,NV,2.0,59.0,1.08,0.0,6.0,0.0,True,16.37440758293839,16.327014218009477,10.545023696682465,100.0,35.81161137440758
290057,HENDERSON HOSPITAL,NV,2.0,61.0,1.05,1.0,6.0,0.16666666666666666,True,16.37440758293839,20.85308056872038,18.95734597156398,83.33333333333334,34.87954186413902
300001,CONCORD HOSPITAL,NH,3.0,74.0,1.0,0.0,6.0,0.0,True,42.77251184834123,73.86255924170617,44.33649289099526,100.0,65.24289099526067
300003,MARY HITCHCOCK MEMORIAL HOSPITAL,NH,3.0,78.0,1.02,0.0,6.0,0.0,True,42.77251184834123,86.4218009478673,32.81990521327014,100.0,65.50355450236967
300005,CONCORD HOSPITAL- LACONIA,NH,3.0,62.0,0.97,0.0,4.0,0.0,True,42.77251184834123,23.72037914691943,61.23222748815166,100.0,56.93127962085308
300011,ST JOSEPH HOSPITAL,NH,4.0,70.0,1.02,0.0,6.0,0.0,True,73.8388625592417,57.606635071090054,32.81990521327014,100.0,66.06635071090048
300012,ELLIOT HOSPITAL,NH,2.0,79.0,1.01,0.0,6.0,0.0,True,16.37440758293839,89.26540284360189,38.41232227488152,100.0,61.013033175355446
300014,FRISBIE MEMORIAL HOSPITAL,NH,3.0,71.0,0.86,0.0,4.0,0.0,True,42.77251184834123,61.990521327014214,95.75829383886256,100.0,75.1303317535545
300017,PARKLAND MEDICAL CENTER,NH,4.0,61.0,0.94,0.0,5.0,0.0,True,73.8388625592417,20.85308056872038,76.80094786729858,100.0,67.87322274881517
300018,WENTWORTH-DOUGLASS HOSPITAL,NH,4.0,82.0,0.94,0.0,6.0,0.0,True,73.8388625592417,94.88151658767772,76.80094786729858,100.0,86.3803317535545
300019,CHESHIRE MEDICAL CENTER,NH,4.0,67.0,0.97,0.0,5.0,0.0,True,73.8388625592417,43.578199052132696,61.23222748815166,100.0,69.66232227488152
300020,SOUTHERN NH MEDICAL CENTER,NH,2.0,70.0,0.98,0.0,6.0,0.0,True,16.37440758293839,57.606635071090054,55.66350710900474,100.0,57.411137440758296
300023,EXETER HOSPITAL INC,NH,4.0,71.0,0.97,0.0,6.0,0.0,True,73.8388625592417,61.990521327014214,61.23222748815166,100.0,74.26540284360189
300029,PORTSMOUTH REGIONAL HOSPITAL,NH,3.0,68.0,1.02,0.0,6.0,0.0,True,42.77251184834123,48.34123222748815,32.81990521327014,100.0,55.98341232227488
300034,CATHOLIC MEDICAL CENTER,NH,4.0,69.0,0.97,0.0,6.0,0.0,True,73.8388625592417,52.89099526066351,61.23222748815166,100.0,71.99052132701422
310001,HACKENSACK UNIVERSITY MEDICAL CENTER,NJ,5.0,74.0,1.09,0.0,6.0,0.0,True,94.50236966824644,73.86255924170617,8.554502369668246,100.0,69.22985781990522
310002,NEWARK BETH ISRAEL MEDICAL CENTER,NJ,2.0,63.0,1.11,0.0,5.0,0.0,True,16.37440758293839,26.895734597156395,5.545023696682464,100.0,37.203791469194314
310003,PALISADES MEDICAL CENTER,NJ,2.0,59.0,1.03,0.0,4.0,0.0,True,16.37440758293839,16.327014218009477,27.511848341232227,100.0,40.05331753554502
310005,HUNTERDON MEDICAL CENTER,NJ,4.0,64.0,0.98,1.0,6.0,0.16666666666666666,True,73.8388625592417,30.971563981042653,55.66350710900474,83.33333333333334,60.95181674565561
310006,ST MARY'S GENERAL HOSPITAL,NJ,3.0,59.0,1.05,0.0,5.0,0.0,True,42.77251184834123,16.327014218009477,18.95734597156398,100.0,44.51421800947867
310008,HOLY NAME MEDICAL CENTER,NJ,5.0,74.0,1.06,0.0,6.0,0.0,True,94.50236966824644,73.86255924170617,15.734597156398102,100.0,71.02488151658767
310009,CLARA MAASS MEDICAL CENTER,NJ,3.0,63.0,1.14,0.0,5.0,0.0,True,42.77251184834123,26.895734597156395,3.3412322274881516,100.0,43.252369668246445
310010,UNIVERSITY MEDICAL CENTER OF PRINCETON AT PLAINSBORO,NJ,4.0,77.0,1.0,0.0,6.0,0.0,True,73.8388625592417,83.5781990521327,44.33649289099526,100.0,75.43838862559241
310012,VALLEY HOSPITAL,NJ,4.0,79.0,1.03,0.0,6.0,0.0,True,73.8388625592417,89.26540284360189,27.511848341232227,100.0,72.65402843601896
310014,COOPER UNIVERSITY HOSPITAL,NJ,2.0,71.0,1.03,1.0,6.0,0.16666666666666666,True,16.37440758293839,61.990521327014214,27.511848341232227,83.33333333333334,47.30252764612954
310015,MORRISTOWN MEDICAL CENTER,NJ,5.0,80.0,1.04,0.0,6.0,0.0,True,94.50236966824644,91.56398104265404,22.843601895734597,100.0,77.22748815165878
310016,HEIGHTS UNIVERSITY HOSPITAL,NJ,2.0,58.0,1.2,0.0,5.0,0.0,True,16.37440758293839,13.90995260663507,1.018957345971564,100.0,32.82582938388626
310017,CHILTON MEDICAL CENTER,NJ,5.0,67.0,1.14,0.0,5.0,0.0,True,94.50236966824644,43.578199052132696,3.3412322274881516,100.0,60.355450236966824
310019,ST JOSEPH'S UNIVERSITY MEDICAL CENTER INC,NJ,3.0,58.0,1.1,1.0,6.0,0.16666666666666666,True,42.77251184834123,13.90995260663507,6.943127962085308,83.33333333333334,36.739731437598735
310022,WEST JERSEY HOSPITAL,NJ,3.0,70.0,1.03,3.0,6.0,0.5,True,42.77251184834123,57.606635071090054,27.511848341232227,50.0,44.47274881516588
310024,ROBERT WOOD JOHNSON UNIVERSITY HOSPITAL AT RAHWAY,NJ,4.0,63.0,1.07,0.0,5.0,0.0,True,73.8388625592417,26.895734597156395,12.985781990521328,100.0,53.43009478672985
310025,CAREPOINT HEALTH - BAYONNE MEDICAL CENTER,NJ,1.0,49.0,1.18,0.0,6.0,0.0,True,2.962085308056872,2.5355450236966828,1.2796208530805688,100.0,26.694312796208532
310027,TRINITAS REGIONAL MEDICAL CENTER,NJ,3.0,62.0,1.11,0.0,4.0,0.0,True,42.77251184834123,23.72037914691943,5.545023696682464,100.0,43.00947867298578
310028,NEWTON MEDICAL CENTER,NJ,4.0,63.0,1.04,0.0,6.0,0.0,True,73.8388625592417,26.895734597156395,22.843601895734597,100.0,55.89454976303317
310029,VIRTUA OUR LADY OF LOURDES HOSPITAL,NJ,2.0,60.0,1.09,0.0,5.0,0.0,True,16.37440758293839,18.246445497630333,8.554502369668246,100.0,35.79383886255924
310031,DEBORAH HEART AND LUNG CENTER,NJ,3.0,83.0,1.03,0.0,5.0,0.0,True,42.77251184834123,96.25592417061611,27.511848341232227,100.0,66.63507109004739
310032,INSPIRA MEDICAL CENTER VINELAND,NJ,3.0,59.0,1.05,1.0,5.0,0.2,True,42.77251184834123,16.327014218009477,18.95734597156398,80.0,39.51421800947867
310034,RIVERVIEW MEDICAL CENTER,NJ,3.0,74.0,1.07,1.0,6.0,0.16666666666666666,True,42.77251184834123,73.86255924170617,12.985781990521328,83.33333333333334,53.23854660347552
310038,ROBERT WOOD JOHNSON UNIVERSITY HOSPITAL,NJ,2.0,69.0,1.07,0.0,6.0,0.0,True,16.37440758293839,52.89099526066351,12.985781990521328,100.0,45.562796208530806
310039,RARITAN BAY MEDICAL CENTER,NJ,4.0,60.0,1.11,0.0,5.0,0.0,True,73.8388625592417,18.246445497630333,5.545023696682464,100.0,49.40758293838863
310040,CAREPOINT HEALTH-HOBOKEN UNIVERSITY MEDICAL CENTER,NJ,1.0,50.0,1.17,0.0,4.0,0.0,True,2.962085308056872,3.2701421800947865,1.5639810426540284,100.0,26.94905213270142
310041,COMMUNITY MEDICAL CENTER,NJ,1.0,57.0,1.13,2.0,6.0,0.3333333333333333,True,2.962085308056872,11.540284360189574,4.004739336492891,66.66666666666667,21.2934439178515
310044,CAPITAL HEALTH MEDICAL CENTER - HOPEWELL,NJ,2.0,67.0,1.07,1.0,6.0,0.16666666666666666,True,16.37440758293839,43.578199052132696,12.985781990521328,83.33333333333334,39.06793048973144
310045,ENGLEWOOD HOSPITAL AND MEDICAL CENTER,NJ,4.0,78.0,1.05,0.0,6.0,0.0,True,73.8388625592417,86.4218009478673,18.95734597156398,100.0,69.80450236966824
310047,SHORE MEDICAL CENTER,NJ,3.0,62.0,0.99,0.0,5.0,0.0,True,42.77251184834123,23.72037914691943,50.142180094786724,100.0,54.15876777251185
310048,ROBERT WOOD JOHNSON UNIVERSITY HOSPITAL - SOMERSET,NJ,3.0,67.0,1.02,1.0,6.0,0.16666666666666666,True,42.77251184834123,43.578199052132696,32.81990521327014,83.33333333333334,50.625987361769354
310050,SAINT CLARE'S HOSPITAL/ DENVILLE CAMPUS,NJ,2.0,58.0,1.03,2.0,6.0,0.3333333333333333,True,16.37440758293839,13.90995260663507,27.511848341232227,66.66666666666667,31.11571879936809
310051,OVERLOOK MEDICAL CENTER,NJ,5.0,70.0,1.04,0.0,6.0,0.0,True,94.50236966824644,57.606635071090054,22.843601895734597,100.0,68.73815165876778
310052,OCEAN MEDICAL CENTER,NJ,4.0,69.0,1.11,0.0,6.0,0.0,True,73.8388625592417,52.89099526066351,5.545023696682464,100.0,58.068720379146924
310054,HACKENSACK MERIDIAN MOUNTAINSIDE MEDICAL,NJ,4.0,62.0,1.08,0.0,6.0,0.0,True,73.8388625592417,23.72037914691943,10.545023696682465,100.0,52.0260663507109
310057,VIRTUA MOUNT HOLLY HOSPITAL,NJ,3.0,56.0,1.1,1.0,5.0,0.2,True,42.77251184834123,9.62085308056872,6.943127962085308,80.0,34.834123222748815
310060,ST LUKE'S WARREN HOSPITAL,NJ,5.0,69.0,0.97,0.0,5.0,0.0,True,94.50236966824644,52.89099526066351,61.23222748815166,100.0,77.1563981042654
310061,VIRTUA WILLINGBORO HOSPITAL,NJ,3.0,55.0,1.07,0.0,4.0,0.0,True,42.77251184834123,7.843601895734597,12.985781990521328,100.0,40.900473933649295
310064,ATLANTICARE REGIONAL MEDICAL CENTER - CITY CAMPUS,NJ,4.0,66.0,1.06,0.0,6.0,0.0,True,73.8388625592417,38.76777251184834,15.734597156398102,100.0,57.08530805687204
310069,INSPIRA MEDICAL CENTER MULLICA HILL,NJ,3.0,71.0,1.02,2.0,5.0,0.4,True,42.77251184834123,61.990521327014214,32.81990521327014,60.0,49.3957345971564
310070,SAINT PETER'S UNIVERSITY HOSPITAL,NJ,3.0,77.0,1.09,1.0,6.0,0.16666666666666666,True,42.77251184834123,83.5781990521327,8.554502369668246,83.33333333333334,54.55963665086888
310073,JERSEY SHORE UNIVERSITY MEDICAL CENTER,NJ,4.0,69.0,1.07,0.0,6.0,0.0,True,73.8388625592417,52.89099526066351,12.985781990521328,100.0,59.92890995260664
310074,JERSEY CITY MEDICAL CENTER,NJ,3.0,71.0,1.06,0.0,5.0,0.0,True,42.77251184834123,61.990521327014214,15.734597156398102,100.0,55.12440758293839
310075,MONMOUTH MEDICAL CENTER,NJ,3.0,74.0,1.08,0.0,6.0,0.0,True,42.77251184834123,73.86255924170617,10.545023696682465,100.0,56.79502369668246
310076,COOPERMAN BARNABAS MEDICAL CENTER,NJ,3.0,70.0,1.05,1.0,6.0,0.16666666666666666,True,42.77251184834123,57.606635071090054,18.95734597156398,83.33333333333334,50.66745655608216
310083,CAREWELL HEALTH MEDICAL CENTER,NJ,1.0,44.0,1.29,1.0,3.0,0.3333333333333333,True,2.962085308056872,0.7582938388625593,0.18957345971563982,66.66666666666667,17.644154818325436
310084,MONMOUTH MEDICAL CENTER-SOUTHERN CAMPUS,NJ,3.0,66.0,1.15,1.0,4.0,0.25,True,42.77251184834123,38.76777251184834,2.772511848341232,75.0,39.8281990521327
310086,JEFFERSON STRATFORD HOSPITAL,NJ,2.0,65.0,1.03,3.0,6.0,0.5,True,16.37440758293839,34.834123222748815,27.511848341232227,50.0,32.18009478672985
310092,CAPITAL HEALTH REGIONAL MEDICAL CENTER,NJ,2.0,51.0,1.2,0.0,4.0,0.0,True,16.37440758293839,3.9810426540284363,1.018957345971564,100.0,30.343601895734597
310096,SAINT MICHAEL'S MEDICAL CENTER,NJ,4.0,70.0,0.96,0.0,4.0,0.0,True,73.8388625592417,57.606635071090054,66.44549763033176,100.0,74.47274881516589
310108,JFK UNIVERSITY MEDICAL CENTER,NJ,3.0,57.0,1.08,0.0,5.0,0.0,True,42.77251184834123,11.540284360189574,10.545023696682465,100.0,41.214454976303315
310110,ROBERT WOOD JOHNSON UNIVERSITY HOSPITAL AT HAMILTON,NJ,4.0,64.0,1.06,0.0,6.0,0.0,True,73.8388625592417,30.971563981042653,15.734597156398102,100.0,55.13625592417061
310111,CENTRASTATE MEDICAL CENTER,NJ,4.0,62.0,1.07,1.0,5.0,0.2,True,73.8388625592417,23.72037914691943,12.985781990521328,80.0,47.63625592417061
310112,BAYSHORE MEDICAL CENTER,NJ,4.0,69.0,1.07,0.0,5.0,0.0,True,73.8388625592417,52.89099526066351,12.985781990521328,100.0,59.92890995260664
310113,SOUTHERN OCEAN MEDICAL CENTER,NJ,4.0,62.0,1.05,0.0,5.0,0.0,True,73.8388625592417,23.72037914691943,18.95734597156398,100.0,54.12914691943128
310115,AHS HOSPITAL CORP,NJ,4.0,57.0,1.09,0.0,4.0,0.0,True,73.8388625592417,11.540284360189574,8.554502369668246,100.0,48.48341232227488
310118,HUDSON REGIONAL HOSPITAL,NJ,2.0,63.0,1.11,0.0,5.0,0.0,True,16.37440758293839,26.895734597156395,5.545023696682464,100.0,37.203791469194314
310119,THE UNIVERSITY HOSPITAL,NJ,1.0,58.0,1.11,0.0,4.0,0.0,True,2.962085308056872,13.90995260663507,5.545023696682464,100.0,30.604265402843602
310130,HACKENSACK MERIDIAN HEALTH PASCACK VALLEY MEDICAL,NJ,5.0,68.0,1.04,0.0,5.0,0.0,True,94.50236966824644,48.34123222748815,22.843601895734597,100.0,66.4218009478673
320001,UNM HOSPITAL,NM,2.0,65.0,1.0,0.0,5.0,0.0,True,16.37440758293839,34.834123222748815,44.33649289099526,100.0,48.88625592417061
320002,CHRISTUS ST VINCENT REGIONAL MEDICAL CENTER,NM,4.0,71.0,0.93,0.0,5.0,0.0,True,73.8388625592417,61.990521327014214,81.04265402843602,100.0,79.21800947867298
320004,CHRISTUS SOUTHERN NEW MEXICO,NM,3.0,65.0,0.95,0.0,6.0,0.0,True,42.77251184834123,34.834123222748815,71.65876777251185,100.0,62.31635071090047
320005,SAN JUAN REGIONAL MEDICAL CENTER INC,NM,2.0,56.0,0.98,0.0,5.0,0.0,True,16.37440758293839,9.62085308056872,55.66350710900474,100.0,45.41469194312796
320006,EASTERN NEW MEXICO MEDICAL CENTER,NM,1.0,55.0,0.94,0.0,5.0,0.0,True,2.962085308056872,7.843601895734597,76.80094786729858,100.0,46.90165876777251
320009,LOVELACE MEDICAL CENTER,NM,2.0,66.0,1.0,0.0,6.0,0.0,True,16.37440758293839,38.76777251184834,44.33649289099526,100.0,49.8696682464455
320017,LOVELACE WOMEN'S HOSPITAL,NM,4.0,65.0,0.99,0.0,3.0,0.0,True,73.8388625592417,34.834123222748815,50.142180094786724,100.0,64.70379146919431
320018,MEMORIAL MEDICAL CENTER,NM,2.0,62.0,1.03,0.0,5.0,0.0,True,16.37440758293839,23.72037914691943,27.511848341232227,100.0,41.90165876777251
320021,PRESBYTERIAN HOSPITAL,NM,2.0,68.0,0.95,0.0,6.0,0.0,True,16.37440758293839,48.34123222748815,71.65876777251185,100.0,59.093601895734594
320022,PLAINS REGIONAL MEDICAL CENTER,NM,2.0,57.0,0.88,0.0,5.0,0.0,True,16.37440758293839,11.540284360189574,93.22274881516589,100.0,55.28436018957346
320059,NORTHERN NAVAJO MEDICAL CENTER,NM,3.0,54.0,0.94,0.0,3.0,0.0,True,42.77251184834123,6.563981042654028,76.80094786729858,100.0,56.53436018957346
320061,GALLUP INDIAN MEDICAL CENTER,NM,2.0,41.0,0.8,0.0,3.0,0.0,True,16.37440758293839,0.42654028436018954,99.54976303317535,100.0,54.08767772511848
320063,CARLSBAD MEDICAL CENTER,NM,1.0,44.0,1.08,0.0,5.0,0.0,True,2.962085308056872,0.7582938388625593,10.545023696682465,100.0,28.566350710900473
320065,COVENANT HEALTH HOBBS HOSPITAL,NM,3.0,71.0,1.13,0.0,3.0,0.0,True,42.77251184834123,61.990521327014214,4.004739336492891,100.0,52.191943127962084
320074,LOVELACE WESTSIDE HOSPITAL,NM,4.0,71.0,1.0,0.0,3.0,0.0,True,73.8388625592417,61.990521327014214,44.33649289099526,100.0,70.0414691943128
320085,MOUNTAIN VIEW REGIONAL MEDICAL CENTER,NM,2.0,53.0,1.04,0.0,5.0,0.0,True,16.37440758293839,5.592417061611375,22.843601895734597,100.0,36.20260663507109
320086,LOVELACE REGIONAL HOSPITAL - ROSWELL,NM,2.0,67.0,0.9,0.0,3.0,0.0,True,16.37440758293839,43.578199052132696,89.97630331753554,100.0,62.48222748815166
320090,PRESBYTERIAN SANTA FE MEDICAL CENTER,NM,5.0,75.0,0.81,0.0,3.0,0.0,True,94.50236966824644,77.39336492890996,99.21800947867298,100.0,92.77843601895735
320091,THREE CROSSES REGIONAL HOSPITAL LLC,NM,3.0,84.0,0.97,0.0,5.0,0.0,True,42.77251184834123,97.27488151658767,61.23222748815166,100.0,75.31990521327015
330005,KALEIDA HEALTH,NY,3.0,67.0,0.94,1.0,6.0,0.16666666666666666,True,42.77251184834123,43.578199052132696,76.80094786729858,83.33333333333334,61.621248025276465
330006,ST JOSEPH'S MEDICAL CENTER,NY,1.0,41.0,1.26,0.0,3.0,0.0,True,2.962085308056872,0.42654028436018954,0.2843601895734597,100.0,25.91824644549763
330009,BRONXCARE HOSPITAL CENTER,NY,1.0,56.0,0.96,2.0,4.0,0.5,True,2.962085308056872,9.62085308056872,66.44549763033176,50.0,32.257109004739334
330011,"OUR LADY OF LOURDES MEMORIAL HOSPITAL, INC",NY,3.0,59.0,0.92,0.0,6.0,0.0,True,42.77251184834123,16.327014218009477,84.54976303317535,100.0,60.91232227488152
330013,ALBANY MEDICAL CENTER HOSPITAL,NY,1.0,58.0,1.0,0.0,6.0,0.0,True,2.962085308056872,13.90995260663507,44.33649289099526,100.0,40.3021327014218
330014,JAMAICA HOSPITAL MEDICAL CENTER,NY,1.0,60.0,1.05,0.0,5.0,0.0,True,2.962085308056872,18.246445497630333,18.95734597156398,100.0,35.041469194312796
330019,"NEW YORK COMMUNITY HOSPITAL OF BROOKLYN, INC.",NY,1.0,47.0,1.15,2.0,4.0,0.5,True,2.962085308056872,1.5165876777251186,2.772511848341232,50.0,14.312796208530806
330023,VASSAR BROTHERS MEDICAL CENTER,NY,3.0,72.0,0.96,0.0,5.0,0.0,True,42.77251184834123,66.13744075829385,66.44549763033176,100.0,68.8388625592417
330024,MOUNT SINAI HOSPITAL,NY,4.0,70.0,0.98,0.0,6.0,0.0,True,73.8388625592417,57.606635071090054,55.66350710900474,100.0,71.77725118483413
330027,NASSAU UNIVERSITY MEDICAL CENTER,NY,1.0,49.0,1.09,1.0,4.0,0.25,True,2.962085308056872,2.5355450236966828,8.554502369668246,75.0,22.26303317535545
330028,RICHMOND UNIVERSITY MEDICAL CENTER,NY,1.0,45.0,1.01,1.0,6.0,0.16666666666666666,True,2.962085308056872,0.9478672985781991,38.41232227488152,83.33333333333334,31.413902053712484
330030,NEWARK-WAYNE COMMUNITY HOSPITAL,NY,2.0,65.0,0.86,0.0,4.0,0.0,True,16.37440758293839,34.834123222748815,95.75829383886256,100.0,61.741706161137444
330033,CHENANGO MEMORIAL HOSPITAL,NY,2.0,65.0,0.93,0.0,3.0,0.0,True,16.37440758293839,34.834123222748815,81.04265402843602,100.0,58.062796208530806
330043,NS/LIJ HS SOUTHSIDE HOSPITAL,NY,3.0,66.0,1.1,0.0,6.0,0.0,True,42.77251184834123,38.76777251184834,6.943127962085308,100.0,47.12085308056872
330044,WYNN HOSPITAL,NY,1.0,52.0,1.08,0.0,5.0,0.0,True,2.962085308056872,4.739336492890995,10.545023696682465,100.0,29.561611374407583
330045,NS/LIJ HS HUNTINGTON HOSPITAL,NY,5.0,72.0,0.98,0.0,6.0,0.0,True,94.50236966824644,66.13744075829385,55.66350710900474,100.0,79.07582938388626
330046,MOUNT SINAI WEST,NY,4.0,62.0,1.01,0.0,6.0,0.0,True,73.8388625592417,23.72037914691943,38.41232227488152,100.0,58.992890995260666
330047,ST MARY'S HEALTHCARE,NY,3.0,63.0,1.07,0.0,4.0,0.0,True,42.77251184834123,26.895734597156395,12.985781990521328,100.0,45.66350710900474
330049,NORTHERN DUTCHESS HOSPITAL,NY,4.0,83.0,0.97,0.0,5.0,0.0,True,73.8388625592417,96.25592417061611,61.23222748815166,100.0,82.83175355450237
330055,NEW YORK-PRESBYTERIAN/QUEENS,NY,5.0,66.0,1.08,0.0,6.0,0.0,True,94.50236966824644,38.76777251184834,10.545023696682465,100.0,60.953791469194314
330056,BROOKLYN HOSPITAL CENTER - DOWNTOWN CAMPUS,NY,2.0,58.0,1.11,0.0,6.0,0.0,True,16.37440758293839,13.90995260663507,5.545023696682464,100.0,33.95734597156398
330057,ST PETER'S HOSPITAL,NY,2.0,74.0,0.95,0.0,6.0,0.0,True,16.37440758293839,73.86255924170617,71.65876777251185,100.0,65.47393364928911
330058,GENEVA GENERAL HOSPITAL,NY,2.0,50.0,0.84,1.0,5.0,0.2,True,16.37440758293839,3.2701421800947865,97.58293838862559,80.0,49.306872037914694
330059,MONTEFIORE MEDICAL CENTER,NY,3.0,65.0,1.04,1.0,6.0,0.16666666666666666,True,42.77251184834123,34.834123222748815,22.843601895734597,83.33333333333334,45.945892575039494
330065,NIAGARA FALLS MEMORIAL MEDICAL CENTER,NY,1.0,55.0,0.95,0.0,5.0,0.0,True,2.962085308056872,7.843601895734597,71.65876777251185,100.0,45.61611374407583
330073,UNITED MEMORIAL MEDICAL CENTER,NY,2.0,58.0,0.94,0.0,4.0,0.0,True,16.37440758293839,13.90995260663507,76.80094786729858,100.0,51.77132701421801
330074,F F THOMPSON HOSPITAL,NY,2.0,74.0,0.9,0.0,4.0,0.0,True,16.37440758293839,73.86255924170617,89.97630331753554,100.0,70.05331753554502
330078,SISTERS OF CHARITY HOSPITAL,NY,3.0,67.0,0.96,0.0,4.0,0.0,True,42.77251184834123,43.578199052132696,66.44549763033176,100.0,63.199052132701425
330079,ADIRONDACK MEDICAL CENTER - SARANAC LAKE,NY,4.0,83.0,0.87,0.0,5.0,0.0,True,73.8388625592417,96.25592417061611,94.50236966824644,100.0,91.14928909952607
330080,LINCOLN MEDICAL & MENTAL HEALTH CENTER,NY,2.0,52.0,1.01,0.0,3.0,0.0,True,16.37440758293839,4.739336492890995,38.41232227488152,100.0,39.88151658767772
330085,AURELIA OSBORN FOX MEMORIAL HOSPITAL,NY,3.0,56.0,1.01,0.0,4.0,0.0,True,42.77251184834123,9.62085308056872,38.41232227488152,100.0,47.70142180094787
330086,MONTEFIORE MOUNT VERNON HOSPITAL,NY,3.0,61.0,1.21,0.0,2.0,0.0,True,42.77251184834123,20.85308056872038,0.9004739336492891,100.0,41.13151658767772
330090,ARNOT OGDEN MEDICAL CENTER,NY,2.0,61.0,0.94,0.0,6.0,0.0,True,16.37440758293839,20.85308056872038,76.80094786729858,100.0,53.507109004739334
330094,COLUMBIA MEMORIAL HOSPITAL,NY,1.0,59.0,0.98,0.0,5.0,0.0,True,2.962085308056872,16.327014218009477,55.66350710900474,100.0,43.73815165876778
330096,JONES MEMORIAL HOSPITAL,NY,4.0,67.0,0.93,0.0,4.0,0.0,True,73.8388625592417,43.578199052132696,81.04265402843602,100.0,74.61492890995261
330101,NEW YORK-PRESBYTERIAN HOSPITAL,NY,5.0,73.0,0.99,0.0,6.0,0.0,True,94.50236966824644,70.04739336492891,50.142180094786724,100.0,78.67298578199052
330102,KENMORE MERCY HOSPITAL,NY,3.0,77.0,1.02,0.0,5.0,0.0,True,42.77251184834123,83.5781990521327,32.81990521327014,100.0,64.79265402843602
330103,OLEAN GENERAL HOSPITAL,NY,1.0,40.0,0.94,0.0,6.0,0.0,True,2.962085308056872,0.3080568720379147,76.80094786729858,100.0,45.01777251184834
330104,NYACK HOSPITAL,NY,2.0,57.0,1.08,1.0,6.0,0.16666666666666666,True,16.37440758293839,11.540284360189574,10.545023696682465,83.33333333333334,30.448262243285942
330106,NORTH SHORE UNIVERSITY HOSPITAL,NY,5.0,75.0,1.03,1.0,6.0,0.16666666666666666,True,94.50236966824644,77.39336492890996,27.511848341232227,83.33333333333334,70.68522906793049
330107,PECONIC BAY MEDICAL CENTER,NY,2.0,71.0,1.0,0.0,6.0,0.0,True,16.37440758293839,61.990521327014214,44.33649289099526,100.0,55.675355450236964
330115,ONEIDA HEALTH HOSPITAL,NY,2.0,73.0,0.95,0.0,4.0,0.0,True,16.37440758293839,70.04739336492891,71.65876777251185,100.0,64.52014218009478
330119,LENOX HILL HOSPITAL,NY,5.0,67.0,1.03,0.0,6.0,0.0,True,94.50236966824644,43.578199052132696,27.511848341232227,100.0,66.39810426540285
330125,ROCHESTER GENERAL HOSPITAL,NY,2.0,59.0,0.92,0.0,6.0,0.0,True,16.37440758293839,16.327014218009477,84.54976303317535,100.0,54.312796208530806
330126,GARNET HEALTH MEDICAL CENTER,NY,4.0,63.0,1.03,0.0,6.0,0.0,True,73.8388625592417,26.895734597156395,27.511848341232227,100.0,57.06161137440758
330127,JACOBI MEDICAL CENTER,NY,2.0,61.0,1.04,0.0,4.0,0.0,True,16.37440758293839,20.85308056872038,22.843601895734597,100.0,40.01777251184834
330128,ELMHURST HOSPITAL CENTER,NY,2.0,57.0,1.07,0.0,5.0,0.0,True,16.37440758293839,11.540284360189574,12.985781990521328,100.0,35.225118483412324
330135,BON SECOURS COMMUNITY HOSPITAL,NY,2.0,56.0,0.89,0.0,4.0,0.0,True,16.37440758293839,9.62085308056872,91.89573459715639,100.0,54.47274881516587
330136,BASSETT HEALTHCARE,NY,2.0,60.0,0.99,0.0,6.0,0.0,True,16.37440758293839,18.246445497630333,50.142180094786724,100.0,46.19075829383886
330140,ST JOSEPH'S HOSPITAL HEALTH CENTER,NY,2.0,74.0,0.94,3.0,6.0,0.5,True,16.37440758293839,73.86255924170617,76.80094786729858,50.0,54.25947867298578
330141,LONG ISLAND COMMUNITY HOSPITAL,NY,4.0,49.0,1.09,0.0,6.0,0.0,True,73.8388625592417,2.5355450236966828,8.554502369668246,100.0,46.23222748815166
330151,ST JAMES HOSPITAL,NY,3.0,69.0,0.95,0.0,4.0,0.0,True,42.77251184834123,52.89099526066351,71.65876777251185,100.0,66.83056872037915
330153,ELLIS HOSPITAL,NY,3.0,59.0,0.93,0.0,5.0,0.0,True,42.77251184834123,16.327014218009477,81.04265402843602,100.0,60.035545023696685
330157,SAMARITAN MEDICAL CENTER,NY,2.0,57.0,0.89,0.0,4.0,0.0,True,16.37440758293839,11.540284360189574,91.89573459715639,100.0,54.95260663507109
330158,GOOD SAMARITAN HOSPITAL OF SUFFERN,NY,3.0,56.0,1.09,1.0,6.0,0.16666666666666666,True,42.77251184834123,9.62085308056872,8.554502369668246,83.33333333333334,36.07030015797788
330160,STATEN ISLAND UNIVERSITY HOSPITAL,NY,3.0,58.0,1.01,1.0,6.0,0.16666666666666666,True,42.77251184834123,13.90995260663507,38.41232227488152,83.33333333333334,44.60703001579779
330162,NORTHERN WESTCHESTER HOSPITAL,NY,5.0,79.0,0.94,0.0,6.0,0.0,True,94.50236966824644,89.26540284360189,76.80094786729858,100.0,90.14218009478672
330164,HIGHLAND HOSPITAL,NY,3.0,72.0,0.91,0.0,5.0,0.0,True,42.77251184834123,66.13744075829385,87.48815165876778,100.0,74.0995260663507
330169,MOUNT SINAI BETH ISRAEL,NY,3.0,57.0,1.03,2.0,5.0,0.4,True,42.77251184834123,11.540284360189574,27.511848341232227,60.0,35.45616113744076
330175,GUTHRIE CORTLAND REGIONAL MEDICAL CENTER,NY,3.0,53.0,0.95,0.0,4.0,0.0,True,42.77251184834123,5.592417061611375,71.65876777251185,100.0,55.00592417061611
330180,"SAMARITAN HOSPITAL OF TROY, NEW YORK",NY,3.0,64.0,0.93,0.0,5.0,0.0,True,42.77251184834123,30.971563981042653,81.04265402843602,100.0,63.69668246445498
330181,NORTHWELL HOSPITAL GLEN COVE,NY,5.0,78.0,1.14,0.0,5.0,0.0,True,94.50236966824644,86.4218009478673,3.3412322274881516,100.0,71.06635071090048
330182,ST FRANCIS HOSPITAL - THE HEART CENTER,NY,5.0,85.0,0.99,0.0,6.0,0.0,True,94.50236966824644,97.8436018957346,50.142180094786724,100.0,85.62203791469194
330184,MONTEFIORE NEW ROCHELLE HOSPITAL,NY,1.0,55.0,1.11,0.0,5.0,0.0,True,2.962085308056872,7.843601895734597,5.545023696682464,100.0,29.087677725118482
330185,JOHN T MATHER MEMORIAL HOSPITAL  OF PORT JEFFERSON,NY,5.0,77.0,1.02,0.0,6.0,0.0,True,94.50236966824644,83.5781990521327,32.81990521327014,100.0,77.72511848341233
330188,MOUNT ST. MARY'S HOSPITAL & HEALTH CENTER,NY,2.0,71.0,0.97,0.0,4.0,0.0,True,16.37440758293839,61.990521327014214,61.23222748815166,100.0,59.899289099526065
330191,GLENS FALLS HOSPITAL,NY,3.0,62.0,0.93,0.0,5.0,0.0,True,42.77251184834123,23.72037914691943,81.04265402843602,100.0,61.88388625592417
330193,FLUSHING HOSPITAL MEDICAL CENTER,NY,2.0,64.0,1.25,0.0,4.0,0.0,True,16.37440758293839,30.971563981042653,0.4028436018957346,100.0,36.937203791469194
330194,MAIMONIDES MEDICAL CENTER,NY,2.0,62.0,1.07,3.0,6.0,0.5,True,16.37440758293839,23.72037914691943,12.985781990521328,50.0,25.770142180094787
330195,LONG ISLAND JEWISH MEDICAL CENTER,NY,4.0,68.0,1.06,0.0,6.0,0.0,True,73.8388625592417,48.34123222748815,15.734597156398102,100.0,59.47867298578199
330196,SOUTH BROOKLYN HEALTH,NY,2.0,59.0,1.07,1.0,5.0,0.2,True,16.37440758293839,16.327014218009477,12.985781990521328,80.0,31.4218009478673
330197,CANTON-POTSDAM HOSPITAL,NY,2.0,70.0,0.96,0.0,5.0,0.0,True,16.37440758293839,57.606635071090054,66.44549763033176,100.0,60.106635071090054
330198,MOUNT SINAI SOUTH NASSAU,NY,3.0,62.0,1.03,2.0,6.0,0.3333333333333333,True,42.77251184834123,23.72037914691943,27.511848341232227,66.66666666666667,40.167851500789894
330199,METROPOLITAN HOSPITAL CENTER,NY,3.0,63.0,1.1,0.0,2.0,0.0,True,42.77251184834123,26.895734597156395,6.943127962085308,100.0,44.15284360189574
330202,KINGS COUNTY HOSPITAL CENTER,NY,1.0,63.0,1.02,0.0,4.0,0.0,True,2.962085308056872,26.895734597156395,32.81990521327014,100.0,40.66943127962085
330203,CROUSE HOSPITAL,NY,2.0,68.0,0.97,0.0,6.0,0.0,True,16.37440758293839,48.34123222748815,61.23222748815166,100.0,56.48696682464455
330204,BELLEVUE HOSPITAL CENTER,NY,2.0,65.0,0.91,0.0,5.0,0.0,True,16.37440758293839,34.834123222748815,87.48815165876778,100.0,59.67417061611374
330205,ST ANTHONY COMMUNITY HOSPITAL,NY,4.0,71.0,0.94,0.0,5.0,0.0,True,73.8388625592417,61.990521327014214,76.80094786729858,100.0,78.15758293838863
330208,ST JOHN'S RIVERSIDE HOSPITAL,NY,3.0,67.0,1.14,0.0,5.0,0.0,True,42.77251184834123,43.578199052132696,3.3412322274881516,100.0,47.42298578199052
330214,NYU LANGONE HOSPITALS,NY,5.0,75.0,0.99,0.0,6.0,0.0,True,94.50236966824644,77.39336492890996,50.142180094786724,100.0,80.50947867298578
330215,"ROME MEMORIAL HOSPITAL, INC",NY,2.0,59.0,0.94,0.0,4.0,0.0,True,16.37440758293839,16.327014218009477,76.80094786729858,100.0,52.37559241706161
330218,OSWEGO HOSPITAL,NY,3.0,70.0,1.0,0.0,4.0,0.0,True,42.77251184834123,57.606635071090054,44.33649289099526,100.0,61.17890995260664
330219,ERIE COUNTY MEDICAL CENTER,NY,2.0,64.0,0.98,0.0,5.0,0.0,True,16.37440758293839,30.971563981042653,55.66350710900474,100.0,50.752369668246445
330221,WYCKOFF HEIGHTS MEDICAL CENTER,NY,2.0,57.0,1.02,0.0,5.0,0.0,True,16.37440758293839,11.540284360189574,32.81990521327014,100.0,40.18364928909953
330222,SARATOGA HOSPITAL,NY,3.0,75.0,0.89,0.0,6.0,0.0,True,42.77251184834123,77.39336492890996,91.89573459715639,100.0,78.01540284360189
330224,HEALTHALLIANCE HOSPITAL MARYS AVENUE CAMPUS,NY,1.0,49.0,1.07,0.0,6.0,0.0,True,2.962085308056872,2.5355450236966828,12.985781990521328,100.0,29.620853080568722
330226,UNITY HOSPITAL,NY,2.0,61.0,0.94,0.0,6.0,0.0,True,16.37440758293839,20.85308056872038,76.80094786729858,100.0,53.507109004739334
330229,"BROOKS-TLC HOSPITAL SYSTEM, INC",NY,1.0,62.0,0.98,0.0,4.0,0.0,True,2.962085308056872,23.72037914691943,55.66350710900474,100.0,45.58649289099526
330231,QUEENS HOSPITAL CENTER,NY,2.0,68.0,0.96,0.0,4.0,0.0,True,16.37440758293839,48.34123222748815,66.44549763033176,100.0,57.790284360189574
330233,BROOKDALE HOSPITAL MEDICAL CENTER,NY,1.0,42.0,1.05,0.0,5.0,0.0,True,2.962085308056872,0.5450236966824644,18.95734597156398,100.0,30.61611374407583
330234,WESTCHESTER MEDICAL CENTER,NY,2.0,58.0,1.1,0.0,6.0,0.0,True,16.37440758293839,13.90995260663507,6.943127962085308,100.0,34.306872037914694
330235,AUBURN  COMMUNITY  HOSPITAL,NY,2.0,50.0,0.95,0.0,5.0,0.0,True,16.37440758293839,3.2701421800947865,71.65876777251185,100.0,47.82582938388626
330238,NICHOLAS H NOYES MEMORIAL HOSPITAL,NY,3.0,66.0,0.83,0.0,4.0,0.0,True,42.77251184834123,38.76777251184834,98.34123222748815,100.0,69.97037914691943
330239,UPMC CHAUTAUQUA AT WCA,NY,2.0,56.0,0.96,0.0,6.0,0.0,True,16.37440758293839,9.62085308056872,66.44549763033176,100.0,48.11018957345972
330240,HARLEM HOSPITAL CENTER,NY,2.0,52.0,0.96,0.0,4.0,0.0,True,16.37440758293839,4.739336492890995,66.44549763033176,100.0,46.889810426540286
330241,UNIVERSITY HOSPITAL S U N Y HEALTH SCIENCE CENTER,NY,3.0,72.0,0.99,0.0,6.0,0.0,True,42.77251184834123,66.13744075829385,50.142180094786724,100.0,64.76303317535545
330246,ST CHARLES HOSPITAL,NY,5.0,77.0,1.07,0.0,5.0,0.0,True,94.50236966824644,83.5781990521327,12.985781990521328,100.0,72.76658767772511
330250,THE UNIVERSITY OF VERMONT HEALTH NETWORK  - CHAMPL,NY,2.0,58.0,0.98,1.0,6.0,0.16666666666666666,True,16.37440758293839,13.90995260663507,55.66350710900474,83.33333333333334,42.32030015797788
330259,MERCY MEDICAL CENTER,NY,5.0,69.0,1.14,0.0,6.0,0.0,True,94.50236966824644,52.89099526066351,3.3412322274881516,100.0,62.68364928909953
330261,PHELPS HOSPITAL,NY,4.0,70.0,1.03,0.0,5.0,0.0,True,73.8388625592417,57.606635071090054,27.511848341232227,100.0,64.739336492891
330264,MONTEFIORE ST LUKE'S CORNWALL,NY,2.0,59.0,1.0,0.0,6.0,0.0,True,16.37440758293839,16.327014218009477,44.33649289099526,100.0,44.25947867298578
330265,CLIFTON SPRINGS HOSPITAL AND CLINIC,NY,2.0,76.0,0.84,0.0,3.0,0.0,True,16.37440758293839,80.59241706161137,97.58293838862559,100.0,73.63744075829383
330267,HUDSON VALLEY HOSPITAL CENTER,NY,5.0,71.0,1.06,0.0,6.0,0.0,True,94.50236966824644,61.990521327014214,15.734597156398102,100.0,68.0568720379147
330270,HOSPITAL FOR SPECIAL SURGERY,NY,5.0,88.0,0.92,0.0,2.0,0.0,True,94.50236966824644,99.0521327014218,84.54976303317535,100.0,94.52606635071089
330273,PUTNAM HOSPITAL CENTER,NY,3.0,68.0,1.0,0.0,5.0,0.0,True,42.77251184834123,48.34123222748815,44.33649289099526,100.0,58.86255924170616
330276,NATHAN LITTAUER HOSPITAL,NY,2.0,55.0,0.85,0.0,4.0,0.0,True,16.37440758293839,7.843601895734597,96.72985781990522,100.0,55.236966824644554
330277,CORNING HOSPITAL,NY,3.0,69.0,0.9,0.0,4.0,0.0,True,42.77251184834123,52.89099526066351,89.97630331753554,100.0,71.40995260663507
330279,MERCY HOSPITAL OF BUFFALO,NY,2.0,63.0,0.95,0.0,5.0,0.0,True,16.37440758293839,26.895734597156395,71.65876777251185,100.0,53.73222748815166
330285,STRONG MEMORIAL HOSPITAL,NY,3.0,68.0,0.92,0.0,5.0,0.0,True,42.77251184834123,48.34123222748815,84.54976303317535,100.0,68.91587677725119
330286,GOOD SAMARITAN HOSPITAL MEDICAL CENTER,NY,3.0,61.0,1.08,0.0,6.0,0.0,True,42.77251184834123,20.85308056872038,10.545023696682465,100.0,43.54265402843602
330304,WHITE PLAINS HOSPITAL CENTER,NY,5.0,77.0,1.06,0.0,6.0,0.0,True,94.50236966824644,83.5781990521327,15.734597156398102,100.0,73.45379146919431
330307,CAYUGA MEDICAL CENTER AT ITHACA,NY,3.0,69.0,1.04,0.0,6.0,0.0,True,42.77251184834123,52.89099526066351,22.843601895734597,100.0,54.62677725118483
330331,PLAINVIEW HOSPITAL,NY,4.0,69.0,1.09,0.0,6.0,0.0,True,73.8388625592417,52.89099526066351,8.554502369668246,100.0,58.82109004739337
330332,CHSLI ST JOSEPH HOSPITAL,NY,3.0,65.0,1.12,0.0,6.0,0.0,True,42.77251184834123,34.834123222748815,4.644549763033176,100.0,45.562796208530806
330350,SUNY/DOWNSTATE UNIVERSITY HOSPITAL OF BROOKLYN,NY,1.0,59.0,1.02,0.0,5.0,0.0,True,2.962085308056872,16.327014218009477,32.81990521327014,100.0,38.02725118483412
330386,GARNET HEALTH  MEDICAL CENTER CATSKILLS,NY,2.0,49.0,0.98,0.0,4.0,0.0,True,16.37440758293839,2.5355450236966828,55.66350710900474,100.0,43.64336492890995
330393,SUNY/STONY BROOK UNIVERSITY HOSPITAL,NY,5.0,69.0,1.03,1.0,6.0,0.16666666666666666,True,94.50236966824644,52.89099526066351,27.511848341232227,83.33333333333334,64.55963665086888
330394,"UNITED HEALTH SERVICES HOSPITALS, INC",NY,2.0,68.0,0.95,0.0,6.0,0.0,True,16.37440758293839,48.34123222748815,71.65876777251185,100.0,59.093601895734594
330395,ST JOHN'S EPISCOPAL HOSPITAL AT SOUTH SHORE,NY,1.0,51.0,1.16,2.0,4.0,0.5,True,2.962085308056872,3.9810426540284363,2.109004739336493,50.0,14.76303317535545
330396,WOODHULL MEDICAL & MENTAL HEALTH CENTER,NY,2.0,55.0,0.98,0.0,3.0,0.0,True,16.37440758293839,7.843601895734597,55.66350710900474,100.0,44.97037914691943
330399,ST BARNABAS HOSPITAL,NY,1.0,52.0,0.98,0.0,3.0,0.0,True,2.962085308056872,4.739336492890995,55.66350710900474,100.0,40.84123222748815
330401,ST CATHERINE OF SIENA HOSPITAL,NY,5.0,63.0,1.01,0.0,5.0,0.0,True,94.50236966824644,26.895734597156395,38.41232227488152,100.0,64.95260663507109
340001,CAROLINAS MEDICAL CENTER-NORTHEAST,NC,4.0,73.0,0.9,0.0,6.0,0.0,True,73.8388625592417,70.04739336492891,89.97630331753554,100.0,83.46563981042654
340002,MEMORIAL MISSION HOSPITAL AND ASHEVILLE SURGERY CE,NC,3.0,53.0,0.99,0.0,6.0,0.0,True,42.77251184834123,5.592417061611375,50.142180094786724,100.0,49.62677725118483
340003,NORTHERN REGIONAL HOSPITAL,NC,4.0,76.0,0.94,0.0,4.0,0.0,True,73.8388625592417,80.59241706161137,76.80094786729858,100.0,82.80805687203791
340004,HIGH POINT REGIONAL HEALTH SYSTEM,NC,2.0,62.0,0.95,0.0,5.0,0.0,True,16.37440758293839,23.72037914691943,71.65876777251185,100.0,52.93838862559242
340008,SCOTLAND MEMORIAL HOSPITAL,NC,3.0,69.0,0.93,0.0,6.0,0.0,True,42.77251184834123,52.89099526066351,81.04265402843602,100.0,69.17654028436019
340010,UNC HEALTH CARE WAYNE,NC,3.0,54.0,0.96,0.0,5.0,0.0,True,42.77251184834123,6.563981042654028,66.44549763033176,100.0,53.94549763033176
340013,RUTHERFORD REGIONAL MEDICAL CENTER,NC,2.0,53.0,0.94,0.0,5.0,0.0,True,16.37440758293839,5.592417061611375,76.80094786729858,100.0,49.691943127962084
340014,NOVANT HEALTH FORSYTH MEDICAL CENTER,NC,4.0,71.0,0.95,0.0,6.0,0.0,True,73.8388625592417,61.990521327014214,71.65876777251185,100.0,76.87203791469194
340015,NOVANT HEALTH ROWAN MEDICAL CENTER,NC,4.0,58.0,0.97,0.0,6.0,0.0,True,73.8388625592417,13.90995260663507,61.23222748815166,100.0,62.24526066350711
340016,HARRIS REGIONAL HOSPITAL,NC,3.0,67.0,1.06,0.0,5.0,0.0,True,42.77251184834123,43.578199052132696,15.734597156398102,100.0,50.52132701421801
340017,PARDEE HOSPITAL HENDERSON COUNTY,NC,5.0,78.0,0.99,0.0,6.0,0.0,True,94.50236966824644,86.4218009478673,50.142180094786724,100.0,82.76658767772511
340020,CENTRAL CAROLINA HOSPITAL,NC,2.0,51.0,0.96,0.0,4.0,0.0,True,16.37440758293839,3.9810426540284363,66.44549763033176,100.0,46.70023696682465
340021,ATRIUM HEALTH CLEVELAND,NC,3.0,66.0,0.94,0.0,5.0,0.0,True,42.77251184834123,38.76777251184834,76.80094786729858,100.0,64.58530805687204
340023,ADVENTHEALTH HENDERSONVILLE,NC,5.0,84.0,0.93,0.0,4.0,0.0,True,94.50236966824644,97.27488151658767,81.04265402843602,100.0,93.20497630331754
340024,SAMPSON REGIONAL MEDICAL CENTER,NC,2.0,58.0,0.96,0.0,4.0,0.0,True,16.37440758293839,13.90995260663507,66.44549763033176,100.0,49.182464454976305
340027,UNC LENOIR HEALTH CARE,NC,4.0,59.0,0.94,0.0,5.0,0.0,True,73.8388625592417,16.327014218009477,76.80094786729858,100.0,66.74170616113744
340028,CAPE FEAR VALLEY MEDICAL CENTER,NC,2.0,55.0,0.98,0.0,6.0,0.0,True,16.37440758293839,7.843601895734597,55.66350710900474,100.0,44.97037914691943
340030,DUKE UNIVERSITY HOSPITAL,NC,5.0,81.0,0.95,0.0,6.0,0.0,True,94.50236966824644,93.36492890995261,71.65876777251185,100.0,89.88151658767772
340032,CAROMONT REGIONAL MEDICAL CENTER,NC,4.0,67.0,0.95,0.0,6.0,0.0,True,73.8388625592417,43.578199052132696,71.65876777251185,100.0,72.26895734597156
340039,IREDELL MEMORIAL HOSPITAL INC,NC,3.0,70.0,0.93,0.0,6.0,0.0,True,42.77251184834123,57.606635071090054,81.04265402843602,100.0,70.35545023696683
340040,ECU HEALTH MEDICAL CENTER,NC,2.0,69.0,0.99,2.0,6.0,0.3333333333333333,True,16.37440758293839,52.89099526066351,50.142180094786724,66.66666666666667,46.51856240126382
340041,CALDWELL MEMORIAL HOSPITAL,NC,3.0,57.0,1.03,0.0,6.0,0.0,True,42.77251184834123,11.540284360189574,27.511848341232227,100.0,45.45616113744076
340042,ONSLOW MEMORIAL HOSPITAL,NC,1.0,52.0,1.0,0.0,4.0,0.0,True,2.962085308056872,4.739336492890995,44.33649289099526,100.0,38.00947867298578
340047,NORTH CAROLINA BAPTIST HOSPITAL,NC,4.0,74.0,0.96,0.0,6.0,0.0,True,73.8388625592417,73.86255924170617,66.44549763033176,100.0,78.5367298578199
340050,SOUTHEASTERN REGIONAL MEDICAL CENTER,NC,2.0,61.0,0.89,0.0,5.0,0.0,True,16.37440758293839,20.85308056872038,91.89573459715639,100.0,57.28080568720379
340051,WATAUGA MEDICAL CENTER,NC,3.0,75.0,0.95,0.0,6.0,0.0,True,42.77251184834123,77.39336492890996,71.65876777251185,100.0,72.95616113744076
340053,NOVANT HEALTH PRESBYTERIAN MEDICAL CENTER,NC,5.0,71.0,0.96,0.0,6.0,0.0,True,94.50236966824644,61.990521327014214,66.44549763033176,100.0,80.73459715639811
340060,UNC ROCKINGHAM,NC,4.0,67.0,0.92,0.0,4.0,0.0,True,73.8388625592417,43.578199052132696,84.54976303317535,100.0,75.49170616113744
340061,UNC HOSPITALS,NC,5.0,80.0,0.95,0.0,6.0,0.0,True,94.50236966824644,91.56398104265404,71.65876777251185,100.0,89.43127962085308
340064,WILKES REGIONAL MEDICAL CENTER,NC,3.0,62.0,1.02,0.0,4.0,0.0,True,42.77251184834123,23.72037914691943,32.81990521327014,100.0,49.8281990521327
340068,COLUMBUS REGIONAL HEALTHCARE SYSTEM,NC,1.0,53.0,1.01,0.0,5.0,0.0,True,2.962085308056872,5.592417061611375,38.41232227488152,100.0,36.741706161137444
340069,"WAKEMED, RALEIGH CAMPUS",NC,4.0,75.0,0.97,0.0,6.0,0.0,True,73.8388625592417,77.39336492890996,61.23222748815166,100.0,78.11611374407583
340070,ALAMANCE REGIONAL MEDICAL CENTER,NC,3.0,60.0,0.93,0.0,6.0,0.0,True,42.77251184834123,18.246445497630333,81.04265402843602,100.0,60.5154028436019
340071,BETSY JOHNSON REGIONAL HOSPITAL,NC,3.0,62.0,0.93,0.0,5.0,0.0,True,42.77251184834123,23.72037914691943,81.04265402843602,100.0,61.88388625592417
340075,"BLUE RIDGE HEALTHCARE HOSPITALS, INC",NC,4.0,63.0,1.0,0.0,5.0,0.0,True,73.8388625592417,26.895734597156395,44.33649289099526,100.0,61.267772511848335
340085,NOVANT HEALTH THOMASVILLE MEDICAL CENTER,NC,3.0,65.0,0.94,0.0,4.0,0.0,True,42.77251184834123,34.834123222748815,76.80094786729858,100.0,63.60189573459715
340087,THE MCDOWELL HOSPITAL,NC,3.0,72.0,0.96,0.0,4.0,0.0,True,42.77251184834123,66.13744075829385,66.44549763033176,100.0,68.8388625592417
340090,JOHNSTON HEALTH,NC,4.0,73.0,0.95,0.0,6.0,0.0,True,73.8388625592417,70.04739336492891,71.65876777251185,100.0,78.88625592417061
340091,"MOSES H. CONE MEMORIAL HOSPITAL, THE",NC,3.0,73.0,0.94,0.0,6.0,0.0,True,42.77251184834123,70.04739336492891,76.80094786729858,100.0,72.40521327014218
340096,LEXINGTON MEMORIAL HOSPITAL INC,NC,2.0,68.0,0.88,0.0,5.0,0.0,True,16.37440758293839,48.34123222748815,93.22274881516589,100.0,64.48459715639811
340097,HUGH CHATHAM MEMORIAL HOSPITAL,NC,3.0,68.0,1.04,0.0,5.0,0.0,True,42.77251184834123,48.34123222748815,22.843601895734597,100.0,53.48933649289099
340098,ATRIUM HEALTH PINEVILLE,NC,3.0,75.0,0.94,0.0,6.0,0.0,True,42.77251184834123,77.39336492890996,76.80094786729858,100.0,74.24170616113744
340099,VIDANT ROANOKE CHOWAN HOSPITAL,NC,2.0,54.0,0.95,0.0,4.0,0.0,True,16.37440758293839,6.563981042654028,71.65876777251185,100.0,48.649289099526065
340107,VIDANT EDGECOMBE HOSPITAL,NC,3.0,74.0,0.99,0.0,4.0,0.0,True,42.77251184834123,73.86255924170617,50.142180094786724,100.0,66.69431279620854
340109,SENTARA ALBEMARLE MEDICAL CENTER,NC,3.0,66.0,0.97,0.0,5.0,0.0,True,42.77251184834123,38.76777251184834,61.23222748815166,100.0,60.693127962085306
340113,CAROLINAS MEDICAL CENTER/BEHAV HEALTH,NC,4.0,72.0,0.98,0.0,6.0,0.0,True,73.8388625592417,66.13744075829385,55.66350710900474,100.0,73.90995260663507
340114,REX HOSPITAL,NC,5.0,82.0,0.93,0.0,6.0,0.0,True,94.50236966824644,94.88151658767772,81.04265402843602,100.0,92.60663507109004
340115,FIRSTHEALTH MOORE REGIONAL HOSPITAL,NC,4.0,81.0,0.92,0.0,6.0,0.0,True,73.8388625592417,93.36492890995261,84.54976303317535,100.0,87.93838862559241
340116,FRYE REGIONAL MEDICAL CENTER,NC,2.0,62.0,1.04,0.0,5.0,0.0,True,16.37440758293839,23.72037914691943,22.843601895734597,100.0,40.7345971563981
340119,STANLY REGIONAL MEDICAL CENTER,NC,3.0,66.0,0.93,0.0,4.0,0.0,True,42.77251184834123,38.76777251184834,81.04265402843602,100.0,65.6457345971564
340120,VIDANT DUPLIN HOSPITAL,NC,3.0,71.0,0.97,0.0,4.0,0.0,True,42.77251184834123,61.990521327014214,61.23222748815166,100.0,66.49881516587678
340123,RANDOLPH HOSPITAL,NC,4.0,57.0,0.9,0.0,4.0,0.0,True,73.8388625592417,11.540284360189574,89.97630331753554,100.0,68.8388625592417
340126,WILSON MEDICAL CENTER,NC,1.0,46.0,0.95,0.0,6.0,0.0,True,2.962085308056872,1.161137440758294,71.65876777251185,100.0,43.94549763033176
340127,GRANVILLE HEALTH SYSTEMS,NC,2.0,59.0,0.89,0.0,3.0,0.0,True,16.37440758293839,16.327014218009477,91.89573459715639,100.0,56.149289099526065
340129,DUKE HEALTH LAKE NORMAN HOSPITAL,NC,1.0,52.0,0.94,0.0,6.0,0.0,True,2.962085308056872,4.739336492890995,76.80094786729858,100.0,46.12559241706161
340130,ATRIUM HEALTH UNION,NC,4.0,73.0,0.91,0.0,6.0,0.0,True,73.8388625592417,70.04739336492891,87.48815165876778,100.0,82.8436018957346
340131,CAROLINA EAST MEDICAL CENTER,NC,4.0,74.0,0.89,0.0,6.0,0.0,True,73.8388625592417,73.86255924170617,91.89573459715639,100.0,84.89928909952606
340132,MARIA PARHAM MEDICAL CENTER,NC,2.0,43.0,1.01,0.0,5.0,0.0,True,16.37440758293839,0.6161137440758294,38.41232227488152,100.0,38.850710900473935
340141,NOVANT HEALTH NEW HANOVER REGIONAL MEDICAL CENTER,NC,3.0,56.0,0.94,0.0,6.0,0.0,True,42.77251184834123,9.62085308056872,76.80094786729858,100.0,57.29857819905213
340142,CARTERET GENERAL HOSPITAL,NC,2.0,69.0,0.92,0.0,6.0,0.0,True,16.37440758293839,52.89099526066351,84.54976303317535,100.0,63.453791469194314
340143,CATAWBA VALLEY MEDICAL CENTER,NC,2.0,76.0,0.96,0.0,6.0,0.0,True,16.37440758293839,80.59241706161137,66.44549763033176,100.0,65.85308056872037
340145,ATRIUM HEALTH LINCOLN,NC,3.0,78.0,0.95,0.0,4.0,0.0,True,42.77251184834123,86.4218009478673,71.65876777251185,100.0,75.2132701421801
340147,UNC HEALTH NASH,NC,4.0,62.0,0.95,0.0,6.0,0.0,True,73.8388625592417,23.72037914691943,71.65876777251185,100.0,67.30450236966824
340148,NOVANT HEALTH MEDICAL PARK HOSPITAL,NC,5.0,89.0,0.92,0.0,1.0,0.0,True,94.50236966824644,99.45497630331754,84.54976303317535,100.0,94.62677725118483
340151,ECU HEALTH NORTH HOSPITAL,NC,2.0,49.0,0.99,0.0,6.0,0.0,True,16.37440758293839,2.5355450236966828,50.142180094786724,100.0,42.263033175355446
340155,DUKE REGIONAL HOSPITAL,NC,5.0,76.0,0.89,0.0,6.0,0.0,True,94.50236966824644,80.59241706161137,91.89573459715639,100.0,91.74763033175356
340158,NOVANT HEALTH BRUNSWICK MEDICAL CENTER,NC,4.0,72.0,0.92,0.0,5.0,0.0,True,73.8388625592417,66.13744075829385,84.54976303317535,100.0,81.13151658767772
340159,PERSON MEMORIAL HOSPITAL,NC,3.0,53.0,0.92,0.0,3.0,0.0,True,42.77251184834123,5.592417061611375,84.54976303317535,100.0,58.22867298578199
340166,ATRIUM HEALTH UNIVERSITY CITY,NC,3.0,61.0,0.93,0.0,4.0,0.0,True,42.77251184834123,20.85308056872038,81.04265402843602,100.0,61.16706161137441
340171,NOVANT HEALTH MATTHEWS MEDICAL CENTER,NC,5.0,73.0,0.91,0.0,6.0,0.0,True,94.50236966824644,70.04739336492891,87.48815165876778,100.0,88.00947867298578
340173,"WAKEMED, CARY HOSPITAL",NC,5.0,83.0,0.98,0.0,6.0,0.0,True,94.50236966824644,96.25592417061611,55.66350710900474,100.0,86.60545023696682
340183,NOVANT HEALTH HUNTERSVILLE MEDICAL CENTER,NC,4.0,69.0,0.94,0.0,6.0,0.0,True,73.8388625592417,52.89099526066351,76.80094786729858,100.0,75.88270142180095
340184,HAYWOOD REGIONAL MEDICAL CENTER,NC,3.0,65.0,0.98,0.0,5.0,0.0,True,42.77251184834123,34.834123222748815,55.66350710900474,100.0,58.317535545023695
340188,CAPE FEAR VALLEY HOKE HOSPITAL,NC,4.0,83.0,0.72,0.0,4.0,0.0,True,73.8388625592417,96.25592417061611,100.0,100.0,92.52369668246445
340190,NOVANT HEALTH MINT HILL MEDICAL CENTER,NC,5.0,82.0,0.86,0.0,4.0,0.0,True,94.50236966824644,94.88151658767772,95.75829383886256,100.0,96.28554502369667
350002,CHI ST ALEXIUS HEALTH,ND,4.0,67.0,0.94,0.0,6.0,0.0,True,73.8388625592417,43.578199052132696,76.80094786729858,100.0,73.55450236966824
350006,TRINITY HOSPITALS,ND,3.0,61.0,0.93,0.0,5.0,0.0,True,42.77251184834123,20.85308056872038,81.04265402843602,100.0,61.16706161137441
350011,SANFORD MEDICAL CENTER FARGO,ND,4.0,70.0,1.04,0.0,6.0,0.0,True,73.8388625592417,57.606635071090054,22.843601895734597,100.0,63.57227488151659
350015,SANFORD MEDICAL CENTER BISMARCK,ND,4.0,63.0,0.88,0.0,5.0,0.0,True,73.8388625592417,26.895734597156395,93.22274881516589,100.0,73.489336492891
350019,ALTRU HOSPITAL,ND,3.0,54.0,1.02,0.0,5.0,0.0,True,42.77251184834123,6.563981042654028,32.81990521327014,100.0,45.53909952606635
350070,ESSENTIA HEALTH,ND,3.0,75.0,1.02,0.0,6.0,0.0,True,42.77251184834123,77.39336492890996,32.81990521327014,100.0,63.24644549763033
360001,MERCY HEALTH-ANDERSON HOSPITAL,OH,4.0,65.0,0.98,0.0,6.0,0.0,True,73.8388625592417,34.834123222748815,55.66350710900474,100.0,66.08412322274881
360002,UNIVERSITY HOSPITALS SAMARITAN MEDICAL CENTER,OH,4.0,69.0,0.96,0.0,4.0,0.0,True,73.8388625592417,52.89099526066351,66.44549763033176,100.0,73.29383886255924
360003,"UNIVERSITY OF CINCINNATI MEDICAL CENTER, LLC",OH,3.0,71.0,1.07,0.0,6.0,0.0,True,42.77251184834123,61.990521327014214,12.985781990521328,100.0,54.437203791469194
360006,RIVERSIDE METHODIST HOSPITAL,OH,4.0,78.0,0.97,0.0,6.0,0.0,True,73.8388625592417,86.4218009478673,61.23222748815166,100.0,80.37322274881517
360008,SOUTHERN OHIO MEDICAL CENTER,OH,4.0,71.0,0.99,0.0,6.0,0.0,True,73.8388625592417,61.990521327014214,50.142180094786724,100.0,71.49289099526067
360009,LIMA MEMORIAL HEALTH SYSTEM,OH,3.0,69.0,0.98,0.0,5.0,0.0,True,42.77251184834123,52.89099526066351,55.66350710900474,100.0,62.83175355450237
360010,UNION HOSPITAL,OH,3.0,60.0,1.01,0.0,4.0,0.0,True,42.77251184834123,18.246445497630333,38.41232227488152,100.0,49.85781990521327
360011,MARION GENERAL HOSPITAL,OH,4.0,62.0,1.0,1.0,5.0,0.2,True,73.8388625592417,23.72037914691943,44.33649289099526,80.0,55.473933649289094
360012,MOUNT CARMEL ST ANN'S,OH,3.0,67.0,1.01,0.0,6.0,0.0,True,42.77251184834123,43.578199052132696,38.41232227488152,100.0,56.19075829383886
360013,WILSON MEMORIAL HOSPITAL,OH,2.0,60.0,1.01,0.0,5.0,0.0,True,16.37440758293839,18.246445497630333,38.41232227488152,100.0,43.258293838862556
360014,OHIOHEALTH O'BLENESS HOSPITAL,OH,3.0,67.0,0.9,0.0,4.0,0.0,True,42.77251184834123,43.578199052132696,89.97630331753554,100.0,69.08175355450237
360016,THE JEWISH HOSPITAL-MERCY HEALTH,OH,4.0,72.0,1.03,0.0,6.0,0.0,True,73.8388625592417,66.13744075829385,27.511848341232227,100.0,66.87203791469194
360017,GRANT MEDICAL CENTER,OH,2.0,71.0,0.97,0.0,6.0,0.0,True,16.37440758293839,61.990521327014214,61.23222748815166,100.0,59.899289099526065
360020,SUMMA HEALTH SYSTEM,OH,3.0,69.0,1.02,0.0,6.0,0.0,True,42.77251184834123,52.89099526066351,32.81990521327014,100.0,57.12085308056872
360025,FIRELANDS REGIONAL MEDICAL CENTER,OH,4.0,69.0,1.03,0.0,5.0,0.0,True,73.8388625592417,52.89099526066351,27.511848341232227,100.0,63.56042654028436
360026,KETTERING HEALTH GREENE MEMORIAL,OH,5.0,80.0,0.97,0.0,3.0,0.0,True,94.50236966824644,91.56398104265404,61.23222748815166,100.0,86.82464454976304
360027,AKRON GENERAL MEDICAL CENTER,OH,5.0,67.0,1.01,0.0,6.0,0.0,True,94.50236966824644,43.578199052132696,38.41232227488152,100.0,69.12322274881517
360029,WOOD COUNTY HOSPITAL,OH,4.0,69.0,0.97,0.0,5.0,0.0,True,73.8388625592417,52.89099526066351,61.23222748815166,100.0,71.99052132701422
360032,GRAND LAKE HEALTH SYSTEM,OH,4.0,67.0,1.03,0.0,4.0,0.0,True,73.8388625592417,43.578199052132696,27.511848341232227,100.0,61.23222748815166
360035,MOUNT CARMEL EAST & WEST,OH,2.0,67.0,0.98,0.0,6.0,0.0,True,16.37440758293839,43.578199052132696,55.66350710900474,100.0,53.904028436018955
360036,WOOSTER COMMUNITY HOSPITAL,OH,4.0,77.0,0.97,0.0,6.0,0.0,True,73.8388625592417,83.5781990521327,61.23222748815166,100.0,79.66232227488152
360039,GENESIS HOSPITAL,OH,5.0,70.0,0.9,0.0,5.0,0.0,True,94.50236966824644,57.606635071090054,89.97630331753554,100.0,85.52132701421802
360040,KNOX COMMUNITY HOSPITAL,OH,3.0,63.0,0.97,0.0,5.0,0.0,True,42.77251184834123,26.895734597156395,61.23222748815166,100.0,57.725118483412324
360041,PARMA COMMUNITY GENERAL HOSPITAL,OH,4.0,68.0,1.01,0.0,5.0,0.0,True,73.8388625592417,48.34123222748815,38.41232227488152,100.0,65.14810426540285
360046,MCCULLOUGH-HYDE MEMORIAL HOSPITAL,OH,3.0,79.0,0.93,0.0,5.0,0.0,True,42.77251184834123,89.26540284360189,81.04265402843602,100.0,78.27014218009478
360048,UNIVERSITY OF TOLEDO MEDICAL CENTER,OH,3.0,66.0,1.02,0.0,5.0,0.0,True,42.77251184834123,38.76777251184834,32.81990521327014,100.0,53.59004739336493
360051,MIAMI VALLEY HOSPITAL,OH,3.0,59.0,1.02,1.0,6.0,0.16666666666666666,True,42.77251184834123,16.327014218009477,32.81990521327014,83.33333333333334,43.81319115323855
360054,HOLZER MEDICAL CENTER,OH,4.0,67.0,1.15,0.0,5.0,0.0,True,73.8388625592417,43.578199052132696,2.772511848341232,100.0,55.04739336492891
360056,MERCY HEALTH - FAIRFIELD HOSPITAL,OH,3.0,66.0,0.99,0.0,6.0,0.0,True,42.77251184834123,38.76777251184834,50.142180094786724,100.0,57.920616113744074
360058,MERCER COUNTY JOINT TOWNSHIP COMMUNITY HOSPITAL,OH,3.0,76.0,0.93,0.0,4.0,0.0,True,42.77251184834123,80.59241706161137,81.04265402843602,100.0,76.10189573459715
360059,METROHEALTH SYSTEM,OH,3.0,73.0,0.96,0.0,5.0,0.0,True,42.77251184834123,70.04739336492891,66.44549763033176,100.0,69.81635071090048
360064,ST ELIZABETH YOUNGSTOWN HOSPITAL,OH,3.0,53.0,1.03,0.0,5.0,0.0,True,42.77251184834123,5.592417061611375,27.511848341232227,100.0,43.969194312796205
360065,FISHER-TITUS HOSPITAL,OH,4.0,62.0,0.95,0.0,6.0,0.0,True,73.8388625592417,23.72037914691943,71.65876777251185,100.0,67.30450236966824
360066,MERCY HEALTH ST RITAS MEDICAL CENTER,OH,4.0,69.0,0.99,0.0,6.0,0.0,True,73.8388625592417,52.89099526066351,50.142180094786724,100.0,69.21800947867298
360068,PROMEDICA TOLEDO HOSPITAL,OH,4.0,68.0,1.03,0.0,6.0,0.0,True,73.8388625592417,48.34123222748815,27.511848341232227,100.0,62.42298578199052
360070,MERCY MEDICAL CENTER,OH,3.0,60.0,1.0,0.0,6.0,0.0,True,42.77251184834123,18.246445497630333,44.33649289099526,100.0,51.338862559241704
360071,VAN WERT COUNTY HOSPITAL,OH,5.0,66.0,0.92,0.0,4.0,0.0,True,94.50236966824644,38.76777251184834,84.54976303317535,100.0,79.45497630331754
360072,FAIRFIELD MEDICAL CENTER,OH,2.0,71.0,0.95,0.0,6.0,0.0,True,16.37440758293839,61.990521327014214,71.65876777251185,100.0,62.50592417061611
360075,UH REGIONAL HOSPITALS,OH,4.0,75.0,0.98,0.0,5.0,0.0,True,73.8388625592417,77.39336492890996,55.66350710900474,100.0,76.72393364928911
360076,ATRIUM MEDICAL CENTER,OH,4.0,64.0,1.01,0.0,5.0,0.0,True,73.8388625592417,30.971563981042653,38.41232227488152,100.0,60.805687203791464
360077,FAIRVIEW HOSPITAL,OH,5.0,75.0,0.98,0.0,6.0,0.0,True,94.50236966824644,77.39336492890996,55.66350710900474,100.0,81.8898104265403
360078,UNIVERSITY HOSPITALS PORTAGE MEDICAL CENTER,OH,3.0,68.0,0.95,0.0,5.0,0.0,True,42.77251184834123,48.34123222748815,71.65876777251185,100.0,65.6931279620853
360079,KETTERING HEALTH MAIN CAMPUS,OH,3.0,78.0,1.05,0.0,5.0,0.0,True,42.77251184834123,86.4218009478673,18.95734597156398,100.0,62.03791469194313
360082,EUCLID HOSPITAL,OH,4.0,63.0,1.02,0.0,5.0,0.0,True,73.8388625592417,26.895734597156395,32.81990521327014,100.0,58.38862559241706
360084,AULTMAN HOSPITAL,OH,4.0,69.0,1.0,0.0,5.0,0.0,True,73.8388625592417,52.89099526066351,44.33649289099526,100.0,67.76658767772511
360085,OHIO STATE UNIVERSITY STATE HEALTH SYSTEM,OH,3.0,72.0,0.98,0.0,6.0,0.0,True,42.77251184834123,66.13744075829385,55.66350710900474,100.0,66.14336492890996
360086,SPRINGFIELD REGIONAL MEDICAL CENTER,OH,4.0,54.0,1.04,0.0,5.0,0.0,True,73.8388625592417,6.563981042654028,22.843601895734597,100.0,50.81161137440758
360087,LUTHERAN HOSPITAL,OH,3.0,60.0,0.97,0.0,4.0,0.0,True,42.77251184834123,18.246445497630333,61.23222748815166,100.0,55.562796208530806
360089,MERCY HEALTH - TIFFIN HOSPITAL,OH,3.0,67.0,0.91,0.0,4.0,0.0,True,42.77251184834123,43.578199052132696,87.48815165876778,100.0,68.45971563981043
360091,MEDINA HOSPITAL,OH,5.0,67.0,1.05,0.0,5.0,0.0,True,94.50236966824644,43.578199052132696,18.95734597156398,100.0,64.25947867298578
360092,MEMORIAL HOSPITAL,OH,5.0,81.0,0.84,0.0,4.0,0.0,True,94.50236966824644,93.36492890995261,97.58293838862559,100.0,96.36255924170615
360095,BLANCHARD VALLEY HOSPITAL,OH,3.0,70.0,1.02,0.0,6.0,0.0,True,42.77251184834123,57.606635071090054,32.81990521327014,100.0,58.29976303317536
360096,EAST LIVERPOOL CITY HOSPITAL,OH,3.0,60.0,0.95,0.0,5.0,0.0,True,42.77251184834123,18.246445497630333,71.65876777251185,100.0,58.16943127962085
360098,LAKE HEALTH,OH,3.0,64.0,1.01,1.0,6.0,0.16666666666666666,True,42.77251184834123,30.971563981042653,38.41232227488152,83.33333333333334,48.87243285939969
360107,BELLEVUE HOSPITAL,OH,4.0,72.0,0.96,0.0,4.0,0.0,True,73.8388625592417,66.13744075829385,66.44549763033176,100.0,76.60545023696683
360109,COSHOCTON REGIONAL MEDICAL CENTER,OH,4.0,67.0,0.94,0.0,3.0,0.0,True,73.8388625592417,43.578199052132696,76.80094786729858,100.0,73.55450236966824
360112,MERCY ST VINCENT MEDICAL CENTER,OH,3.0,67.0,1.04,0.0,6.0,0.0,True,42.77251184834123,43.578199052132696,22.843601895734597,100.0,52.29857819905213
360118,OHIOHEALTH MANSFIELD HOSPITAL,OH,3.0,66.0,0.98,0.0,5.0,0.0,True,42.77251184834123,38.76777251184834,55.66350710900474,100.0,59.300947867298575
360121,COMMUNITY HOSPITALS AND WELLNESS CENTERS,OH,3.0,70.0,1.03,0.0,5.0,0.0,True,42.77251184834123,57.606635071090054,27.511848341232227,100.0,56.97274881516588
360123,UH ST JOHN MEDICAL CENTER,OH,4.0,73.0,1.06,0.0,6.0,0.0,True,73.8388625592417,70.04739336492891,15.734597156398102,100.0,64.90521327014218
360125,ASHTABULA COUNTY MEDICAL CENTER,OH,3.0,69.0,1.05,1.0,5.0,0.2,True,42.77251184834123,52.89099526066351,18.95734597156398,80.0,48.655213270142184
360131,ALLIANCE COMMUNITY HOSPITAL,OH,4.0,65.0,1.07,0.0,4.0,0.0,True,73.8388625592417,34.834123222748815,12.985781990521328,100.0,55.41469194312796
360132,FORT HAMILTON HUGHES MEMORIAL HOSPITAL,OH,3.0,64.0,1.01,0.0,5.0,0.0,True,42.77251184834123,30.971563981042653,38.41232227488152,100.0,53.03909952606635
360133,KETTERING HEALTH DAYTON,OH,4.0,70.0,0.99,0.0,6.0,0.0,True,73.8388625592417,57.606635071090054,50.142180094786724,100.0,70.39691943127963
360134,GOOD SAMARITAN HOSPITAL,OH,4.0,73.0,0.96,0.0,6.0,0.0,True,73.8388625592417,70.04739336492891,66.44549763033176,100.0,77.58293838862559
360137,UH CLEVELAND MEDICAL CENTER,OH,3.0,69.0,1.05,1.0,6.0,0.16666666666666666,True,42.77251184834123,52.89099526066351,18.95734597156398,83.33333333333334,49.48854660347551
360143,MARYMOUNT HOSPITAL,OH,5.0,65.0,1.0,0.0,5.0,0.0,True,94.50236966824644,34.834123222748815,44.33649289099526,100.0,68.41824644549763
360144,SOUTH POINTE HOSPITAL,OH,5.0,65.0,0.96,0.0,4.0,0.0,True,94.50236966824644,34.834123222748815,66.44549763033176,100.0,73.94549763033176
360145,UNIVERSITY HOSPITALS - ELYRIA MEDICAL CENTER,OH,4.0,68.0,1.04,0.0,6.0,0.0,True,73.8388625592417,48.34123222748815,22.843601895734597,100.0,61.25592417061611
360147,MARIETTA MEMORIAL HOSPITAL,OH,3.0,67.0,0.97,0.0,5.0,0.0,True,42.77251184834123,43.578199052132696,61.23222748815166,100.0,61.8957345971564
360148,POMERENE HOSPITAL,OH,3.0,67.0,0.84,0.0,3.0,0.0,True,42.77251184834123,43.578199052132696,97.58293838862559,100.0,70.98341232227489
360150,SUMMA WESTERN RESERVE HOSPITAL,OH,3.0,74.0,0.97,0.0,4.0,0.0,True,42.77251184834123,73.86255924170617,61.23222748815166,100.0,69.46682464454977
360152,DOCTORS HOSPITAL,OH,4.0,68.0,0.96,0.0,5.0,0.0,True,73.8388625592417,48.34123222748815,66.44549763033176,100.0,72.1563981042654
360155,SOUTHWEST GENERAL HEALTH CENTER,OH,4.0,73.0,0.97,0.0,6.0,0.0,True,73.8388625592417,70.04739336492891,61.23222748815166,100.0,76.27962085308056
360156,MEMORIAL HOSPITAL,OH,4.0,63.0,0.95,0.0,4.0,0.0,True,73.8388625592417,26.895734597156395,71.65876777251185,100.0,68.09834123222748
360159,ADENA REGIONAL MEDICAL CENTER,OH,3.0,54.0,1.01,0.0,6.0,0.0,True,42.77251184834123,6.563981042654028,38.41232227488152,100.0,46.937203791469194
360161,MH ST JOSEPH WARREN HOSPITAL,OH,3.0,64.0,1.02,0.0,6.0,0.0,True,42.77251184834123,30.971563981042653,32.81990521327014,100.0,51.64099526066351
360163,CHRIST HOSPITAL,OH,5.0,83.0,0.96,0.0,6.0,0.0,True,94.50236966824644,96.25592417061611,66.44549763033176,100.0,89.30094786729858
360170,BERGER HOSPITAL,OH,3.0,75.0,0.88,0.0,4.0,0.0,True,42.77251184834123,77.39336492890996,93.22274881516589,100.0,78.34715639810426
360172,MERCY REGIONAL MEDICAL CENTER,OH,2.0,56.0,1.16,0.0,6.0,0.0,True,16.37440758293839,9.62085308056872,2.109004739336493,100.0,32.0260663507109
360174,UPPER VALLEY MEDICAL CENTER,OH,4.0,66.0,0.95,0.0,5.0,0.0,True,73.8388625592417,38.76777251184834,71.65876777251185,100.0,71.06635071090048
360175,CLINTON MEMORIAL HOSPITAL,OH,2.0,53.0,1.06,0.0,5.0,0.0,True,16.37440758293839,5.592417061611375,15.734597156398102,100.0,34.425355450236964
360179,BETHESDA NORTH,OH,3.0,71.0,1.0,0.0,6.0,0.0,True,42.77251184834123,61.990521327014214,44.33649289099526,100.0,62.274881516587676
360180,CLEVELAND CLINIC,OH,4.0,81.0,0.95,0.0,6.0,0.0,True,73.8388625592417,93.36492890995261,71.65876777251185,100.0,84.71563981042654
360185,SALEM REGIONAL MEDICAL CENTER,OH,3.0,57.0,1.02,0.0,4.0,0.0,True,42.77251184834123,11.540284360189574,32.81990521327014,100.0,46.78317535545024
360189,MADISON HEALTH,OH,3.0,81.0,0.83,0.0,3.0,0.0,True,42.77251184834123,93.36492890995261,98.34123222748815,100.0,83.6196682464455
360197,MARY RUTAN HOSPITAL,OH,4.0,67.0,0.98,0.0,5.0,0.0,True,73.8388625592417,43.578199052132696,55.66350710900474,100.0,68.27014218009478
360203,SOUTHEASTERN OHIO REGIONAL MEDICAL CENTER,OH,4.0,55.0,0.92,0.0,4.0,0.0,True,73.8388625592417,7.843601895734597,84.54976303317535,100.0,66.55805687203791
360210,GRADY MEMORIAL HOSPITAL,OH,4.0,76.0,0.92,0.0,4.0,0.0,True,73.8388625592417,80.59241706161137,84.54976303317535,100.0,84.74526066350711
360211,TRINITY MEDICAL CTR EAST &TRINITY MEDICAL CTR WEST,OH,2.0,59.0,1.03,0.0,6.0,0.0,True,16.37440758293839,16.327014218009477,27.511848341232227,100.0,40.05331753554502
360218,LICKING MEMORIAL HOSPITAL,OH,2.0,67.0,1.0,0.0,6.0,0.0,True,16.37440758293839,43.578199052132696,44.33649289099526,100.0,51.072274881516584
360230,HILLCREST HOSPITAL,OH,5.0,69.0,0.99,0.0,6.0,0.0,True,94.50236966824644,52.89099526066351,50.142180094786724,100.0,74.38388625592417
360234,MERCY HEALTH - WEST HOSPITAL,OH,4.0,69.0,0.95,0.0,6.0,0.0,True,73.8388625592417,52.89099526066351,71.65876777251185,100.0,74.59715639810426
360236,MERCY HEALTH - CLERMONT HOSPITAL,OH,4.0,68.0,0.96,0.0,4.0,0.0,True,73.8388625592417,48.34123222748815,66.44549763033176,100.0,72.1563981042654
360239,KETTERING HEALTH MIAMISBURG,OH,4.0,76.0,1.04,0.0,4.0,0.0,True,73.8388625592417,80.59241706161137,22.843601895734597,100.0,69.31872037914692
360259,BAY PARK COMMUNITY HOSPITAL,OH,3.0,73.0,0.97,0.0,4.0,0.0,True,42.77251184834123,70.04739336492891,61.23222748815166,100.0,68.51303317535545
360270,MERCY HEALTH - DEFIANCE HOSPITAL,OH,4.0,74.0,0.91,0.0,4.0,0.0,True,73.8388625592417,73.86255924170617,87.48815165876778,100.0,83.79739336492891
360276,HMHP ST ELIZABETH BOARDMAN HEALTH CENTER,OH,2.0,66.0,1.01,1.0,5.0,0.2,True,16.37440758293839,38.76777251184834,38.41232227488152,80.0,43.388625592417064
360348,DUBLIN METHODIST HOSPITAL,OH,4.0,82.0,0.92,0.0,5.0,0.0,True,73.8388625592417,94.88151658767772,84.54976303317535,100.0,88.31753554502369
360351,CRYSTAL CLINIC ORTHOPAEDIC CENTER,OH,5.0,89.0,0.85,0.0,2.0,0.0,True,94.50236966824644,99.45497630331754,96.72985781990522,100.0,97.6718009478673
360352,SURGICAL HOSPITAL AT SOUTHWOODS,OH,4.0,92.0,0.95,0.0,2.0,0.0,True,73.8388625592417,99.92890995260663,71.65876777251185,100.0,86.35663507109004
360354,WEST CHESTER HOSPITAL,OH,3.0,71.0,1.0,1.0,6.0,0.16666666666666666,True,42.77251184834123,61.990521327014214,44.33649289099526,83.33333333333334,58.10821484992101
360359,UNIVERSITY HOSPITALS AHUJA MEDICAL CENTER,OH,3.0,70.0,1.01,0.0,6.0,0.0,True,42.77251184834123,57.606635071090054,38.41232227488152,100.0,59.6978672985782
360360,SOIN MEDICAL CENTER,OH,4.0,79.0,0.99,1.0,5.0,0.2,True,73.8388625592417,89.26540284360189,50.142180094786724,80.0,73.31161137440758
360364,CLEVELAND CLINIC AVON HOSPITAL,OH,5.0,84.0,0.94,0.0,5.0,0.0,True,94.50236966824644,97.27488151658767,76.80094786729858,100.0,92.14454976303317
360365,AVITA ONTARIO,OH,4.0,85.0,1.08,0.0,5.0,0.0,True,73.8388625592417,97.8436018957346,10.545023696682465,100.0,70.5568720379147
360368,KETTERING HEALTH TROY,OH,5.0,89.0,0.92,0.0,4.0,0.0,True,94.50236966824644,99.45497630331754,84.54976303317535,100.0,94.62677725118483
370001,HILLCREST MEDICAL CENTER,OK,3.0,66.0,1.04,0.0,6.0,0.0,True,42.77251184834123,38.76777251184834,22.843601895734597,100.0,51.09597156398104
370002,ALLIANCEHEALTH WOODWARD,OK,3.0,59.0,1.08,0.0,5.0,0.0,True,42.77251184834123,16.327014218009477,10.545023696682465,100.0,42.411137440758296
370004,INTEGRIS MIAMI HOSPITAL,OK,4.0,63.0,0.95,0.0,4.0,0.0,True,73.8388625592417,26.895734597156395,71.65876777251185,100.0,68.09834123222748
370006,INTEGRIS HEALTH PONCA CITY,OK,2.0,55.0,1.0,0.0,5.0,0.0,True,16.37440758293839,7.843601895734597,44.33649289099526,100.0,42.13862559241706
370008,NORMAN REGIONAL,OK,2.0,68.0,0.95,0.0,6.0,0.0,True,16.37440758293839,48.34123222748815,71.65876777251185,100.0,59.093601895734594
370013,"MERCY HOSPITAL OKLAHOMA CITY, INC",OK,4.0,78.0,1.17,0.0,5.0,0.0,True,73.8388625592417,86.4218009478673,1.5639810426540284,100.0,65.45616113744076
370014,ALLIANCEHEALTH DURANT,OK,1.0,53.0,0.98,3.0,6.0,0.5,True,2.962085308056872,5.592417061611375,55.66350710900474,50.0,28.554502369668246
370015,HILLCREST HOSPITAL PRYOR,OK,4.0,80.0,0.9,0.0,3.0,0.0,True,73.8388625592417,91.56398104265404,89.97630331753554,100.0,88.84478672985782
370016,INTEGRIS HEALTH ENID HOSPITAL,OK,3.0,66.0,1.11,0.0,5.0,0.0,True,42.77251184834123,38.76777251184834,5.545023696682464,100.0,46.77132701421801
370018,ASCENSION ST JOHN JANE PHILLIPS,OK,3.0,67.0,0.98,0.0,6.0,0.0,True,42.77251184834123,43.578199052132696,55.66350710900474,100.0,60.50355450236967
370019,GREAT PLAINS REGIONAL MEDICAL CENTER,OK,2.0,66.0,1.08,0.0,4.0,0.0,True,16.37440758293839,38.76777251184834,10.545023696682465,100.0,41.4218009478673
370020,MERCY HOSPITAL ADA,OK,4.0,67.0,1.0,0.0,5.0,0.0,True,73.8388625592417,43.578199052132696,44.33649289099526,100.0,65.43838862559241
370022,JACKSON COUNTY MEMORIAL HOSPITAL AUTHORITY,OK,3.0,71.0,1.02,0.0,5.0,0.0,True,42.77251184834123,61.990521327014214,32.81990521327014,100.0,59.3957345971564
370023,"DUNCAN REGIONAL HOSPITAL, INC",OK,3.0,64.0,1.0,0.0,6.0,0.0,True,42.77251184834123,30.971563981042653,44.33649289099526,100.0,54.52014218009479
370025,SAINT FRANCIS HOSPITAL MUSKOGEE,OK,3.0,69.0,0.99,0.0,6.0,0.0,True,42.77251184834123,52.89099526066351,50.142180094786724,100.0,61.45142180094787
370026,ST MARY'S REGIONAL MEDICAL CENTER,OK,3.0,71.0,1.04,0.0,6.0,0.0,True,42.77251184834123,61.990521327014214,22.843601895734597,100.0,56.90165876777251
370028,"INTEGRIS BAPTIST MEDICAL CENTER, INC",OK,3.0,71.0,1.07,0.0,6.0,0.0,True,42.77251184834123,61.990521327014214,12.985781990521328,100.0,54.437203791469194
370034,MCALESTER REGIONAL HEALTH CENTER,OK,3.0,51.0,0.98,0.0,6.0,0.0,True,42.77251184834123,3.9810426540284363,55.66350710900474,100.0,50.6042654028436
370037,SSM HEALTH ST ANTHONY HOSPITAL - OKLAHOMA CITY,OK,4.0,72.0,1.0,0.0,6.0,0.0,True,73.8388625592417,66.13744075829385,44.33649289099526,100.0,71.0781990521327
370039,HILLCREST HOSPITAL CLAREMORE,OK,4.0,68.0,0.91,0.0,4.0,0.0,True,73.8388625592417,48.34123222748815,87.48815165876778,100.0,77.41706161137441
370047,"MERCY HOSPITAL ARDMORE, INC",OK,4.0,67.0,1.03,0.0,5.0,0.0,True,73.8388625592417,43.578199052132696,27.511848341232227,100.0,61.23222748815166
370049,STILLWATER MEDICAL CENTER,OK,4.0,75.0,1.03,0.0,6.0,0.0,True,73.8388625592417,77.39336492890996,27.511848341232227,100.0,69.68601895734596
370054,GRADY MEMORIAL HOSPITAL,OK,2.0,64.0,1.02,0.0,5.0,0.0,True,16.37440758293839,30.971563981042653,32.81990521327014,100.0,45.041469194312796
370056,MEMORIAL HEALTH,OK,2.0,57.0,0.97,2.0,6.0,0.3333333333333333,True,16.37440758293839,11.540284360189574,61.23222748815166,66.66666666666667,38.95339652448658
370078,OKLAHOMA STATE UNIVERSITY MEDICAL CENTER,OK,2.0,72.0,1.03,0.0,5.0,0.0,True,16.37440758293839,66.13744075829385,27.511848341232227,100.0,52.50592417061611
370083,PUSHMATAHA HOSPITAL,OK,3.0,50.0,1.09,0.0,4.0,0.0,True,42.77251184834123,3.2701421800947865,8.554502369668246,100.0,38.649289099526065
370089,NORTHEASTERN HEALTH SYSTEM,OK,2.0,60.0,0.97,0.0,6.0,0.0,True,16.37440758293839,18.246445497630333,61.23222748815166,100.0,48.96327014218009
370091,"SAINT FRANCIS HOSPITAL, INC",OK,5.0,80.0,1.03,0.0,6.0,0.0,True,94.50236966824644,91.56398104265404,27.511848341232227,100.0,78.39454976303318
370093,O U MEDICAL CENTER,OK,2.0,64.0,1.08,1.0,6.0,0.16666666666666666,True,16.37440758293839,30.971563981042653,10.545023696682465,83.33333333333334,35.306082148499215
370097,SOUTHWESTERN MEDICAL CENTER,OK,2.0,74.0,1.02,0.0,4.0,0.0,True,16.37440758293839,73.86255924170617,32.81990521327014,100.0,55.764218009478675
370099,HILLCREST HOSPITAL CUSHING,OK,4.0,78.0,0.96,0.0,3.0,0.0,True,73.8388625592417,86.4218009478673,66.44549763033176,100.0,81.67654028436019
370106,INTEGRIS SOUTHWEST MEDICAL CENTER,OK,2.0,63.0,1.16,0.0,5.0,0.0,True,16.37440758293839,26.895734597156395,2.109004739336493,100.0,36.344786729857816
370112,SEQUOYAH COUNTY-CITY OF SALLISAW HOSPITAL AUTHORIT,OK,3.0,73.0,1.05,0.0,3.0,0.0,True,42.77251184834123,70.04739336492891,18.95734597156398,100.0,57.944312796208536
370113,INTEGRIS GROVE HOSPITAL,OK,4.0,66.0,1.05,0.0,4.0,0.0,True,73.8388625592417,38.76777251184834,18.95734597156398,100.0,57.8909952606635
370114,ASCENSION ST JOHN MEDICAL CENTER,OK,3.0,61.0,1.06,0.0,5.0,0.0,True,42.77251184834123,20.85308056872038,15.734597156398102,100.0,44.84004739336493
370149,SSM HEALTH ST ANTHONY HOSPITAL - SHAWNEE,OK,3.0,72.0,0.92,0.0,6.0,0.0,True,42.77251184834123,66.13744075829385,84.54976303317535,100.0,73.36492890995261
370166,WAGONER COMMUNITY HOSPITAL,OK,2.0,72.0,0.89,0.0,3.0,0.0,True,16.37440758293839,66.13744075829385,91.89573459715639,100.0,68.60189573459715
370171,CHEROKEE NATION W W HASTINGS INDIAN HOSPITAL,OK,3.0,69.0,0.89,0.0,5.0,0.0,True,42.77251184834123,52.89099526066351,91.89573459715639,100.0,71.88981042654028
370178,MEMORIAL HOSPITAL,OK,4.0,50.0,0.81,0.0,3.0,0.0,True,73.8388625592417,3.2701421800947865,99.21800947867298,100.0,69.08175355450237
370180,CHICKASAW NATION MEDICAL CENTER,OK,5.0,86.0,0.73,0.0,4.0,0.0,True,94.50236966824644,98.31753554502369,99.95260663507109,100.0,98.19312796208531
370202,HILLCREST HOSPITAL SOUTH,OK,3.0,71.0,0.99,0.0,6.0,0.0,True,42.77251184834123,61.990521327014214,50.142180094786724,100.0,63.72630331753554
370203,"COMMUNITY HOSPITAL, LLC",OK,4.0,77.0,1.04,0.0,2.0,0.0,True,73.8388625592417,83.5781990521327,22.843601895734597,100.0,70.06516587677726
370210,"OKLAHOMA SURGICAL HOSPITAL, LLC",OK,5.0,81.0,1.01,0.0,2.0,0.0,True,94.50236966824644,93.36492890995261,38.41232227488152,100.0,81.56990521327015
370211,INTEGRIS CANADIAN VALLEY HOSPITAL,OK,4.0,73.0,1.03,0.0,4.0,0.0,True,73.8388625592417,70.04739336492891,27.511848341232227,100.0,67.8495260663507
370215,"OKLAHOMA HEART HOSPITAL, LLC",OK,4.0,91.0,1.01,0.0,5.0,0.0,True,73.8388625592417,99.85781990521328,38.41232227488152,100.0,78.02725118483411
370218,"SAINT FRANCIS HOSPITAL SOUTH, LLC",OK,5.0,80.0,0.93,0.0,6.0,0.0,True,94.50236966824644,91.56398104265404,81.04265402843602,100.0,91.77725118483413
370227,ST JOHN OWASSO,OK,5.0,82.0,0.8,0.0,3.0,0.0,True,94.50236966824644,94.88151658767772,99.54976303317535,100.0,97.23341232227487
370228,"BAILEY MEDICAL CENTER, LLC",OK,5.0,86.0,0.89,0.0,4.0,0.0,True,94.50236966824644,98.31753554502369,91.89573459715639,100.0,96.17890995260663
370234,"OKLAHOMA HEART HOSPITAL SOUTH, LLC",OK,5.0,92.0,0.98,0.0,5.0,0.0,True,94.50236966824644,99.92890995260663,55.66350710900474,100.0,87.52369668246445
370235,ASCENSION ST JOHN BROKEN ARROW,OK,4.0,77.0,0.98,0.0,4.0,0.0,True,73.8388625592417,83.5781990521327,55.66350710900474,100.0,78.27014218009478
370236,INTEGRIS HEALTH EDMOND HOSPITAL,OK,2.0,82.0,1.02,0.0,5.0,0.0,True,16.37440758293839,94.88151658767772,32.81990521327014,100.0,61.018957345971565
370237,"SAINT FRANCIS HOSPITAL VINITA, INC",OK,3.0,79.0,0.83,0.0,3.0,0.0,True,42.77251184834123,89.26540284360189,98.34123222748815,100.0,82.59478672985782
380001,MID-COLUMBIA MEDICAL CENTER,OR,4.0,59.0,0.81,0.0,4.0,0.0,True,73.8388625592417,16.327014218009477,99.21800947867298,100.0,72.34597156398104
380002,ASANTE THREE RIVERS MEDICAL CENTER,OR,3.0,69.0,0.87,0.0,5.0,0.0,True,42.77251184834123,52.89099526066351,94.50236966824644,100.0,72.5414691943128
380004,PROVIDENCE ST VINCENT MEDICAL CENTER,OR,4.0,80.0,0.89,0.0,6.0,0.0,True,73.8388625592417,91.56398104265404,91.89573459715639,100.0,89.32464454976304
380007,LEGACY EMANUEL MEDICAL CENTER,OR,3.0,73.0,0.97,0.0,5.0,0.0,True,42.77251184834123,70.04739336492891,61.23222748815166,100.0,68.51303317535545
380009,OHSU HOSPITAL AND CLINICS,OR,3.0,76.0,0.97,0.0,5.0,0.0,True,42.77251184834123,80.59241706161137,61.23222748815166,100.0,71.14928909952607
380014,GOOD SAMARITAN REGIONAL MEDICAL CENTER,OR,3.0,70.0,0.86,0.0,6.0,0.0,True,42.77251184834123,57.606635071090054,95.75829383886256,100.0,74.03436018957346
380017,LEGACY GOOD SAMARITAN MEDICAL CENTER,OR,4.0,72.0,0.96,0.0,6.0,0.0,True,73.8388625592417,66.13744075829385,66.44549763033176,100.0,76.60545023696683
380018,ASANTE ROGUE REGIONAL MEDICAL CENTER,OR,4.0,76.0,0.93,0.0,5.0,0.0,True,73.8388625592417,80.59241706161137,81.04265402843602,100.0,83.86848341232228
380020,MCKENZIE-WILLAMETTE MEDICAL CENTER,OR,4.0,79.0,0.85,0.0,6.0,0.0,True,73.8388625592417,89.26540284360189,96.72985781990522,100.0,89.9585308056872
380021,HILLSBORO MEDICAL CENTER,OR,3.0,62.0,0.96,0.0,5.0,0.0,True,42.77251184834123,23.72037914691943,66.44549763033176,100.0,58.23459715639811
380022,SAMARITAN ALBANY GENERAL HOSPITAL,OR,4.0,72.0,0.9,0.0,5.0,0.0,True,73.8388625592417,66.13744075829385,89.97630331753554,100.0,82.48815165876778
380025,LEGACY MOUNT HOOD MEDICAL CENTER,OR,3.0,70.0,0.87,0.0,4.0,0.0,True,42.77251184834123,57.606635071090054,94.50236966824644,100.0,73.72037914691944
380027,MERCY MEDICAL CENTER,OR,4.0,58.0,0.86,0.0,5.0,0.0,True,73.8388625592417,13.90995260663507,95.75829383886256,100.0,70.87677725118483
380037,PROVIDENCE NEWBERG MEDICAL CENTER,OR,4.0,83.0,0.83,0.0,3.0,0.0,True,73.8388625592417,96.25592417061611,98.34123222748815,100.0,92.10900473933648
380038,PROVIDENCE WILLAMETTE FALLS MEDICAL CENTER,OR,4.0,69.0,0.87,0.0,4.0,0.0,True,73.8388625592417,52.89099526066351,94.50236966824644,100.0,80.30805687203792
380047,ST CHARLES MEDICAL CENTER - BEND,OR,4.0,78.0,0.9,0.0,6.0,0.0,True,73.8388625592417,86.4218009478673,89.97630331753554,100.0,87.55924170616113
380050,SKY LAKES MEDICAL CENTER,OR,2.0,66.0,0.77,0.0,6.0,0.0,True,16.37440758293839,38.76777251184834,99.81042654028435,100.0,63.73815165876777
380051,SALEM HOSPITAL,OR,3.0,69.0,0.9,0.0,6.0,0.0,True,42.77251184834123,52.89099526066351,89.97630331753554,100.0,71.40995260663507
380052,SAINT ALPHONSUS MEDICAL CENTER ONTARIO,OR,2.0,68.0,0.91,0.0,4.0,0.0,True,16.37440758293839,48.34123222748815,87.48815165876778,100.0,63.050947867298575
380060,ADVENTIST HEALTH PORTLAND,OR,4.0,72.0,0.94,0.0,5.0,0.0,True,73.8388625592417,66.13744075829385,76.80094786729858,100.0,79.19431279620854
380061,PROVIDENCE PORTLAND MEDICAL CENTER,OR,4.0,78.0,0.94,0.0,6.0,0.0,True,73.8388625592417,86.4218009478673,76.80094786729858,100.0,84.26540284360189
380071,WILLAMETTE VALLEY MEDICAL CENTER,OR,2.0,63.0,0.84,0.0,5.0,0.0,True,16.37440758293839,26.895734597156395,97.58293838862559,100.0,60.21327014218009
380075,PROVIDENCE MEDFORD MEDICAL CENTER,OR,2.0,76.0,0.91,0.0,6.0,0.0,True,16.37440758293839,80.59241706161137,87.48815165876778,100.0,71.11374407582939
380082,PROVIDENCE MILWAUKIE HOSPITAL,OR,3.0,66.0,0.91,0.0,3.0,0.0,True,42.77251184834123,38.76777251184834,87.48815165876778,100.0,67.25710900473933
380089,LEGACY MERIDIAN PARK MEDICAL CENTER,OR,2.0,74.0,0.87,0.0,6.0,0.0,True,16.37440758293839,73.86255924170617,94.50236966824644,100.0,71.18483412322274
380090,BAY AREA HOSPITAL,OR,2.0,64.0,0.87,0.0,6.0,0.0,True,16.37440758293839,30.971563981042653,94.50236966824644,100.0,60.46208530805687
380091,KAISER SUNNYSIDE MEDICAL CENTER,OR,4.0,71.0,0.89,0.0,4.0,0.0,True,73.8388625592417,61.990521327014214,91.89573459715639,100.0,81.93127962085308
380102,SACRED HEART MEDICAL CENTER - RIVERBEND,OR,4.0,78.0,0.89,0.0,6.0,0.0,True,73.8388625592417,86.4218009478673,91.89573459715639,100.0,88.03909952606635
380103,KAISER FOUNDATION HOSPITAL WESTSIDE,OR,4.0,81.0,0.85,0.0,3.0,0.0,True,73.8388625592417,93.36492890995261,96.72985781990522,100.0,90.98341232227489
390001,GEISINGER-COMMUNITY MEDICAL CENTER,PA,2.0,62.0,0.99,1.0,6.0,0.16666666666666666,True,16.37440758293839,23.72037914691943,50.142180094786724,83.33333333333334,43.392575039494474
390002,UPMC MCKEESPORT HOSPITAL,PA,3.0,59.0,1.02,0.0,4.0,0.0,True,42.77251184834123,16.327014218009477,32.81990521327014,100.0,47.97985781990521
390003,GEISINGER-BLOOMSBURG HOSPITAL,PA,4.0,76.0,0.94,0.0,4.0,0.0,True,73.8388625592417,80.59241706161137,76.80094786729858,100.0,82.80805687203791
390004,PENN STATE HEALTH HOLY SPIRIT MEDICAL CENTER,PA,3.0,61.0,1.11,0.0,6.0,0.0,True,42.77251184834123,20.85308056872038,5.545023696682464,100.0,42.29265402843602
390006,GEISINGER MEDICAL CENTER,PA,4.0,71.0,0.99,0.0,6.0,0.0,True,73.8388625592417,61.990521327014214,50.142180094786724,100.0,71.49289099526067
390009,SAINT VINCENT HOSPITAL,PA,4.0,73.0,0.99,0.0,6.0,0.0,True,73.8388625592417,70.04739336492891,50.142180094786724,100.0,73.50710900473933
390012,JEFFERSON LANSDALE HOSPITAL,PA,3.0,56.0,0.97,0.0,4.0,0.0,True,42.77251184834123,9.62085308056872,61.23222748815166,100.0,53.406398104265406
390013,WELLSPAN EVANGELICAL COMMUNITY HOSPITAL,PA,4.0,76.0,0.91,0.0,6.0,0.0,True,73.8388625592417,80.59241706161137,87.48815165876778,100.0,85.47985781990522
390016,UPMC JAMESON,PA,3.0,61.0,1.03,0.0,5.0,0.0,True,42.77251184834123,20.85308056872038,27.511848341232227,100.0,47.78436018957346
390026,TEMPLE HEALTH - CHESTNUT HILL HOSPITAL,PA,2.0,49.0,0.99,1.0,5.0,0.2,True,16.37440758293839,2.5355450236966828,50.142180094786724,80.0,37.263033175355446
390027,TEMPLE UNIVERSITY HOSPITAL,PA,4.0,64.0,1.02,0.0,6.0,0.0,True,73.8388625592417,30.971563981042653,32.81990521327014,100.0,59.40758293838862
390028,UPMC MERCY,PA,4.0,72.0,1.08,0.0,5.0,0.0,True,73.8388625592417,66.13744075829385,10.545023696682465,100.0,62.63033175355451
390030,SCHUYLKILL MEDICAL CENTER - SOUTH JACKSON STREET,PA,4.0,58.0,1.07,0.0,5.0,0.0,True,73.8388625592417,13.90995260663507,12.985781990521328,100.0,50.18364928909953
390032,ALLEGHENY VALLEY HOSPITAL,PA,4.0,58.0,1.0,0.0,4.0,0.0,True,73.8388625592417,13.90995260663507,44.33649289099526,100.0,58.02132701421801
390035,ST LUKE'S HOSPITAL - UPPER BUCKS CAMPUS,PA,5.0,81.0,0.92,0.0,5.0,0.0,True,94.50236966824644,93.36492890995261,84.54976303317535,100.0,93.1042654028436
390036,HERITAGE VALLEY BEAVER,PA,3.0,56.0,1.14,0.0,6.0,0.0,True,42.77251184834123,9.62085308056872,3.3412322274881516,100.0,38.93364928909953
390037,HERITAGE VALLEY SEWICKLEY,PA,4.0,69.0,1.12,0.0,5.0,0.0,True,73.8388625592417,52.89099526066351,4.644549763033176,100.0,57.8436018957346
390039,UPMC SOMERSET,PA,4.0,68.0,0.95,0.0,4.0,0.0,True,73.8388625592417,48.34123222748815,71.65876777251185,100.0,73.45971563981043
390041,UNIONTOWN HOSPITAL,PA,2.0,55.0,0.93,0.0,5.0,0.0,True,16.37440758293839,7.843601895734597,81.04265402843602,100.0,51.31516587677725
390042,"WASHINGTON HOSPITAL, THE",PA,4.0,67.0,0.99,0.0,6.0,0.0,True,73.8388625592417,43.578199052132696,50.142180094786724,100.0,66.88981042654028
390044,READING HOSPITAL,PA,4.0,64.0,1.02,0.0,6.0,0.0,True,73.8388625592417,30.971563981042653,32.81990521327014,100.0,59.40758293838862
390045,UPMC WILLIAMSPORT,PA,3.0,71.0,1.02,0.0,6.0,0.0,True,42.77251184834123,61.990521327014214,32.81990521327014,100.0,59.3957345971564
390046,WELLSPAN YORK HOSPITAL,PA,4.0,67.0,1.01,0.0,5.0,0.0,True,73.8388625592417,43.578199052132696,38.41232227488152,100.0,63.95734597156398
390048,GEISINGER-LEWISTOWN HOSPITAL,PA,5.0,60.0,0.94,0.0,4.0,0.0,True,94.50236966824644,18.246445497630333,76.80094786729858,100.0,72.38744075829383
390049,ST LUKES HOSPITAL,PA,5.0,77.0,0.97,1.0,6.0,0.16666666666666666,True,94.50236966824644,83.5781990521327,61.23222748815166,83.33333333333334,80.66153238546605
390050,ALLEGHENY GENERAL HOSPITAL,PA,3.0,71.0,1.05,0.0,6.0,0.0,True,42.77251184834123,61.990521327014214,18.95734597156398,100.0,55.93009478672985
390056,PENN HIGHLANDS HUNTINGDON,PA,3.0,60.0,0.93,0.0,5.0,0.0,True,42.77251184834123,18.246445497630333,81.04265402843602,100.0,60.5154028436019
390057,ST LUKE'S HOSPITAL - GRAND VIEW CAMPUS,PA,4.0,67.0,0.97,0.0,6.0,0.0,True,73.8388625592417,43.578199052132696,61.23222748815166,100.0,69.66232227488152
390058,UPMC CARLISLE,PA,4.0,63.0,1.01,0.0,5.0,0.0,True,73.8388625592417,26.895734597156395,38.41232227488152,100.0,59.78672985781991
390062,CONEMAUGH NASON MEDICAL CENTER,PA,5.0,80.0,0.93,0.0,4.0,0.0,True,94.50236966824644,91.56398104265404,81.04265402843602,100.0,91.77725118483413
390063,UPMC HAMOT,PA,3.0,72.0,1.06,0.0,6.0,0.0,True,42.77251184834123,66.13744075829385,15.734597156398102,100.0,56.161137440758296
390065,GETTYSBURG HOSPITAL,PA,4.0,66.0,0.97,0.0,5.0,0.0,True,73.8388625592417,38.76777251184834,61.23222748815166,100.0,68.45971563981043
390066,WELLSPAN GOOD SAMARITAN HOSPITAL,PA,5.0,63.0,0.96,0.0,5.0,0.0,True,94.50236966824644,26.895734597156395,66.44549763033176,100.0,71.96090047393365
390067,UPMC PINNACLE HOSPITALS,PA,4.0,73.0,1.05,0.0,6.0,0.0,True,73.8388625592417,70.04739336492891,18.95734597156398,100.0,65.71090047393365
390068,UPMC LITITZ,PA,4.0,78.0,0.98,0.0,5.0,0.0,True,73.8388625592417,86.4218009478673,55.66350710900474,100.0,78.98104265402844
390070,LOWER BUCKS HOSPITAL,PA,3.0,60.0,0.94,0.0,5.0,0.0,True,42.77251184834123,18.246445497630333,76.80094786729858,100.0,59.45497630331754
390073,UPMC ALTOONA,PA,3.0,48.0,1.12,0.0,6.0,0.0,True,42.77251184834123,1.943127962085308,4.644549763033176,100.0,37.34004739336493
390079,ROBERT PACKER HOSPITAL,PA,2.0,72.0,0.98,0.0,6.0,0.0,True,16.37440758293839,66.13744075829385,55.66350710900474,100.0,59.54383886255924
390086,PENN HIGHLANDS DUBOIS,PA,2.0,54.0,0.99,0.0,6.0,0.0,True,16.37440758293839,6.563981042654028,50.142180094786724,100.0,43.27014218009479
390090,WEST PENN HOSPITAL,PA,3.0,75.0,1.07,0.0,4.0,0.0,True,42.77251184834123,77.39336492890996,12.985781990521328,100.0,58.28791469194313
390091,UPMC NORTHWEST,PA,4.0,60.0,0.96,0.0,5.0,0.0,True,73.8388625592417,18.246445497630333,66.44549763033176,100.0,64.63270142180095
390093,CLARION HOSPITAL,PA,2.0,64.0,0.95,0.0,4.0,0.0,True,16.37440758293839,30.971563981042653,71.65876777251185,100.0,54.75118483412322
390096,PENN STATE HEALTH ST. JOSEPH,PA,3.0,74.0,1.05,0.0,5.0,0.0,True,42.77251184834123,73.86255924170617,18.95734597156398,100.0,58.89810426540285
390097,HOLY REDEEMER HOSPITAL AND MEDICAL CENTER,PA,3.0,68.0,0.93,0.0,6.0,0.0,True,42.77251184834123,48.34123222748815,81.04265402843602,100.0,68.03909952606635
390100,LANCASTER GENERAL HOSPITAL,PA,5.0,73.0,0.97,0.0,6.0,0.0,True,94.50236966824644,70.04739336492891,61.23222748815166,100.0,81.44549763033174
390101,UPMC MEMORIAL,PA,4.0,75.0,1.1,0.0,6.0,0.0,True,73.8388625592417,77.39336492890996,6.943127962085308,100.0,64.54383886255924
390102,UPMC ST MARGARET,PA,3.0,76.0,1.01,0.0,5.0,0.0,True,42.77251184834123,80.59241706161137,38.41232227488152,100.0,65.44431279620852
390107,UPMC PASSAVANT,PA,4.0,79.0,0.98,0.0,6.0,0.0,True,73.8388625592417,89.26540284360189,55.66350710900474,100.0,79.69194312796208
390110,CONEMAUGH MEMORIAL MEDICAL CENTER,PA,2.0,47.0,1.03,0.0,5.0,0.0,True,16.37440758293839,1.5165876777251186,27.511848341232227,100.0,36.350710900473935
390111,HOSPITAL OF UNIV OF PENNSYLVANIA,PA,5.0,83.0,1.03,0.0,5.0,0.0,True,94.50236966824644,96.25592417061611,27.511848341232227,100.0,79.5675355450237
390112,CHAN SOON- SHIONG MEDICAL CENTER AT WINDBER,PA,2.0,78.0,1.02,0.0,5.0,0.0,True,16.37440758293839,86.4218009478673,32.81990521327014,100.0,58.904028436018955
390113,MEADVILLE MEDICAL CENTER,PA,4.0,63.0,0.94,0.0,6.0,0.0,True,73.8388625592417,26.895734597156395,76.80094786729858,100.0,69.38388625592417
390114,MAGEE WOMENS HOSPITAL OF UPMC HEALTH SYSTEM,PA,4.0,78.0,1.02,0.0,4.0,0.0,True,73.8388625592417,86.4218009478673,32.81990521327014,100.0,73.27014218009478
390115,JEFFERSON HEALTH- NORTHEAST,PA,2.0,61.0,1.05,1.0,6.0,0.16666666666666666,True,16.37440758293839,20.85308056872038,18.95734597156398,83.33333333333334,34.87954186413902
390116,SUBURBAN COMMUNITY HOSPITAL,PA,4.0,65.0,0.9,0.0,3.0,0.0,True,73.8388625592417,34.834123222748815,89.97630331753554,100.0,74.66232227488152
390117,UPMC BEDFORD MEMORIAL,PA,4.0,65.0,1.04,0.0,4.0,0.0,True,73.8388625592417,34.834123222748815,22.843601895734597,100.0,57.87914691943128
390123,POTTSTOWN HOSPITAL,PA,2.0,52.0,1.0,0.0,6.0,0.0,True,16.37440758293839,4.739336492890995,44.33649289099526,100.0,41.362559241706165
390125,WAYNE MEMORIAL HOSPITAL,PA,2.0,61.0,1.02,0.0,6.0,0.0,True,16.37440758293839,20.85308056872038,32.81990521327014,100.0,42.51184834123222
390127,PHOENIXVILLE HOSPITAL,PA,3.0,71.0,0.98,0.0,5.0,0.0,True,42.77251184834123,61.990521327014214,55.66350710900474,100.0,65.10663507109004
390133,LEHIGH VALLEY HOSPITAL,PA,4.0,70.0,0.96,2.0,6.0,0.3333333333333333,True,73.8388625592417,57.606635071090054,66.44549763033176,66.66666666666667,66.13941548183256
390137,WILKES-BARRE GENERAL HOSPITAL,PA,2.0,54.0,1.18,0.0,6.0,0.0,True,16.37440758293839,6.563981042654028,1.2796208530805688,100.0,31.054502369668246
390138,WELLSPAN WAYNESBORO HOSPITAL,PA,4.0,75.0,0.89,0.0,4.0,0.0,True,73.8388625592417,77.39336492890996,91.89573459715639,100.0,85.78199052132702
390139,BRYN MAWR HOSPITAL,PA,5.0,81.0,1.0,0.0,6.0,0.0,True,94.50236966824644,93.36492890995261,44.33649289099526,100.0,83.05094786729858
390142,JEFFERSON EINSTEIN PHILADELPHIA HOSPITAL,PA,3.0,56.0,1.05,0.0,6.0,0.0,True,42.77251184834123,9.62085308056872,18.95734597156398,100.0,42.83767772511848
390145,EXCELA HEALTH WESTMORELAND REGIONAL HOSPITAL,PA,3.0,55.0,0.94,0.0,6.0,0.0,True,42.77251184834123,7.843601895734597,76.80094786729858,100.0,56.8542654028436
390146,WARREN GENERAL HOSPITAL,PA,3.0,58.0,0.91,0.0,5.0,0.0,True,42.77251184834123,13.90995260663507,87.48815165876778,100.0,61.04265402843602
390147,PENN HIGHLANDS MON VALLEY,PA,1.0,48.0,0.97,0.0,5.0,0.0,True,2.962085308056872,1.943127962085308,61.23222748815166,100.0,41.53436018957346
390151,WELLSPAN CHAMBERSBURG HOSPITAL,PA,4.0,58.0,0.94,0.0,5.0,0.0,True,73.8388625592417,13.90995260663507,76.80094786729858,100.0,66.13744075829383
390153,PAOLI HOSPITAL,PA,5.0,80.0,1.0,0.0,6.0,0.0,True,94.50236966824644,91.56398104265404,44.33649289099526,100.0,82.60071090047393
390156,MERCY CATHOLIC MEDICAL CENTER- MERCY FITZGERALD,PA,2.0,56.0,1.04,0.0,5.0,0.0,True,16.37440758293839,9.62085308056872,22.843601895734597,100.0,37.209715639810426
390160,CANONSBURG GENERAL HOSPITAL,PA,3.0,78.0,1.04,0.0,3.0,0.0,True,42.77251184834123,86.4218009478673,22.843601895734597,100.0,63.00947867298578
390162,ST LUKE'S HOSPITAL - EASTON CAMPUS,PA,4.0,76.0,0.95,0.0,4.0,0.0,True,73.8388625592417,80.59241706161137,71.65876777251185,100.0,81.52251184834122
390163,ACMH HOSPITAL,PA,3.0,61.0,0.92,0.0,4.0,0.0,True,42.77251184834123,20.85308056872038,84.54976303317535,100.0,62.04383886255924
390164,UPMC PRESBYTERIAN SHADYSIDE,PA,4.0,71.0,1.01,0.0,6.0,0.0,True,73.8388625592417,61.990521327014214,38.41232227488152,100.0,68.56042654028437
390168,INDEPENDENCE HEALTH SYSTEM BUTLER MEMORIAL HOSPITA,PA,2.0,72.0,0.94,0.0,5.0,0.0,True,16.37440758293839,66.13744075829385,76.80094786729858,100.0,64.8281990521327
390173,INDIANA REGIONAL MEDICAL CENTER,PA,2.0,56.0,0.98,0.0,6.0,0.0,True,16.37440758293839,9.62085308056872,55.66350710900474,100.0,45.41469194312796
390174,THOMAS JEFFERSON UNIVERSITY HOSPITAL,PA,3.0,68.0,1.0,2.0,6.0,0.3333333333333333,True,42.77251184834123,48.34123222748815,44.33649289099526,66.66666666666667,50.52922590837282
390178,UPMC HORIZON,PA,4.0,69.0,0.95,0.0,5.0,0.0,True,73.8388625592417,52.89099526066351,71.65876777251185,100.0,74.59715639810426
390179,CHESTER COUNTY HOSPITAL,PA,5.0,78.0,0.97,0.0,6.0,0.0,True,94.50236966824644,86.4218009478673,61.23222748815166,100.0,85.53909952606635
390183,ST LUKE'S MINERS MEMORIAL HOSPITAL,PA,4.0,79.0,0.89,0.0,4.0,0.0,True,73.8388625592417,89.26540284360189,91.89573459715639,100.0,88.75
390185,LEHIGH VALLEY HOSPITAL - HAZLETON,PA,2.0,55.0,1.0,0.0,5.0,0.0,True,16.37440758293839,7.843601895734597,44.33649289099526,100.0,42.13862559241706
390195,MAIN LINE HOSPITAL LANKENAU,PA,4.0,79.0,1.0,0.0,6.0,0.0,True,73.8388625592417,89.26540284360189,44.33649289099526,100.0,76.8601895734597
390198,LECOM MEDICAL CENTER AND BEHAVIORAL HEALTH PAV,PA,1.0,69.0,1.15,0.0,3.0,0.0,True,2.962085308056872,52.89099526066351,2.772511848341232,100.0,39.656398104265406
390199,PUNXSUTAWNEY AREA HOSPITAL,PA,2.0,76.0,0.95,0.0,3.0,0.0,True,16.37440758293839,80.59241706161137,71.65876777251185,100.0,67.1563981042654
390201,LEHIGH VALLEY HOSPITAL - POCONO,PA,3.0,68.0,0.99,0.0,6.0,0.0,True,42.77251184834123,48.34123222748815,50.142180094786724,100.0,60.31398104265402
390203,DOYLESTOWN HOSPITAL,PA,4.0,82.0,0.95,0.0,6.0,0.0,True,73.8388625592417,94.88151658767772,71.65876777251185,100.0,85.09478672985782
390204,NAZARETH HOSPITAL,PA,2.0,52.0,1.06,0.0,5.0,0.0,True,16.37440758293839,4.739336492890995,15.734597156398102,100.0,34.21208530805687
390217,EXCELA HEALTH - FRICK HOSPITAL,PA,3.0,61.0,0.93,0.0,4.0,0.0,True,42.77251184834123,20.85308056872038,81.04265402843602,100.0,61.16706161137441
390219,EXCELA HEALTH LATROBE HOSPITAL,PA,4.0,63.0,0.93,0.0,5.0,0.0,True,73.8388625592417,26.895734597156395,81.04265402843602,100.0,70.44431279620852
390222,RIDDLE MEMORIAL HOSPITAL,PA,4.0,74.0,0.99,0.0,6.0,0.0,True,73.8388625592417,73.86255924170617,50.142180094786724,100.0,74.46090047393365
390223,PENN PRESBYTERIAN MEDICAL CENTER,PA,4.0,72.0,0.99,0.0,6.0,0.0,True,73.8388625592417,66.13744075829385,50.142180094786724,100.0,72.52962085308057
390225,WELLSPAN EPHRATA COMMUNITY HOSPITAL,PA,5.0,65.0,0.93,0.0,5.0,0.0,True,94.50236966824644,34.834123222748815,81.04265402843602,100.0,77.59478672985782
390226,PENNSYLVANIA HOSPITAL,PA,4.0,71.0,1.01,0.0,6.0,0.0,True,73.8388625592417,61.990521327014214,38.41232227488152,100.0,68.56042654028437
390228,ST CLAIR HOSPITAL,PA,4.0,75.0,0.94,0.0,6.0,0.0,True,73.8388625592417,77.39336492890996,76.80094786729858,100.0,82.00829383886256
390231,JEFFERSON ABINGTON HOSPITAL,PA,3.0,61.0,0.97,3.0,6.0,0.5,True,42.77251184834123,20.85308056872038,61.23222748815166,50.0,43.714454976303315
390233,UPMC HANOVER,PA,4.0,67.0,1.01,0.0,6.0,0.0,True,73.8388625592417,43.578199052132696,38.41232227488152,100.0,63.95734597156398
390237,REGIONAL HOSPITAL OF SCRANTON,PA,2.0,64.0,1.08,0.0,5.0,0.0,True,16.37440758293839,30.971563981042653,10.545023696682465,100.0,39.47274881516587
390256,MILTON S HERSHEY MEDICAL CENTER,PA,4.0,78.0,1.05,0.0,6.0,0.0,True,73.8388625592417,86.4218009478673,18.95734597156398,100.0,69.80450236966824
390258,ST MARY MEDICAL CENTER,PA,2.0,58.0,1.07,1.0,6.0,0.16666666666666666,True,16.37440758293839,13.90995260663507,12.985781990521328,83.33333333333334,31.65086887835703
390265,JEFFERSON HOSPITAL,PA,4.0,74.0,0.97,0.0,6.0,0.0,True,73.8388625592417,73.86255924170617,61.23222748815166,100.0,77.23341232227489
390266,GROVE CITY MEDICAL CENTER,PA,4.0,67.0,0.81,0.0,3.0,0.0,True,73.8388625592417,43.578199052132696,99.21800947867298,100.0,79.15876777251185
390267,FORBES HOSPITAL,PA,3.0,69.0,1.03,1.0,6.0,0.16666666666666666,True,42.77251184834123,52.89099526066351,27.511848341232227,83.33333333333334,51.62717219589258
390268,MOUNT NITTANY MEDICAL CENTER,PA,5.0,71.0,1.03,0.0,6.0,0.0,True,94.50236966824644,61.990521327014214,27.511848341232227,100.0,71.00118483412322
390270,GEISINGER WYOMING VALLEY MEDICAL CENTER,PA,4.0,62.0,1.0,0.0,6.0,0.0,True,73.8388625592417,23.72037914691943,44.33649289099526,100.0,60.473933649289094
390304,ROXBOROUGH MEMORIAL HOSPITAL,PA,2.0,58.0,0.98,0.0,3.0,0.0,True,16.37440758293839,13.90995260663507,55.66350710900474,100.0,46.486966824644554
390328,UPMC EAST,PA,4.0,71.0,1.0,0.0,6.0,0.0,True,73.8388625592417,61.990521327014214,44.33649289099526,100.0,70.0414691943128
390329,JEFFERSON EINSTEIN MONTGOMERY HOSPITAL,PA,4.0,60.0,1.04,0.0,5.0,0.0,True,73.8388625592417,18.246445497630333,22.843601895734597,100.0,53.73222748815166
390330,ST LUKE'S HOSPITAL - MONROE CAMPUS,PA,5.0,76.0,0.92,0.0,6.0,0.0,True,94.50236966824644,80.59241706161137,84.54976303317535,100.0,89.9111374407583
390332,GEISINGER ST. LUKE'S  HOSPITAL,PA,5.0,86.0,0.94,0.0,4.0,0.0,True,94.50236966824644,98.31753554502369,76.80094786729858,100.0,92.40521327014218
390334,AHN WEXFORD HOSPITAL,PA,5.0,89.0,0.96,0.0,4.0,0.0,True,94.50236966824644,99.45497630331754,66.44549763033176,100.0,90.10071090047394
390335,ST LUKE'S HOSPITAL - CARBON CAMPUS,PA,5.0,84.0,0.93,0.0,5.0,0.0,True,94.50236966824644,97.27488151658767,81.04265402843602,100.0,93.20497630331754
390336,PENN STATE HEALTH HAMPDEN MEDICAL CENTER,PA,4.0,77.0,1.1,0.0,5.0,0.0,True,73.8388625592417,83.5781990521327,6.943127962085308,100.0,66.09004739336493
390337,GEISINGER MEDICAL CENTER MUNCY,PA,4.0,88.0,0.87,0.0,3.0,0.0,True,73.8388625592417,99.0521327014218,94.50236966824644,100.0,91.84834123222748
390338,LEHIGH VALLEY HOSPITAL - DICKSON CITY,PA,3.0,84.0,1.01,0.0,4.0,0.0,True,42.77251184834123,97.27488151658767,38.41232227488152,100.0,69.6149289099526
390339,PENN STATE HEALTH LANCASTER MEDICAL CENTER,PA,3.0,79.0,0.99,0.0,5.0,0.0,True,42.77251184834123,89.26540284360189,50.142180094786724,100.0,70.54502369668246
410004,ROGER WILLIAMS MEDICAL CENTER,RI,3.0,62.0,1.02,0.0,4.0,0.0,True,42.77251184834123,23.72037914691943,32.81990521327014,100.0,49.8281990521327
410005,OUR LADY OF FATIMA HOSPITAL,RI,3.0,69.0,1.02,0.0,5.0,0.0,True,42.77251184834123,52.89099526066351,32.81990521327014,100.0,57.12085308056872
410006,NEWPORT HOSPITAL,RI,4.0,74.0,0.99,0.0,5.0,0.0,True,73.8388625592417,73.86255924170617,50.142180094786724,100.0,74.46090047393365
410007,RHODE ISLAND HOSPITAL,RI,4.0,71.0,1.02,0.0,5.0,0.0,True,73.8388625592417,61.990521327014214,32.81990521327014,100.0,67.16232227488152
410008,SOUTH COUNTY HOSPITAL INC,RI,4.0,80.0,0.95,0.0,5.0,0.0,True,73.8388625592417,91.56398104265404,71.65876777251185,100.0,84.26540284360189
410009,KENT COUNTY MEMORIAL HOSPITAL,RI,3.0,62.0,1.03,1.0,6.0,0.16666666666666666,True,42.77251184834123,23.72037914691943,27.511848341232227,83.33333333333334,44.33451816745656
410010,WOMEN & INFANTS HOSPITAL OF RHODE ISLAND,RI,4.0,70.0,1.04,0.0,1.0,0.0,True,73.8388625592417,57.606635071090054,22.843601895734597,100.0,63.57227488151659
410011,LANDMARK MEDICAL CENTER,RI,2.0,61.0,0.97,1.0,5.0,0.2,True,16.37440758293839,20.85308056872038,61.23222748815166,80.0,44.61492890995261
410012,THE MIRIAM HOSPITAL,RI,4.0,75.0,0.96,0.0,6.0,0.0,True,73.8388625592417,77.39336492890996,66.44549763033176,100.0,79.41943127962085
410013,WESTERLY HOSPITAL,RI,4.0,74.0,0.94,0.0,4.0,0.0,True,73.8388625592417,73.86255924170617,76.80094786729858,100.0,81.12559241706161
420002,PIEDMONT MEDICAL CENTER,SC,2.0,50.0,1.03,0.0,6.0,0.0,True,16.37440758293839,3.2701421800947865,27.511848341232227,100.0,36.78909952606635
420004,MUSC MEDICAL CENTER,SC,2.0,72.0,0.98,0.0,6.0,0.0,True,16.37440758293839,66.13744075829385,55.66350710900474,100.0,59.54383886255924
420005,MCLEOD MEDICAL CENTER - DILLON,SC,3.0,70.0,0.87,0.0,4.0,0.0,True,42.77251184834123,57.606635071090054,94.50236966824644,100.0,73.72037914691944
420007,SPARTANBURG MEDICAL CENTER,SC,2.0,69.0,1.03,0.0,6.0,0.0,True,16.37440758293839,52.89099526066351,27.511848341232227,100.0,49.19431279620853
420009,PRISMA HEALTH OCONEE MEMORIAL HOSPITAL,SC,4.0,70.0,1.0,0.0,6.0,0.0,True,73.8388625592417,57.606635071090054,44.33649289099526,100.0,68.94549763033176
420010,CAROLINA PINES REGIONAL MEDICAL CENTER,SC,2.0,64.0,1.01,0.0,4.0,0.0,True,16.37440758293839,30.971563981042653,38.41232227488152,100.0,46.43957345971564
420015,PRISMA HEALTH BAPTIST EASLEY HOSPITAL,SC,4.0,65.0,0.96,0.0,4.0,0.0,True,73.8388625592417,34.834123222748815,66.44549763033176,100.0,68.77962085308057
420018,PRISMA HEALTH RICHLAND HOSPITAL,SC,3.0,67.0,1.05,0.0,5.0,0.0,True,42.77251184834123,43.578199052132696,18.95734597156398,100.0,51.32701421800948
420020,TIDELANDS GEORGETOWN MEMORIAL HOSPITAL,SC,2.0,58.0,0.94,0.0,5.0,0.0,True,16.37440758293839,13.90995260663507,76.80094786729858,100.0,51.77132701421801
420023,ST FRANCIS-DOWNTOWN,SC,4.0,77.0,1.01,0.0,6.0,0.0,True,73.8388625592417,83.5781990521327,38.41232227488152,100.0,73.95734597156398
420026,MUSC HEALTH COLUMBIA MEDICAL CENTER DOWNTOWN,SC,3.0,69.0,1.02,0.0,6.0,0.0,True,42.77251184834123,52.89099526066351,32.81990521327014,100.0,57.12085308056872
420027,ANMED HEALTH,SC,4.0,66.0,1.11,0.0,5.0,0.0,True,73.8388625592417,38.76777251184834,5.545023696682464,100.0,54.53791469194313
420030,COLLETON MEDICAL CENTER,SC,3.0,67.0,0.95,0.0,5.0,0.0,True,42.77251184834123,43.578199052132696,71.65876777251185,100.0,64.50236966824644
420033,PRISMA HEALTH GREER MEMORIAL HOSPITAL,SC,5.0,79.0,0.95,0.0,4.0,0.0,True,94.50236966824644,89.26540284360189,71.65876777251185,100.0,88.85663507109004
420036,MUSC HEALTH LANCASTER MEDICAL CENTER,SC,4.0,61.0,1.07,0.0,4.0,0.0,True,73.8388625592417,20.85308056872038,12.985781990521328,100.0,51.91943127962085
420037,PRISMA HEALTH HILLCREST HOSPITAL,SC,4.0,73.0,0.98,0.0,4.0,0.0,True,73.8388625592417,70.04739336492891,55.66350710900474,100.0,74.88744075829383
420038,PRISMA HEALTH LAURENS COUNTY HOSPITAL,SC,4.0,63.0,0.93,0.0,4.0,0.0,True,73.8388625592417,26.895734597156395,81.04265402843602,100.0,70.44431279620852
420043,CHEROKEE MEDICAL CENTER,SC,2.0,65.0,0.95,0.0,4.0,0.0,True,16.37440758293839,34.834123222748815,71.65876777251185,100.0,55.71682464454976
420048,KERSHAWHEALTH,SC,3.0,57.0,1.1,0.0,5.0,0.0,True,42.77251184834123,11.540284360189574,6.943127962085308,100.0,40.31398104265403
420049,CONWAY MEDICAL CENTER,SC,2.0,68.0,1.03,0.0,5.0,0.0,True,16.37440758293839,48.34123222748815,27.511848341232227,100.0,48.05687203791469
420051,MCLEOD REGIONAL MEDICAL CENTER-PEE DEE,SC,3.0,72.0,1.0,1.0,6.0,0.16666666666666666,True,42.77251184834123,66.13744075829385,44.33649289099526,83.33333333333334,59.14494470774092
420053,NEWBERRY COUNTY MEMORIAL HOSPITAL,SC,3.0,77.0,1.01,0.0,4.0,0.0,True,42.77251184834123,83.5781990521327,38.41232227488152,100.0,66.19075829383885
420055,MUSC HEALTH MARION MEDICAL CENTER,SC,3.0,70.0,0.95,0.0,3.0,0.0,True,42.77251184834123,57.606635071090054,71.65876777251185,100.0,68.00947867298578
420065,BON SECOURS-ST FRANCIS XAVIER HOSPITAL,SC,3.0,79.0,1.01,0.0,4.0,0.0,True,42.77251184834123,89.26540284360189,38.41232227488152,100.0,67.61255924170615
420067,BEAUFORT COUNTY MEMORIAL HOSPITAL,SC,4.0,61.0,0.96,0.0,6.0,0.0,True,73.8388625592417,20.85308056872038,66.44549763033176,100.0,65.28436018957346
420070,PRISMA HEALTH TUOMEY HOSPITAL,SC,3.0,55.0,0.95,0.0,4.0,0.0,True,42.77251184834123,7.843601895734597,71.65876777251185,100.0,55.568720379146924
420071,SELF REGIONAL HEALTHCARE,SC,4.0,72.0,1.07,0.0,6.0,0.0,True,73.8388625592417,66.13744075829385,12.985781990521328,100.0,63.24052132701422
420073,LEXINGTON MEDICAL CENTER,SC,3.0,80.0,1.0,0.0,6.0,0.0,True,42.77251184834123,91.56398104265404,44.33649289099526,100.0,69.66824644549763
420078,PRISMA HEALTH GREENVILLE MEMORIAL HOSPITAL,SC,4.0,69.0,1.03,0.0,5.0,0.0,True,73.8388625592417,52.89099526066351,27.511848341232227,100.0,63.56042654028436
420079,TRIDENT MEDICAL CENTER,SC,3.0,65.0,1.01,0.0,6.0,0.0,True,42.77251184834123,34.834123222748815,38.41232227488152,100.0,54.00473933649289
420080,NOVANT HEALTH HILTON HEAD MEDICAL CENTER,SC,2.0,52.0,1.02,0.0,6.0,0.0,True,16.37440758293839,4.739336492890995,32.81990521327014,100.0,38.48341232227488
420082,AIKEN REGIONAL MEDICAL CENTER,SC,2.0,56.0,0.95,0.0,5.0,0.0,True,16.37440758293839,9.62085308056872,71.65876777251185,100.0,49.41350710900474
420085,GRAND STRAND REGIONAL MEDICAL CENTER,SC,2.0,65.0,0.96,0.0,6.0,0.0,True,16.37440758293839,34.834123222748815,66.44549763033176,100.0,54.41350710900474
420086,PRISMA HEALTH BAPTIST,SC,4.0,70.0,1.04,0.0,5.0,0.0,True,73.8388625592417,57.606635071090054,22.843601895734597,100.0,63.57227488151659
420087,ROPER HOSPITAL,SC,4.0,80.0,1.02,0.0,6.0,0.0,True,73.8388625592417,91.56398104265404,32.81990521327014,100.0,74.55568720379148
420089,EAST COOPER MEDICAL CENTER,SC,4.0,75.0,0.99,0.0,4.0,0.0,True,73.8388625592417,77.39336492890996,50.142180094786724,100.0,75.3436018957346
420091,MUSC HEALTH FLORENCE MEDICAL CENTER,SC,3.0,72.0,0.98,0.0,5.0,0.0,True,42.77251184834123,66.13744075829385,55.66350710900474,100.0,66.14336492890996
420098,TIDELANDS WACCAMAW COMMUNITY HOSPITAL,SC,4.0,70.0,0.99,0.0,6.0,0.0,True,73.8388625592417,57.606635071090054,50.142180094786724,100.0,70.39691943127963
420101,COASTAL CAROLINA HOSPITAL,SC,4.0,61.0,1.03,0.0,4.0,0.0,True,73.8388625592417,20.85308056872038,27.511848341232227,100.0,55.550947867298575
420102,PRISMA HEALTH  PATEWOOD HOSPITAL,SC,5.0,81.0,0.9,0.0,2.0,0.0,True,94.50236966824644,93.36492890995261,89.97630331753554,100.0,94.46090047393365
420103,PELHAM MEDICAL CENTER,SC,5.0,87.0,1.03,0.0,4.0,0.0,True,94.50236966824644,98.72037914691944,27.511848341232227,100.0,80.18364928909952
420104,MOUNT PLEASANT HOSPITAL,SC,5.0,83.0,0.97,0.0,5.0,0.0,True,94.50236966824644,96.25592417061611,61.23222748815166,100.0,87.99763033175356
420105,MCLEOD LORIS  HOSPITAL,SC,4.0,79.0,1.0,0.0,6.0,0.0,True,73.8388625592417,89.26540284360189,44.33649289099526,100.0,76.8601895734597
420106,PRISMA HEALTH BAPTIST PARKRIDGE,SC,4.0,74.0,0.98,0.0,4.0,0.0,True,73.8388625592417,73.86255924170617,55.66350710900474,100.0,75.84123222748815
420107,MCLEOD HEALTH CHERAW,SC,3.0,68.0,1.04,0.0,4.0,0.0,True,42.77251184834123,48.34123222748815,22.843601895734597,100.0,53.48933649289099
420109,MCLEOD HEALTH CLARENDON,SC,3.0,65.0,0.94,0.0,4.0,0.0,True,42.77251184834123,34.834123222748815,76.80094786729858,100.0,63.60189573459715
420110,ROPER ST FRANCIS HOSPITAL-BERKELEY INC,SC,5.0,82.0,0.96,0.0,5.0,0.0,True,94.50236966824644,94.88151658767772,66.44549763033176,100.0,88.95734597156398
430005,"PRAIRIE LAKES HEALTHCARE SYSTEM, INC",SD,3.0,61.0,0.98,0.0,6.0,0.0,True,42.77251184834123,20.85308056872038,55.66350710900474,100.0,54.82227488151659
430008,BROOKINGS HEALTH SYSTEM,SD,4.0,82.0,0.91,0.0,4.0,0.0,True,73.8388625592417,94.88151658767772,87.48815165876778,100.0,89.0521327014218
430012,AVERA SACRED HEART HOSPITAL,SD,3.0,70.0,0.94,0.0,4.0,0.0,True,42.77251184834123,57.606635071090054,76.80094786729858,100.0,69.29502369668246
430014,AVERA ST LUKES,SD,4.0,73.0,1.02,0.0,6.0,0.0,True,73.8388625592417,70.04739336492891,32.81990521327014,100.0,69.17654028436019
430015,AVERA ST MARY'S HOSPITAL,SD,2.0,61.0,0.93,0.0,5.0,0.0,True,16.37440758293839,20.85308056872038,81.04265402843602,100.0,54.567535545023695
430016,AVERA MCKENNAN HOSPITAL & UNIVERSITY HEALTH CENTER,SD,4.0,76.0,1.02,0.0,5.0,0.0,True,73.8388625592417,80.59241706161137,32.81990521327014,100.0,71.81279620853081
430027,SANFORD USD MEDICAL CENTER,SD,5.0,75.0,1.07,0.0,6.0,0.0,True,94.50236966824644,77.39336492890996,12.985781990521328,100.0,71.22037914691944
430048,MONUMENT HEALTH SPEARFISH HOSPITAL,SD,4.0,84.0,0.92,0.0,3.0,0.0,True,73.8388625592417,97.27488151658767,84.54976303317535,100.0,88.91587677725119
430077,MONUMENT HEALTH RAPID CITY HOSPITAL,SD,3.0,65.0,1.0,0.0,6.0,0.0,True,42.77251184834123,34.834123222748815,44.33649289099526,100.0,55.485781990521325
430095,AVERA HEART HOSPITAL OF SOUTH DAKOTA,SD,5.0,89.0,1.02,0.0,3.0,0.0,True,94.50236966824644,99.45497630331754,32.81990521327014,100.0,81.69431279620854
430097,SANFORD MEDICAL CENTER ABERDEEN,SD,4.0,76.0,0.91,0.0,4.0,0.0,True,73.8388625592417,80.59241706161137,87.48815165876778,100.0,85.47985781990522
440002,JACKSON-MADISON COUNTY GENERAL HOSPITAL,TN,3.0,67.0,1.1,0.0,5.0,0.0,True,42.77251184834123,43.578199052132696,6.943127962085308,100.0,48.323459715639814
440003,HIGHPOINT HEALTH-SUMNER WITH ASCENSION SAINT THOMA,TN,3.0,61.0,1.01,0.0,5.0,0.0,True,42.77251184834123,20.85308056872038,38.41232227488152,100.0,50.50947867298578
440006,TRISTAR SKYLINE MEDICAL CENTER,TN,2.0,65.0,1.07,0.0,5.0,0.0,True,16.37440758293839,34.834123222748815,12.985781990521328,100.0,41.04857819905213
440007,UNITY MEDICAL CENTER,TN,3.0,89.0,1.15,0.0,3.0,0.0,True,42.77251184834123,99.45497630331754,2.772511848341232,100.0,61.25
440009,CUMBERLAND MEDICAL CENTER,TN,4.0,64.0,0.95,0.0,6.0,0.0,True,73.8388625592417,30.971563981042653,71.65876777251185,100.0,69.11729857819905
440011,BLOUNT MEMORIAL HOSPITAL,TN,2.0,63.0,0.97,0.0,6.0,0.0,True,16.37440758293839,26.895734597156395,61.23222748815166,100.0,51.12559241706161
440012,WELLMONT BRISTOL REGIONAL MEDICAL CENTER,TN,2.0,57.0,1.04,0.0,6.0,0.0,True,16.37440758293839,11.540284360189574,22.843601895734597,100.0,37.68957345971564
440015,"UNIVERSITY HEALTH SYSTEM, INC",TN,4.0,76.0,0.99,0.0,6.0,0.0,True,73.8388625592417,80.59241706161137,50.142180094786724,100.0,76.14336492890995
440016,BAPTIST MEMORIAL HOSPITAL - CARROLL COUNTY,TN,4.0,79.0,1.02,0.0,3.0,0.0,True,73.8388625592417,89.26540284360189,32.81990521327014,100.0,73.98104265402844
440017,WELLMONT HOLSTON VALLEY MEDICAL CENTER,TN,2.0,57.0,1.1,0.0,6.0,0.0,True,16.37440758293839,11.540284360189574,6.943127962085308,100.0,33.714454976303315
440018,SYCAMORE SHOALS HOSPITAL,TN,2.0,70.0,1.1,0.0,5.0,0.0,True,16.37440758293839,57.606635071090054,6.943127962085308,100.0,45.23104265402844
440020,SOUTHERN TENNESSEE REGIONAL HEALTH SYSTEM PULASKI,TN,3.0,51.0,0.94,0.0,4.0,0.0,True,42.77251184834123,3.9810426540284363,76.80094786729858,100.0,55.88862559241706
440029,WILLIAMSON MEDICAL CENTER,TN,5.0,81.0,1.02,0.0,6.0,0.0,True,94.50236966824644,93.36492890995261,32.81990521327014,100.0,80.1718009478673
440030,MORRISTOWN HAMBLEN HOSPITAL ASSOCIATION,TN,2.0,61.0,0.96,0.0,5.0,0.0,True,16.37440758293839,20.85308056872038,66.44549763033176,100.0,50.91824644549763
440031,ROANE MEDICAL CENTER,TN,4.0,74.0,0.87,0.0,4.0,0.0,True,73.8388625592417,73.86255924170617,94.50236966824644,100.0,85.55094786729858
440033,LAFOLLETTE MEDICAL CENTER,TN,3.0,47.0,1.11,0.0,3.0,0.0,True,42.77251184834123,1.5165876777251186,5.545023696682464,100.0,37.458530805687204
440034,METHODIST MEDICAL CENTER OF OAK RIDGE,TN,4.0,69.0,0.95,0.0,6.0,0.0,True,73.8388625592417,52.89099526066351,71.65876777251185,100.0,74.59715639810426
440035,TENNOVA HEALTHCARE - CLARKSVILLE,TN,1.0,40.0,1.01,1.0,5.0,0.2,True,2.962085308056872,0.3080568720379147,38.41232227488152,80.0,30.420616113744074
440039,VANDERBILT UNIVERSITY MEDICAL CENTER,TN,5.0,80.0,1.0,0.0,6.0,0.0,True,94.50236966824644,91.56398104265404,44.33649289099526,100.0,82.60071090047393
440046,TRISTAR HORIZON MEDICAL CENTER,TN,3.0,72.0,1.03,0.0,6.0,0.0,True,42.77251184834123,66.13744075829385,27.511848341232227,100.0,59.105450236966824
440048,BAPTIST MEMORIAL HOSPITAL,TN,3.0,69.0,0.99,0.0,6.0,0.0,True,42.77251184834123,52.89099526066351,50.142180094786724,100.0,61.45142180094787
440049,METHODIST HOSPITALS OF MEMPHIS,TN,3.0,65.0,1.03,0.0,6.0,0.0,True,42.77251184834123,34.834123222748815,27.511848341232227,100.0,51.279620853080566
440050,GREENEVILLE COMMUNITY HOSPITAL,TN,2.0,58.0,0.99,0.0,4.0,0.0,True,16.37440758293839,13.90995260663507,50.142180094786724,100.0,45.10663507109005
440053,SAINT THOMAS RUTHERFORD HOSPITAL,TN,3.0,67.0,1.04,0.0,6.0,0.0,True,42.77251184834123,43.578199052132696,22.843601895734597,100.0,52.29857819905213
440056,TENNOVA HEALTHCARE-JEFFERSON MEMORIAL HOSPITAL,TN,2.0,64.0,0.99,0.0,4.0,0.0,True,16.37440758293839,30.971563981042653,50.142180094786724,100.0,49.372037914691944
440058,SOUTHERN TENNESSEE REGIONAL HEALTH SYSTEM WINCHEST,TN,3.0,67.0,1.01,0.0,6.0,0.0,True,42.77251184834123,43.578199052132696,38.41232227488152,100.0,56.19075829383886
440059,COOKEVILLE REGIONAL MEDICAL CENTER,TN,2.0,70.0,0.98,1.0,6.0,0.16666666666666666,True,16.37440758293839,57.606635071090054,55.66350710900474,83.33333333333334,53.24447077409163
440061,VOLUNTEER COMMUNITY HOSPITAL,TN,2.0,66.0,1.2,0.0,4.0,0.0,True,16.37440758293839,38.76777251184834,1.018957345971564,100.0,39.040284360189574
440063,JOHNSON CITY MEDICAL CENTER,TN,1.0,54.0,1.06,0.0,6.0,0.0,True,2.962085308056872,6.563981042654028,15.734597156398102,100.0,31.31516587677725
440065,TRISTAR NORTHCREST MEDICAL CENTER,TN,3.0,70.0,0.95,0.0,5.0,0.0,True,42.77251184834123,57.606635071090054,71.65876777251185,100.0,68.00947867298578
440068,STARR REGIONAL MEDICAL CENTER ATHENS,TN,3.0,59.0,0.94,0.0,4.0,0.0,True,42.77251184834123,16.327014218009477,76.80094786729858,100.0,58.97511848341232
440072,DYERSBURG REGIONAL MEDICAL CENTER,TN,4.0,62.0,1.13,0.0,4.0,0.0,True,73.8388625592417,23.72037914691943,4.004739336492891,100.0,50.3909952606635
440073,MAURY REGIONAL HOSPITAL,TN,3.0,76.0,1.06,0.0,6.0,0.0,True,42.77251184834123,80.59241706161137,15.734597156398102,100.0,59.774881516587676
440081,LECONTE MEDICAL CENTER,TN,5.0,70.0,0.94,0.0,4.0,0.0,True,94.50236966824644,57.606635071090054,76.80094786729858,100.0,82.22748815165878
440082,ASCENSION SAINT THOMAS HOSPITAL,TN,3.0,77.0,1.02,0.0,6.0,0.0,True,42.77251184834123,83.5781990521327,32.81990521327014,100.0,64.79265402843602
440084,SWEETWATER HOSPITAL ASSOCIATION,TN,1.0,64.0,1.0,0.0,4.0,0.0,True,2.962085308056872,30.971563981042653,44.33649289099526,100.0,44.567535545023695
440091,"MEMORIAL HEALTHCARE SYSTEM, INC",TN,5.0,79.0,1.03,0.0,6.0,0.0,True,94.50236966824644,89.26540284360189,27.511848341232227,100.0,77.81990521327015
440102,LINCOLN MEDICAL CENTER,TN,3.0,63.0,1.23,0.0,3.0,0.0,True,42.77251184834123,26.895734597156395,0.5450236966824644,100.0,42.55331753554502
440104,ERLANGER MEDICAL CENTER,TN,4.0,65.0,1.06,0.0,6.0,0.0,True,73.8388625592417,34.834123222748815,15.734597156398102,100.0,56.10189573459716
440109,HARDIN MEDICAL CENTER,TN,2.0,61.0,1.0,0.0,3.0,0.0,True,16.37440758293839,20.85308056872038,44.33649289099526,100.0,45.39099526066351
440110,FORT LOUDOUN MEDICAL CENTER,TN,4.0,70.0,1.03,0.0,4.0,0.0,True,73.8388625592417,57.606635071090054,27.511848341232227,100.0,64.739336492891
440111,METRO NASHVILLE GENERAL HOSPITAL,TN,4.0,64.0,1.05,0.0,1.0,0.0,True,73.8388625592417,30.971563981042653,18.95734597156398,100.0,55.941943127962084
440120,PHYSICIANS REGIONAL MEDICAL CENTER,TN,3.0,65.0,1.04,0.0,6.0,0.0,True,42.77251184834123,34.834123222748815,22.843601895734597,100.0,50.11255924170616
440125,FORT SANDERS REGIONAL MEDICAL CENTER,TN,3.0,70.0,1.0,0.0,6.0,0.0,True,42.77251184834123,57.606635071090054,44.33649289099526,100.0,61.17890995260664
440130,BAPTIST MEMORIAL HOSPITAL UNION CITY,TN,4.0,67.0,1.16,0.0,4.0,0.0,True,73.8388625592417,43.578199052132696,2.109004739336493,100.0,54.88151658767772
440131,BAPTIST MEMORIAL HOSPITAL TIPTON,TN,3.0,72.0,0.95,0.0,4.0,0.0,True,42.77251184834123,66.13744075829385,71.65876777251185,100.0,70.14218009478674
440132,WEST TENNESSEE HEALTHCARE HENRY COUNTY HOSPITAL,TN,3.0,73.0,1.01,0.0,4.0,0.0,True,42.77251184834123,70.04739336492891,38.41232227488152,100.0,62.808056872037916
440137,VANDERBILT BEDFORD HOSPITAL,TN,4.0,72.0,0.91,0.0,4.0,0.0,True,73.8388625592417,66.13744075829385,87.48815165876778,100.0,81.86611374407583
440144,VANDERBILT TULLAHOMA-HARTON HOSPITAL,TN,3.0,64.0,0.99,0.0,5.0,0.0,True,42.77251184834123,30.971563981042653,50.142180094786724,100.0,55.97156398104265
440150,TRISTAR SUMMIT MEDICAL CENTER,TN,4.0,66.0,0.98,0.0,6.0,0.0,True,73.8388625592417,38.76777251184834,55.66350710900474,100.0,67.0675355450237
440151,SAINT THOMAS RIVER PARK HOSPITAL,TN,3.0,64.0,1.07,0.0,4.0,0.0,True,42.77251184834123,30.971563981042653,12.985781990521328,100.0,46.682464454976305
440152,REGIONAL ONE HEALTH,TN,1.0,67.0,1.14,0.0,1.0,0.0,True,2.962085308056872,43.578199052132696,3.3412322274881516,100.0,37.47037914691943
440153,TENNOVA HEALTHCARE - NEWPORT MEDICAL CENTER,TN,4.0,68.0,0.85,0.0,4.0,0.0,True,73.8388625592417,48.34123222748815,96.72985781990522,100.0,79.72748815165878
440156,PARKRIDGE MEDICAL CENTER,TN,4.0,72.0,0.98,0.0,6.0,0.0,True,73.8388625592417,66.13744075829385,55.66350710900474,100.0,73.90995260663507
440161,TRISTAR CENTENNIAL MEDICAL CENTER,TN,4.0,77.0,1.0,0.0,6.0,0.0,True,73.8388625592417,83.5781990521327,44.33649289099526,100.0,75.43838862559241
440173,PARKWEST MEDICAL CENTER,TN,3.0,73.0,0.97,0.0,6.0,0.0,True,42.77251184834123,70.04739336492891,61.23222748815166,100.0,68.51303317535545
440175,SOUTHERN TENNESSEE REGIONAL HEALTH SYSTEM LAWRENCE,TN,3.0,63.0,1.07,0.0,4.0,0.0,True,42.77251184834123,26.895734597156395,12.985781990521328,100.0,45.66350710900474
440183,ST FRANCIS HOSPITAL,TN,1.0,50.0,1.04,0.0,6.0,0.0,True,2.962085308056872,3.2701421800947865,22.843601895734597,100.0,32.268957345971565
440184,FRANKLIN WOODS COMMUNITY HOSPITAL,TN,3.0,80.0,0.95,0.0,4.0,0.0,True,42.77251184834123,91.56398104265404,71.65876777251185,100.0,76.49881516587678
440185,AFFILIATE OF VITRUVIAN HEALTH,TN,2.0,54.0,1.0,0.0,6.0,0.0,True,16.37440758293839,6.563981042654028,44.33649289099526,100.0,41.81872037914692
440187,LIVINGSTON REGIONAL HOSPITAL,TN,2.0,69.0,1.09,0.0,4.0,0.0,True,16.37440758293839,52.89099526066351,8.554502369668246,100.0,44.45497630331754
440193,VANDERBILT WILSON COUNTY HOSPITAL,TN,5.0,73.0,0.96,0.0,6.0,0.0,True,94.50236966824644,70.04739336492891,66.44549763033176,100.0,82.74881516587678
440194,TRISTAR HENDERSONVILLE MEDICAL CENTER,TN,4.0,66.0,0.95,0.0,6.0,0.0,True,73.8388625592417,38.76777251184834,71.65876777251185,100.0,71.06635071090048
440197,TRISTAR SOUTHERN HILLS MEDICAL CENTER,TN,4.0,61.0,1.08,0.0,4.0,0.0,True,73.8388625592417,20.85308056872038,10.545023696682465,100.0,51.30924170616113
440227,TRISTAR STONECREST MEDICAL CENTER,TN,4.0,70.0,0.98,0.0,6.0,0.0,True,73.8388625592417,57.606635071090054,55.66350710900474,100.0,71.77725118483413
440228,SAINT FRANCIS BARTLETT MEDICAL CENTER,TN,1.0,53.0,0.96,0.0,5.0,0.0,True,2.962085308056872,5.592417061611375,66.44549763033176,100.0,43.75
450002,THE HOSPITALS OF PROVIDENCE - MEMORIAL CAMPUS,TX,2.0,54.0,1.04,0.0,4.0,0.0,True,16.37440758293839,6.563981042654028,22.843601895734597,100.0,36.44549763033176
450007,PETERSON REGIONAL MEDICAL CENTER,TX,4.0,80.0,0.97,0.0,5.0,0.0,True,73.8388625592417,91.56398104265404,61.23222748815166,100.0,81.65876777251185
450010,UNITED REGIONAL HEALTH CARE SYSTEM,TX,3.0,71.0,1.18,0.0,6.0,0.0,True,42.77251184834123,61.990521327014214,1.2796208530805688,100.0,51.510663507109
450011,CHI ST JOSEPH HEALTH REGIONAL HOSPITAL,TX,2.0,66.0,1.07,0.0,6.0,0.0,True,16.37440758293839,38.76777251184834,12.985781990521328,100.0,42.03199052132702
450015,PARKLAND HEALTH & HOSPITAL SYSTEM,TX,3.0,70.0,0.86,0.0,5.0,0.0,True,42.77251184834123,57.606635071090054,95.75829383886256,100.0,74.03436018957346
450018,UNIVERSITY OF TEXAS MEDICAL BRANCH GALVESTON,TX,3.0,72.0,1.06,0.0,5.0,0.0,True,42.77251184834123,66.13744075829385,15.734597156398102,100.0,56.161137440758296
450021,BAYLOR UNIVERSITY MEDICAL CENTER,TX,4.0,74.0,1.02,0.0,6.0,0.0,True,73.8388625592417,73.86255924170617,32.81990521327014,100.0,70.1303317535545
450023,CITIZENS MEDICAL CENTER,TX,3.0,73.0,1.22,0.0,5.0,0.0,True,42.77251184834123,70.04739336492891,0.7582938388625593,100.0,53.394549763033176
450024,UNIVERSITY MEDICAL CENTER OF EL PASO,TX,3.0,70.0,1.12,0.0,5.0,0.0,True,42.77251184834123,57.606635071090054,4.644549763033176,100.0,51.25592417061612
450028,VALLEY BAPTIST MEDICAL CENTER- BROWNSVILLE,TX,3.0,58.0,1.05,0.0,5.0,0.0,True,42.77251184834123,13.90995260663507,18.95734597156398,100.0,43.90995260663507
450029,LAREDO MEDICAL CENTER,TX,4.0,59.0,0.98,0.0,5.0,0.0,True,73.8388625592417,16.327014218009477,55.66350710900474,100.0,61.45734597156398
450032,CHRISTUS GOOD SHEPHERD MEDICAL CENTER,TX,4.0,71.0,1.01,1.0,5.0,0.2,True,73.8388625592417,61.990521327014214,38.41232227488152,80.0,63.56042654028436
450033,VHS HARLINGEN HOSPITAL COMPANY LLC,TX,2.0,63.0,1.04,0.0,6.0,0.0,True,16.37440758293839,26.895734597156395,22.843601895734597,100.0,41.52843601895734
450034,CHRISTUS SOUTHEAST TEXAS- ST ELIZABETH,TX,4.0,67.0,1.09,0.0,5.0,0.0,True,73.8388625592417,43.578199052132696,8.554502369668246,100.0,56.492890995260666
450035,ST JOSEPH MEDICAL CENTER,TX,3.0,56.0,1.02,0.0,2.0,0.0,True,42.77251184834123,9.62085308056872,32.81990521327014,100.0,46.30331753554502
450039,JPS HEALTH NETWORK,TX,4.0,70.0,1.03,0.0,4.0,0.0,True,73.8388625592417,57.606635071090054,27.511848341232227,100.0,64.739336492891
450040,COVENANT MEDICAL CENTER,TX,3.0,70.0,1.13,0.0,5.0,0.0,True,42.77251184834123,57.606635071090054,4.004739336492891,100.0,51.095971563981045
450042,ASCENSION PROVIDENCE,TX,2.0,72.0,0.98,0.0,6.0,0.0,True,16.37440758293839,66.13744075829385,55.66350710900474,100.0,59.54383886255924
450044,UT OF TEXAS  SOUTHWESTERN UNIVERSITY HOSPITAL - WILLIAM P. CLEMENTS JR.,TX,4.0,85.0,0.98,1.0,6.0,0.16666666666666666,True,73.8388625592417,97.8436018957346,55.66350710900474,83.33333333333334,77.6698262243286
450046,CHRISTUS SPOHN HOSPITAL CORPUS CHRISTI,TX,3.0,72.0,1.09,0.0,6.0,0.0,True,42.77251184834123,66.13744075829385,8.554502369668246,100.0,54.36611374407583
450051,METHODIST DALLAS MEDICAL CENTER,TX,3.0,75.0,1.01,0.0,5.0,0.0,True,42.77251184834123,77.39336492890996,38.41232227488152,100.0,64.64454976303318
450054,BAYLOR SCOTT & WHITE MEDICAL CENTER - TEMPLE,TX,5.0,73.0,0.98,0.0,6.0,0.0,True,94.50236966824644,70.04739336492891,55.66350710900474,100.0,80.05331753554502
450056,ASCENSION SETON MEDICAL CENTER AUSTIN,TX,3.0,67.0,1.01,0.0,6.0,0.0,True,42.77251184834123,43.578199052132696,38.41232227488152,100.0,56.19075829383886
450058,BAPTIST MEDICAL CENTER,TX,3.0,63.0,1.06,0.0,6.0,0.0,True,42.77251184834123,26.895734597156395,15.734597156398102,100.0,46.350710900473935
450064,TEXAS HEALTH ARLINGTON MEMORIAL HOSPITAL,TX,4.0,71.0,1.05,0.0,4.0,0.0,True,73.8388625592417,61.990521327014214,18.95734597156398,100.0,63.69668246445498
450068,MEMORIAL HERMANN - TEXAS MEDICAL CENTER,TX,4.0,71.0,1.03,0.0,5.0,0.0,True,73.8388625592417,61.990521327014214,27.511848341232227,100.0,65.83530805687204
450072,CHI ST LUKE'S HEALTH BRAZOSPORT,TX,4.0,66.0,1.04,0.0,5.0,0.0,True,73.8388625592417,38.76777251184834,22.843601895734597,100.0,58.86255924170616
450079,BAYLOR SCOTT & WHITE MEDICAL CENTER AT IRVING,TX,5.0,77.0,1.0,0.0,5.0,0.0,True,94.50236966824644,83.5781990521327,44.33649289099526,100.0,80.6042654028436
450080,TITUS REGIONAL MEDICAL CENTER,TX,3.0,70.0,0.98,0.0,5.0,0.0,True,42.77251184834123,57.606635071090054,55.66350710900474,100.0,64.010663507109
450082,CHRISTUS SPOHN HOSPITAL BEEVILLE,TX,2.0,56.0,1.16,0.0,3.0,0.0,True,16.37440758293839,9.62085308056872,2.109004739336493,100.0,32.0260663507109
450083,UT HEALTH EAST TEXAS TYLER REGIONAL HOSPITAL,TX,2.0,67.0,1.07,0.0,6.0,0.0,True,16.37440758293839,43.578199052132696,12.985781990521328,100.0,43.2345971563981
450087,MEDICAL CITY NORTH HILLS,TX,2.0,67.0,1.02,0.0,5.0,0.0,True,16.37440758293839,43.578199052132696,32.81990521327014,100.0,48.193127962085306
450090,NORTH TEXAS MEDICAL CENTER,TX,4.0,69.0,1.04,0.0,5.0,0.0,True,73.8388625592417,52.89099526066351,22.843601895734597,100.0,62.39336492890995
450092,FORT DUNCAN MEDICAL CENTER,TX,3.0,57.0,1.2,0.0,3.0,0.0,True,42.77251184834123,11.540284360189574,1.018957345971564,100.0,38.83293838862559
450097,HCA HOUSTON HEALTHCARE SOUTHEAST,TX,3.0,62.0,1.11,0.0,6.0,0.0,True,42.77251184834123,23.72037914691943,5.545023696682464,100.0,43.00947867298578
450101,BAYLOR SCOTT & WHITE MEDICAL CENTER HILLCREST,TX,4.0,78.0,1.04,0.0,6.0,0.0,True,73.8388625592417,86.4218009478673,22.843601895734597,100.0,70.77606635071089
450102,CHRISTUS MOTHER FRANCES HOSPITAL,TX,4.0,74.0,1.1,0.0,6.0,0.0,True,73.8388625592417,73.86255924170617,6.943127962085308,100.0,63.66113744075829
450104,GUADALUPE REGIONAL MEDICAL CENTER,TX,2.0,81.0,1.13,0.0,6.0,0.0,True,16.37440758293839,93.36492890995261,4.004739336492891,100.0,53.43601895734597
450107,LAS PALMAS MEDICAL CENTER A CAMPUS OF LPDS HEALTHC,TX,2.0,60.0,1.07,0.0,6.0,0.0,True,16.37440758293839,18.246445497630333,12.985781990521328,100.0,36.90165876777252
450108,CONNALLY MEMORIAL MEDICAL CENTER,TX,3.0,82.0,1.11,0.0,3.0,0.0,True,42.77251184834123,94.88151658767772,5.545023696682464,100.0,60.79976303317536
450119,SOUTH TEXAS HEALTH SYSTEM,TX,4.0,68.0,1.05,0.0,5.0,0.0,True,73.8388625592417,48.34123222748815,18.95734597156398,100.0,60.28436018957346
450124,DELL SETON  MED CENTER AT THE UNIVERSITY OF TX,TX,4.0,79.0,1.09,0.0,2.0,0.0,True,73.8388625592417,89.26540284360189,8.554502369668246,100.0,67.91469194312796
450128,KNAPP MEDICAL CENTER,TX,5.0,63.0,0.99,0.0,3.0,0.0,True,94.50236966824644,26.895734597156395,50.142180094786724,100.0,67.88507109004739
450132,MEDICAL CENTER HOSPITAL,TX,3.0,71.0,1.11,0.0,5.0,0.0,True,42.77251184834123,61.990521327014214,5.545023696682464,100.0,52.57701421800948
450133,MIDLAND MEMORIAL HOSPITAL,TX,1.0,66.0,1.15,0.0,5.0,0.0,True,2.962085308056872,38.76777251184834,2.772511848341232,100.0,36.12559241706161
450135,TEXAS HEALTH HARRIS METHODIST FORT WORTH,TX,4.0,76.0,1.04,0.0,5.0,0.0,True,73.8388625592417,80.59241706161137,22.843601895734597,100.0,69.31872037914692
450137,BAYLOR SCOTT AND WHITE ALL SAINTS MEDICAL CENTER,TX,4.0,73.0,1.02,0.0,5.0,0.0,True,73.8388625592417,70.04739336492891,32.81990521327014,100.0,69.17654028436019
450147,DE TAR HOSPITAL NAVARRO,TX,2.0,65.0,1.16,0.0,5.0,0.0,True,16.37440758293839,34.834123222748815,2.109004739336493,100.0,38.329383886255926
450148,TEXAS HEALTH HARRIS METHODIST HOSPITAL CLEBURNE,TX,5.0,72.0,1.0,0.0,4.0,0.0,True,94.50236966824644,66.13744075829385,44.33649289099526,100.0,76.24407582938389
450152,ADVENTHEALTH CENTRAL TEXAS,TX,3.0,68.0,1.0,0.0,5.0,0.0,True,42.77251184834123,48.34123222748815,44.33649289099526,100.0,58.86255924170616
450154,VAL VERDE REGIONAL MEDICAL CENTER,TX,3.0,60.0,0.99,0.0,4.0,0.0,True,42.77251184834123,18.246445497630333,50.142180094786724,100.0,52.790284360189574
450163,CHRISTUS SPOHN HOSPITAL KLEBERG,TX,2.0,60.0,1.01,0.0,3.0,0.0,True,16.37440758293839,18.246445497630333,38.41232227488152,100.0,43.258293838862556
450165,METHODIST HOSPITAL ATASCOSA,TX,3.0,71.0,0.96,0.0,3.0,0.0,True,42.77251184834123,61.990521327014214,66.44549763033176,100.0,67.8021327014218
450176,MISSION REGIONAL MEDICAL CENTER,TX,4.0,70.0,0.95,0.0,5.0,0.0,True,73.8388625592417,57.606635071090054,71.65876777251185,100.0,75.7760663507109
450184,MEMORIAL HERMANN HOSPITAL SYSTEM,TX,3.0,71.0,1.0,0.0,6.0,0.0,True,42.77251184834123,61.990521327014214,44.33649289099526,100.0,62.274881516587676
450193,Baylor St Lukes Medical Center,TX,4.0,64.0,1.04,0.0,5.0,0.0,True,73.8388625592417,30.971563981042653,22.843601895734597,100.0,56.91350710900474
450196,PARIS REGIONAL MEDICAL CENTER,TX,1.0,55.0,1.06,0.0,6.0,0.0,True,2.962085308056872,7.843601895734597,15.734597156398102,100.0,31.635071090047393
450203,MEDICAL CITY WEATHERFORD,TX,2.0,64.0,1.08,0.0,6.0,0.0,True,16.37440758293839,30.971563981042653,10.545023696682465,100.0,39.47274881516587
450209,NORTHWEST TEXAS HOSPITAL,TX,3.0,66.0,1.13,0.0,5.0,0.0,True,42.77251184834123,38.76777251184834,4.004739336492891,100.0,46.38625592417061
450210,UT HEALTH EAST TEXAS CARTHAGE HOSPITAL,TX,5.0,74.0,0.86,0.0,3.0,0.0,True,94.50236966824644,73.86255924170617,95.75829383886256,100.0,91.03080568720378
450211,CHI ST LUKES HEALTH MEMORIAL LUFKIN,TX,2.0,72.0,1.04,0.0,5.0,0.0,True,16.37440758293839,66.13744075829385,22.843601895734597,100.0,51.338862559241704
450213,UNIVERSITY HEALTH SYSTEM,TX,3.0,76.0,1.03,0.0,5.0,0.0,True,42.77251184834123,80.59241706161137,27.511848341232227,100.0,62.719194312796205
450222,HCA HOUSTON HEALTHCARE CONROE,TX,2.0,57.0,1.15,1.0,5.0,0.2,True,16.37440758293839,11.540284360189574,2.772511848341232,80.0,27.671800947867297
450229,HENDRICK MEDICAL CENTER,TX,3.0,65.0,1.1,0.0,6.0,0.0,True,42.77251184834123,34.834123222748815,6.943127962085308,100.0,46.137440758293835
450231,BSA HOSPITAL,TX,2.0,76.0,1.06,0.0,6.0,0.0,True,16.37440758293839,80.59241706161137,15.734597156398102,100.0,53.175355450236964
450236,CHRISTUS MOTHER FRANCES HOSPITAL SULPHUR SPRINGS,TX,4.0,76.0,1.04,0.0,5.0,0.0,True,73.8388625592417,80.59241706161137,22.843601895734597,100.0,69.31872037914692
450237,CHRISTUS SANTA ROSA MEDICAL CENTER,TX,3.0,70.0,1.1,0.0,6.0,0.0,True,42.77251184834123,57.606635071090054,6.943127962085308,100.0,51.83056872037915
450272,CHRISTUS SANTA ROSA HOSPITAL-SAN MARCOS,TX,4.0,69.0,1.15,0.0,5.0,0.0,True,73.8388625592417,52.89099526066351,2.772511848341232,100.0,57.37559241706161
450289,HARRIS HEALTH,TX,3.0,71.0,0.98,0.0,2.0,0.0,True,42.77251184834123,61.990521327014214,55.66350710900474,100.0,65.10663507109004
450324,TEXOMA MEDICAL CENTER,TX,4.0,67.0,1.02,2.0,6.0,0.3333333333333333,True,73.8388625592417,43.578199052132696,32.81990521327014,66.66666666666667,54.2259083728278
450330,OAKBEND MEDICAL CENTER,TX,3.0,59.0,1.12,0.0,4.0,0.0,True,42.77251184834123,16.327014218009477,4.644549763033176,100.0,40.93601895734597
450346,BAPTIST BEAUMONT HOSPITAL,TX,3.0,69.0,1.03,0.0,5.0,0.0,True,42.77251184834123,52.89099526066351,27.511848341232227,100.0,55.79383886255924
450347,HUNTSVILLE MEMORIAL HOSPITAL,TX,2.0,63.0,1.13,0.0,4.0,0.0,True,16.37440758293839,26.895734597156395,4.004739336492891,100.0,36.81872037914692
450351,TEXAS HEALTH HARRIS METHODIST HOSPITAL STEPHENVILL,TX,4.0,74.0,0.89,0.0,3.0,0.0,True,73.8388625592417,73.86255924170617,91.89573459715639,100.0,84.89928909952606
450352,HUNT REGIONAL MEDICAL CENTER,TX,2.0,63.0,1.05,0.0,6.0,0.0,True,16.37440758293839,26.895734597156395,18.95734597156398,100.0,40.55687203791469
450358,HOUSTON METHODIST HOSPITAL,TX,5.0,82.0,0.98,0.0,6.0,0.0,True,94.50236966824644,94.88151658767772,55.66350710900474,100.0,86.26184834123222
450370,COLUMBUS COMMUNITY HOSPITAL,TX,2.0,73.0,1.42,0.0,3.0,0.0,True,16.37440758293839,70.04739336492891,0.047393364928909956,100.0,46.617298578199055
450372,BAYLOR SCOTT & WHITE MEDICAL CENTER- WAXAHACHIE,TX,4.0,78.0,1.09,0.0,5.0,0.0,True,73.8388625592417,86.4218009478673,8.554502369668246,100.0,67.20379146919431
450379,DALLAS MEDICAL CENTER,TX,3.0,62.0,1.04,0.0,3.0,0.0,True,42.77251184834123,23.72037914691943,22.843601895734597,100.0,47.334123222748815
450388,METHODIST HOSPITAL,TX,4.0,67.0,1.04,1.0,6.0,0.16666666666666666,True,73.8388625592417,43.578199052132696,22.843601895734597,83.33333333333334,55.898499210110586
450389,UT HEALTH EAST TEXAS ATHENS HOSPITAL,TX,2.0,70.0,1.08,0.0,5.0,0.0,True,16.37440758293839,57.606635071090054,10.545023696682465,100.0,46.13151658767772
450395,CHI ST LUKES HEALTH MEMORIAL LIVINGSTON,TX,4.0,61.0,0.97,0.0,4.0,0.0,True,73.8388625592417,20.85308056872038,61.23222748815166,100.0,63.981042654028435
450403,MEDICAL CENTER OF MCKINNEY,TX,3.0,68.0,1.08,0.0,6.0,0.0,True,42.77251184834123,48.34123222748815,10.545023696682465,100.0,50.41469194312796
450419,TEXAS HEALTH HARRIS METHODIST HOSPITAL AZLE,TX,4.0,65.0,1.02,0.0,4.0,0.0,True,73.8388625592417,34.834123222748815,32.81990521327014,100.0,60.37322274881517
450424,HOUSTON METHODIST BAYTOWN HOSPITAL,TX,5.0,78.0,1.02,0.0,5.0,0.0,True,94.50236966824644,86.4218009478673,32.81990521327014,100.0,78.43601895734596
450431,ST DAVID'S MEDICAL CENTER,TX,4.0,75.0,1.06,0.0,6.0,0.0,True,73.8388625592417,77.39336492890996,15.734597156398102,100.0,66.74170616113744
450447,NAVARRO REGIONAL HOSPITAL,TX,2.0,56.0,1.02,0.0,5.0,0.0,True,16.37440758293839,9.62085308056872,32.81990521327014,100.0,39.703791469194314
450462,TEXAS HEALTH PRESBYTERIAN HOSPITAL DALLAS,TX,4.0,71.0,1.04,0.0,6.0,0.0,True,73.8388625592417,61.990521327014214,22.843601895734597,100.0,64.66824644549763
450465,MATAGORDA REGIONAL MEDICAL CENTER,TX,5.0,63.0,1.03,0.0,4.0,0.0,True,94.50236966824644,26.895734597156395,27.511848341232227,100.0,62.22748815165877
450469,WILSON N JONES REGIONAL MEDICAL CENTER,TX,2.0,61.0,1.15,0.0,5.0,0.0,True,16.37440758293839,20.85308056872038,2.772511848341232,100.0,35.0
450475,UT HEALTH EAST TEXAS HENDERSON HOSPITAL,TX,5.0,68.0,1.03,0.0,3.0,0.0,True,94.50236966824644,48.34123222748815,27.511848341232227,100.0,67.5888625592417
450484,WOODLAND HEIGHTS MEDICAL CENTER,TX,3.0,68.0,1.0,1.0,6.0,0.16666666666666666,True,42.77251184834123,48.34123222748815,44.33649289099526,83.33333333333334,54.695892575039494
450508,NACOGDOCHES MEMORIAL HOSPITAL,TX,2.0,74.0,1.08,0.0,6.0,0.0,True,16.37440758293839,73.86255924170617,10.545023696682465,100.0,50.19549763033176
450518,THE MEDICAL CENTER OF SOUTHEAST TEXAS,TX,3.0,55.0,1.11,0.0,5.0,0.0,True,42.77251184834123,7.843601895734597,5.545023696682464,100.0,39.040284360189574
450537,METHODIST RICHARDSON MEDICAL CENTER,TX,4.0,79.0,1.19,0.0,5.0,0.0,True,73.8388625592417,89.26540284360189,1.1374407582938388,100.0,66.06042654028437
450539,COVENANT HOSPITAL PLAINVIEW,TX,4.0,71.0,0.99,0.0,3.0,0.0,True,73.8388625592417,61.990521327014214,50.142180094786724,100.0,71.49289099526067
450563,BAYLOR SCOTT & WHITE MEDICAL CENTER  GRAPEVINE,TX,4.0,79.0,1.04,0.0,6.0,0.0,True,73.8388625592417,89.26540284360189,22.843601895734597,100.0,71.48696682464455
450565,PALO PINTO GENERAL HOSPITAL,TX,3.0,64.0,0.96,0.0,4.0,0.0,True,42.77251184834123,30.971563981042653,66.44549763033176,100.0,60.04739336492891
450571,SHANNON MEDICAL CENTER,TX,3.0,65.0,1.04,0.0,6.0,0.0,True,42.77251184834123,34.834123222748815,22.843601895734597,100.0,50.11255924170616
450573,CHRISTUS JASPER MEMORIAL HOSPITAL,TX,4.0,77.0,1.07,0.0,4.0,0.0,True,73.8388625592417,83.5781990521327,12.985781990521328,100.0,67.60071090047393
450587,HENDRICK MEDICAL CENTER BROWNWOOD,TX,1.0,55.0,1.1,0.0,6.0,0.0,True,2.962085308056872,7.843601895734597,6.943127962085308,100.0,29.437203791469194
450596,LAKE GRANBURY MEDICAL CENTER,TX,3.0,51.0,0.99,0.0,5.0,0.0,True,42.77251184834123,3.9810426540284363,50.142180094786724,100.0,49.223933649289094
450597,CUERO REGIONAL HOSPITAL,TX,4.0,68.0,1.23,0.0,3.0,0.0,True,73.8388625592417,48.34123222748815,0.5450236966824644,100.0,55.681279620853076
450604,HILL COUNTRY MEMORIAL HOSPITAL,TX,4.0,73.0,1.01,0.0,5.0,0.0,True,73.8388625592417,70.04739336492891,38.41232227488152,100.0,70.57464454976304
450610,MEMORIAL HERMANN MEMORIAL CITY HOSPITAL,TX,4.0,69.0,1.0,0.0,5.0,0.0,True,73.8388625592417,52.89099526066351,44.33649289099526,100.0,67.76658767772511
450617,HCA HOUSTON HEALTHCARE CLEAR LAKE,TX,4.0,61.0,1.06,1.0,6.0,0.16666666666666666,True,73.8388625592417,20.85308056872038,15.734597156398102,83.33333333333334,48.43996840442338
450634,MEDICAL CITY DENTON,TX,4.0,67.0,1.04,0.0,6.0,0.0,True,73.8388625592417,43.578199052132696,22.843601895734597,100.0,60.06516587677725
450638,HCA HOUSTON HEALTHCARE NORTHWEST,TX,2.0,58.0,1.07,0.0,4.0,0.0,True,16.37440758293839,13.90995260663507,12.985781990521328,100.0,35.817535545023695
450639,TEXAS HEALTH HARRIS METHODIST HURST-EULESS-BEDFORD,TX,4.0,73.0,1.1,0.0,5.0,0.0,True,73.8388625592417,70.04739336492891,6.943127962085308,100.0,62.707345971563974
450641,NOCONA GENERAL HOSPITAL,TX,1.0,88.0,1.22,0.0,3.0,0.0,True,2.962085308056872,99.0521327014218,0.7582938388625593,100.0,50.693127962085306
450643,DOCTORS HOSPITAL OF LAREDO,TX,4.0,68.0,0.89,0.0,5.0,0.0,True,73.8388625592417,48.34123222748815,91.89573459715639,100.0,78.51895734597156
450644,HCA HOUSTON HEALTHCARE WEST,TX,1.0,56.0,1.0,0.0,5.0,0.0,True,2.962085308056872,9.62085308056872,44.33649289099526,100.0,39.22985781990521
450647,MEDICAL CITY DALLAS HOSPITAL,TX,3.0,67.0,1.04,0.0,6.0,0.0,True,42.77251184834123,43.578199052132696,22.843601895734597,100.0,52.29857819905213
450651,MEDICAL CITY PLANO,TX,3.0,66.0,1.11,1.0,6.0,0.16666666666666666,True,42.77251184834123,38.76777251184834,5.545023696682464,83.33333333333334,42.604660347551345
450654,STARR COUNTY MEMORIAL HOSPITAL,TX,2.0,63.0,1.01,0.0,3.0,0.0,True,16.37440758293839,26.895734597156395,38.41232227488152,100.0,45.420616113744074
450656,NACOGDOCHES MEDICAL CENTER,TX,3.0,71.0,0.99,0.0,6.0,0.0,True,42.77251184834123,61.990521327014214,50.142180094786724,100.0,63.72630331753554
450659,HCA HOUSTON HEALTHCARE MEDICAL CENTER,TX,4.0,62.0,1.02,0.0,4.0,0.0,True,73.8388625592417,23.72037914691943,32.81990521327014,100.0,57.594786729857816
450661,ODESSA REGIONAL MEDICAL CENTER,TX,3.0,61.0,0.99,0.0,5.0,0.0,True,42.77251184834123,20.85308056872038,50.142180094786724,100.0,53.441943127962084
450662,VALLEY REGIONAL MEDICAL CENTER,TX,2.0,66.0,0.97,0.0,4.0,0.0,True,16.37440758293839,38.76777251184834,61.23222748815166,100.0,54.093601895734594
450668,SIERRA MEDICAL CENTER,TX,2.0,64.0,1.06,0.0,5.0,0.0,True,16.37440758293839,30.971563981042653,15.734597156398102,100.0,40.77014218009479
450669,MEDICAL CITY LEWISVILLE,TX,3.0,70.0,1.1,0.0,5.0,0.0,True,42.77251184834123,57.606635071090054,6.943127962085308,100.0,51.83056872037915
450670,HCA HOUSTON HEALTHCARE TOMBALL,TX,3.0,61.0,1.12,0.0,6.0,0.0,True,42.77251184834123,20.85308056872038,4.644549763033176,100.0,42.067535545023695
450672,MEDICAL CITY FORT WORTH,TX,2.0,66.0,1.09,2.0,6.0,0.3333333333333333,True,16.37440758293839,38.76777251184834,8.554502369668246,66.66666666666667,32.59083728278041
450674,"WOMANS HOSPITAL OF TEXAS,THE",TX,4.0,68.0,1.13,0.0,1.0,0.0,True,73.8388625592417,48.34123222748815,4.004739336492891,100.0,56.546208530805686
450675,MEDICAL CITY ARLINGTON,TX,2.0,58.0,1.04,1.0,5.0,0.2,True,16.37440758293839,13.90995260663507,22.843601895734597,80.0,33.28199052132702
450677,TEXAS HEALTH HUGULEY HOSPITAL FORT WORTH SOUTH,TX,3.0,71.0,1.05,0.0,5.0,0.0,True,42.77251184834123,61.990521327014214,18.95734597156398,100.0,55.93009478672985
450684,MEMORIAL HERMANN NORTHEAST HOSPITAL,TX,3.0,70.0,0.99,0.0,5.0,0.0,True,42.77251184834123,57.606635071090054,50.142180094786724,100.0,62.6303317535545
450686,UNIVERSITY MEDICAL CENTER,TX,2.0,79.0,1.16,0.0,5.0,0.0,True,16.37440758293839,89.26540284360189,2.109004739336493,100.0,51.937203791469194
450688,DALLAS REGIONAL MEDICAL CENTER,TX,3.0,59.0,1.06,0.0,5.0,0.0,True,42.77251184834123,16.327014218009477,15.734597156398102,100.0,43.708530805687204
450690,THE UNIVERSITY OF TEXAS HEALTH SCIENCE CENTER AT TYLER,TX,4.0,82.0,1.05,0.0,4.0,0.0,True,73.8388625592417,94.88151658767772,18.95734597156398,100.0,71.91943127962085
450694,EL CAMPO MEMORIAL HOSPITAL,TX,3.0,56.0,1.13,0.0,3.0,0.0,True,42.77251184834123,9.62085308056872,4.004739336492891,100.0,39.09952606635071
450702,LONGVIEW REGIONAL MEDICAL CENTER,TX,3.0,73.0,1.04,0.0,6.0,0.0,True,42.77251184834123,70.04739336492891,22.843601895734597,100.0,58.915876777251185
450709,HOUSTON METHODIST CLEAR LAKE HOSPITAL,TX,5.0,85.0,1.08,0.0,5.0,0.0,True,94.50236966824644,97.8436018957346,10.545023696682465,100.0,75.72274881516589
450711,RIO GRANDE REGIONAL HOSPITAL,TX,4.0,66.0,1.01,0.0,4.0,0.0,True,73.8388625592417,38.76777251184834,38.41232227488152,100.0,62.75473933649289
450713,ST DAVID'S SOUTH AUSTIN MEDICAL CENTER,TX,3.0,68.0,1.06,0.0,6.0,0.0,True,42.77251184834123,48.34123222748815,15.734597156398102,100.0,51.71208530805687
450718,ROUND ROCK MEDICAL CENTER,TX,3.0,70.0,1.05,0.0,5.0,0.0,True,42.77251184834123,57.606635071090054,18.95734597156398,100.0,54.834123222748815
450723,METHODIST CHARLTON MEDICAL CENTER,TX,3.0,67.0,1.1,0.0,5.0,0.0,True,42.77251184834123,43.578199052132696,6.943127962085308,100.0,48.323459715639814
450730,CARROLLTON REGIONAL MEDICAL CENTER,TX,2.0,58.0,1.12,0.0,5.0,0.0,True,16.37440758293839,13.90995260663507,4.644549763033176,100.0,33.73222748815166
450742,BAYLOR SCOTT AND WHITE MEDICAL CENTER LAKE POINTE,TX,4.0,67.0,1.02,0.0,6.0,0.0,True,73.8388625592417,43.578199052132696,32.81990521327014,100.0,62.55924170616114
450743,TEXAS HEALTH PRESBYTERIAN HOSPITAL DENTON,TX,5.0,79.0,1.05,0.0,5.0,0.0,True,94.50236966824644,89.26540284360189,18.95734597156398,100.0,75.68127962085308
450747,PALESTINE REGIONAL MEDICAL CENTER,TX,1.0,59.0,1.1,0.0,4.0,0.0,True,2.962085308056872,16.327014218009477,6.943127962085308,100.0,31.558056872037916
450771,TEXAS HEALTH PRESBYTERIAN HOSPITAL PLANO,TX,4.0,72.0,1.07,0.0,6.0,0.0,True,73.8388625592417,66.13744075829385,12.985781990521328,100.0,63.24052132701422
450775,HCA HOUSTON HEALTHCARE KINGWOOD,TX,3.0,53.0,1.1,0.0,6.0,0.0,True,42.77251184834123,5.592417061611375,6.943127962085308,100.0,38.82701421800948
450779,TEXAS HEALTH HARRIS METHODIST HOSPITAL SOUTHWEST F,TX,5.0,79.0,1.0,0.0,6.0,0.0,True,94.50236966824644,89.26540284360189,44.33649289099526,100.0,82.02606635071089
450788,"CORPUS CHRISTI MEDICAL CENTER,THE",TX,4.0,66.0,1.04,0.0,5.0,0.0,True,73.8388625592417,38.76777251184834,22.843601895734597,100.0,58.86255924170616
450801,CHRISTUS ST MICHAEL HEALTH SYSTEM,TX,3.0,69.0,1.07,0.0,6.0,0.0,True,42.77251184834123,52.89099526066351,12.985781990521328,100.0,52.16232227488152
450809,NORTH AUSTIN MEDICAL CENTER,TX,3.0,70.0,1.01,0.0,6.0,0.0,True,42.77251184834123,57.606635071090054,38.41232227488152,100.0,59.6978672985782
450820,HOUSTON METHODIST SUGARLAND HOSPITAL,TX,5.0,80.0,0.99,0.0,6.0,0.0,True,94.50236966824644,91.56398104265404,50.142180094786724,100.0,84.0521327014218
450822,MEDICAL CITY LAS COLINAS,TX,4.0,67.0,0.98,0.0,4.0,0.0,True,73.8388625592417,43.578199052132696,55.66350710900474,100.0,68.27014218009478
450828,CHRISTUS SPOHN HOSPITAL ALICE,TX,3.0,64.0,1.1,0.0,4.0,0.0,True,42.77251184834123,30.971563981042653,6.943127962085308,100.0,45.1718009478673
450840,TEXAS HEALTH PRESBYTERIAN HOSPITAL ALLEN,TX,4.0,77.0,1.07,0.0,6.0,0.0,True,73.8388625592417,83.5781990521327,12.985781990521328,100.0,67.60071090047393
450844,HOUSTON METHODIST WILLOWBROOK HOSPITAL,TX,5.0,78.0,1.1,0.0,5.0,0.0,True,94.50236966824644,86.4218009478673,6.943127962085308,100.0,71.96682464454976
450847,MEMORIAL HERMANN KATY HOSPITAL,TX,3.0,70.0,0.99,0.0,5.0,0.0,True,42.77251184834123,57.606635071090054,50.142180094786724,100.0,62.6303317535545
450848,MEMORIAL HERMANN SUGAR LAND HOSPITAL,TX,4.0,69.0,0.93,0.0,5.0,0.0,True,73.8388625592417,52.89099526066351,81.04265402843602,100.0,76.94312796208531
450851,BAYLOR SCOTT & WHITE HEART & VASCULAR HOSPITAL - DALLAS,TX,5.0,88.0,0.97,0.0,3.0,0.0,True,94.50236966824644,99.0521327014218,61.23222748815166,100.0,88.69668246445497
450853,BAYLOR SCOTT & WHITE MEDICAL CENTER - FRISCO,TX,3.0,79.0,1.08,0.0,2.0,0.0,True,42.77251184834123,89.26540284360189,10.545023696682465,100.0,60.6457345971564
450855,HARLINGEN MEDICAL CENTER,TX,4.0,76.0,0.97,0.0,6.0,0.0,True,73.8388625592417,80.59241706161137,61.23222748815166,100.0,78.91587677725119
450862,ST LUKE'S THE WOODLANDS HOSPITAL,TX,3.0,78.0,1.06,0.0,5.0,0.0,True,42.77251184834123,86.4218009478673,15.734597156398102,100.0,61.23222748815166
450864,BAYLOR SCOTT & WHITE TEXAS SPINE & JOINT HOSPITAL,TX,5.0,87.0,0.85,0.0,2.0,0.0,True,94.50236966824644,98.72037914691944,96.72985781990522,100.0,97.48815165876778
450867,ASCENSION SETON NORTHWEST,TX,4.0,70.0,1.08,0.0,5.0,0.0,True,73.8388625592417,57.606635071090054,10.545023696682465,100.0,60.49763033175356
450869,DOCTORS HOSPTAL AT RENAISSANCE,TX,3.0,71.0,1.09,0.0,6.0,0.0,True,42.77251184834123,61.990521327014214,8.554502369668246,100.0,53.329383886255926
450876,LUBBOCK HEART HOSPITAL LP,TX,2.0,83.0,1.09,0.0,5.0,0.0,True,16.37440758293839,96.25592417061611,8.554502369668246,100.0,55.296208530805686
450885,BAYLOR SCOTT &  WHITE MEDICAL CENTER - CENTENNIAL,TX,5.0,75.0,1.1,0.0,5.0,0.0,True,94.50236966824644,77.39336492890996,6.943127962085308,100.0,69.70971563981043
450890,BAYLOR SCOTT & WHITE MEDICAL CENTER PLANO,TX,4.0,83.0,1.06,0.0,6.0,0.0,True,73.8388625592417,96.25592417061611,15.734597156398102,100.0,71.45734597156398
450893,THE HEART HOSPITAL BAYLOR DENTON,TX,5.0,86.0,1.06,0.0,3.0,0.0,True,94.50236966824644,98.31753554502369,15.734597156398102,100.0,77.13862559241707
460001,INTERMOUNTAIN HEALTH UTAH VALLEY HOSPITAL,UT,5.0,82.0,0.98,0.0,5.0,0.0,True,94.50236966824644,94.88151658767772,55.66350710900474,100.0,86.26184834123222
460003,HOLY CROSS HOSPITAL - SALT LAKE,UT,3.0,61.0,1.08,0.0,3.0,0.0,True,42.77251184834123,20.85308056872038,10.545023696682465,100.0,43.54265402843602
460004,MCKAY-DEE HOSPITAL,UT,5.0,78.0,0.96,0.0,6.0,0.0,True,94.50236966824644,86.4218009478673,66.44549763033176,100.0,86.84241706161137
460005,OGDEN REGIONAL MEDICAL CENTER,UT,3.0,71.0,1.03,0.0,5.0,0.0,True,42.77251184834123,61.990521327014214,27.511848341232227,100.0,58.06872037914692
460006,LDS HOSPITAL,UT,5.0,76.0,1.0,0.0,5.0,0.0,True,94.50236966824644,80.59241706161137,44.33649289099526,100.0,79.85781990521326
460007,CEDAR CITY HOSPITAL,UT,3.0,84.0,0.97,0.0,3.0,0.0,True,42.77251184834123,97.27488151658767,61.23222748815166,100.0,75.31990521327015
460009,UNIVERSITY OF UTAH HOSPITAL AND CLINICS,UT,5.0,82.0,1.0,0.0,6.0,0.0,True,94.50236966824644,94.88151658767772,44.33649289099526,100.0,83.43009478672985
460010,INTERMOUNTAIN MEDICAL CENTER,UT,5.0,79.0,0.97,0.0,5.0,0.0,True,94.50236966824644,89.26540284360189,61.23222748815166,100.0,86.25
460011,CASTLEVIEW HOSPITAL,UT,2.0,61.0,1.01,0.0,5.0,0.0,True,16.37440758293839,20.85308056872038,38.41232227488152,100.0,43.90995260663507
460013,MOUNTAIN VIEW HOSPITAL,UT,5.0,76.0,1.02,0.0,4.0,0.0,True,94.50236966824644,80.59241706161137,32.81990521327014,100.0,76.978672985782
460014,MOUNTAIN WEST MEDICAL CENTER,UT,4.0,66.0,0.9,0.0,4.0,0.0,True,73.8388625592417,38.76777251184834,89.97630331753554,100.0,75.64573459715639
460015,INTERMOUNTAIN HEALTH LOGAN REGIONAL HOSPITAL,UT,5.0,76.0,0.87,0.0,5.0,0.0,True,94.50236966824644,80.59241706161137,94.50236966824644,100.0,92.39928909952607
460019,UINTAH BASIN MEDICAL CENTER,UT,2.0,60.0,0.86,0.0,4.0,0.0,True,16.37440758293839,18.246445497630333,95.75829383886256,100.0,57.594786729857816
460021,ST. GEORGE REGIONAL HOSPITAL,UT,5.0,84.0,0.94,0.0,6.0,0.0,True,94.50236966824644,97.27488151658767,76.80094786729858,100.0,92.14454976303317
460023,AMERICAN FORK HOSPITAL,UT,4.0,78.0,0.88,0.0,3.0,0.0,True,73.8388625592417,86.4218009478673,93.22274881516589,100.0,88.37085308056872
460026,INTERMOUNTAIN HEALTH SEVIER VALLEY HOSPITAL,UT,4.0,83.0,0.91,0.0,3.0,0.0,True,73.8388625592417,96.25592417061611,87.48815165876778,100.0,89.3957345971564
460030,ASHLEY REGIONAL MEDICAL CENTER,UT,4.0,64.0,0.81,0.0,3.0,0.0,True,73.8388625592417,30.971563981042653,99.21800947867298,100.0,76.00710900473933
460041,HOLY CROSS HOSPITAL-DAVIS,UT,5.0,55.0,1.0,0.0,5.0,0.0,True,94.50236966824644,7.843601895734597,44.33649289099526,100.0,61.670616113744074
460042,LAKEVIEW HOSPITAL,UT,5.0,69.0,1.0,0.0,4.0,0.0,True,94.50236966824644,52.89099526066351,44.33649289099526,100.0,72.9324644549763
460044,INTERMOUNTAIN HEALTH ALTA VIEW HOSPITAL,UT,5.0,81.0,0.97,0.0,3.0,0.0,True,94.50236966824644,93.36492890995261,61.23222748815166,100.0,87.27488151658767
460047,ST MARK'S HOSPITAL,UT,4.0,70.0,1.04,0.0,5.0,0.0,True,73.8388625592417,57.606635071090054,22.843601895734597,100.0,63.57227488151659
460051,HOLY CROSS HOSPITAL-JORDAN VALLEY,UT,4.0,59.0,0.99,0.0,6.0,0.0,True,73.8388625592417,16.327014218009477,50.142180094786724,100.0,60.07701421800948
460052,TIMPANOGOS REGIONAL HOSPITAL,UT,4.0,74.0,1.08,0.0,5.0,0.0,True,73.8388625592417,73.86255924170617,10.545023696682465,100.0,64.56161137440759
460057,PARK CITY HOSPITAL,UT,5.0,83.0,0.91,0.0,4.0,0.0,True,94.50236966824644,96.25592417061611,87.48815165876778,100.0,94.56161137440759
460058,INTERMOUNTAIN HEALTH RIVERTON HOSPITAL,UT,5.0,77.0,0.94,0.0,4.0,0.0,True,94.50236966824644,83.5781990521327,76.80094786729858,100.0,88.72037914691943
460060,LONE PEAK HOSPITAL,UT,5.0,79.0,0.94,0.0,3.0,0.0,True,94.50236966824644,89.26540284360189,76.80094786729858,100.0,90.14218009478672
460061,INTERMOUNTAIN HEALTH LAYTON HOSPITAL,UT,5.0,79.0,0.9,0.0,3.0,0.0,True,94.50236966824644,89.26540284360189,89.97630331753554,100.0,93.43601895734596
470001,CENTRAL VERMONT MEDICAL CENTER,VT,3.0,71.0,0.85,0.0,6.0,0.0,True,42.77251184834123,61.990521327014214,96.72985781990522,100.0,75.37322274881517
470003,UNIV. OF VERMONT - FLETCHER ALLEN HEALTH CARE,VT,4.0,76.0,0.97,0.0,6.0,0.0,True,73.8388625592417,80.59241706161137,61.23222748815166,100.0,78.91587677725119
470005,RUTLAND REGIONAL MEDICAL CENTER,VT,3.0,68.0,0.95,0.0,5.0,0.0,True,42.77251184834123,48.34123222748815,71.65876777251185,100.0,65.6931279620853
470011,BRATTLEBORO MEMORIAL HOSPITAL,VT,3.0,62.0,0.97,0.0,5.0,0.0,True,42.77251184834123,23.72037914691943,61.23222748815166,100.0,56.93127962085308
470012,SOUTHWESTERN VERMONT MEDICAL CENTER,VT,3.0,72.0,0.96,0.0,5.0,0.0,True,42.77251184834123,66.13744075829385,66.44549763033176,100.0,68.8388625592417
470024,NORTHWESTERN MEDICAL CENTER INC,VT,4.0,65.0,0.88,0.0,5.0,0.0,True,73.8388625592417,34.834123222748815,93.22274881516589,100.0,75.47393364928911
490002,RUSSELL COUNTY HOSPITAL,VA,4.0,73.0,0.91,0.0,4.0,0.0,True,73.8388625592417,70.04739336492891,87.48815165876778,100.0,82.8436018957346
490004,SENTARA RMH MEDICAL CENTER,VA,5.0,64.0,0.94,0.0,6.0,0.0,True,94.50236966824644,30.971563981042653,76.80094786729858,100.0,75.56872037914692
490005,WINCHESTER MEDICAL CENTER,VA,4.0,73.0,0.96,0.0,6.0,0.0,True,73.8388625592417,70.04739336492891,66.44549763033176,100.0,77.58293838862559
490007,SENTARA NORFOLK GENERAL HOSPITAL,VA,4.0,77.0,0.97,0.0,5.0,0.0,True,73.8388625592417,83.5781990521327,61.23222748815166,100.0,79.66232227488152
490009,UNIVERSITY OF VIRGINIA MEDICAL CENTER,VA,4.0,80.0,1.01,0.0,6.0,0.0,True,73.8388625592417,91.56398104265404,38.41232227488152,100.0,75.95379146919431
490013,SENTARA HALIFAX REGIONAL HOSPITAL,VA,3.0,60.0,0.84,0.0,4.0,0.0,True,42.77251184834123,18.246445497630333,97.58293838862559,100.0,64.6504739336493
490017,BON SECOURS MARYVIEW MEDICAL CENTER,VA,3.0,57.0,1.01,0.0,5.0,0.0,True,42.77251184834123,11.540284360189574,38.41232227488152,100.0,48.18127962085308
490018,AUGUSTA HEALTH,VA,4.0,69.0,0.96,0.0,6.0,0.0,True,73.8388625592417,52.89099526066351,66.44549763033176,100.0,73.29383886255924
490019,UVA HEALTH CULPEPER MEDICAL CENTER,VA,2.0,63.0,1.02,0.0,4.0,0.0,True,16.37440758293839,26.895734597156395,32.81990521327014,100.0,44.02251184834123
490020,JOHN RANDOLPH MEDICAL CENTER,VA,3.0,68.0,1.05,0.0,5.0,0.0,True,42.77251184834123,48.34123222748815,18.95734597156398,100.0,52.517772511848335
490021,CENTRA HEALTH -  LYNCHBURG GEN HOSPITAL,VA,3.0,63.0,0.98,0.0,6.0,0.0,True,42.77251184834123,26.895734597156395,55.66350710900474,100.0,56.33293838862559
490022,MARY WASHINGTON HOSPITAL,VA,3.0,63.0,0.96,1.0,6.0,0.16666666666666666,True,42.77251184834123,26.895734597156395,66.44549763033176,83.33333333333334,54.861769352290686
490023,FAUQUIER HOSPITAL,VA,3.0,58.0,1.04,0.0,6.0,0.0,True,42.77251184834123,13.90995260663507,22.843601895734597,100.0,44.88151658767772
490024,CARILION MEDICAL CENTER,VA,3.0,70.0,1.01,0.0,6.0,0.0,True,42.77251184834123,57.606635071090054,38.41232227488152,100.0,59.6978672985782
490032,MEDICAL COLLEGE OF VIRGINIA HOSPITALS,VA,4.0,76.0,1.02,0.0,6.0,0.0,True,73.8388625592417,80.59241706161137,32.81990521327014,100.0,71.81279620853081
490033,WARREN MEMORIAL HOSPITAL,VA,2.0,78.0,0.87,0.0,5.0,0.0,True,16.37440758293839,86.4218009478673,94.50236966824644,100.0,74.32464454976304
490037,RIVERSIDE SHORE MEMORIAL HOSPITAL,VA,3.0,76.0,0.92,0.0,4.0,0.0,True,42.77251184834123,80.59241706161137,84.54976303317535,100.0,76.97867298578198
490038,SMYTH COUNTY COMMUNITY HOSPITAL,VA,3.0,70.0,0.97,0.0,4.0,0.0,True,42.77251184834123,57.606635071090054,61.23222748815166,100.0,65.40284360189574
490040,INOVA ALEXANDRIA HOSPITAL,VA,5.0,71.0,0.94,0.0,6.0,0.0,True,94.50236966824644,61.990521327014214,76.80094786729858,100.0,83.32345971563981
490041,MARY IMMACULATE HOSPITAL,VA,4.0,69.0,1.0,0.0,6.0,0.0,True,73.8388625592417,52.89099526066351,44.33649289099526,100.0,67.76658767772511
490042,CARILION NEW RIVER VALLEY MEDICAL CENTER,VA,4.0,73.0,0.98,0.0,5.0,0.0,True,73.8388625592417,70.04739336492891,55.66350710900474,100.0,74.88744075829383
490043,INOVA LOUDOUN HOSPITAL,VA,5.0,77.0,0.99,0.0,6.0,0.0,True,94.50236966824644,83.5781990521327,50.142180094786724,100.0,82.05568720379146
490044,SENTARA OBICI HOSPITAL,VA,4.0,74.0,0.89,0.0,6.0,0.0,True,73.8388625592417,73.86255924170617,91.89573459715639,100.0,84.89928909952606
490045,NOVANT PRINCE WILLIAM MEDICAL CENTER,VA,3.0,63.0,1.04,0.0,5.0,0.0,True,42.77251184834123,26.895734597156395,22.843601895734597,100.0,48.127962085308056
490046,SENTARA LEIGH HOSPITAL,VA,3.0,78.0,0.94,1.0,6.0,0.16666666666666666,True,42.77251184834123,86.4218009478673,76.80094786729858,83.33333333333334,72.33214849921012
490048,LEWISGALE MEDICAL CENTER,VA,2.0,58.0,1.05,0.0,6.0,0.0,True,16.37440758293839,13.90995260663507,18.95734597156398,100.0,37.31042654028436
490050,VIRGINIA HOSPITAL CENTER,VA,4.0,78.0,0.99,0.0,6.0,0.0,True,73.8388625592417,86.4218009478673,50.142180094786724,100.0,77.60071090047393
490052,RIVERSIDE REGIONAL MEDICAL CENTER,VA,3.0,74.0,1.02,0.0,5.0,0.0,True,42.77251184834123,73.86255924170617,32.81990521327014,100.0,62.36374407582939
490053,JOHNSTON MEMORIAL HOSPITAL,VA,3.0,64.0,1.0,0.0,5.0,0.0,True,42.77251184834123,30.971563981042653,44.33649289099526,100.0,54.52014218009479
490057,SENTARA VIRGINIA BEACH GENERAL HOSPITAL,VA,4.0,71.0,0.94,0.0,6.0,0.0,True,73.8388625592417,61.990521327014214,76.80094786729858,100.0,78.15758293838863
490059,BON SECOURS ST MARYS HOSPITAL,VA,5.0,71.0,1.01,0.0,6.0,0.0,True,94.50236966824644,61.990521327014214,38.41232227488152,100.0,73.72630331753555
490060,CLINCH VALLEY MEDICAL CENTER,VA,3.0,65.0,0.94,0.0,5.0,0.0,True,42.77251184834123,34.834123222748815,76.80094786729858,100.0,63.60189573459715
490063,INOVA FAIRFAX HOSPITAL,VA,5.0,81.0,0.98,0.0,6.0,0.0,True,94.50236966824644,93.36492890995261,55.66350710900474,100.0,85.88270142180095
490066,SENTARA WILLIAMSBURG REGIONAL MEDICAL CENTER,VA,5.0,81.0,0.93,0.0,6.0,0.0,True,94.50236966824644,93.36492890995261,81.04265402843602,100.0,92.22748815165876
490067,BON SECOURS SOUTHSIDE MEDICAL CENTER,VA,2.0,58.0,1.11,0.0,5.0,0.0,True,16.37440758293839,13.90995260663507,5.545023696682464,100.0,33.95734597156398
490069,BON SECOURS MEMORIAL REGIONAL MEDICAL CENTER,VA,4.0,63.0,1.01,0.0,6.0,0.0,True,73.8388625592417,26.895734597156395,38.41232227488152,100.0,59.78672985781991
490075,SOVAH HEALTH DANVILLE,VA,2.0,51.0,1.01,0.0,6.0,0.0,True,16.37440758293839,3.9810426540284363,38.41232227488152,100.0,39.691943127962084
490077,SENTARA MARTHA JEFFERSON HOSPITAL,VA,4.0,81.0,0.92,0.0,6.0,0.0,True,73.8388625592417,93.36492890995261,84.54976303317535,100.0,87.93838862559241
490084,VCU HEALTH TAPPAHANNOCK HOSPITAL,VA,4.0,67.0,0.96,0.0,4.0,0.0,True,73.8388625592417,43.578199052132696,66.44549763033176,100.0,70.96563981042654
490088,CENTRA BEDFORD MEMORIAL HOSPITAL,VA,5.0,77.0,0.94,0.0,4.0,0.0,True,94.50236966824644,83.5781990521327,76.80094786729858,100.0,88.72037914691943
490089,CARILION FRANKLIN MEMORIAL HOSPITAL,VA,4.0,75.0,0.91,0.0,4.0,0.0,True,73.8388625592417,77.39336492890996,87.48815165876778,100.0,84.68009478672985
490090,"SOUTHSIDE COMMUNITY HOSPITAL, INC",VA,4.0,62.0,1.05,0.0,4.0,0.0,True,73.8388625592417,23.72037914691943,18.95734597156398,100.0,54.12914691943128
490092,BON SECOURS SOUTHAMPTON MEMORIAL HOSPITAL,VA,3.0,55.0,0.84,0.0,3.0,0.0,True,42.77251184834123,7.843601895734597,97.58293838862559,100.0,62.04976303317535
490093,SENTARA CAREPLEX HOSPITAL,VA,4.0,70.0,0.95,0.0,5.0,0.0,True,73.8388625592417,57.606635071090054,71.65876777251185,100.0,75.7760663507109
490097,BON SECOURS SOUTHERN VIRGINIA MEDICAL CENTER,VA,4.0,64.0,0.97,0.0,3.0,0.0,True,73.8388625592417,30.971563981042653,61.23222748815166,100.0,66.510663507109
490098,COMMUNITY MEMORIAL HOSPITAL,VA,4.0,70.0,0.96,0.0,4.0,0.0,True,73.8388625592417,57.606635071090054,66.44549763033176,100.0,74.47274881516589
490101,INOVA FAIR OAKS HOSPITAL,VA,5.0,77.0,0.93,0.0,5.0,0.0,True,94.50236966824644,83.5781990521327,81.04265402843602,100.0,89.7808056872038
490107,RESTON HOSPITAL CENTER,VA,3.0,65.0,1.03,0.0,6.0,0.0,True,42.77251184834123,34.834123222748815,27.511848341232227,100.0,51.279620853080566
490110,LEWISGALE HOSPITAL MONTGOMERY,VA,3.0,77.0,0.93,0.0,6.0,0.0,True,42.77251184834123,83.5781990521327,81.04265402843602,100.0,76.84834123222748
490111,WYTHE COUNTY COMMUNITY HOSPITAL,VA,3.0,65.0,0.92,0.0,4.0,0.0,True,42.77251184834123,34.834123222748815,84.54976303317535,100.0,65.53909952606635
490112,CJW MEDICAL CENTER,VA,4.0,66.0,1.01,0.0,6.0,0.0,True,73.8388625592417,38.76777251184834,38.41232227488152,100.0,62.75473933649289
490113,SENTARA NORTHERN VIRGINIA MEDICAL CENTER,VA,3.0,65.0,0.95,0.0,5.0,0.0,True,42.77251184834123,34.834123222748815,71.65876777251185,100.0,62.31635071090047
490114,LONESOME PINE HOSPITAL,VA,4.0,66.0,1.0,0.0,4.0,0.0,True,73.8388625592417,38.76777251184834,44.33649289099526,100.0,64.23578199052133
490115,TWIN COUNTY REGIONAL HOSPITAL,VA,2.0,53.0,0.96,0.0,4.0,0.0,True,16.37440758293839,5.592417061611375,66.44549763033176,100.0,47.10308056872038
490116,LEWISGALE HOSPITAL PULASKI,VA,4.0,84.0,1.0,0.0,4.0,0.0,True,73.8388625592417,97.27488151658767,44.33649289099526,100.0,78.86255924170615
490118,HENRICO DOCTORS' HOSPITAL,VA,4.0,71.0,1.06,0.0,6.0,0.0,True,73.8388625592417,61.990521327014214,15.734597156398102,100.0,62.89099526066351
490119,SENTARA PRINCESS ANNE HOSPITAL,VA,5.0,82.0,0.91,0.0,6.0,0.0,True,94.50236966824644,94.88151658767772,87.48815165876778,100.0,94.21800947867298
490120,CHESAPEAKE GENERAL HOSPITAL,VA,3.0,63.0,0.94,0.0,6.0,0.0,True,42.77251184834123,26.895734597156395,76.80094786729858,100.0,61.617298578199055
490122,INOVA MOUNT VERNON HOSPITAL,VA,4.0,71.0,0.97,0.0,5.0,0.0,True,73.8388625592417,61.990521327014214,61.23222748815166,100.0,74.26540284360189
490126,LEWISGALE HOSPITAL ALLEGHANY,VA,4.0,66.0,1.0,0.0,4.0,0.0,True,73.8388625592417,38.76777251184834,44.33649289099526,100.0,64.23578199052133
490127,BUCHANAN GENERAL HOSPITAL,VA,4.0,74.0,0.88,0.0,3.0,0.0,True,73.8388625592417,73.86255924170617,93.22274881516589,100.0,85.23104265402844
490130,RIVERSIDE WALTER REED HOSPITAL,VA,4.0,79.0,0.91,0.0,6.0,0.0,True,73.8388625592417,89.26540284360189,87.48815165876778,100.0,87.64810426540285
490136,BON SECOURS ST FRANCIS MEDICAL CENTER,VA,3.0,72.0,0.99,0.0,6.0,0.0,True,42.77251184834123,66.13744075829385,50.142180094786724,100.0,64.76303317535545
490140,"STAFFORD HOSPITAL, LLC",VA,4.0,69.0,0.87,0.0,5.0,0.0,True,73.8388625592417,52.89099526066351,94.50236966824644,100.0,80.30805687203792
490141,SPOTSYLVANIA REGIONAL MEDICAL CENTER,VA,3.0,64.0,0.98,0.0,6.0,0.0,True,42.77251184834123,30.971563981042653,55.66350710900474,100.0,57.35189573459716
490143,RIVERSIDE DOCTORS' HOSPITAL OF WILLIAMSBURG,VA,5.0,81.0,0.95,0.0,5.0,0.0,True,94.50236966824644,93.36492890995261,71.65876777251185,100.0,89.88151658767772
490144,UVA HEALTH HAYMARKET MEDICAL CENTER,VA,4.0,78.0,0.96,0.0,5.0,0.0,True,73.8388625592417,86.4218009478673,66.44549763033176,100.0,81.67654028436019
490145,STONESPRINGS HOSPITAL CENTER,VA,4.0,75.0,0.97,0.0,4.0,0.0,True,73.8388625592417,77.39336492890996,61.23222748815166,100.0,78.11611374407583
500002,PROVIDENCE ST MARY MEDICAL CENTER,WA,3.0,68.0,0.96,0.0,6.0,0.0,True,42.77251184834123,48.34123222748815,66.44549763033176,100.0,64.38981042654028
500003,SKAGIT VALLEY HOSPITAL,WA,3.0,70.0,0.92,0.0,6.0,0.0,True,42.77251184834123,57.606635071090054,84.54976303317535,100.0,71.23222748815166
500005,VIRGINIA MASON MEDICAL CENTER,WA,5.0,78.0,0.97,0.0,6.0,0.0,True,94.50236966824644,86.4218009478673,61.23222748815166,100.0,85.53909952606635
500007,ISLAND HOSPITAL,WA,4.0,83.0,0.89,0.0,4.0,0.0,True,73.8388625592417,96.25592417061611,91.89573459715639,100.0,90.49763033175356
500008,UNIVERSITY OF WASHINGTON MEDICAL CTR,WA,4.0,80.0,0.97,0.0,6.0,0.0,True,73.8388625592417,91.56398104265404,61.23222748815166,100.0,81.65876777251185
500011,HIGHLINE MEDICAL CENTER,WA,4.0,55.0,0.94,0.0,5.0,0.0,True,73.8388625592417,7.843601895734597,76.80094786729858,100.0,64.62085308056872
500014,PROVIDENCE REGIONAL MEDICAL CENTER EVERETT,WA,4.0,60.0,0.93,0.0,6.0,0.0,True,73.8388625592417,18.246445497630333,81.04265402843602,100.0,68.28199052132702
500015,MULTICARE AUBURN MEDICAL CENTER,WA,2.0,51.0,0.96,0.0,6.0,0.0,True,16.37440758293839,3.9810426540284363,66.44549763033176,100.0,46.70023696682465
500016,CONFLUENCE HEALTH HOSPITAL,WA,3.0,76.0,0.94,0.0,6.0,0.0,True,42.77251184834123,80.59241706161137,76.80094786729858,100.0,75.0414691943128
500019,PROVIDENCE CENTRALIA HOSPITAL,WA,3.0,61.0,0.91,0.0,6.0,0.0,True,42.77251184834123,20.85308056872038,87.48815165876778,100.0,62.77843601895735
500021,ST CLARE HOSPITAL,WA,4.0,68.0,0.94,0.0,5.0,0.0,True,73.8388625592417,48.34123222748815,76.80094786729858,100.0,74.74526066350711
500024,PROVIDENCE ST PETER HOSPITAL,WA,3.0,77.0,0.92,0.0,6.0,0.0,True,42.77251184834123,83.5781990521327,84.54976303317535,100.0,77.72511848341232
500025,SWEDISH MEDICAL CENTER / CHERRY HILL,WA,4.0,75.0,0.99,0.0,4.0,0.0,True,73.8388625592417,77.39336492890996,50.142180094786724,100.0,75.3436018957346
500026,SWEDISH EDMONDS HOSPITAL,WA,3.0,61.0,0.94,0.0,5.0,0.0,True,42.77251184834123,20.85308056872038,76.80094786729858,100.0,60.10663507109005
500027,SWEDISH MEDICAL CENTER,WA,4.0,73.0,0.95,0.0,5.0,0.0,True,73.8388625592417,70.04739336492891,71.65876777251185,100.0,78.88625592417061
500030,ST JOSEPH HOSPITAL,WA,4.0,67.0,0.96,0.0,6.0,0.0,True,73.8388625592417,43.578199052132696,66.44549763033176,100.0,70.96563981042654
500031,GRAYS HARBOR COMMUNITY HOSPITAL,WA,3.0,47.0,0.97,0.0,6.0,0.0,True,42.77251184834123,1.5165876777251186,61.23222748815166,100.0,51.3803317535545
500033,SAMARITAN HOSPITAL,WA,2.0,58.0,0.93,0.0,4.0,0.0,True,16.37440758293839,13.90995260663507,81.04265402843602,100.0,52.83175355450237
500036,YAKIMA VALLEY MEMORIAL,WA,1.0,50.0,0.94,0.0,6.0,0.0,True,2.962085308056872,3.2701421800947865,76.80094786729858,100.0,45.758293838862556
500039,HARRISON MEDICAL CENTER,WA,4.0,66.0,0.95,0.0,6.0,0.0,True,73.8388625592417,38.76777251184834,71.65876777251185,100.0,71.06635071090048
500041,PEACEHEALTH ST JOHN MEDICAL CENTER,WA,4.0,61.0,0.87,0.0,6.0,0.0,True,73.8388625592417,20.85308056872038,94.50236966824644,100.0,72.29857819905213
500044,DEACONESS MEDICAL CENTER,WA,3.0,68.0,0.97,0.0,6.0,0.0,True,42.77251184834123,48.34123222748815,61.23222748815166,100.0,63.08649289099526
500050,PEACEHEALTH SOUTHWEST MEDICAL CENTER,WA,3.0,65.0,0.9,0.0,6.0,0.0,True,42.77251184834123,34.834123222748815,89.97630331753554,100.0,66.89573459715639
500051,OVERLAKE HOSPITAL MEDICAL CENTER,WA,2.0,80.0,0.92,0.0,6.0,0.0,True,16.37440758293839,91.56398104265404,84.54976303317535,100.0,73.12203791469194
500053,TRIOS HEALTH,WA,2.0,64.0,0.98,0.0,6.0,0.0,True,16.37440758293839,30.971563981042653,55.66350710900474,100.0,50.752369668246445
500054,PROV SACRED HRT MED CTR & CHILDS HOSP.,WA,3.0,75.0,1.01,0.0,6.0,0.0,True,42.77251184834123,77.39336492890996,38.41232227488152,100.0,64.64454976303318
500058,KADLEC REGIONAL MEDICAL CENTER,WA,4.0,74.0,0.95,0.0,6.0,0.0,True,73.8388625592417,73.86255924170617,71.65876777251185,100.0,79.84004739336493
500060,CASCADE VALLEY HOSPITAL,WA,4.0,66.0,0.87,0.0,3.0,0.0,True,73.8388625592417,38.76777251184834,94.50236966824644,100.0,76.77725118483411
500064,HARBORVIEW MEDICAL CENTER,WA,2.0,69.0,1.01,0.0,5.0,0.0,True,16.37440758293839,52.89099526066351,38.41232227488152,100.0,51.91943127962085
500072,OLYMPIC MEDICAL CENTER,WA,3.0,64.0,0.92,0.0,4.0,0.0,True,42.77251184834123,30.971563981042653,84.54976303317535,100.0,64.57345971563981
500077,PROVIDENCE HOLY FAMILY HOSPITAL,WA,3.0,72.0,0.94,0.0,4.0,0.0,True,42.77251184834123,66.13744075829385,76.80094786729858,100.0,71.42772511848341
500079,MULTICARE GOOD SAMARITAN HOSPITAL,WA,2.0,58.0,0.91,0.0,6.0,0.0,True,16.37440758293839,13.90995260663507,87.48815165876778,100.0,54.44312796208531
500084,EVERGREENHEALTH MONROE,WA,3.0,63.0,0.83,0.0,3.0,0.0,True,42.77251184834123,26.895734597156395,98.34123222748815,100.0,67.00236966824644
500088,VALLEY MEDICAL CENTER,WA,2.0,72.0,0.94,0.0,5.0,0.0,True,16.37440758293839,66.13744075829385,76.80094786729858,100.0,64.8281990521327
500108,ST JOSEPH MEDICAL CENTER,WA,3.0,66.0,0.97,0.0,5.0,0.0,True,42.77251184834123,38.76777251184834,61.23222748815166,100.0,60.693127962085306
500119,MULTICARE VALLEY HOSPITAL,WA,5.0,70.0,0.92,0.0,5.0,0.0,True,94.50236966824644,57.606635071090054,84.54976303317535,100.0,84.16469194312796
500124,EVERGREENHEALTH MEDICAL CENTER,WA,5.0,80.0,0.96,0.0,6.0,0.0,True,94.50236966824644,91.56398104265404,66.44549763033176,100.0,88.12796208530806
500129,TACOMA GENERAL ALLENMORE HOSPITAL,WA,2.0,67.0,0.92,0.0,6.0,0.0,True,16.37440758293839,43.578199052132696,84.54976303317535,100.0,61.12559241706161
500139,CAPITAL MEDICAL CENTER,WA,3.0,72.0,0.9,0.0,6.0,0.0,True,42.77251184834123,66.13744075829385,89.97630331753554,100.0,74.72156398104265
500141,ST FRANCIS COMMUNITY HOSPITAL,WA,4.0,65.0,0.95,0.0,5.0,0.0,True,73.8388625592417,34.834123222748815,71.65876777251185,100.0,70.08293838862559
500150,LEGACY SALMON CREEK MEDICAL CENTER,WA,4.0,79.0,0.86,0.0,6.0,0.0,True,73.8388625592417,89.26540284360189,95.75829383886256,100.0,89.71563981042654
500151,ST ANTHONY HOSPITAL,WA,5.0,76.0,0.93,0.0,5.0,0.0,True,94.50236966824644,80.59241706161137,81.04265402843602,100.0,89.03436018957346
500152,SWEDISH ISSAQUAH,WA,4.0,80.0,0.95,0.0,5.0,0.0,True,73.8388625592417,91.56398104265404,71.65876777251185,100.0,84.26540284360189
500154,MULTICARE COVINGTON MEDICAL CENTER,WA,3.0,71.0,0.87,0.0,4.0,0.0,True,42.77251184834123,61.990521327014214,94.50236966824644,100.0,74.81635071090048
510001,"WEST VIRGINIA UNIVERSITY HOSPITALS, INC",WV,3.0,76.0,1.03,0.0,6.0,0.0,True,42.77251184834123,80.59241706161137,27.511848341232227,100.0,62.719194312796205
510002,"CAMC GREENBRIER VALLEY MEDICAL CENTER, INC",WV,2.0,50.0,0.93,0.0,4.0,0.0,True,16.37440758293839,3.2701421800947865,81.04265402843602,100.0,50.1718009478673
510006,"UNITED HOSPITAL CENTER, INC",WV,4.0,70.0,0.97,1.0,6.0,0.16666666666666666,True,73.8388625592417,57.606635071090054,61.23222748815166,83.33333333333334,69.0027646129542
510007,ST MARYS MEDICAL CENTER,WV,3.0,74.0,0.99,0.0,6.0,0.0,True,42.77251184834123,73.86255924170617,50.142180094786724,100.0,66.69431279620854
510008,BERKELEY MEDICAL CENTER,WV,3.0,54.0,0.92,0.0,6.0,0.0,True,42.77251184834123,6.563981042654028,84.54976303317535,100.0,58.47156398104265
510012,RIVERS HEALTH,WV,1.0,60.0,1.0,0.0,4.0,0.0,True,2.962085308056872,18.246445497630333,44.33649289099526,100.0,41.38625592417061
510013,"REYNOLDS MEMORIAL HOSPITAL, INC",WV,2.0,70.0,0.97,0.0,4.0,0.0,True,16.37440758293839,57.606635071090054,61.23222748815166,100.0,58.80331753554503
510022,CHARLESTON AREA MEDICAL CENTER,WV,2.0,69.0,1.01,1.0,6.0,0.16666666666666666,True,16.37440758293839,52.89099526066351,38.41232227488152,83.33333333333334,47.75276461295419
510023,"WEIRTON MEDICAL CENTER, INC",WV,1.0,52.0,1.0,1.0,5.0,0.2,True,2.962085308056872,4.739336492890995,44.33649289099526,80.0,33.00947867298578
510024,MON HEALTH MEDICAL CENTER,WV,4.0,77.0,1.08,0.0,6.0,0.0,True,73.8388625592417,83.5781990521327,10.545023696682465,100.0,66.99052132701422
510029,THOMAS MEMORIAL HOSPITAL,WV,1.0,71.0,0.97,0.0,6.0,0.0,True,2.962085308056872,61.990521327014214,61.23222748815166,100.0,56.546208530805686
510030,DAVIS MEDICAL CENTER,WV,2.0,48.0,0.95,0.0,4.0,0.0,True,16.37440758293839,1.943127962085308,71.65876777251185,100.0,47.49407582938389
510038,STONEWALL JACKSON MEMORIAL HOSPITAL,WV,1.0,67.0,1.05,0.0,5.0,0.0,True,2.962085308056872,43.578199052132696,18.95734597156398,100.0,41.37440758293839
510046,PRINCETON COMMUNITY HOSPITAL ASSN INC,WV,2.0,57.0,1.06,1.0,6.0,0.16666666666666666,True,16.37440758293839,11.540284360189574,15.734597156398102,83.33333333333334,31.745655608214854
510048,LOGAN REGIONAL MEDICAL CENTER,WV,2.0,51.0,0.92,0.0,4.0,0.0,True,16.37440758293839,3.9810426540284363,84.54976303317535,100.0,51.226303317535546
510050,"WHEELING HOSPITAL, INC",WV,2.0,55.0,0.99,0.0,6.0,0.0,True,16.37440758293839,7.843601895734597,50.142180094786724,100.0,43.59004739336493
510055,"CABELL HUNTINGTON HOSPITAL, INC",WV,3.0,68.0,1.08,0.0,5.0,0.0,True,42.77251184834123,48.34123222748815,10.545023696682465,100.0,50.41469194312796
510058,CAMDEN CLARK MEDICAL CENTER,WV,2.0,61.0,0.99,2.0,6.0,0.3333333333333333,True,16.37440758293839,20.85308056872038,50.142180094786724,66.66666666666667,38.50908372827804
510062,BECKLEY ARH HOSPITAL,WV,3.0,68.0,1.03,0.0,5.0,0.0,True,42.77251184834123,48.34123222748815,27.511848341232227,100.0,54.6563981042654
510070,RALEIGH GENERAL HOSPITAL,WV,2.0,48.0,1.03,0.0,5.0,0.0,True,16.37440758293839,1.943127962085308,27.511848341232227,100.0,36.45734597156398
510072,WETZEL COUNTY HOSPITAL,WV,3.0,78.0,0.99,0.0,4.0,0.0,True,42.77251184834123,86.4218009478673,50.142180094786724,100.0,69.83412322274881
520002,"ASPIRUS STEVENS POINT HOSPITAL & CLINICS, INC.",WI,4.0,66.0,0.91,0.0,4.0,0.0,True,73.8388625592417,38.76777251184834,87.48815165876778,100.0,75.02369668246445
520004,MAYO CLINIC HEALTH SYSTEM-FRANCISCAN MEDICAL CENTER INC,WI,5.0,83.0,0.9,0.0,5.0,0.0,True,94.50236966824644,96.25592417061611,89.97630331753554,100.0,95.18364928909952
520008,WAUKESHA MEMORIAL HOSPITAL,WI,4.0,72.0,1.05,0.0,5.0,0.0,True,73.8388625592417,66.13744075829385,18.95734597156398,100.0,64.73341232227489
520009,ASCENSION NE WISCONSIN - ST ELIZABETH CAMPUS,WI,4.0,68.0,0.85,0.0,6.0,0.0,True,73.8388625592417,48.34123222748815,96.72985781990522,100.0,79.72748815165878
520011,MARSHFIELD MEDICAL CENTER - RICE LAKE,WI,2.0,68.0,0.86,0.0,3.0,0.0,True,16.37440758293839,48.34123222748815,95.75829383886256,100.0,65.11848341232228
520019,ASPIRUS RHINELANDER HOSPITAL,WI,3.0,62.0,0.89,0.0,4.0,0.0,True,42.77251184834123,23.72037914691943,91.89573459715639,100.0,64.59715639810426
520021,FROEDTERT SOUTH INC.,WI,2.0,76.0,0.98,0.0,5.0,0.0,True,16.37440758293839,80.59241706161137,55.66350710900474,100.0,63.15758293838863
520028,THE MONROE CLINIC,WI,5.0,73.0,0.9,0.0,5.0,0.0,True,94.50236966824644,70.04739336492891,89.97630331753554,100.0,88.63151658767772
520030,ASPIRUS WAUSAU HOSPITAL,WI,4.0,73.0,0.95,0.0,6.0,0.0,True,73.8388625592417,70.04739336492891,71.65876777251185,100.0,78.88625592417061
520033,ASPIRUS RIVERVIEW HOSPITAL & CLINICS INC,WI,3.0,67.0,0.93,0.0,4.0,0.0,True,42.77251184834123,43.578199052132696,81.04265402843602,100.0,66.84834123222748
520034,AURORA MEDICAL CTR MANITOWOC COUNTY,WI,5.0,74.0,0.85,0.0,4.0,0.0,True,94.50236966824644,73.86255924170617,96.72985781990522,100.0,91.27369668246445
520035,AURORA MEDICAL CENTER SHEBOYGAN COUNTY,WI,5.0,74.0,0.83,0.0,4.0,0.0,True,94.50236966824644,73.86255924170617,98.34123222748815,100.0,91.67654028436019
520037,MARSHFIELD MEDICAL CENTER,WI,1.0,58.0,0.99,1.0,6.0,0.16666666666666666,True,2.962085308056872,13.90995260663507,50.142180094786724,83.33333333333334,37.586887835703
520038,AURORA MEDICAL CTR WASHINGTON COUNTY,WI,4.0,73.0,0.84,0.0,4.0,0.0,True,73.8388625592417,70.04739336492891,97.58293838862559,100.0,85.36729857819904
520041,ASPIRUS DIVINE SAVIOR HOSPITAL,WI,3.0,64.0,0.81,0.0,4.0,0.0,True,42.77251184834123,30.971563981042653,99.21800947867298,100.0,68.24052132701422
520044,ST NICHOLAS HOSPITAL,WI,3.0,76.0,0.87,0.0,3.0,0.0,True,42.77251184834123,80.59241706161137,94.50236966824644,100.0,79.46682464454976
520045,THEDACARE REGIONAL MED CTR - NEENAH,WI,4.0,72.0,0.95,0.0,4.0,0.0,True,73.8388625592417,66.13744075829385,71.65876777251185,100.0,77.90876777251185
520049,BELLIN MEMORIAL HOSPITAL,WI,4.0,79.0,0.94,0.0,5.0,0.0,True,73.8388625592417,89.26540284360189,76.80094786729858,100.0,84.97630331753554
520051,ASCENSION COLUMBIA ST MARYS HOSPITAL MILWAUKEE,WI,3.0,63.0,0.98,0.0,5.0,0.0,True,42.77251184834123,26.895734597156395,55.66350710900474,100.0,56.33293838862559
520057,SSM HEALTH ST CLARE HOSPITAL - BARABOO,WI,4.0,70.0,0.84,0.0,3.0,0.0,True,73.8388625592417,57.606635071090054,97.58293838862559,100.0,82.25710900473933
520059,AURORA MEMORIAL HOSPITAL BURLINGTON,WI,4.0,64.0,0.87,0.0,4.0,0.0,True,73.8388625592417,30.971563981042653,94.50236966824644,100.0,74.8281990521327
520062,OCONOMOWOC MEMORIAL HOSPITAL,WI,5.0,72.0,1.05,0.0,6.0,0.0,True,94.50236966824644,66.13744075829385,18.95734597156398,100.0,69.89928909952607
520063,ST JOSEPHS COMMUNITY HOSPITAL WEST BEND,WI,4.0,70.0,0.92,0.0,5.0,0.0,True,73.8388625592417,57.606635071090054,84.54976303317535,100.0,78.99881516587678
520066,MERCY HEALTH SYSTEM CORP,WI,3.0,61.0,0.92,0.0,6.0,0.0,True,42.77251184834123,20.85308056872038,84.54976303317535,100.0,62.04383886255924
520070,MAYO CLINIC HEALTH SYSTEM EAU CLAIRE HOSPITAL,WI,5.0,79.0,0.95,0.0,6.0,0.0,True,94.50236966824644,89.26540284360189,71.65876777251185,100.0,88.85663507109004
520071,FORT MEMORIAL HOSPITAL,WI,4.0,68.0,0.92,0.0,4.0,0.0,True,73.8388625592417,48.34123222748815,84.54976303317535,100.0,76.6824644549763
520075,ST VINCENT HOSPITAL,WI,4.0,69.0,0.99,0.0,5.0,0.0,True,73.8388625592417,52.89099526066351,50.142180094786724,100.0,69.21800947867298
520076,MARSHFIELD MEDICAL CENTER - BEAVER DAM (MMC-BD),WI,2.0,51.0,0.86,0.0,3.0,0.0,True,16.37440758293839,3.9810426540284363,95.75829383886256,100.0,54.02843601895734
520083,SSM HEALTH ST MARY'S HOSPITAL - MADISON,WI,4.0,74.0,0.93,0.0,6.0,0.0,True,73.8388625592417,73.86255924170617,81.04265402843602,100.0,82.18601895734596
520087,GUNDERSEN LUTHERAN MEDICAL CENTER,WI,4.0,79.0,1.07,0.0,5.0,0.0,True,73.8388625592417,89.26540284360189,12.985781990521328,100.0,69.02251184834122
520088,SSM HEALTH ST AGNES HOSPITAL-FOND DU LAC,WI,4.0,66.0,0.88,0.0,5.0,0.0,True,73.8388625592417,38.76777251184834,93.22274881516589,100.0,76.45734597156398
520089,UNITYPOINT HEALTH - MERITER,WI,5.0,77.0,0.93,0.0,5.0,0.0,True,94.50236966824644,83.5781990521327,81.04265402843602,100.0,89.7808056872038
520091,HOWARD YOUNG MEDICAL CENTER,WI,4.0,83.0,0.94,0.0,4.0,0.0,True,73.8388625592417,96.25592417061611,76.80094786729858,100.0,86.7239336492891
520095,SAUK PRAIRIE HOSPITAL,WI,5.0,90.0,0.86,0.0,4.0,0.0,True,94.50236966824644,99.76303317535546,95.75829383886256,100.0,97.50592417061611
520097,ST MARYS HOSPITAL MEDICAL CTR,WI,3.0,61.0,1.04,0.0,5.0,0.0,True,42.77251184834123,20.85308056872038,22.843601895734597,100.0,46.617298578199055
520098,UNIVERSITY OF WI  HOSPITALS & CLINICS AUTHORITY,WI,5.0,82.0,0.93,0.0,6.0,0.0,True,94.50236966824644,94.88151658767772,81.04265402843602,100.0,92.60663507109004
520100,BELOIT HEALTH SYSTEM,WI,3.0,56.0,0.96,0.0,5.0,0.0,True,42.77251184834123,9.62085308056872,66.44549763033176,100.0,54.709715639810426
520102,AURORA LAKELAND MEDICAL CENTER,WI,5.0,74.0,0.84,0.0,4.0,0.0,True,94.50236966824644,73.86255924170617,97.58293838862559,100.0,91.48696682464455
520103,COMMUNITY MEMORIAL HOSPITAL,WI,4.0,71.0,0.91,0.0,6.0,0.0,True,73.8388625592417,61.990521327014214,87.48815165876778,100.0,80.82938388625593
520107,HOLY FAMILY MEMORIAL,WI,3.0,72.0,0.88,0.0,3.0,0.0,True,42.77251184834123,66.13744075829385,93.22274881516589,100.0,75.53317535545024
520109,MILE BLUFF MEDICAL CENTER,WI,4.0,72.0,0.78,0.0,3.0,0.0,True,73.8388625592417,66.13744075829385,99.69194312796209,100.0,84.91706161137441
520113,AURORA MEDICAL CENTER BAY AREA,WI,4.0,69.0,0.84,0.0,4.0,0.0,True,73.8388625592417,52.89099526066351,97.58293838862559,100.0,81.0781990521327
520116,WATERTOWN MEMORIAL HOSPITAL,WI,3.0,64.0,0.97,0.0,6.0,0.0,True,42.77251184834123,30.971563981042653,61.23222748815166,100.0,58.74407582938389
520138,AURORA ST LUKES MEDICAL CENTER,WI,4.0,71.0,0.96,0.0,6.0,0.0,True,73.8388625592417,61.990521327014214,66.44549763033176,100.0,75.56872037914692
520139,WEST ALLIS MEMORIAL HOSPITAL,WI,4.0,69.0,0.89,0.0,5.0,0.0,True,73.8388625592417,52.89099526066351,91.89573459715639,100.0,79.6563981042654
520160,THEDACARE REGIONAL MEDICAL CENTER - APPLETON INC,WI,4.0,74.0,0.92,0.0,6.0,0.0,True,73.8388625592417,73.86255924170617,84.54976303317535,100.0,83.0627962085308
520177,FROEDTERT MEMORIAL LUTHERAN HOSPITAL,WI,3.0,77.0,0.96,0.0,5.0,0.0,True,42.77251184834123,83.5781990521327,66.44549763033176,100.0,73.19905213270142
520189,AURORA MEDICAL CENTER KENOSHA,WI,4.0,77.0,0.94,0.0,5.0,0.0,True,73.8388625592417,83.5781990521327,76.80094786729858,100.0,83.55450236966824
520193,AURORA BAYCARE MEDICAL CTR,WI,4.0,80.0,0.92,0.0,6.0,0.0,True,73.8388625592417,91.56398104265404,84.54976303317535,100.0,87.48815165876778
520198,AURORA MEDICAL CTR OSHKOSH,WI,4.0,76.0,0.81,0.0,5.0,0.0,True,73.8388625592417,80.59241706161137,99.21800947867298,100.0,88.41232227488152
520202,MARSHFIELD MEDICAL CENTER - WESTON,WI,3.0,76.0,0.93,0.0,5.0,0.0,True,42.77251184834123,80.59241706161137,81.04265402843602,100.0,76.10189573459715
520206,AURORA MEDICAL CENTER - SUMMIT,WI,5.0,79.0,0.9,0.0,5.0,0.0,True,94.50236966824644,89.26540284360189,89.97630331753554,100.0,93.43601895734596
520207,AURORA MEDICAL CENTER,WI,5.0,82.0,0.85,0.0,6.0,0.0,True,94.50236966824644,94.88151658767772,96.72985781990522,100.0,96.52843601895734
520208,SSM HEALTH ST MARY'S HOSPITAL - JANESVILLE,WI,4.0,77.0,0.9,0.0,4.0,0.0,True,73.8388625592417,83.5781990521327,89.97630331753554,100.0,86.84834123222748
520210,MARSHFIELD MEDICAL CENTER - EAU CLAIRE,WI,3.0,68.0,0.91,0.0,5.0,0.0,True,42.77251184834123,48.34123222748815,87.48815165876778,100.0,69.6504739336493
520212,MARSHFIELD MEDICAL CENTER - MINOCQUA,WI,5.0,80.0,0.92,0.0,3.0,0.0,True,94.50236966824644,91.56398104265404,84.54976303317535,100.0,92.65402843601896
530002,CAMPBELL COUNTY HEALTH,WY,3.0,51.0,0.93,0.0,5.0,0.0,True,42.77251184834123,3.9810426540284363,81.04265402843602,100.0,56.949052132701425
530006,SHERIDAN MEMORIAL HOSPITAL,WY,3.0,68.0,0.92,0.0,6.0,0.0,True,42.77251184834123,48.34123222748815,84.54976303317535,100.0,68.91587677725119
530008,SAGEWEST HEALTH CARE,WY,2.0,53.0,0.95,0.0,5.0,0.0,True,16.37440758293839,5.592417061611375,71.65876777251185,100.0,48.406398104265406
530012,BANNER WYOMING MEDICAL CENTER,WY,2.0,56.0,1.04,0.0,6.0,0.0,True,16.37440758293839,9.62085308056872,22.843601895734597,100.0,37.209715639810426
530014,CHEYENNE REGIONAL MEDICAL CENTER,WY,3.0,67.0,0.99,0.0,6.0,0.0,True,42.77251184834123,43.578199052132696,50.142180094786724,100.0,59.12322274881517
530015,ST JOHNS MEDICAL CENTER,WY,5.0,83.0,0.81,0.0,5.0,0.0,True,94.50236966824644,96.25592417061611,99.21800947867298,100.0,97.49407582938389
530025,IVINSON MEMORIAL HOSPITAL,WY,3.0,78.0,0.97,0.0,4.0,0.0,True,42.77251184834123,86.4218009478673,61.23222748815166,100.0,72.60663507109004
670023,METHODIST MANSFIELD MEDICAL CENTER,TX,4.0,83.0,1.13,0.0,6.0,0.0,True,73.8388625592417,96.25592417061611,4.004739336492891,100.0,68.52488151658767
670025,BAYLOR SCOTT & WHITE THE HEART HOSPITAL PLANO,TX,4.0,89.0,0.99,0.0,4.0,0.0,True,73.8388625592417,99.45497630331754,50.142180094786724,100.0,80.8590047393365
670031,ST LUKE'S PATIENTS MEDICAL CENTER,TX,3.0,65.0,1.03,0.0,4.0,0.0,True,42.77251184834123,34.834123222748815,27.511848341232227,100.0,51.279620853080566
670034,BAYLOR SCOTT & WHITE MEDICAL CENTER - ROUND ROCK,TX,4.0,78.0,0.99,0.0,6.0,0.0,True,73.8388625592417,86.4218009478673,50.142180094786724,100.0,77.60071090047393
670041,ASCENSION SETON WILLIAMSON,TX,4.0,72.0,1.15,0.0,5.0,0.0,True,73.8388625592417,66.13744075829385,2.772511848341232,100.0,60.687203791469194
670043,ASCENSION SETON CEDAR PARK,TX,3.0,62.0,0.96,0.0,6.0,0.0,True,42.77251184834123,23.72037914691943,66.44549763033176,100.0,58.23459715639811
670044,TEXAS HEALTH PRESBYTERIAN HOSPITAL ROCKWALL,TX,5.0,80.0,0.96,0.0,4.0,0.0,True,94.50236966824644,91.56398104265404,66.44549763033176,100.0,88.12796208530806
670047,THE HOSPITALS OF PROVIDENCE - EAST CAMPUS,TX,2.0,57.0,1.02,0.0,4.0,0.0,True,16.37440758293839,11.540284360189574,32.81990521327014,100.0,40.18364928909953
670053,ST LUKE'S SUGAR LAND HOSPITAL,TX,3.0,61.0,1.16,0.0,3.0,0.0,True,42.77251184834123,20.85308056872038,2.109004739336493,100.0,41.43364928909953
670055,METHODIST HOSPITAL  STONE OAK,TX,4.0,71.0,1.04,0.0,6.0,0.0,True,73.8388625592417,61.990521327014214,22.843601895734597,100.0,64.66824644549763
670056,ASCENSION  SETON HAYS,TX,3.0,65.0,1.06,0.0,5.0,0.0,True,42.77251184834123,34.834123222748815,15.734597156398102,100.0,48.33530805687204
670060,BAYLOR SCOTT AND WHITE MEDICAL CENTER SUNNYVALE,TX,2.0,50.0,1.02,0.0,5.0,0.0,True,16.37440758293839,3.2701421800947865,32.81990521327014,100.0,38.11611374407583
670068,TEXAS HEALTH PRESBYTERIAN HOSPITAL FLOWER MOUND,TX,5.0,79.0,1.07,0.0,4.0,0.0,True,94.50236966824644,89.26540284360189,12.985781990521328,100.0,74.18838862559241
670071,TEXAS HEALTH HEART & VASCULAR HOSPITAL ARLINGTON,TX,4.0,86.0,0.98,0.0,3.0,0.0,True,73.8388625592417,98.31753554502369,55.66350710900474,100.0,81.95497630331754
670073,METHODIST HOSPITAL FOR SURGERY,TX,4.0,83.0,1.03,0.0,2.0,0.0,True,73.8388625592417,96.25592417061611,27.511848341232227,100.0,74.40165876777252
670075,ST LUKE'S HOSPITAL AT THE VINTAGE,TX,4.0,78.0,1.09,0.0,5.0,0.0,True,73.8388625592417,86.4218009478673,8.554502369668246,100.0,67.20379146919431
670076,BAYLOR SCOTT AND WHITE SURGICAL HOSPITAL AT SHERMA,TX,3.0,86.0,0.96,0.0,2.0,0.0,True,42.77251184834123,98.31753554502369,66.44549763033176,100.0,76.88388625592417
670077,HOUSTON METHODIST WEST HOSPITAL,TX,5.0,83.0,1.01,0.0,6.0,0.0,True,94.50236966824644,96.25592417061611,38.41232227488152,100.0,82.29265402843602
670078,BAPTIST NEIGHBORHOOD HOSPITAL THOUSAND OAKS,TX,5.0,81.0,0.82,0.0,3.0,0.0,True,94.50236966824644,93.36492890995261,98.7914691943128,100.0,96.66469194312796
670080,SETON MEDICAL CENTER HARKER HEIGHTS,TX,4.0,73.0,1.01,0.0,5.0,0.0,True,73.8388625592417,70.04739336492891,38.41232227488152,100.0,70.57464454976304
670082,BAYLOR SCOTT AND WHITE  MEDICAL CENTER  MCKINNEY,TX,4.0,78.0,1.06,0.0,6.0,0.0,True,73.8388625592417,86.4218009478673,15.734597156398102,100.0,68.99881516587678
670085,TEXAS HEALTH HARRIS METHODIST HOSPITAL ALLIANCE,TX,5.0,73.0,1.06,0.0,5.0,0.0,True,94.50236966824644,70.04739336492891,15.734597156398102,100.0,70.07109004739337
670088,BAYLOR SCOTT & WHITE MEDICAL CENTER- COLLEGE STATI,TX,4.0,82.0,0.99,0.0,6.0,0.0,True,73.8388625592417,94.88151658767772,50.142180094786724,100.0,79.71563981042654
670090,CRESCENT MEDICAL CENTER LANCASTER,TX,2.0,49.0,1.11,0.0,1.0,0.0,True,16.37440758293839,2.5355450236966828,5.545023696682464,100.0,31.113744075829384
670098,RESOLUTE HEALTH HOSPITAL,TX,4.0,75.0,1.11,0.0,6.0,0.0,True,73.8388625592417,77.39336492890996,5.545023696682464,100.0,64.19431279620854
670103,MEDICAL CITY ALLIANCE,TX,3.0,70.0,0.97,0.0,5.0,0.0,True,42.77251184834123,57.606635071090054,61.23222748815166,100.0,65.40284360189574
670106,HCA HOUSTON HEALTHCARE PEARLAND,TX,3.0,60.0,0.99,0.0,3.0,0.0,True,42.77251184834123,18.246445497630333,50.142180094786724,100.0,52.790284360189574
670108,BAYLOR SCOTT & WHITE MEDICAL CENTER - MARBLE FALLS,TX,4.0,79.0,1.01,0.0,5.0,0.0,True,73.8388625592417,89.26540284360189,38.41232227488152,100.0,75.37914691943128
670120,THE HOSPITALS OF PROVIDENCE TRANSMOUNTAIN CAMPUS,TX,2.0,64.0,0.97,0.0,4.0,0.0,True,16.37440758293839,30.971563981042653,61.23222748815166,100.0,52.144549763033176
670122,HOUSTON METHODIST THE WOODLANDS HOSPITAL,TX,5.0,84.0,1.01,0.0,6.0,0.0,True,94.50236966824644,97.27488151658767,38.41232227488152,100.0,82.54739336492891
670128,BAYLOR SCOTT & WHITE MEDICAL CENTER PFLUGERVILLE,TX,4.0,77.0,1.05,0.0,3.0,0.0,True,73.8388625592417,83.5781990521327,18.95734597156398,100.0,69.0936018957346
670260,TEXAS HEALTH HOSPITAL FRISCO,TX,4.0,80.0,1.09,0.0,5.0,0.0,True,73.8388625592417,91.56398104265404,8.554502369668246,100.0,68.489336492891
670300,METHODIST MIDLOTHIAN MEDICAL CENTER,TX,4.0,82.0,1.12,0.0,4.0,0.0,True,73.8388625592417,94.88151658767772,4.644549763033176,100.0,68.34123222748815
670309,TEXAS HEALTH HOSPITAL MANSFIELD,TX,5.0,80.0,1.14,0.0,3.0,0.0,True,94.50236966824644,91.56398104265404,3.3412322274881516,100.0,72.35189573459715
