Facility ID,Measure ID,Measure Name,Footnote,Start Date,End Date,Score
10001,MSPB-1,Medicare hospital spending per patient (Medicare Spending per Beneficiary),,2024-01-01,2024-12-31,0.99
10005,MSPB-1,Medicare hospital spending per patient (Medicare Spending per Beneficiary),,2024-01-01,2024-12-31,1.0
10006,MSPB-1,Medicare hospital spending per patient (Medicare Spending per Beneficiary),,2024-01-01,2024-12-31,1.01
10007,MSPB-1,Medicare hospital spending per patient (Medicare Spending per Beneficiary),,2024-01-01,2024-12-31,1.04
10011,MSPB-1,Medicare hospital spending per patient (Medicare Spending per Beneficiary),29.0,2024-01-01,2024-12-31,0.96
10012,MSPB-1,Medicare hospital spending per patient (Medicare Spending per Beneficiary),,2024-01-01,2024-12-31,0.99
10016,MSPB-1,Medicare hospital spending per patient (Medicare Spending per Beneficiary),,2024-01-01,2024-12-31,1.02
10018,MSPB-1,Medicare hospital spending per patient (Medicare Spending per Beneficiary),1.0,2024-01-01,2024-12-31,
10019,MSPB-1,Medicare hospital spending per patient (Medicare Spending per Beneficiary),,2024-01-01,2024-12-31,1.1
10021,MSPB-1,Medicare hospital spending per patient (Medicare Spending per Beneficiary),,2024-01-01,2024-12-31,0.99
10022,MSPB-1,Medicare hospital spending per patient (Medicare Spending per Beneficiary),,2024-01-01,2024-12-31,0.97
10023,MSPB-1,Medicare hospital spending per patient (Medicare Spending per Beneficiary),,2024-01-01,2024-12-31,1.01
10024,MSPB-1,Medicare hospital spending per patient (Medicare Spending per Beneficiary),,2024-01-01,2024-12-31,1.02
10029,MSPB-1,Medicare hospital spending per patient (Medicare Spending per Beneficiary),,2024-01-01,2024-12-31,0.96
10033,MSPB-1,Medicare hospital spending per patient (Medicare Spending per Beneficiary),,2024-01-01,2024-12-31,0.97
10034,MSPB-1,Medicare hospital spending per patient (Medicare Spending per Beneficiary),,2024-01-01,2024-12-31,0.98
10035,MSPB-1,Medicare hospital spending per patient (Medicare Spending per Beneficiary),,2024-01-01,2024-12-31,0.99
10036,MSPB-1,Medicare hospital spending per patient (Medicare Spending per Beneficiary),,2024-01-01,2024-12-31,0.95
10039,MSPB-1,Medicare hospital spending per patient (Medicare Spending per Beneficiary),,2024-01-01,2024-12-31,1.03
10040,MSPB-1,Medicare hospital spending per patient (Medicare Spending per Beneficiary),,2024-01-01,2024-12-31,1.07
10044,MSPB-1,Medicare hospital spending per patient (Medicare Spending per Beneficiary),,2024-01-01,2024-12-31,1.07
10045,MSPB-1,Medicare hospital spending per patient (Medicare Spending per Beneficiary),,2024-01-01,2024-12-31,0.93
10046,MSPB-1,Medicare hospital spending per patient (Medicare Spending per Beneficiary),,2024-01-01,2024-12-31,0.97
10049,MSPB-1,Medicare hospital spending per patient (Medicare Spending per Beneficiary),,2024-01-01,2024-12-31,0.91
10051,MSPB-1,Medicare hospital spending per patient (Medicare Spending per Beneficiary),1.0,2024-01-01,2024-12-31,
10052,MSPB-1,Medicare hospital spending per patient (Medicare Spending per Beneficiary),,2024-01-01,2024-12-31,0.78
10055,MSPB-1,Medicare hospital spending per patient (Medicare Spending per Beneficiary),,2024-01-01,2024-12-31,1.01
10056,MSPB-1,Medicare hospital spending per patient (Medicare Spending per Beneficiary),29.0,2024-01-01,2024-12-31,0.95
10058,MSPB-1,Medicare hospital spending per patient (Medicare Spending per Beneficiary),,2024-01-01,2024-12-31,1.06
10061,MSPB-1,Medicare hospital spending per patient (Medicare Spending per Beneficiary),,2024-01-01,2024-12-31,0.94
10062,MSPB-1,Medicare hospital spending per patient (Medicare Spending per Beneficiary),,2024-01-01,2024-12-31,0.96
10065,MSPB-1,Medicare hospital spending per patient (Medicare Spending per Beneficiary),,2024-01-01,2024-12-31,0.95
10073,MSPB-1,Medicare hospital spending per patient (Medicare Spending per Beneficiary),,2024-01-01,2024-12-31,1.04
10078,MSPB-1,Medicare hospital spending per patient (Medicare Spending per Beneficiary),,2024-01-01,2024-12-31,1.03
10079,MSPB-1,Medicare hospital spending per patient (Medicare Spending per Beneficiary),,2024-01-01,2024-12-31,1.06
10083,MSPB-1,Medicare hospital spending per patient (Medicare Spending per Beneficiary),,2024-01-01,2024-12-31,0.98
10085,MSPB-1,Medicare hospital spending per patient (Medicare Spending per Beneficiary),,2024-01-01,2024-12-31,1.01
10086,MSPB-1,Medicare hospital spending per patient (Medicare Spending per Beneficiary),,2024-01-01,2024-12-31,1.0
10087,MSPB-1,Medicare hospital spending per patient (Medicare Spending per Beneficiary),,2024-01-01,2024-12-31,0.98
10089,MSPB-1,Medicare hospital spending per patient (Medicare Spending per Beneficiary),,2024-01-01,2024-12-31,0.95
10090,MSPB-1,Medicare hospital spending per patient (Medicare Spending per Beneficiary),,2024-01-01,2024-12-31,0.95
10091,MSPB-1,Medicare hospital spending per patient (Medicare Spending per Beneficiary),1.0,2024-01-01,2024-12-31,
10092,MSPB-1,Medicare hospital spending per patient (Medicare Spending per Beneficiary),,2024-01-01,2024-12-31,0.96
10095,MSPB-1,Medicare hospital spending per patient (Medicare Spending per Beneficiary),,2024-01-01,2024-12-31,0.9
10097,MSPB-1,Medicare hospital spending per patient (Medicare Spending per Beneficiary),,2024-01-01,2024-12-31,0.84
10099,MSPB-1,Medicare hospital spending per patient (Medicare Spending per Beneficiary),,2024-01-01,2024-12-31,0.93
10100,MSPB-1,Medicare hospital spending per patient (Medicare Spending per Beneficiary),,2024-01-01,2024-12-31,0.93
10101,MSPB-1,Medicare hospital spending per patient (Medicare Spending per Beneficiary),,2024-01-01,2024-12-31,1.02
10103,MSPB-1,Medicare hospital spending per patient (Medicare Spending per Beneficiary),,2024-01-01,2024-12-31,1.02
10104,MSPB-1,Medicare hospital spending per patient (Medicare Spending per Beneficiary),,2024-01-01,2024-12-31,1.01
10108,MSPB-1,Medicare hospital spending per patient (Medicare Spending per Beneficiary),,2024-01-01,2024-12-31,0.93
10110,MSPB-1,Medicare hospital spending per patient (Medicare Spending per Beneficiary),5.0,2024-01-01,2024-12-31,
10112,MSPB-1,Medicare hospital spending per patient (Medicare Spending per Beneficiary),,2024-01-01,2024-12-31,0.85
10113,MSPB-1,Medicare hospital spending per patient (Medicare Spending per Beneficiary),,2024-01-01,2024-12-31,1.0
10114,MSPB-1,Medicare hospital spending per patient (Medicare Spending per Beneficiary),,2024-01-01,2024-12-31,1.01
10118,MSPB-1,Medicare hospital spending per patient (Medicare Spending per Beneficiary),,2024-01-01,2024-12-31,0.96
10120,MSPB-1,Medicare hospital spending per patient (Medicare Spending per Beneficiary),,2024-01-01,2024-12-31,1.01
10125,MSPB-1,Medicare hospital spending per patient (Medicare Spending per Beneficiary),,2024-01-01,2024-12-31,1.04
10126,MSPB-1,Medicare hospital spending per patient (Medicare Spending per Beneficiary),,2024-01-01,2024-12-31,1.01
10128,MSPB-1,Medicare hospital spending per patient (Medicare Spending per Beneficiary),,2024-01-01,2024-12-31,0.88
10129,MSPB-1,Medicare hospital spending per patient (Medicare Spending per Beneficiary),,2024-01-01,2024-12-31,0.91
10130,MSPB-1,Medicare hospital spending per patient (Medicare Spending per Beneficiary),29.0,2024-01-01,2024-12-31,0.92
10131,MSPB-1,Medicare hospital spending per patient (Medicare Spending per Beneficiary),,2024-01-01,2024-12-31,0.99
10138,MSPB-1,Medicare hospital spending per patient (Medicare Spending per Beneficiary),1.0,2024-01-01,2024-12-31,
10139,MSPB-1,Medicare hospital spending per patient (Medicare Spending per Beneficiary),,2024-01-01,2024-12-31,1.09
10144,MSPB-1,Medicare hospital spending per patient (Medicare Spending per Beneficiary),,2024-01-01,2024-12-31,1.0
10148,MSPB-1,Medicare hospital spending per patient (Medicare Spending per Beneficiary),,2024-01-01,2024-12-31,0.93
10149,MSPB-1,Medicare hospital spending per patient (Medicare Spending per Beneficiary),,2024-01-01,2024-12-31,0.96
10150,MSPB-1,Medicare hospital spending per patient (Medicare Spending per Beneficiary),,2024-01-01,2024-12-31,0.96
10157,MSPB-1,Medicare hospital spending per patient (Medicare Spending per Beneficiary),,2024-01-01,2024-12-31,0.97
10158,MSPB-1,Medicare hospital spending per patient (Medicare Spending per Beneficiary),,2024-01-01,2024-12-31,1.31
10164,MSPB-1,Medicare hospital spending per patient (Medicare Spending per Beneficiary),,2024-01-01,2024-12-31,0.93
10168,MSPB-1,Medicare hospital spending per patient (Medicare Spending per Beneficiary),,2024-01-01,2024-12-31,0.98
10169,MSPB-1,Medicare hospital spending per patient (Medicare Spending per Beneficiary),,2024-01-01,2024-12-31,1.01
10173,MSPB-1,Medicare hospital spending per patient (Medicare Spending per Beneficiary),1.0,2024-01-01,2024-12-31,
10779,MSPB-1,Medicare hospital spending per patient (Medicare Spending per Beneficiary),19.0,2024-01-01,2024-12-31,
10780,MSPB-1,Medicare hospital spending per patient (Medicare Spending per Beneficiary),19.0,2024-01-01,2024-12-31,
10781,MSPB-1,Medicare hospital spending per patient (Medicare Spending per Beneficiary),19.0,2024-01-01,2024-12-31,
11300,MSPB-1,Medicare hospital spending per patient (Medicare Spending per Beneficiary),5.0,2024-01-01,2024-12-31,
11302,MSPB-1,Medicare hospital spending per patient (Medicare Spending per Beneficiary),5.0,2024-01-01,2024-12-31,
11304,MSPB-1,Medicare hospital spending per patient (Medicare Spending per Beneficiary),5.0,2024-01-01,2024-12-31,
11305,MSPB-1,Medicare hospital spending per patient (Medicare Spending per Beneficiary),5.0,2024-01-01,2024-12-31,
11306,MSPB-1,Medicare hospital spending per patient (Medicare Spending per Beneficiary),5.0,2024-01-01,2024-12-31,
11307,MSPB-1,Medicare hospital spending per patient (Medicare Spending per Beneficiary),5.0,2024-01-01,2024-12-31,
11308,MSPB-1,Medicare hospital spending per patient (Medicare Spending per Beneficiary),5.0,2024-01-01,2024-12-31,
11309,MSPB-1,Medicare hospital spending per patient (Medicare Spending per Beneficiary),5.0,2024-01-01,2024-12-31,
13300,MSPB-1,Medicare hospital spending per patient (Medicare Spending per Beneficiary),19.0,2024-01-01,2024-12-31,
13301,MSPB-1,Medicare hospital spending per patient (Medicare Spending per Beneficiary),19.0,2024-01-01,2024-12-31,
20001,MSPB-1,Medicare hospital spending per patient (Medicare Spending per Beneficiary),,2024-01-01,2024-12-31,0.95
20006,MSPB-1,Medicare hospital spending per patient (Medicare Spending per Beneficiary),,2024-01-01,2024-12-31,0.82
20008,MSPB-1,Medicare hospital spending per patient (Medicare Spending per Beneficiary),,2024-01-01,2024-12-31,0.81
20012,MSPB-1,Medicare hospital spending per patient (Medicare Spending per Beneficiary),,2024-01-01,2024-12-31,0.79
20017,MSPB-1,Medicare hospital spending per patient (Medicare Spending per Beneficiary),,2024-01-01,2024-12-31,0.88
20018,MSPB-1,Medicare hospital spending per patient (Medicare Spending per Beneficiary),,2024-01-01,2024-12-31,0.66
20024,MSPB-1,Medicare hospital spending per patient (Medicare Spending per Beneficiary),,2024-01-01,2024-12-31,0.83
20026,MSPB-1,Medicare hospital spending per patient (Medicare Spending per Beneficiary),,2024-01-01,2024-12-31,0.88
21301,MSPB-1,Medicare hospital spending per patient (Medicare Spending per Beneficiary),5.0,2024-01-01,2024-12-31,
21302,MSPB-1,Medicare hospital spending per patient (Medicare Spending per Beneficiary),5.0,2024-01-01,2024-12-31,
21304,MSPB-1,Medicare hospital spending per patient (Medicare Spending per Beneficiary),5.0,2024-01-01,2024-12-31,
21305,MSPB-1,Medicare hospital spending per patient (Medicare Spending per Beneficiary),5.0,2024-01-01,2024-12-31,
21306,MSPB-1,Medicare hospital spending per patient (Medicare Spending per Beneficiary),5.0,2024-01-01,2024-12-31,
21307,MSPB-1,Medicare hospital spending per patient (Medicare Spending per Beneficiary),5.0,2024-01-01,2024-12-31,
21308,MSPB-1,Medicare hospital spending per patient (Medicare Spending per Beneficiary),5.0,2024-01-01,2024-12-31,
21309,MSPB-1,Medicare hospital spending per patient (Medicare Spending per Beneficiary),5.0,2024-01-01,2024-12-31,
21310,MSPB-1,Medicare hospital spending per patient (Medicare Spending per Beneficiary),5.0,2024-01-01,2024-12-31,
21311,MSPB-1,Medicare hospital spending per patient (Medicare Spending per Beneficiary),5.0,2024-01-01,2024-12-31,
21312,MSPB-1,Medicare hospital spending per patient (Medicare Spending per Beneficiary),5.0,2024-01-01,2024-12-31,
21313,MSPB-1,Medicare hospital spending per patient (Medicare Spending per Beneficiary),5.0,2024-01-01,2024-12-31,
21314,MSPB-1,Medicare hospital spending per patient (Medicare Spending per Beneficiary),5.0,2024-01-01,2024-12-31,
30002,MSPB-1,Medicare hospital spending per patient (Medicare Spending per Beneficiary),,2024-01-01,2024-12-31,1.0
30006,MSPB-1,Medicare hospital spending per patient (Medicare Spending per Beneficiary),,2024-01-01,2024-12-31,1.04
30007,MSPB-1,Medicare hospital spending per patient (Medicare Spending per Beneficiary),,2024-01-01,2024-12-31,0.99
30010,MSPB-1,Medicare hospital spending per patient (Medicare Spending per Beneficiary),,2024-01-01,2024-12-31,0.98
30011,MSPB-1,Medicare hospital spending per patient (Medicare Spending per Beneficiary),,2024-01-01,2024-12-31,1.07
30012,MSPB-1,Medicare hospital spending per patient (Medicare Spending per Beneficiary),,2024-01-01,2024-12-31,0.99
30013,MSPB-1,Medicare hospital spending per patient (Medicare Spending per Beneficiary),,2024-01-01,2024-12-31,1.04
30014,MSPB-1,Medicare hospital spending per patient (Medicare Spending per Beneficiary),,2024-01-01,2024-12-31,0.98
30016,MSPB-1,Medicare hospital spending per patient (Medicare Spending per Beneficiary),,2024-01-01,2024-12-31,0.93
30022,MSPB-1,Medicare hospital spending per patient (Medicare Spending per Beneficiary),,2024-01-01,2024-12-31,1.12
30023,MSPB-1,Medicare hospital spending per patient (Medicare Spending per Beneficiary),,2024-01-01,2024-12-31,1.05
30024,MSPB-1,Medicare hospital spending per patient (Medicare Spending per Beneficiary),,2024-01-01,2024-12-31,1.03
30030,MSPB-1,Medicare hospital spending per patient (Medicare Spending per Beneficiary),,2024-01-01,2024-12-31,1.08
30036,MSPB-1,Medicare hospital spending per patient (Medicare Spending per Beneficiary),,2024-01-01,2024-12-31,1.04
30037,MSPB-1,Medicare hospital spending per patient (Medicare Spending per Beneficiary),,2024-01-01,2024-12-31,1.09
30038,MSPB-1,Medicare hospital spending per patient (Medicare Spending per Beneficiary),,2024-01-01,2024-12-31,1.02
30043,MSPB-1,Medicare hospital spending per patient (Medicare Spending per Beneficiary),,2024-01-01,2024-12-31,1.03
30055,MSPB-1,Medicare hospital spending per patient (Medicare Spending per Beneficiary),,2024-01-01,2024-12-31,0.88
30061,MSPB-1,Medicare hospital spending per patient (Medicare Spending per Beneficiary),,2024-01-01,2024-12-31,0.99
30062,MSPB-1,Medicare hospital spending per patient (Medicare Spending per Beneficiary),,2024-01-01,2024-12-31,0.92
30064,MSPB-1,Medicare hospital spending per patient (Medicare Spending per Beneficiary),,2024-01-01,2024-12-31,1.0
30065,MSPB-1,Medicare hospital spending per patient (Medicare Spending per Beneficiary),,2024-01-01,2024-12-31,1.04
30069,MSPB-1,Medicare hospital spending per patient (Medicare Spending per Beneficiary),,2024-01-01,2024-12-31,0.95
30071,MSPB-1,Medicare hospital spending per patient (Medicare Spending per Beneficiary),,2024-01-01,2024-12-31,0.72
30073,MSPB-1,Medicare hospital spending per patient (Medicare Spending per Beneficiary),,2024-01-01,2024-12-31,0.79
30074,MSPB-1,Medicare hospital spending per patient (Medicare Spending per Beneficiary),1.0,2024-01-01,2024-12-31,
30078,MSPB-1,Medicare hospital spending per patient (Medicare Spending per Beneficiary),,2024-01-01,2024-12-31,0.83
30083,MSPB-1,Medicare hospital spending per patient (Medicare Spending per Beneficiary),,2024-01-01,2024-12-31,0.97
30084,MSPB-1,Medicare hospital spending per patient (Medicare Spending per Beneficiary),,2024-01-01,2024-12-31,0.62
30085,MSPB-1,Medicare hospital spending per patient (Medicare Spending per Beneficiary),,2024-01-01,2024-12-31,1.01
30087,MSPB-1,Medicare hospital spending per patient (Medicare Spending per Beneficiary),,2024-01-01,2024-12-31,0.99
30088,MSPB-1,Medicare hospital spending per patient (Medicare Spending per Beneficiary),,2024-01-01,2024-12-31,1.01
30089,MSPB-1,Medicare hospital spending per patient (Medicare Spending per Beneficiary),,2024-01-01,2024-12-31,1.05
30092,MSPB-1,Medicare hospital spending per patient (Medicare Spending per Beneficiary),,2024-01-01,2024-12-31,1.02
30093,MSPB-1,Medicare hospital spending per patient (Medicare Spending per Beneficiary),,2024-01-01,2024-12-31,0.96
30094,MSPB-1,Medicare hospital spending per patient (Medicare Spending per Beneficiary),,2024-01-01,2024-12-31,1.02
30101,MSPB-1,Medicare hospital spending per patient (Medicare Spending per Beneficiary),,2024-01-01,2024-12-31,0.9
30103,MSPB-1,Medicare hospital spending per patient (Medicare Spending per Beneficiary),,2024-01-01,2024-12-31,0.94
30105,MSPB-1,Medicare hospital spending per patient (Medicare Spending per Beneficiary),,2024-01-01,2024-12-31,1.0
30107,MSPB-1,Medicare hospital spending per patient (Medicare Spending per Beneficiary),,2024-01-01,2024-12-31,0.85
30108,MSPB-1,Medicare hospital spending per patient (Medicare Spending per Beneficiary),,2024-01-01,2024-12-31,0.96
30110,MSPB-1,Medicare hospital spending per patient (Medicare Spending per Beneficiary),,2024-01-01,2024-12-31,1.02
30111,MSPB-1,Medicare hospital spending per patient (Medicare Spending per Beneficiary),,2024-01-01,2024-12-31,0.94
30112,MSPB-1,Medicare hospital spending per patient (Medicare Spending per Beneficiary),,2024-01-01,2024-12-31,0.95
30113,MSPB-1,Medicare hospital spending per patient (Medicare Spending per Beneficiary),,2024-01-01,2024-12-31,0.71
30114,MSPB-1,Medicare hospital spending per patient (Medicare Spending per Beneficiary),,2024-01-01,2024-12-31,0.95
30115,MSPB-1,Medicare hospital spending per patient (Medicare Spending per Beneficiary),,2024-01-01,2024-12-31,0.97
30117,MSPB-1,Medicare hospital spending per patient (Medicare Spending per Beneficiary),,2024-01-01,2024-12-31,0.86
30119,MSPB-1,Medicare hospital spending per patient (Medicare Spending per Beneficiary),,2024-01-01,2024-12-31,1.03
30121,MSPB-1,Medicare hospital spending per patient (Medicare Spending per Beneficiary),,2024-01-01,2024-12-31,0.96
30122,MSPB-1,Medicare hospital spending per patient (Medicare Spending per Beneficiary),,2024-01-01,2024-12-31,0.99
30123,MSPB-1,Medicare hospital spending per patient (Medicare Spending per Beneficiary),,2024-01-01,2024-12-31,0.94
30130,MSPB-1,Medicare hospital spending per patient (Medicare Spending per Beneficiary),,2024-01-01,2024-12-31,0.91
30134,MSPB-1,Medicare hospital spending per patient (Medicare Spending per Beneficiary),,2024-01-01,2024-12-31,0.78
30136,MSPB-1,Medicare hospital spending per patient (Medicare Spending per Beneficiary),,2024-01-01,2024-12-31,0.84
30138,MSPB-1,Medicare hospital spending per patient (Medicare Spending per Beneficiary),,2024-01-01,2024-12-31,1.09
30139,MSPB-1,Medicare hospital spending per patient (Medicare Spending per Beneficiary),,2024-01-01,2024-12-31,0.94
30146,MSPB-1,Medicare hospital spending per patient (Medicare Spending per Beneficiary),,2024-01-01,2024-12-31,0.96
30147,MSPB-1,Medicare hospital spending per patient (Medicare Spending per Beneficiary),,2024-01-01,2024-12-31,1.0
30148,MSPB-1,Medicare hospital spending per patient (Medicare Spending per Beneficiary),,2024-01-01,2024-12-31,0.91
30152,MSPB-1,Medicare hospital spending per patient (Medicare Spending per Beneficiary),,2024-01-01,2024-12-31,0.74
30153,MSPB-1,Medicare hospital spending per patient (Medicare Spending per Beneficiary),1.0,2024-01-01,2024-12-31,
30154,MSPB-1,Medicare hospital spending per patient (Medicare Spending per Beneficiary),,2024-01-01,2024-12-31,0.98
30155,MSPB-1,Medicare hospital spending per patient (Medicare Spending per Beneficiary),1.0,2024-01-01,2024-12-31,
30195,MSPB-1,Medicare hospital spending per patient (Medicare Spending per Beneficiary),19.0,2024-01-01,2024-12-31,
31300,MSPB-1,Medicare hospital spending per patient (Medicare Spending per Beneficiary),5.0,2024-01-01,2024-12-31,
31301,MSPB-1,Medicare hospital spending per patient (Medicare Spending per Beneficiary),5.0,2024-01-01,2024-12-31,
31302,MSPB-1,Medicare hospital spending per patient (Medicare Spending per Beneficiary),5.0,2024-01-01,2024-12-31,
31304,MSPB-1,Medicare hospital spending per patient (Medicare Spending per Beneficiary),5.0,2024-01-01,2024-12-31,
31305,MSPB-1,Medicare hospital spending per patient (Medicare Spending per Beneficiary),5.0,2024-01-01,2024-12-31,
31307,MSPB-1,Medicare hospital spending per patient (Medicare Spending per Beneficiary),5.0,2024-01-01,2024-12-31,
31308,MSPB-1,Medicare hospital spending per patient (Medicare Spending per Beneficiary),5.0,2024-01-01,2024-12-31,
31309,MSPB-1,Medicare hospital spending per patient (Medicare Spending per Beneficiary),5.0,2024-01-01,2024-12-31,
31311,MSPB-1,Medicare hospital spending per patient (Medicare Spending per Beneficiary),5.0,2024-01-01,2024-12-31,
31312,MSPB-1,Medicare hospital spending per patient (Medicare Spending per Beneficiary),5.0,2024-01-01,2024-12-31,
31313,MSPB-1,Medicare hospital spending per patient (Medicare Spending per Beneficiary),5.0,2024-01-01,2024-12-31,
31314,MSPB-1,Medicare hospital spending per patient (Medicare Spending per Beneficiary),5.0,2024-01-01,2024-12-31,
31315,MSPB-1,Medicare hospital spending per patient (Medicare Spending per Beneficiary),5.0,2024-01-01,2024-12-31,
31317,MSPB-1,Medicare hospital spending per patient (Medicare Spending per Beneficiary),5.0,2024-01-01,2024-12-31,
31318,MSPB-1,Medicare hospital spending per patient (Medicare Spending per Beneficiary),5.0,2024-01-01,2024-12-31,
31319,MSPB-1,Medicare hospital spending per patient (Medicare Spending per Beneficiary),5.0,2024-01-01,2024-12-31,
31320,MSPB-1,Medicare hospital spending per patient (Medicare Spending per Beneficiary),5.0,2024-01-01,2024-12-31,
33302,MSPB-1,Medicare hospital spending per patient (Medicare Spending per Beneficiary),19.0,2024-01-01,2024-12-31,
40001,MSPB-1,Medicare hospital spending per patient (Medicare Spending per Beneficiary),,2024-01-01,2024-12-31,0.93
40002,MSPB-1,Medicare hospital spending per patient (Medicare Spending per Beneficiary),,2024-01-01,2024-12-31,1.12
40004,MSPB-1,Medicare hospital spending per patient (Medicare Spending per Beneficiary),,2024-01-01,2024-12-31,1.04
40007,MSPB-1,Medicare hospital spending per patient (Medicare Spending per Beneficiary),,2024-01-01,2024-12-31,1.06
40010,MSPB-1,Medicare hospital spending per patient (Medicare Spending per Beneficiary),,2024-01-01,2024-12-31,1.02
40011,MSPB-1,Medicare hospital spending per patient (Medicare Spending per Beneficiary),,2024-01-01,2024-12-31,0.85
40014,MSPB-1,Medicare hospital spending per patient (Medicare Spending per Beneficiary),,2024-01-01,2024-12-31,1.04
40016,MSPB-1,Medicare hospital spending per patient (Medicare Spending per Beneficiary),,2024-01-01,2024-12-31,0.98
40017,MSPB-1,Medicare hospital spending per patient (Medicare Spending per Beneficiary),,2024-01-01,2024-12-31,1.03
40018,MSPB-1,Medicare hospital spending per patient (Medicare Spending per Beneficiary),1.0,2024-01-01,2024-12-31,
40019,MSPB-1,Medicare hospital spending per patient (Medicare Spending per Beneficiary),,2024-01-01,2024-12-31,0.97
40020,MSPB-1,Medicare hospital spending per patient (Medicare Spending per Beneficiary),,2024-01-01,2024-12-31,1.06
40022,MSPB-1,Medicare hospital spending per patient (Medicare Spending per Beneficiary),,2024-01-01,2024-12-31,1.01
40026,MSPB-1,Medicare hospital spending per patient (Medicare Spending per Beneficiary),,2024-01-01,2024-12-31,1.11
40027,MSPB-1,Medicare hospital spending per patient (Medicare Spending per Beneficiary),,2024-01-01,2024-12-31,0.99
40029,MSPB-1,Medicare hospital spending per patient (Medicare Spending per Beneficiary),,2024-01-01,2024-12-31,1.03
40036,MSPB-1,Medicare hospital spending per patient (Medicare Spending per Beneficiary),,2024-01-01,2024-12-31,1.05
40039,MSPB-1,Medicare hospital spending per patient (Medicare Spending per Beneficiary),,2024-01-01,2024-12-31,1.12
40041,MSPB-1,Medicare hospital spending per patient (Medicare Spending per Beneficiary),,2024-01-01,2024-12-31,1.04
40050,MSPB-1,Medicare hospital spending per patient (Medicare Spending per Beneficiary),,2024-01-01,2024-12-31,1.04
40051,MSPB-1,Medicare hospital spending per patient (Medicare Spending per Beneficiary),,2024-01-01,2024-12-31,1.0
40055,MSPB-1,Medicare hospital spending per patient (Medicare Spending per Beneficiary),,2024-01-01,2024-12-31,1.01
40062,MSPB-1,Medicare hospital spending per patient (Medicare Spending per Beneficiary),,2024-01-01,2024-12-31,1.07
40067,MSPB-1,Medicare hospital spending per patient (Medicare Spending per Beneficiary),,2024-01-01,2024-12-31,1.16
40069,MSPB-1,Medicare hospital spending per patient (Medicare Spending per Beneficiary),,2024-01-01,2024-12-31,1.16
40071,MSPB-1,Medicare hospital spending per patient (Medicare Spending per Beneficiary),,2024-01-01,2024-12-31,1.1
40072,MSPB-1,Medicare hospital spending per patient (Medicare Spending per Beneficiary),,2024-01-01,2024-12-31,0.98
40076,MSPB-1,Medicare hospital spending per patient (Medicare Spending per Beneficiary),,2024-01-01,2024-12-31,1.01
40078,MSPB-1,Medicare hospital spending per patient (Medicare Spending per Beneficiary),,2024-01-01,2024-12-31,1.18
40084,MSPB-1,Medicare hospital spending per patient (Medicare Spending per Beneficiary),,2024-01-01,2024-12-31,1.01
40088,MSPB-1,Medicare hospital spending per patient (Medicare Spending per Beneficiary),,2024-01-01,2024-12-31,1.1
40114,MSPB-1,Medicare hospital spending per patient (Medicare Spending per Beneficiary),,2024-01-01,2024-12-31,1.09
40118,MSPB-1,Medicare hospital spending per patient (Medicare Spending per Beneficiary),,2024-01-01,2024-12-31,1.01
40119,MSPB-1,Medicare hospital spending per patient (Medicare Spending per Beneficiary),,2024-01-01,2024-12-31,0.99
40132,MSPB-1,Medicare hospital spending per patient (Medicare Spending per Beneficiary),5.0,2024-01-01,2024-12-31,
40134,MSPB-1,Medicare hospital spending per patient (Medicare Spending per Beneficiary),,2024-01-01,2024-12-31,0.94
40137,MSPB-1,Medicare hospital spending per patient (Medicare Spending per Beneficiary),,2024-01-01,2024-12-31,1.11
40147,MSPB-1,Medicare hospital spending per patient (Medicare Spending per Beneficiary),,2024-01-01,2024-12-31,0.91
40153,MSPB-1,Medicare hospital spending per patient (Medicare Spending per Beneficiary),,2024-01-01,2024-12-31,1.17
40154,MSPB-1,Medicare hospital spending per patient (Medicare Spending per Beneficiary),,2024-01-01,2024-12-31,1.08
40156,MSPB-1,Medicare hospital spending per patient (Medicare Spending per Beneficiary),,2024-01-01,2024-12-31,0.95
40161,MSPB-1,Medicare hospital spending per patient (Medicare Spending per Beneficiary),,2024-01-01,2024-12-31,0.99
40164,MSPB-1,Medicare hospital spending per patient (Medicare Spending per Beneficiary),,2024-01-01,2024-12-31,0.82
40779,MSPB-1,Medicare hospital spending per patient (Medicare Spending per Beneficiary),19.0,2024-01-01,2024-12-31,
40780,MSPB-1,Medicare hospital spending per patient (Medicare Spending per Beneficiary),19.0,2024-01-01,2024-12-31,
40781,MSPB-1,Medicare hospital spending per patient (Medicare Spending per Beneficiary),19.0,2024-01-01,2024-12-31,
40782,MSPB-1,Medicare hospital spending per patient (Medicare Spending per Beneficiary),19.0,2024-01-01,2024-12-31,
40783,MSPB-1,Medicare hospital spending per patient (Medicare Spending per Beneficiary),19.0,2024-01-01,2024-12-31,
41300,MSPB-1,Medicare hospital spending per patient (Medicare Spending per Beneficiary),5.0,2024-01-01,2024-12-31,
41302,MSPB-1,Medicare hospital spending per patient (Medicare Spending per Beneficiary),5.0,2024-01-01,2024-12-31,
41303,MSPB-1,Medicare hospital spending per patient (Medicare Spending per Beneficiary),5.0,2024-01-01,2024-12-31,
41305,MSPB-1,Medicare hospital spending per patient (Medicare Spending per Beneficiary),5.0,2024-01-01,2024-12-31,
41306,MSPB-1,Medicare hospital spending per patient (Medicare Spending per Beneficiary),5.0,2024-01-01,2024-12-31,
41307,MSPB-1,Medicare hospital spending per patient (Medicare Spending per Beneficiary),5.0,2024-01-01,2024-12-31,
41308,MSPB-1,Medicare hospital spending per patient (Medicare Spending per Beneficiary),5.0,2024-01-01,2024-12-31,
41309,MSPB-1,Medicare hospital spending per patient (Medicare Spending per Beneficiary),5.0,2024-01-01,2024-12-31,
41310,MSPB-1,Medicare hospital spending per patient (Medicare Spending per Beneficiary),5.0,2024-01-01,2024-12-31,
41311,MSPB-1,Medicare hospital spending per patient (Medicare Spending per Beneficiary),5.0,2024-01-01,2024-12-31,
41312,MSPB-1,Medicare hospital spending per patient (Medicare Spending per Beneficiary),5.0,2024-01-01,2024-12-31,
41313,MSPB-1,Medicare hospital spending per patient (Medicare Spending per Beneficiary),5.0,2024-01-01,2024-12-31,
41317,MSPB-1,Medicare hospital spending per patient (Medicare Spending per Beneficiary),5.0,2024-01-01,2024-12-31,
41318,MSPB-1,Medicare hospital spending per patient (Medicare Spending per Beneficiary),5.0,2024-01-01,2024-12-31,
41320,MSPB-1,Medicare hospital spending per patient (Medicare Spending per Beneficiary),5.0,2024-01-01,2024-12-31,
41321,MSPB-1,Medicare hospital spending per patient (Medicare Spending per Beneficiary),5.0,2024-01-01,2024-12-31,
41322,MSPB-1,Medicare hospital spending per patient (Medicare Spending per Beneficiary),5.0,2024-01-01,2024-12-31,
41323,MSPB-1,Medicare hospital spending per patient (Medicare Spending per Beneficiary),5.0,2024-01-01,2024-12-31,
41324,MSPB-1,Medicare hospital spending per patient (Medicare Spending per Beneficiary),5.0,2024-01-01,2024-12-31,
41326,MSPB-1,Medicare hospital spending per patient (Medicare Spending per Beneficiary),5.0,2024-01-01,2024-12-31,
41327,MSPB-1,Medicare hospital spending per patient (Medicare Spending per Beneficiary),5.0,2024-01-01,2024-12-31,
41328,MSPB-1,Medicare hospital spending per patient (Medicare Spending per Beneficiary),5.0,2024-01-01,2024-12-31,
41329,MSPB-1,Medicare hospital spending per patient (Medicare Spending per Beneficiary),5.0,2024-01-01,2024-12-31,
41330,MSPB-1,Medicare hospital spending per patient (Medicare Spending per Beneficiary),5.0,2024-01-01,2024-12-31,
41331,MSPB-1,Medicare hospital spending per patient (Medicare Spending per Beneficiary),5.0,2024-01-01,2024-12-31,
41332,MSPB-1,Medicare hospital spending per patient (Medicare Spending per Beneficiary),5.0,2024-01-01,2024-12-31,
41333,MSPB-1,Medicare hospital spending per patient (Medicare Spending per Beneficiary),19.0,2024-01-01,2024-12-31,
41334,MSPB-1,Medicare hospital spending per patient (Medicare Spending per Beneficiary),5.0,2024-01-01,2024-12-31,
41335,MSPB-1,Medicare hospital spending per patient (Medicare Spending per Beneficiary),19.0,2024-01-01,2024-12-31,
43300,MSPB-1,Medicare hospital spending per patient (Medicare Spending per Beneficiary),19.0,2024-01-01,2024-12-31,
43301,MSPB-1,Medicare hospital spending per patient (Medicare Spending per Beneficiary),19.0,2024-01-01,2024-12-31,
50002,MSPB-1,Medicare hospital spending per patient (Medicare Spending per Beneficiary),,2024-01-01,2024-12-31,1.12
50006,MSPB-1,Medicare hospital spending per patient (Medicare Spending per Beneficiary),,2024-01-01,2024-12-31,0.96
50007,MSPB-1,Medicare hospital spending per patient (Medicare Spending per Beneficiary),,2024-01-01,2024-12-31,0.97
50008,MSPB-1,Medicare hospital spending per patient (Medicare Spending per Beneficiary),,2024-01-01,2024-12-31,0.99
50009,MSPB-1,Medicare hospital spending per patient (Medicare Spending per Beneficiary),,2024-01-01,2024-12-31,0.98
50013,MSPB-1,Medicare hospital spending per patient (Medicare Spending per Beneficiary),,2024-01-01,2024-12-31,1.04
50014,MSPB-1,Medicare hospital spending per patient (Medicare Spending per Beneficiary),,2024-01-01,2024-12-31,0.96
50017,MSPB-1,Medicare hospital spending per patient (Medicare Spending per Beneficiary),,2024-01-01,2024-12-31,1.0
50022,MSPB-1,Medicare hospital spending per patient (Medicare Spending per Beneficiary),,2024-01-01,2024-12-31,1.12
50024,MSPB-1,Medicare hospital spending per patient (Medicare Spending per Beneficiary),,2024-01-01,2024-12-31,1.07
50025,MSPB-1,Medicare hospital spending per patient (Medicare Spending per Beneficiary),,2024-01-01,2024-12-31,0.99
50026,MSPB-1,Medicare hospital spending per patient (Medicare Spending per Beneficiary),,2024-01-01,2024-12-31,1.08
50028,MSPB-1,Medicare hospital spending per patient (Medicare Spending per Beneficiary),,2024-01-01,2024-12-31,0.91
50030,MSPB-1,Medicare hospital spending per patient (Medicare Spending per Beneficiary),,2024-01-01,2024-12-31,0.88
50036,MSPB-1,Medicare hospital spending per patient (Medicare Spending per Beneficiary),,2024-01-01,2024-12-31,1.05
50038,MSPB-1,Medicare hospital spending per patient (Medicare Spending per Beneficiary),,2024-01-01,2024-12-31,1.05
50039,MSPB-1,Medicare hospital spending per patient (Medicare Spending per Beneficiary),,2024-01-01,2024-12-31,0.99
50040,MSPB-1,Medicare hospital spending per patient (Medicare Spending per Beneficiary),,2024-01-01,2024-12-31,0.83
50042,MSPB-1,Medicare hospital spending per patient (Medicare Spending per Beneficiary),,2024-01-01,2024-12-31,0.95
50043,MSPB-1,Medicare hospital spending per patient (Medicare Spending per Beneficiary),,2024-01-01,2024-12-31,1.01
50045,MSPB-1,Medicare hospital spending per patient (Medicare Spending per Beneficiary),,2024-01-01,2024-12-31,0.97
50047,MSPB-1,Medicare hospital spending per patient (Medicare Spending per Beneficiary),,2024-01-01,2024-12-31,0.95
50054,MSPB-1,Medicare hospital spending per patient (Medicare Spending per Beneficiary),,2024-01-01,2024-12-31,1.07
50055,MSPB-1,Medicare hospital spending per patient (Medicare Spending per Beneficiary),,2024-01-01,2024-12-31,0.93
50056,MSPB-1,Medicare hospital spending per patient (Medicare Spending per Beneficiary),,2024-01-01,2024-12-31,1.07
50057,MSPB-1,Medicare hospital spending per patient (Medicare Spending per Beneficiary),,2024-01-01,2024-12-31,1.02
50058,MSPB-1,Medicare hospital spending per patient (Medicare Spending per Beneficiary),,2024-01-01,2024-12-31,1.11
50060,MSPB-1,Medicare hospital spending per patient (Medicare Spending per Beneficiary),,2024-01-01,2024-12-31,1.01
50063,MSPB-1,Medicare hospital spending per patient (Medicare Spending per Beneficiary),,2024-01-01,2024-12-31,1.18
50067,MSPB-1,Medicare hospital spending per patient (Medicare Spending per Beneficiary),,2024-01-01,2024-12-31,0.83
50069,MSPB-1,Medicare hospital spending per patient (Medicare Spending per Beneficiary),,2024-01-01,2024-12-31,1.0
50070,MSPB-1,Medicare hospital spending per patient (Medicare Spending per Beneficiary),,2024-01-01,2024-12-31,0.85
50071,MSPB-1,Medicare hospital spending per patient (Medicare Spending per Beneficiary),,2024-01-01,2024-12-31,1.01
50072,MSPB-1,Medicare hospital spending per patient (Medicare Spending per Beneficiary),,2024-01-01,2024-12-31,0.88
50073,MSPB-1,Medicare hospital spending per patient (Medicare Spending per Beneficiary),,2024-01-01,2024-12-31,0.87
50075,MSPB-1,Medicare hospital spending per patient (Medicare Spending per Beneficiary),,2024-01-01,2024-12-31,0.94
50076,MSPB-1,Medicare hospital spending per patient (Medicare Spending per Beneficiary),,2024-01-01,2024-12-31,0.86
50077,MSPB-1,Medicare hospital spending per patient (Medicare Spending per Beneficiary),,2024-01-01,2024-12-31,1.04
50078,MSPB-1,Medicare hospital spending per patient (Medicare Spending per Beneficiary),,2024-01-01,2024-12-31,0.98
50082,MSPB-1,Medicare hospital spending per patient (Medicare Spending per Beneficiary),,2024-01-01,2024-12-31,1.02
50084,MSPB-1,Medicare hospital spending per patient (Medicare Spending per Beneficiary),,2024-01-01,2024-12-31,0.99
50089,MSPB-1,Medicare hospital spending per patient (Medicare Spending per Beneficiary),,2024-01-01,2024-12-31,1.16
50090,MSPB-1,Medicare hospital spending per patient (Medicare Spending per Beneficiary),,2024-01-01,2024-12-31,1.01
50091,MSPB-1,Medicare hospital spending per patient (Medicare Spending per Beneficiary),,2024-01-01,2024-12-31,1.08
50093,MSPB-1,Medicare hospital spending per patient (Medicare Spending per Beneficiary),,2024-01-01,2024-12-31,0.99
50099,MSPB-1,Medicare hospital spending per patient (Medicare Spending per Beneficiary),,2024-01-01,2024-12-31,1.06
50100,MSPB-1,Medicare hospital spending per patient (Medicare Spending per Beneficiary),,2024-01-01,2024-12-31,1.0
50101,MSPB-1,Medicare hospital spending per patient (Medicare Spending per Beneficiary),,2024-01-01,2024-12-31,1.03
50102,MSPB-1,Medicare hospital spending per patient (Medicare Spending per Beneficiary),,2024-01-01,2024-12-31,1.43
50103,MSPB-1,Medicare hospital spending per patient (Medicare Spending per Beneficiary),,2024-01-01,2024-12-31,1.1
50104,MSPB-1,Medicare hospital spending per patient (Medicare Spending per Beneficiary),,2024-01-01,2024-12-31,1.11
50107,MSPB-1,Medicare hospital spending per patient (Medicare Spending per Beneficiary),,2024-01-01,2024-12-31,0.94
50108,MSPB-1,Medicare hospital spending per patient (Medicare Spending per Beneficiary),,2024-01-01,2024-12-31,1.0
50110,MSPB-1,Medicare hospital spending per patient (Medicare Spending per Beneficiary),,2024-01-01,2024-12-31,1.0
50112,MSPB-1,Medicare hospital spending per patient (Medicare Spending per Beneficiary),,2024-01-01,2024-12-31,1.01
50113,MSPB-1,Medicare hospital spending per patient (Medicare Spending per Beneficiary),,2024-01-01,2024-12-31,0.91
50115,MSPB-1,Medicare hospital spending per patient (Medicare Spending per Beneficiary),,2024-01-01,2024-12-31,1.12
50116,MSPB-1,Medicare hospital spending per patient (Medicare Spending per Beneficiary),,2024-01-01,2024-12-31,1.09
50118,MSPB-1,Medicare hospital spending per patient (Medicare Spending per Beneficiary),,2024-01-01,2024-12-31,1.06
50121,MSPB-1,Medicare hospital spending per patient (Medicare Spending per Beneficiary),,2024-01-01,2024-12-31,0.99
50122,MSPB-1,Medicare hospital spending per patient (Medicare Spending per Beneficiary),,2024-01-01,2024-12-31,1.05
50124,MSPB-1,Medicare hospital spending per patient (Medicare Spending per Beneficiary),,2024-01-01,2024-12-31,0.99
50125,MSPB-1,Medicare hospital spending per patient (Medicare Spending per Beneficiary),,2024-01-01,2024-12-31,0.99
50126,MSPB-1,Medicare hospital spending per patient (Medicare Spending per Beneficiary),,2024-01-01,2024-12-31,1.16
50127,MSPB-1,Medicare hospital spending per patient (Medicare Spending per Beneficiary),,2024-01-01,2024-12-31,0.89
50128,MSPB-1,Medicare hospital spending per patient (Medicare Spending per Beneficiary),,2024-01-01,2024-12-31,1.04
50129,MSPB-1,Medicare hospital spending per patient (Medicare Spending per Beneficiary),,2024-01-01,2024-12-31,1.05
50131,MSPB-1,Medicare hospital spending per patient (Medicare Spending per Beneficiary),,2024-01-01,2024-12-31,0.93
50132,MSPB-1,Medicare hospital spending per patient (Medicare Spending per Beneficiary),,2024-01-01,2024-12-31,1.21
50133,MSPB-1,Medicare hospital spending per patient (Medicare Spending per Beneficiary),,2024-01-01,2024-12-31,0.98
50135,MSPB-1,Medicare hospital spending per patient (Medicare Spending per Beneficiary),,2024-01-01,2024-12-31,1.35
50136,MSPB-1,Medicare hospital spending per patient (Medicare Spending per Beneficiary),,2024-01-01,2024-12-31,0.97
50137,MSPB-1,Medicare hospital spending per patient (Medicare Spending per Beneficiary),,2024-01-01,2024-12-31,0.91
50138,MSPB-1,Medicare hospital spending per patient (Medicare Spending per Beneficiary),,2024-01-01,2024-12-31,0.9
50139,MSPB-1,Medicare hospital spending per patient (Medicare Spending per Beneficiary),,2024-01-01,2024-12-31,0.88
50140,MSPB-1,Medicare hospital spending per patient (Medicare Spending per Beneficiary),,2024-01-01,2024-12-31,0.93
50145,MSPB-1,Medicare hospital spending per patient (Medicare Spending per Beneficiary),,2024-01-01,2024-12-31,0.94
50149,MSPB-1,Medicare hospital spending per patient (Medicare Spending per Beneficiary),,2024-01-01,2024-12-31,1.05
50150,MSPB-1,Medicare hospital spending per patient (Medicare Spending per Beneficiary),,2024-01-01,2024-12-31,0.97
50152,MSPB-1,Medicare hospital spending per patient (Medicare Spending per Beneficiary),,2024-01-01,2024-12-31,1.09
50158,MSPB-1,Medicare hospital spending per patient (Medicare Spending per Beneficiary),,2024-01-01,2024-12-31,1.26
50159,MSPB-1,Medicare hospital spending per patient (Medicare Spending per Beneficiary),,2024-01-01,2024-12-31,1.0
50167,MSPB-1,Medicare hospital spending per patient (Medicare Spending per Beneficiary),,2024-01-01,2024-12-31,1.01
50168,MSPB-1,Medicare hospital spending per patient (Medicare Spending per Beneficiary),,2024-01-01,2024-12-31,1.06
50169,MSPB-1,Medicare hospital spending per patient (Medicare Spending per Beneficiary),,2024-01-01,2024-12-31,0.96
50174,MSPB-1,Medicare hospital spending per patient (Medicare Spending per Beneficiary),,2024-01-01,2024-12-31,1.04
50179,MSPB-1,Medicare hospital spending per patient (Medicare Spending per Beneficiary),,2024-01-01,2024-12-31,0.95
50180,MSPB-1,Medicare hospital spending per patient (Medicare Spending per Beneficiary),,2024-01-01,2024-12-31,1.02
50191,MSPB-1,Medicare hospital spending per patient (Medicare Spending per Beneficiary),,2024-01-01,2024-12-31,1.1
50192,MSPB-1,Medicare hospital spending per patient (Medicare Spending per Beneficiary),,2024-01-01,2024-12-31,1.06
50194,MSPB-1,Medicare hospital spending per patient (Medicare Spending per Beneficiary),,2024-01-01,2024-12-31,0.96
50195,MSPB-1,Medicare hospital spending per patient (Medicare Spending per Beneficiary),,2024-01-01,2024-12-31,0.99
50197,MSPB-1,Medicare hospital spending per patient (Medicare Spending per Beneficiary),,2024-01-01,2024-12-31,0.94
50204,MSPB-1,Medicare hospital spending per patient (Medicare Spending per Beneficiary),,2024-01-01,2024-12-31,1.06
50211,MSPB-1,Medicare hospital spending per patient (Medicare Spending per Beneficiary),,2024-01-01,2024-12-31,0.96
50222,MSPB-1,Medicare hospital spending per patient (Medicare Spending per Beneficiary),,2024-01-01,2024-12-31,0.94
50224,MSPB-1,Medicare hospital spending per patient (Medicare Spending per Beneficiary),,2024-01-01,2024-12-31,1.02
50226,MSPB-1,Medicare hospital spending per patient (Medicare Spending per Beneficiary),,2024-01-01,2024-12-31,1.08
50228,MSPB-1,Medicare hospital spending per patient (Medicare Spending per Beneficiary),,2024-01-01,2024-12-31,0.91
50230,MSPB-1,Medicare hospital spending per patient (Medicare Spending per Beneficiary),,2024-01-01,2024-12-31,1.17
50231,MSPB-1,Medicare hospital spending per patient (Medicare Spending per Beneficiary),,2024-01-01,2024-12-31,0.99
50232,MSPB-1,Medicare hospital spending per patient (Medicare Spending per Beneficiary),,2024-01-01,2024-12-31,0.93
50234,MSPB-1,Medicare hospital spending per patient (Medicare Spending per Beneficiary),,2024-01-01,2024-12-31,0.85
50235,MSPB-1,Medicare hospital spending per patient (Medicare Spending per Beneficiary),,2024-01-01,2024-12-31,1.01
50236,MSPB-1,Medicare hospital spending per patient (Medicare Spending per Beneficiary),,2024-01-01,2024-12-31,1.0
50238,MSPB-1,Medicare hospital spending per patient (Medicare Spending per Beneficiary),,2024-01-01,2024-12-31,1.13
50239,MSPB-1,Medicare hospital spending per patient (Medicare Spending per Beneficiary),,2024-01-01,2024-12-31,1.09
50242,MSPB-1,Medicare hospital spending per patient (Medicare Spending per Beneficiary),,2024-01-01,2024-12-31,1.0
50243,MSPB-1,Medicare hospital spending per patient (Medicare Spending per Beneficiary),,2024-01-01,2024-12-31,1.04
50245,MSPB-1,Medicare hospital spending per patient (Medicare Spending per Beneficiary),,2024-01-01,2024-12-31,1.02
50248,MSPB-1,Medicare hospital spending per patient (Medicare Spending per Beneficiary),,2024-01-01,2024-12-31,1.04
50254,MSPB-1,Medicare hospital spending per patient (Medicare Spending per Beneficiary),,2024-01-01,2024-12-31,0.95
50257,MSPB-1,Medicare hospital spending per patient (Medicare Spending per Beneficiary),,2024-01-01,2024-12-31,1.42
50261,MSPB-1,Medicare hospital spending per patient (Medicare Spending per Beneficiary),,2024-01-01,2024-12-31,1.02
50262,MSPB-1,Medicare hospital spending per patient (Medicare Spending per Beneficiary),,2024-01-01,2024-12-31,0.99
50272,MSPB-1,Medicare hospital spending per patient (Medicare Spending per Beneficiary),,2024-01-01,2024-12-31,1.05
50276,MSPB-1,Medicare hospital spending per patient (Medicare Spending per Beneficiary),,2024-01-01,2024-12-31,0.96
50278,MSPB-1,Medicare hospital spending per patient (Medicare Spending per Beneficiary),,2024-01-01,2024-12-31,1.01
50279,MSPB-1,Medicare hospital spending per patient (Medicare Spending per Beneficiary),,2024-01-01,2024-12-31,0.92
50280,MSPB-1,Medicare hospital spending per patient (Medicare Spending per Beneficiary),,2024-01-01,2024-12-31,1.03
50281,MSPB-1,Medicare hospital spending per patient (Medicare Spending per Beneficiary),,2024-01-01,2024-12-31,1.18
50283,MSPB-1,Medicare hospital spending per patient (Medicare Spending per Beneficiary),,2024-01-01,2024-12-31,1.01
50289,MSPB-1,Medicare hospital spending per patient (Medicare Spending per Beneficiary),,2024-01-01,2024-12-31,1.01
50290,MSPB-1,Medicare hospital spending per patient (Medicare Spending per Beneficiary),,2024-01-01,2024-12-31,1.02
50291,MSPB-1,Medicare hospital spending per patient (Medicare Spending per Beneficiary),,2024-01-01,2024-12-31,0.96
50292,MSPB-1,Medicare hospital spending per patient (Medicare Spending per Beneficiary),,2024-01-01,2024-12-31,1.05
50295,MSPB-1,Medicare hospital spending per patient (Medicare Spending per Beneficiary),,2024-01-01,2024-12-31,1.04
50298,MSPB-1,Medicare hospital spending per patient (Medicare Spending per Beneficiary),,2024-01-01,2024-12-31,1.04
50300,MSPB-1,Medicare hospital spending per patient (Medicare Spending per Beneficiary),,2024-01-01,2024-12-31,0.99
50301,MSPB-1,Medicare hospital spending per patient (Medicare Spending per Beneficiary),,2024-01-01,2024-12-31,0.95
50305,MSPB-1,Medicare hospital spending per patient (Medicare Spending per Beneficiary),,2024-01-01,2024-12-31,0.97
50308,MSPB-1,Medicare hospital spending per patient (Medicare Spending per Beneficiary),,2024-01-01,2024-12-31,1.01
50309,MSPB-1,Medicare hospital spending per patient (Medicare Spending per Beneficiary),,2024-01-01,2024-12-31,0.95
50313,MSPB-1,Medicare hospital spending per patient (Medicare Spending per Beneficiary),,2024-01-01,2024-12-31,0.98
50315,MSPB-1,Medicare hospital spending per patient (Medicare Spending per Beneficiary),,2024-01-01,2024-12-31,0.98
50320,MSPB-1,Medicare hospital spending per patient (Medicare Spending per Beneficiary),,2024-01-01,2024-12-31,1.0
50324,MSPB-1,Medicare hospital spending per patient (Medicare Spending per Beneficiary),,2024-01-01,2024-12-31,0.97
50327,MSPB-1,Medicare hospital spending per patient (Medicare Spending per Beneficiary),,2024-01-01,2024-12-31,0.99
50329,MSPB-1,Medicare hospital spending per patient (Medicare Spending per Beneficiary),,2024-01-01,2024-12-31,1.04
50334,MSPB-1,Medicare hospital spending per patient (Medicare Spending per Beneficiary),,2024-01-01,2024-12-31,0.98
50335,MSPB-1,Medicare hospital spending per patient (Medicare Spending per Beneficiary),,2024-01-01,2024-12-31,0.91
50336,MSPB-1,Medicare hospital spending per patient (Medicare Spending per Beneficiary),,2024-01-01,2024-12-31,1.0
50342,MSPB-1,Medicare hospital spending per patient (Medicare Spending per Beneficiary),,2024-01-01,2024-12-31,0.87
50348,MSPB-1,Medicare hospital spending per patient (Medicare Spending per Beneficiary),,2024-01-01,2024-12-31,1.02
50350,MSPB-1,Medicare hospital spending per patient (Medicare Spending per Beneficiary),5.0,2024-01-01,2024-12-31,
50351,MSPB-1,Medicare hospital spending per patient (Medicare Spending per Beneficiary),,2024-01-01,2024-12-31,0.94
50352,MSPB-1,Medicare hospital spending per patient (Medicare Spending per Beneficiary),,2024-01-01,2024-12-31,0.87
50353,MSPB-1,Medicare hospital spending per patient (Medicare Spending per Beneficiary),,2024-01-01,2024-12-31,0.97
50357,MSPB-1,Medicare hospital spending per patient (Medicare Spending per Beneficiary),,2024-01-01,2024-12-31,1.01
50360,MSPB-1,Medicare hospital spending per patient (Medicare Spending per Beneficiary),,2024-01-01,2024-12-31,0.98
50367,MSPB-1,Medicare hospital spending per patient (Medicare Spending per Beneficiary),,2024-01-01,2024-12-31,0.94
50373,MSPB-1,Medicare hospital spending per patient (Medicare Spending per Beneficiary),,2024-01-01,2024-12-31,0.88
50376,MSPB-1,Medicare hospital spending per patient (Medicare Spending per Beneficiary),,2024-01-01,2024-12-31,0.89
50378,MSPB-1,Medicare hospital spending per patient (Medicare Spending per Beneficiary),,2024-01-01,2024-12-31,1.31
50380,MSPB-1,Medicare hospital spending per patient (Medicare Spending per Beneficiary),,2024-01-01,2024-12-31,1.02
50382,MSPB-1,Medicare hospital spending per patient (Medicare Spending per Beneficiary),,2024-01-01,2024-12-31,1.18
50390,MSPB-1,Medicare hospital spending per patient (Medicare Spending per Beneficiary),,2024-01-01,2024-12-31,1.09
50393,MSPB-1,Medicare hospital spending per patient (Medicare Spending per Beneficiary),,2024-01-01,2024-12-31,0.99
50394,MSPB-1,Medicare hospital spending per patient (Medicare Spending per Beneficiary),,2024-01-01,2024-12-31,1.01
50396,MSPB-1,Medicare hospital spending per patient (Medicare Spending per Beneficiary),,2024-01-01,2024-12-31,1.01
50407,MSPB-1,Medicare hospital spending per patient (Medicare Spending per Beneficiary),,2024-01-01,2024-12-31,0.9
50411,MSPB-1,Medicare hospital spending per patient (Medicare Spending per Beneficiary),,2024-01-01,2024-12-31,0.99
50414,MSPB-1,Medicare hospital spending per patient (Medicare Spending per Beneficiary),,2024-01-01,2024-12-31,0.94
50417,MSPB-1,Medicare hospital spending per patient (Medicare Spending per Beneficiary),,2024-01-01,2024-12-31,0.92
50424,MSPB-1,Medicare hospital spending per patient (Medicare Spending per Beneficiary),,2024-01-01,2024-12-31,0.92
50425,MSPB-1,Medicare hospital spending per patient (Medicare Spending per Beneficiary),,2024-01-01,2024-12-31,0.98
50426,MSPB-1,Medicare hospital spending per patient (Medicare Spending per Beneficiary),,2024-01-01,2024-12-31,1.23
50438,MSPB-1,Medicare hospital spending per patient (Medicare Spending per Beneficiary),,2024-01-01,2024-12-31,1.03
50441,MSPB-1,Medicare hospital spending per patient (Medicare Spending per Beneficiary),,2024-01-01,2024-12-31,0.98
50444,MSPB-1,Medicare hospital spending per patient (Medicare Spending per Beneficiary),,2024-01-01,2024-12-31,0.95
50454,MSPB-1,Medicare hospital spending per patient (Medicare Spending per Beneficiary),,2024-01-01,2024-12-31,0.96
50455,MSPB-1,Medicare hospital spending per patient (Medicare Spending per Beneficiary),,2024-01-01,2024-12-31,1.09
50457,MSPB-1,Medicare hospital spending per patient (Medicare Spending per Beneficiary),,2024-01-01,2024-12-31,0.99
50464,MSPB-1,Medicare hospital spending per patient (Medicare Spending per Beneficiary),,2024-01-01,2024-12-31,1.03
50468,MSPB-1,Medicare hospital spending per patient (Medicare Spending per Beneficiary),,2024-01-01,2024-12-31,1.1
50471,MSPB-1,Medicare hospital spending per patient (Medicare Spending per Beneficiary),,2024-01-01,2024-12-31,1.18
50481,MSPB-1,Medicare hospital spending per patient (Medicare Spending per Beneficiary),,2024-01-01,2024-12-31,1.09
50485,MSPB-1,Medicare hospital spending per patient (Medicare Spending per Beneficiary),,2024-01-01,2024-12-31,1.11
50488,MSPB-1,Medicare hospital spending per patient (Medicare Spending per Beneficiary),,2024-01-01,2024-12-31,1.07
50492,MSPB-1,Medicare hospital spending per patient (Medicare Spending per Beneficiary),,2024-01-01,2024-12-31,1.05
50496,MSPB-1,Medicare hospital spending per patient (Medicare Spending per Beneficiary),,2024-01-01,2024-12-31,0.97
50498,MSPB-1,Medicare hospital spending per patient (Medicare Spending per Beneficiary),,2024-01-01,2024-12-31,0.92
50503,MSPB-1,Medicare hospital spending per patient (Medicare Spending per Beneficiary),,2024-01-01,2024-12-31,0.94
50506,MSPB-1,Medicare hospital spending per patient (Medicare Spending per Beneficiary),,2024-01-01,2024-12-31,0.98
50510,MSPB-1,Medicare hospital spending per patient (Medicare Spending per Beneficiary),,2024-01-01,2024-12-31,0.9
50512,MSPB-1,Medicare hospital spending per patient (Medicare Spending per Beneficiary),,2024-01-01,2024-12-31,0.86
50515,MSPB-1,Medicare hospital spending per patient (Medicare Spending per Beneficiary),,2024-01-01,2024-12-31,0.87
50516,MSPB-1,Medicare hospital spending per patient (Medicare Spending per Beneficiary),,2024-01-01,2024-12-31,0.99
50517,MSPB-1,Medicare hospital spending per patient (Medicare Spending per Beneficiary),,2024-01-01,2024-12-31,1.2
50523,MSPB-1,Medicare hospital spending per patient (Medicare Spending per Beneficiary),,2024-01-01,2024-12-31,0.98
50526,MSPB-1,Medicare hospital spending per patient (Medicare Spending per Beneficiary),,2024-01-01,2024-12-31,1.25
50528,MSPB-1,Medicare hospital spending per patient (Medicare Spending per Beneficiary),,2024-01-01,2024-12-31,1.0
50534,MSPB-1,Medicare hospital spending per patient (Medicare Spending per Beneficiary),,2024-01-01,2024-12-31,0.97
50537,MSPB-1,Medicare hospital spending per patient (Medicare Spending per Beneficiary),,2024-01-01,2024-12-31,0.9
50541,MSPB-1,Medicare hospital spending per patient (Medicare Spending per Beneficiary),,2024-01-01,2024-12-31,0.91
50543,MSPB-1,Medicare hospital spending per patient (Medicare Spending per Beneficiary),,2024-01-01,2024-12-31,1.13
50546,MSPB-1,Medicare hospital spending per patient (Medicare Spending per Beneficiary),19.0,2024-01-01,2024-12-31,
50549,MSPB-1,Medicare hospital spending per patient (Medicare Spending per Beneficiary),,2024-01-01,2024-12-31,1.02
50551,MSPB-1,Medicare hospital spending per patient (Medicare Spending per Beneficiary),,2024-01-01,2024-12-31,1.03
50557,MSPB-1,Medicare hospital spending per patient (Medicare Spending per Beneficiary),,2024-01-01,2024-12-31,0.96
50561,MSPB-1,Medicare hospital spending per patient (Medicare Spending per Beneficiary),,2024-01-01,2024-12-31,1.02
50567,MSPB-1,Medicare hospital spending per patient (Medicare Spending per Beneficiary),,2024-01-01,2024-12-31,1.0
50570,MSPB-1,Medicare hospital spending per patient (Medicare Spending per Beneficiary),,2024-01-01,2024-12-31,1.11
50573,MSPB-1,Medicare hospital spending per patient (Medicare Spending per Beneficiary),,2024-01-01,2024-12-31,1.0
50580,MSPB-1,Medicare hospital spending per patient (Medicare Spending per Beneficiary),,2024-01-01,2024-12-31,1.18
50581,MSPB-1,Medicare hospital spending per patient (Medicare Spending per Beneficiary),,2024-01-01,2024-12-31,1.16
50586,MSPB-1,Medicare hospital spending per patient (Medicare Spending per Beneficiary),,2024-01-01,2024-12-31,1.03
50588,MSPB-1,Medicare hospital spending per patient (Medicare Spending per Beneficiary),,2024-01-01,2024-12-31,1.14
50590,MSPB-1,Medicare hospital spending per patient (Medicare Spending per Beneficiary),,2024-01-01,2024-12-31,0.94
50597,MSPB-1,Medicare hospital spending per patient (Medicare Spending per Beneficiary),,2024-01-01,2024-12-31,1.16
50599,MSPB-1,Medicare hospital spending per patient (Medicare Spending per Beneficiary),,2024-01-01,2024-12-31,1.0
50603,MSPB-1,Medicare hospital spending per patient (Medicare Spending per Beneficiary),,2024-01-01,2024-12-31,1.06
50604,MSPB-1,Medicare hospital spending per patient (Medicare Spending per Beneficiary),,2024-01-01,2024-12-31,0.91
50608,MSPB-1,Medicare hospital spending per patient (Medicare Spending per Beneficiary),,2024-01-01,2024-12-31,0.96
50609,MSPB-1,Medicare hospital spending per patient (Medicare Spending per Beneficiary),,2024-01-01,2024-12-31,0.84
50624,MSPB-1,Medicare hospital spending per patient (Medicare Spending per Beneficiary),,2024-01-01,2024-12-31,1.02
50625,MSPB-1,Medicare hospital spending per patient (Medicare Spending per Beneficiary),,2024-01-01,2024-12-31,1.04
50633,MSPB-1,Medicare hospital spending per patient (Medicare Spending per Beneficiary),,2024-01-01,2024-12-31,0.96
50636,MSPB-1,Medicare hospital spending per patient (Medicare Spending per Beneficiary),,2024-01-01,2024-12-31,1.06
50641,MSPB-1,Medicare hospital spending per patient (Medicare Spending per Beneficiary),,2024-01-01,2024-12-31,1.19
50663,MSPB-1,Medicare hospital spending per patient (Medicare Spending per Beneficiary),,2024-01-01,2024-12-31,1.38
50668,MSPB-1,Medicare hospital spending per patient (Medicare Spending per Beneficiary),,2024-01-01,2024-12-31,0.57
50674,MSPB-1,Medicare hospital spending per patient (Medicare Spending per Beneficiary),,2024-01-01,2024-12-31,0.97
50677,MSPB-1,Medicare hospital spending per patient (Medicare Spending per Beneficiary),,2024-01-01,2024-12-31,0.99
50678,MSPB-1,Medicare hospital spending per patient (Medicare Spending per Beneficiary),,2024-01-01,2024-12-31,1.05
50684,MSPB-1,Medicare hospital spending per patient (Medicare Spending per Beneficiary),,2024-01-01,2024-12-31,1.13
50686,MSPB-1,Medicare hospital spending per patient (Medicare Spending per Beneficiary),,2024-01-01,2024-12-31,0.97
50689,MSPB-1,Medicare hospital spending per patient (Medicare Spending per Beneficiary),,2024-01-01,2024-12-31,0.97
50690,MSPB-1,Medicare hospital spending per patient (Medicare Spending per Beneficiary),,2024-01-01,2024-12-31,0.88
50696,MSPB-1,Medicare hospital spending per patient (Medicare Spending per Beneficiary),,2024-01-01,2024-12-31,0.97
50697,MSPB-1,Medicare hospital spending per patient (Medicare Spending per Beneficiary),1.0,2024-01-01,2024-12-31,
50701,MSPB-1,Medicare hospital spending per patient (Medicare Spending per Beneficiary),,2024-01-01,2024-12-31,1.02
50704,MSPB-1,Medicare hospital spending per patient (Medicare Spending per Beneficiary),,2024-01-01,2024-12-31,1.31
50708,MSPB-1,Medicare hospital spending per patient (Medicare Spending per Beneficiary),,2024-01-01,2024-12-31,0.98
50709,MSPB-1,Medicare hospital spending per patient (Medicare Spending per Beneficiary),,2024-01-01,2024-12-31,0.93
50710,MSPB-1,Medicare hospital spending per patient (Medicare Spending per Beneficiary),,2024-01-01,2024-12-31,0.84
50714,MSPB-1,Medicare hospital spending per patient (Medicare Spending per Beneficiary),,2024-01-01,2024-12-31,0.86
50717,MSPB-1,Medicare hospital spending per patient (Medicare Spending per Beneficiary),,2024-01-01,2024-12-31,1.03
50723,MSPB-1,Medicare hospital spending per patient (Medicare Spending per Beneficiary),,2024-01-01,2024-12-31,1.0
50726,MSPB-1,Medicare hospital spending per patient (Medicare Spending per Beneficiary),1.0,2024-01-01,2024-12-31,
50735,MSPB-1,Medicare hospital spending per patient (Medicare Spending per Beneficiary),,2024-01-01,2024-12-31,1.34
50736,MSPB-1,Medicare hospital spending per patient (Medicare Spending per Beneficiary),,2024-01-01,2024-12-31,1.05
50737,MSPB-1,Medicare hospital spending per patient (Medicare Spending per Beneficiary),,2024-01-01,2024-12-31,1.16
50738,MSPB-1,Medicare hospital spending per patient (Medicare Spending per Beneficiary),,2024-01-01,2024-12-31,1.43
50739,MSPB-1,Medicare hospital spending per patient (Medicare Spending per Beneficiary),,2024-01-01,2024-12-31,1.09
50740,MSPB-1,Medicare hospital spending per patient (Medicare Spending per Beneficiary),,2024-01-01,2024-12-31,1.04
50744,MSPB-1,Medicare hospital spending per patient (Medicare Spending per Beneficiary),,2024-01-01,2024-12-31,1.24
50745,MSPB-1,Medicare hospital spending per patient (Medicare Spending per Beneficiary),,2024-01-01,2024-12-31,1.42
50746,MSPB-1,Medicare hospital spending per patient (Medicare Spending per Beneficiary),,2024-01-01,2024-12-31,1.05
50747,MSPB-1,Medicare hospital spending per patient (Medicare Spending per Beneficiary),,2024-01-01,2024-12-31,1.4
50748,MSPB-1,Medicare hospital spending per patient (Medicare Spending per Beneficiary),,2024-01-01,2024-12-31,1.04
50755,MSPB-1,Medicare hospital spending per patient (Medicare Spending per Beneficiary),,2024-01-01,2024-12-31,1.19
50758,MSPB-1,Medicare hospital spending per patient (Medicare Spending per Beneficiary),,2024-01-01,2024-12-31,1.23
50760,MSPB-1,Medicare hospital spending per patient (Medicare Spending per Beneficiary),,2024-01-01,2024-12-31,0.97
50761,MSPB-1,Medicare hospital spending per patient (Medicare Spending per Beneficiary),,2024-01-01,2024-12-31,1.04
50763,MSPB-1,Medicare hospital spending per patient (Medicare Spending per Beneficiary),,2024-01-01,2024-12-31,1.29
50764,MSPB-1,Medicare hospital spending per patient (Medicare Spending per Beneficiary),,2024-01-01,2024-12-31,0.95
50765,MSPB-1,Medicare hospital spending per patient (Medicare Spending per Beneficiary),1.0,2024-01-01,2024-12-31,
50766,MSPB-1,Medicare hospital spending per patient (Medicare Spending per Beneficiary),,2024-01-01,2024-12-31,1.0
50767,MSPB-1,Medicare hospital spending per patient (Medicare Spending per Beneficiary),,2024-01-01,2024-12-31,0.86
50769,MSPB-1,Medicare hospital spending per patient (Medicare Spending per Beneficiary),,2024-01-01,2024-12-31,0.88
50770,MSPB-1,Medicare hospital spending per patient (Medicare Spending per Beneficiary),,2024-01-01,2024-12-31,1.07
50771,MSPB-1,Medicare hospital spending per patient (Medicare Spending per Beneficiary),,2024-01-01,2024-12-31,1.35
50772,MSPB-1,Medicare hospital spending per patient (Medicare Spending per Beneficiary),,2024-01-01,2024-12-31,0.84
50775,MSPB-1,Medicare hospital spending per patient (Medicare Spending per Beneficiary),,2024-01-01,2024-12-31,1.04
50776,MSPB-1,Medicare hospital spending per patient (Medicare Spending per Beneficiary),,2024-01-01,2024-12-31,1.36
50777,MSPB-1,Medicare hospital spending per patient (Medicare Spending per Beneficiary),,2024-01-01,2024-12-31,1.02
50778,MSPB-1,Medicare hospital spending per patient (Medicare Spending per Beneficiary),1.0,2024-01-01,2024-12-31,
50779,MSPB-1,Medicare hospital spending per patient (Medicare Spending per Beneficiary),,2024-01-01,2024-12-31,0.95
50780,MSPB-1,Medicare hospital spending per patient (Medicare Spending per Beneficiary),,2024-01-01,2024-12-31,1.42
50782,MSPB-1,Medicare hospital spending per patient (Medicare Spending per Beneficiary),,2024-01-01,2024-12-31,1.11
50783,MSPB-1,Medicare hospital spending per patient (Medicare Spending per Beneficiary),,2024-01-01,2024-12-31,0.99
50784,MSPB-1,Medicare hospital spending per patient (Medicare Spending per Beneficiary),,2024-01-01,2024-12-31,1.02
50785,MSPB-1,Medicare hospital spending per patient (Medicare Spending per Beneficiary),,2024-01-01,2024-12-31,0.81
50854,MSPB-1,Medicare hospital spending per patient (Medicare Spending per Beneficiary),,2024-01-01,2024-12-31,1.03
50855,MSPB-1,Medicare hospital spending per patient (Medicare Spending per Beneficiary),,2024-01-01,2024-12-31,0.89
50856,MSPB-1,Medicare hospital spending per patient (Medicare Spending per Beneficiary),19.0,2024-01-01,2024-12-31,
51300,MSPB-1,Medicare hospital spending per patient (Medicare Spending per Beneficiary),5.0,2024-01-01,2024-12-31,
51301,MSPB-1,Medicare hospital spending per patient (Medicare Spending per Beneficiary),5.0,2024-01-01,2024-12-31,
51302,MSPB-1,Medicare hospital spending per patient (Medicare Spending per Beneficiary),5.0,2024-01-01,2024-12-31,
51303,MSPB-1,Medicare hospital spending per patient (Medicare Spending per Beneficiary),5.0,2024-01-01,2024-12-31,
51304,MSPB-1,Medicare hospital spending per patient (Medicare Spending per Beneficiary),5.0,2024-01-01,2024-12-31,
51305,MSPB-1,Medicare hospital spending per patient (Medicare Spending per Beneficiary),5.0,2024-01-01,2024-12-31,
51306,MSPB-1,Medicare hospital spending per patient (Medicare Spending per Beneficiary),5.0,2024-01-01,2024-12-31,
51307,MSPB-1,Medicare hospital spending per patient (Medicare Spending per Beneficiary),5.0,2024-01-01,2024-12-31,
51308,MSPB-1,Medicare hospital spending per patient (Medicare Spending per Beneficiary),5.0,2024-01-01,2024-12-31,
51309,MSPB-1,Medicare hospital spending per patient (Medicare Spending per Beneficiary),5.0,2024-01-01,2024-12-31,
51310,MSPB-1,Medicare hospital spending per patient (Medicare Spending per Beneficiary),5.0,2024-01-01,2024-12-31,
51311,MSPB-1,Medicare hospital spending per patient (Medicare Spending per Beneficiary),5.0,2024-01-01,2024-12-31,
51312,MSPB-1,Medicare hospital spending per patient (Medicare Spending per Beneficiary),5.0,2024-01-01,2024-12-31,
51314,MSPB-1,Medicare hospital spending per patient (Medicare Spending per Beneficiary),5.0,2024-01-01,2024-12-31,
51315,MSPB-1,Medicare hospital spending per patient (Medicare Spending per Beneficiary),5.0,2024-01-01,2024-12-31,
51316,MSPB-1,Medicare hospital spending per patient (Medicare Spending per Beneficiary),5.0,2024-01-01,2024-12-31,
51317,MSPB-1,Medicare hospital spending per patient (Medicare Spending per Beneficiary),5.0,2024-01-01,2024-12-31,
51318,MSPB-1,Medicare hospital spending per patient (Medicare Spending per Beneficiary),5.0,2024-01-01,2024-12-31,
51319,MSPB-1,Medicare hospital spending per patient (Medicare Spending per Beneficiary),5.0,2024-01-01,2024-12-31,
51320,MSPB-1,Medicare hospital spending per patient (Medicare Spending per Beneficiary),5.0,2024-01-01,2024-12-31,
51321,MSPB-1,Medicare hospital spending per patient (Medicare Spending per Beneficiary),5.0,2024-01-01,2024-12-31,
51323,MSPB-1,Medicare hospital spending per patient (Medicare Spending per Beneficiary),5.0,2024-01-01,2024-12-31,
51324,MSPB-1,Medicare hospital spending per patient (Medicare Spending per Beneficiary),5.0,2024-01-01,2024-12-31,
51325,MSPB-1,Medicare hospital spending per patient (Medicare Spending per Beneficiary),5.0,2024-01-01,2024-12-31,
51326,MSPB-1,Medicare hospital spending per patient (Medicare Spending per Beneficiary),5.0,2024-01-01,2024-12-31,
51327,MSPB-1,Medicare hospital spending per patient (Medicare Spending per Beneficiary),5.0,2024-01-01,2024-12-31,
51328,MSPB-1,Medicare hospital spending per patient (Medicare Spending per Beneficiary),5.0,2024-01-01,2024-12-31,
51329,MSPB-1,Medicare hospital spending per patient (Medicare Spending per Beneficiary),5.0,2024-01-01,2024-12-31,
51330,MSPB-1,Medicare hospital spending per patient (Medicare Spending per Beneficiary),5.0,2024-01-01,2024-12-31,
51331,MSPB-1,Medicare hospital spending per patient (Medicare Spending per Beneficiary),5.0,2024-01-01,2024-12-31,
51332,MSPB-1,Medicare hospital spending per patient (Medicare Spending per Beneficiary),5.0,2024-01-01,2024-12-31,
51333,MSPB-1,Medicare hospital spending per patient (Medicare Spending per Beneficiary),5.0,2024-01-01,2024-12-31,
51334,MSPB-1,Medicare hospital spending per patient (Medicare Spending per Beneficiary),5.0,2024-01-01,2024-12-31,
51335,MSPB-1,Medicare hospital spending per patient (Medicare Spending per Beneficiary),5.0,2024-01-01,2024-12-31,
51336,MSPB-1,Medicare hospital spending per patient (Medicare Spending per Beneficiary),5.0,2024-01-01,2024-12-31,
51337,MSPB-1,Medicare hospital spending per patient (Medicare Spending per Beneficiary),5.0,2024-01-01,2024-12-31,
51338,MSPB-1,Medicare hospital spending per patient (Medicare Spending per Beneficiary),19.0,2024-01-01,2024-12-31,
51339,MSPB-1,Medicare hospital spending per patient (Medicare Spending per Beneficiary),5.0,2024-01-01,2024-12-31,
53300,MSPB-1,Medicare hospital spending per patient (Medicare Spending per Beneficiary),19.0,2024-01-01,2024-12-31,
53301,MSPB-1,Medicare hospital spending per patient (Medicare Spending per Beneficiary),19.0,2024-01-01,2024-12-31,
53302,MSPB-1,Medicare hospital spending per patient (Medicare Spending per Beneficiary),19.0,2024-01-01,2024-12-31,
53303,MSPB-1,Medicare hospital spending per patient (Medicare Spending per Beneficiary),19.0,2024-01-01,2024-12-31,
53304,MSPB-1,Medicare hospital spending per patient (Medicare Spending per Beneficiary),19.0,2024-01-01,2024-12-31,
53305,MSPB-1,Medicare hospital spending per patient (Medicare Spending per Beneficiary),19.0,2024-01-01,2024-12-31,
53306,MSPB-1,Medicare hospital spending per patient (Medicare Spending per Beneficiary),19.0,2024-01-01,2024-12-31,
53308,MSPB-1,Medicare hospital spending per patient (Medicare Spending per Beneficiary),19.0,2024-01-01,2024-12-31,
53309,MSPB-1,Medicare hospital spending per patient (Medicare Spending per Beneficiary),19.0,2024-01-01,2024-12-31,
53311,MSPB-1,Medicare hospital spending per patient (Medicare Spending per Beneficiary),19.0,2024-01-01,2024-12-31,
60001,MSPB-1,Medicare hospital spending per patient (Medicare Spending per Beneficiary),,2024-01-01,2024-12-31,1.08
60003,MSPB-1,Medicare hospital spending per patient (Medicare Spending per Beneficiary),,2024-01-01,2024-12-31,1.0
60004,MSPB-1,Medicare hospital spending per patient (Medicare Spending per Beneficiary),,2024-01-01,2024-12-31,1.08
60006,MSPB-1,Medicare hospital spending per patient (Medicare Spending per Beneficiary),,2024-01-01,2024-12-31,0.96
60008,MSPB-1,Medicare hospital spending per patient (Medicare Spending per Beneficiary),,2024-01-01,2024-12-31,1.11
60009,MSPB-1,Medicare hospital spending per patient (Medicare Spending per Beneficiary),,2024-01-01,2024-12-31,0.99
60010,MSPB-1,Medicare hospital spending per patient (Medicare Spending per Beneficiary),,2024-01-01,2024-12-31,0.98
60011,MSPB-1,Medicare hospital spending per patient (Medicare Spending per Beneficiary),,2024-01-01,2024-12-31,0.89
60012,MSPB-1,Medicare hospital spending per patient (Medicare Spending per Beneficiary),,2024-01-01,2024-12-31,0.91
60013,MSPB-1,Medicare hospital spending per patient (Medicare Spending per Beneficiary),,2024-01-01,2024-12-31,0.9
60014,MSPB-1,Medicare hospital spending per patient (Medicare Spending per Beneficiary),,2024-01-01,2024-12-31,1.01
60015,MSPB-1,Medicare hospital spending per patient (Medicare Spending per Beneficiary),,2024-01-01,2024-12-31,1.04
60020,MSPB-1,Medicare hospital spending per patient (Medicare Spending per Beneficiary),,2024-01-01,2024-12-31,1.0
60022,MSPB-1,Medicare hospital spending per patient (Medicare Spending per Beneficiary),,2024-01-01,2024-12-31,1.0
60023,MSPB-1,Medicare hospital spending per patient (Medicare Spending per Beneficiary),,2024-01-01,2024-12-31,1.04
60024,MSPB-1,Medicare hospital spending per patient (Medicare Spending per Beneficiary),,2024-01-01,2024-12-31,0.96
60027,MSPB-1,Medicare hospital spending per patient (Medicare Spending per Beneficiary),,2024-01-01,2024-12-31,0.92
60028,MSPB-1,Medicare hospital spending per patient (Medicare Spending per Beneficiary),,2024-01-01,2024-12-31,0.96
60030,MSPB-1,Medicare hospital spending per patient (Medicare Spending per Beneficiary),,2024-01-01,2024-12-31,0.99
60031,MSPB-1,Medicare hospital spending per patient (Medicare Spending per Beneficiary),,2024-01-01,2024-12-31,1.0
60032,MSPB-1,Medicare hospital spending per patient (Medicare Spending per Beneficiary),,2024-01-01,2024-12-31,1.02
60034,MSPB-1,Medicare hospital spending per patient (Medicare Spending per Beneficiary),,2024-01-01,2024-12-31,1.08
60044,MSPB-1,Medicare hospital spending per patient (Medicare Spending per Beneficiary),,2024-01-01,2024-12-31,0.96
60049,MSPB-1,Medicare hospital spending per patient (Medicare Spending per Beneficiary),,2024-01-01,2024-12-31,0.82
60054,MSPB-1,Medicare hospital spending per patient (Medicare Spending per Beneficiary),,2024-01-01,2024-12-31,0.97
60064,MSPB-1,Medicare hospital spending per patient (Medicare Spending per Beneficiary),,2024-01-01,2024-12-31,0.93
60065,MSPB-1,Medicare hospital spending per patient (Medicare Spending per Beneficiary),,2024-01-01,2024-12-31,1.01
60071,MSPB-1,Medicare hospital spending per patient (Medicare Spending per Beneficiary),,2024-01-01,2024-12-31,0.96
60075,MSPB-1,Medicare hospital spending per patient (Medicare Spending per Beneficiary),,2024-01-01,2024-12-31,1.0
60076,MSPB-1,Medicare hospital spending per patient (Medicare Spending per Beneficiary),,2024-01-01,2024-12-31,0.91
60096,MSPB-1,Medicare hospital spending per patient (Medicare Spending per Beneficiary),,2024-01-01,2024-12-31,0.9
60100,MSPB-1,Medicare hospital spending per patient (Medicare Spending per Beneficiary),,2024-01-01,2024-12-31,1.01
60103,MSPB-1,Medicare hospital spending per patient (Medicare Spending per Beneficiary),,2024-01-01,2024-12-31,0.96
60104,MSPB-1,Medicare hospital spending per patient (Medicare Spending per Beneficiary),,2024-01-01,2024-12-31,0.98
60107,MSPB-1,Medicare hospital spending per patient (Medicare Spending per Beneficiary),1.0,2024-01-01,2024-12-31,
60112,MSPB-1,Medicare hospital spending per patient (Medicare Spending per Beneficiary),,2024-01-01,2024-12-31,1.04
60113,MSPB-1,Medicare hospital spending per patient (Medicare Spending per Beneficiary),,2024-01-01,2024-12-31,1.0
60114,MSPB-1,Medicare hospital spending per patient (Medicare Spending per Beneficiary),,2024-01-01,2024-12-31,0.91
60116,MSPB-1,Medicare hospital spending per patient (Medicare Spending per Beneficiary),,2024-01-01,2024-12-31,1.0
60117,MSPB-1,Medicare hospital spending per patient (Medicare Spending per Beneficiary),,2024-01-01,2024-12-31,0.76
60118,MSPB-1,Medicare hospital spending per patient (Medicare Spending per Beneficiary),,2024-01-01,2024-12-31,0.85
60119,MSPB-1,Medicare hospital spending per patient (Medicare Spending per Beneficiary),,2024-01-01,2024-12-31,1.01
60124,MSPB-1,Medicare hospital spending per patient (Medicare Spending per Beneficiary),,2024-01-01,2024-12-31,0.92
60125,MSPB-1,Medicare hospital spending per patient (Medicare Spending per Beneficiary),,2024-01-01,2024-12-31,0.92
60126,MSPB-1,Medicare hospital spending per patient (Medicare Spending per Beneficiary),,2024-01-01,2024-12-31,0.85
60128,MSPB-1,Medicare hospital spending per patient (Medicare Spending per Beneficiary),,2024-01-01,2024-12-31,0.98
60129,MSPB-1,Medicare hospital spending per patient (Medicare Spending per Beneficiary),,2024-01-01,2024-12-31,0.91
60130,MSPB-1,Medicare hospital spending per patient (Medicare Spending per Beneficiary),,2024-01-01,2024-12-31,0.86
60131,MSPB-1,Medicare hospital spending per patient (Medicare Spending per Beneficiary),,2024-01-01,2024-12-31,1.05
60132,MSPB-1,Medicare hospital spending per patient (Medicare Spending per Beneficiary),,2024-01-01,2024-12-31,0.97
60133,MSPB-1,Medicare hospital spending per patient (Medicare Spending per Beneficiary),,2024-01-01,2024-12-31,0.88
61300,MSPB-1,Medicare hospital spending per patient (Medicare Spending per Beneficiary),5.0,2024-01-01,2024-12-31,
61301,MSPB-1,Medicare hospital spending per patient (Medicare Spending per Beneficiary),5.0,2024-01-01,2024-12-31,
61302,MSPB-1,Medicare hospital spending per patient (Medicare Spending per Beneficiary),5.0,2024-01-01,2024-12-31,
61303,MSPB-1,Medicare hospital spending per patient (Medicare Spending per Beneficiary),5.0,2024-01-01,2024-12-31,
61304,MSPB-1,Medicare hospital spending per patient (Medicare Spending per Beneficiary),5.0,2024-01-01,2024-12-31,
61305,MSPB-1,Medicare hospital spending per patient (Medicare Spending per Beneficiary),5.0,2024-01-01,2024-12-31,
61306,MSPB-1,Medicare hospital spending per patient (Medicare Spending per Beneficiary),5.0,2024-01-01,2024-12-31,
61307,MSPB-1,Medicare hospital spending per patient (Medicare Spending per Beneficiary),5.0,2024-01-01,2024-12-31,
61308,MSPB-1,Medicare hospital spending per patient (Medicare Spending per Beneficiary),5.0,2024-01-01,2024-12-31,
61309,MSPB-1,Medicare hospital spending per patient (Medicare Spending per Beneficiary),5.0,2024-01-01,2024-12-31,
61310,MSPB-1,Medicare hospital spending per patient (Medicare Spending per Beneficiary),5.0,2024-01-01,2024-12-31,
61311,MSPB-1,Medicare hospital spending per patient (Medicare Spending per Beneficiary),5.0,2024-01-01,2024-12-31,
61312,MSPB-1,Medicare hospital spending per patient (Medicare Spending per Beneficiary),5.0,2024-01-01,2024-12-31,
61313,MSPB-1,Medicare hospital spending per patient (Medicare Spending per Beneficiary),5.0,2024-01-01,2024-12-31,
61314,MSPB-1,Medicare hospital spending per patient (Medicare Spending per Beneficiary),5.0,2024-01-01,2024-12-31,
61315,MSPB-1,Medicare hospital spending per patient (Medicare Spending per Beneficiary),5.0,2024-01-01,2024-12-31,
61316,MSPB-1,Medicare hospital spending per patient (Medicare Spending per Beneficiary),5.0,2024-01-01,2024-12-31,
61317,MSPB-1,Medicare hospital spending per patient (Medicare Spending per Beneficiary),5.0,2024-01-01,2024-12-31,
61318,MSPB-1,Medicare hospital spending per patient (Medicare Spending per Beneficiary),5.0,2024-01-01,2024-12-31,
61319,MSPB-1,Medicare hospital spending per patient (Medicare Spending per Beneficiary),5.0,2024-01-01,2024-12-31,
61320,MSPB-1,Medicare hospital spending per patient (Medicare Spending per Beneficiary),5.0,2024-01-01,2024-12-31,
61321,MSPB-1,Medicare hospital spending per patient (Medicare Spending per Beneficiary),5.0,2024-01-01,2024-12-31,
61322,MSPB-1,Medicare hospital spending per patient (Medicare Spending per Beneficiary),5.0,2024-01-01,2024-12-31,
61323,MSPB-1,Medicare hospital spending per patient (Medicare Spending per Beneficiary),5.0,2024-01-01,2024-12-31,
61324,MSPB-1,Medicare hospital spending per patient (Medicare Spending per Beneficiary),5.0,2024-01-01,2024-12-31,
61325,MSPB-1,Medicare hospital spending per patient (Medicare Spending per Beneficiary),5.0,2024-01-01,2024-12-31,
61326,MSPB-1,Medicare hospital spending per patient (Medicare Spending per Beneficiary),5.0,2024-01-01,2024-12-31,
61327,MSPB-1,Medicare hospital spending per patient (Medicare Spending per Beneficiary),5.0,2024-01-01,2024-12-31,
61328,MSPB-1,Medicare hospital spending per patient (Medicare Spending per Beneficiary),5.0,2024-01-01,2024-12-31,
61336,MSPB-1,Medicare hospital spending per patient (Medicare Spending per Beneficiary),5.0,2024-01-01,2024-12-31,
61343,MSPB-1,Medicare hospital spending per patient (Medicare Spending per Beneficiary),5.0,2024-01-01,2024-12-31,
61344,MSPB-1,Medicare hospital spending per patient (Medicare Spending per Beneficiary),5.0,2024-01-01,2024-12-31,
63301,MSPB-1,Medicare hospital spending per patient (Medicare Spending per Beneficiary),19.0,2024-01-01,2024-12-31,
63303,MSPB-1,Medicare hospital spending per patient (Medicare Spending per Beneficiary),19.0,2024-01-01,2024-12-31,
70002,MSPB-1,Medicare hospital spending per patient (Medicare Spending per Beneficiary),,2024-01-01,2024-12-31,1.05
70003,MSPB-1,Medicare hospital spending per patient (Medicare Spending per Beneficiary),,2024-01-01,2024-12-31,1.07
70004,MSPB-1,Medicare hospital spending per patient (Medicare Spending per Beneficiary),,2024-01-01,2024-12-31,0.92
70005,MSPB-1,Medicare hospital spending per patient (Medicare Spending per Beneficiary),,2024-01-01,2024-12-31,1.03
70006,MSPB-1,Medicare hospital spending per patient (Medicare Spending per Beneficiary),,2024-01-01,2024-12-31,1.0
70007,MSPB-1,Medicare hospital spending per patient (Medicare Spending per Beneficiary),,2024-01-01,2024-12-31,0.97
70008,MSPB-1,Medicare hospital spending per patient (Medicare Spending per Beneficiary),,2024-01-01,2024-12-31,0.98
70010,MSPB-1,Medicare hospital spending per patient (Medicare Spending per Beneficiary),,2024-01-01,2024-12-31,0.99
70011,MSPB-1,Medicare hospital spending per patient (Medicare Spending per Beneficiary),,2024-01-01,2024-12-31,0.96
70016,MSPB-1,Medicare hospital spending per patient (Medicare Spending per Beneficiary),,2024-01-01,2024-12-31,1.02
70017,MSPB-1,Medicare hospital spending per patient (Medicare Spending per Beneficiary),,2024-01-01,2024-12-31,1.02
70018,MSPB-1,Medicare hospital spending per patient (Medicare Spending per Beneficiary),,2024-01-01,2024-12-31,0.94
70020,MSPB-1,Medicare hospital spending per patient (Medicare Spending per Beneficiary),,2024-01-01,2024-12-31,0.95
70021,MSPB-1,Medicare hospital spending per patient (Medicare Spending per Beneficiary),,2024-01-01,2024-12-31,0.94
70022,MSPB-1,Medicare hospital spending per patient (Medicare Spending per Beneficiary),,2024-01-01,2024-12-31,0.99
70024,MSPB-1,Medicare hospital spending per patient (Medicare Spending per Beneficiary),,2024-01-01,2024-12-31,0.97
70025,MSPB-1,Medicare hospital spending per patient (Medicare Spending per Beneficiary),,2024-01-01,2024-12-31,1.02
70027,MSPB-1,Medicare hospital spending per patient (Medicare Spending per Beneficiary),,2024-01-01,2024-12-31,0.98
70028,MSPB-1,Medicare hospital spending per patient (Medicare Spending per Beneficiary),,2024-01-01,2024-12-31,1.03
70029,MSPB-1,Medicare hospital spending per patient (Medicare Spending per Beneficiary),,2024-01-01,2024-12-31,1.06
70031,MSPB-1,Medicare hospital spending per patient (Medicare Spending per Beneficiary),,2024-01-01,2024-12-31,0.94
70033,MSPB-1,Medicare hospital spending per patient (Medicare Spending per Beneficiary),,2024-01-01,2024-12-31,1.02
70034,MSPB-1,Medicare hospital spending per patient (Medicare Spending per Beneficiary),,2024-01-01,2024-12-31,1.0
70035,MSPB-1,Medicare hospital spending per patient (Medicare Spending per Beneficiary),,2024-01-01,2024-12-31,1.03
70036,MSPB-1,Medicare hospital spending per patient (Medicare Spending per Beneficiary),,2024-01-01,2024-12-31,0.99
70038,MSPB-1,Medicare hospital spending per patient (Medicare Spending per Beneficiary),5.0,2024-01-01,2024-12-31,
73300,MSPB-1,Medicare hospital spending per patient (Medicare Spending per Beneficiary),19.0,2024-01-01,2024-12-31,
80001,MSPB-1,Medicare hospital spending per patient (Medicare Spending per Beneficiary),,2024-01-01,2024-12-31,1.04
80003,MSPB-1,Medicare hospital spending per patient (Medicare Spending per Beneficiary),,2024-01-01,2024-12-31,0.98
80004,MSPB-1,Medicare hospital spending per patient (Medicare Spending per Beneficiary),,2024-01-01,2024-12-31,1.04
80006,MSPB-1,Medicare hospital spending per patient (Medicare Spending per Beneficiary),,2024-01-01,2024-12-31,1.02
80007,MSPB-1,Medicare hospital spending per patient (Medicare Spending per Beneficiary),,2024-01-01,2024-12-31,1.0
80009,MSPB-1,Medicare hospital spending per patient (Medicare Spending per Beneficiary),,2024-01-01,2024-12-31,1.01
83300,MSPB-1,Medicare hospital spending per patient (Medicare Spending per Beneficiary),19.0,2024-01-01,2024-12-31,
90001,MSPB-1,Medicare hospital spending per patient (Medicare Spending per Beneficiary),,2024-01-01,2024-12-31,0.98
90003,MSPB-1,Medicare hospital spending per patient (Medicare Spending per Beneficiary),,2024-01-01,2024-12-31,0.98
90004,MSPB-1,Medicare hospital spending per patient (Medicare Spending per Beneficiary),,2024-01-01,2024-12-31,1.0
90005,MSPB-1,Medicare hospital spending per patient (Medicare Spending per Beneficiary),,2024-01-01,2024-12-31,0.96
90008,MSPB-1,Medicare hospital spending per patient (Medicare Spending per Beneficiary),,2024-01-01,2024-12-31,1.04
90011,MSPB-1,Medicare hospital spending per patient (Medicare Spending per Beneficiary),,2024-01-01,2024-12-31,1.02
93300,MSPB-1,Medicare hospital spending per patient (Medicare Spending per Beneficiary),19.0,2024-01-01,2024-12-31,
100001,MSPB-1,Medicare hospital spending per patient (Medicare Spending per Beneficiary),,2024-01-01,2024-12-31,0.95
100002,MSPB-1,Medicare hospital spending per patient (Medicare Spending per Beneficiary),,2024-01-01,2024-12-31,1.02
100006,MSPB-1,Medicare hospital spending per patient (Medicare Spending per Beneficiary),,2024-01-01,2024-12-31,1.0
100007,MSPB-1,Medicare hospital spending per patient (Medicare Spending per Beneficiary),,2024-01-01,2024-12-31,0.99
100008,MSPB-1,Medicare hospital spending per patient (Medicare Spending per Beneficiary),,2024-01-01,2024-12-31,1.02
100012,MSPB-1,Medicare hospital spending per patient (Medicare Spending per Beneficiary),,2024-01-01,2024-12-31,0.95
100014,MSPB-1,Medicare hospital spending per patient (Medicare Spending per Beneficiary),,2024-01-01,2024-12-31,0.97
100017,MSPB-1,Medicare hospital spending per patient (Medicare Spending per Beneficiary),,2024-01-01,2024-12-31,1.03
100018,MSPB-1,Medicare hospital spending per patient (Medicare Spending per Beneficiary),,2024-01-01,2024-12-31,1.02
100019,MSPB-1,Medicare hospital spending per patient (Medicare Spending per Beneficiary),,2024-01-01,2024-12-31,1.08
100022,MSPB-1,Medicare hospital spending per patient (Medicare Spending per Beneficiary),,2024-01-01,2024-12-31,1.11
100023,MSPB-1,Medicare hospital spending per patient (Medicare Spending per Beneficiary),,2024-01-01,2024-12-31,1.0
100025,MSPB-1,Medicare hospital spending per patient (Medicare Spending per Beneficiary),29.0,2024-01-01,2024-12-31,1.0
100026,MSPB-1,Medicare hospital spending per patient (Medicare Spending per Beneficiary),29.0,2024-01-01,2024-12-31,1.08
100028,MSPB-1,Medicare hospital spending per patient (Medicare Spending per Beneficiary),,2024-01-01,2024-12-31,1.05
100029,MSPB-1,Medicare hospital spending per patient (Medicare Spending per Beneficiary),,2024-01-01,2024-12-31,1.14
100030,MSPB-1,Medicare hospital spending per patient (Medicare Spending per Beneficiary),,2024-01-01,2024-12-31,0.98
100032,MSPB-1,Medicare hospital spending per patient (Medicare Spending per Beneficiary),,2024-01-01,2024-12-31,1.11
100034,MSPB-1,Medicare hospital spending per patient (Medicare Spending per Beneficiary),,2024-01-01,2024-12-31,1.02
100035,MSPB-1,Medicare hospital spending per patient (Medicare Spending per Beneficiary),,2024-01-01,2024-12-31,1.03
100038,MSPB-1,Medicare hospital spending per patient (Medicare Spending per Beneficiary),,2024-01-01,2024-12-31,1.04
100039,MSPB-1,Medicare hospital spending per patient (Medicare Spending per Beneficiary),,2024-01-01,2024-12-31,1.06
100040,MSPB-1,Medicare hospital spending per patient (Medicare Spending per Beneficiary),29.0,2024-01-01,2024-12-31,1.01
100043,MSPB-1,Medicare hospital spending per patient (Medicare Spending per Beneficiary),,2024-01-01,2024-12-31,1.0
100044,MSPB-1,Medicare hospital spending per patient (Medicare Spending per Beneficiary),,2024-01-01,2024-12-31,1.02
100045,MSPB-1,Medicare hospital spending per patient (Medicare Spending per Beneficiary),,2024-01-01,2024-12-31,1.0
100046,MSPB-1,Medicare hospital spending per patient (Medicare Spending per Beneficiary),,2024-01-01,2024-12-31,0.98
100049,MSPB-1,Medicare hospital spending per patient (Medicare Spending per Beneficiary),,2024-01-01,2024-12-31,1.01
100050,MSPB-1,Medicare hospital spending per patient (Medicare Spending per Beneficiary),,2024-01-01,2024-12-31,1.26
100051,MSPB-1,Medicare hospital spending per patient (Medicare Spending per Beneficiary),,2024-01-01,2024-12-31,0.98
100052,MSPB-1,Medicare hospital spending per patient (Medicare Spending per Beneficiary),,2024-01-01,2024-12-31,1.0
100053,MSPB-1,Medicare hospital spending per patient (Medicare Spending per Beneficiary),,2024-01-01,2024-12-31,1.17
100054,MSPB-1,Medicare hospital spending per patient (Medicare Spending per Beneficiary),,2024-01-01,2024-12-31,0.98
100055,MSPB-1,Medicare hospital spending per patient (Medicare Spending per Beneficiary),,2024-01-01,2024-12-31,1.02
100057,MSPB-1,Medicare hospital spending per patient (Medicare Spending per Beneficiary),,2024-01-01,2024-12-31,1.01
100062,MSPB-1,Medicare hospital spending per patient (Medicare Spending per Beneficiary),,2024-01-01,2024-12-31,1.01
100063,MSPB-1,Medicare hospital spending per patient (Medicare Spending per Beneficiary),,2024-01-01,2024-12-31,0.98
100067,MSPB-1,Medicare hospital spending per patient (Medicare Spending per Beneficiary),,2024-01-01,2024-12-31,1.03
100068,MSPB-1,Medicare hospital spending per patient (Medicare Spending per Beneficiary),,2024-01-01,2024-12-31,0.97
100069,MSPB-1,Medicare hospital spending per patient (Medicare Spending per Beneficiary),,2024-01-01,2024-12-31,1.02
100071,MSPB-1,Medicare hospital spending per patient (Medicare Spending per Beneficiary),,2024-01-01,2024-12-31,1.04
100072,MSPB-1,Medicare hospital spending per patient (Medicare Spending per Beneficiary),,2024-01-01,2024-12-31,0.95
100073,MSPB-1,Medicare hospital spending per patient (Medicare Spending per Beneficiary),,2024-01-01,2024-12-31,1.06
100075,MSPB-1,Medicare hospital spending per patient (Medicare Spending per Beneficiary),,2024-01-01,2024-12-31,1.01
100077,MSPB-1,Medicare hospital spending per patient (Medicare Spending per Beneficiary),,2024-01-01,2024-12-31,1.01
100080,MSPB-1,Medicare hospital spending per patient (Medicare Spending per Beneficiary),,2024-01-01,2024-12-31,1.0
100084,MSPB-1,Medicare hospital spending per patient (Medicare Spending per Beneficiary),,2024-01-01,2024-12-31,1.04
100086,MSPB-1,Medicare hospital spending per patient (Medicare Spending per Beneficiary),,2024-01-01,2024-12-31,1.11
100087,MSPB-1,Medicare hospital spending per patient (Medicare Spending per Beneficiary),,2024-01-01,2024-12-31,1.05
100088,MSPB-1,Medicare hospital spending per patient (Medicare Spending per Beneficiary),,2024-01-01,2024-12-31,0.98
100090,MSPB-1,Medicare hospital spending per patient (Medicare Spending per Beneficiary),,2024-01-01,2024-12-31,1.08
100093,MSPB-1,Medicare hospital spending per patient (Medicare Spending per Beneficiary),,2024-01-01,2024-12-31,1.05
100099,MSPB-1,Medicare hospital spending per patient (Medicare Spending per Beneficiary),,2024-01-01,2024-12-31,0.98
100105,MSPB-1,Medicare hospital spending per patient (Medicare Spending per Beneficiary),,2024-01-01,2024-12-31,1.01
100107,MSPB-1,Medicare hospital spending per patient (Medicare Spending per Beneficiary),,2024-01-01,2024-12-31,0.95
100109,MSPB-1,Medicare hospital spending per patient (Medicare Spending per Beneficiary),,2024-01-01,2024-12-31,1.02
100110,MSPB-1,Medicare hospital spending per patient (Medicare Spending per Beneficiary),,2024-01-01,2024-12-31,1.06
100113,MSPB-1,Medicare hospital spending per patient (Medicare Spending per Beneficiary),,2024-01-01,2024-12-31,0.98
100117,MSPB-1,Medicare hospital spending per patient (Medicare Spending per Beneficiary),,2024-01-01,2024-12-31,1.0
100118,MSPB-1,Medicare hospital spending per patient (Medicare Spending per Beneficiary),,2024-01-01,2024-12-31,0.93
100121,MSPB-1,Medicare hospital spending per patient (Medicare Spending per Beneficiary),,2024-01-01,2024-12-31,0.98
100122,MSPB-1,Medicare hospital spending per patient (Medicare Spending per Beneficiary),,2024-01-01,2024-12-31,1.03
100124,MSPB-1,Medicare hospital spending per patient (Medicare Spending per Beneficiary),,2024-01-01,2024-12-31,0.96
100125,MSPB-1,Medicare hospital spending per patient (Medicare Spending per Beneficiary),,2024-01-01,2024-12-31,0.98
100126,MSPB-1,Medicare hospital spending per patient (Medicare Spending per Beneficiary),,2024-01-01,2024-12-31,1.03
100127,MSPB-1,Medicare hospital spending per patient (Medicare Spending per Beneficiary),,2024-01-01,2024-12-31,1.03
100128,MSPB-1,Medicare hospital spending per patient (Medicare Spending per Beneficiary),,2024-01-01,2024-12-31,1.0
100130,MSPB-1,Medicare hospital spending per patient (Medicare Spending per Beneficiary),,2024-01-01,2024-12-31,1.07
100131,MSPB-1,Medicare hospital spending per patient (Medicare Spending per Beneficiary),,2024-01-01,2024-12-31,1.06
100132,MSPB-1,Medicare hospital spending per patient (Medicare Spending per Beneficiary),,2024-01-01,2024-12-31,1.03
100134,MSPB-1,Medicare hospital spending per patient (Medicare Spending per Beneficiary),,2024-01-01,2024-12-31,0.9
100135,MSPB-1,Medicare hospital spending per patient (Medicare Spending per Beneficiary),,2024-01-01,2024-12-31,1.04
100137,MSPB-1,Medicare hospital spending per patient (Medicare Spending per Beneficiary),,2024-01-01,2024-12-31,0.98
100140,MSPB-1,Medicare hospital spending per patient (Medicare Spending per Beneficiary),,2024-01-01,2024-12-31,0.88
100142,MSPB-1,Medicare hospital spending per patient (Medicare Spending per Beneficiary),,2024-01-01,2024-12-31,1.05
100150,MSPB-1,Medicare hospital spending per patient (Medicare Spending per Beneficiary),,2024-01-01,2024-12-31,0.9
100151,MSPB-1,Medicare hospital spending per patient (Medicare Spending per Beneficiary),,2024-01-01,2024-12-31,1.02
100154,MSPB-1,Medicare hospital spending per patient (Medicare Spending per Beneficiary),,2024-01-01,2024-12-31,1.08
100156,MSPB-1,Medicare hospital spending per patient (Medicare Spending per Beneficiary),,2024-01-01,2024-12-31,1.01
100157,MSPB-1,Medicare hospital spending per patient (Medicare Spending per Beneficiary),,2024-01-01,2024-12-31,1.0
100161,MSPB-1,Medicare hospital spending per patient (Medicare Spending per Beneficiary),,2024-01-01,2024-12-31,1.06
100166,MSPB-1,Medicare hospital spending per patient (Medicare Spending per Beneficiary),,2024-01-01,2024-12-31,1.03
100167,MSPB-1,Medicare hospital spending per patient (Medicare Spending per Beneficiary),,2024-01-01,2024-12-31,1.1
100168,MSPB-1,Medicare hospital spending per patient (Medicare Spending per Beneficiary),,2024-01-01,2024-12-31,1.05
100173,MSPB-1,Medicare hospital spending per patient (Medicare Spending per Beneficiary),,2024-01-01,2024-12-31,1.04
100175,MSPB-1,Medicare hospital spending per patient (Medicare Spending per Beneficiary),,2024-01-01,2024-12-31,1.09
100176,MSPB-1,Medicare hospital spending per patient (Medicare Spending per Beneficiary),,2024-01-01,2024-12-31,0.99
100177,MSPB-1,Medicare hospital spending per patient (Medicare Spending per Beneficiary),,2024-01-01,2024-12-31,1.04
100179,MSPB-1,Medicare hospital spending per patient (Medicare Spending per Beneficiary),,2024-01-01,2024-12-31,1.08
100180,MSPB-1,Medicare hospital spending per patient (Medicare Spending per Beneficiary),,2024-01-01,2024-12-31,1.06
100181,MSPB-1,Medicare hospital spending per patient (Medicare Spending per Beneficiary),,2024-01-01,2024-12-31,1.13
100183,MSPB-1,Medicare hospital spending per patient (Medicare Spending per Beneficiary),,2024-01-01,2024-12-31,1.17
100187,MSPB-1,Medicare hospital spending per patient (Medicare Spending per Beneficiary),,2024-01-01,2024-12-31,1.08
100189,MSPB-1,Medicare hospital spending per patient (Medicare Spending per Beneficiary),,2024-01-01,2024-12-31,1.01
100191,MSPB-1,Medicare hospital spending per patient (Medicare Spending per Beneficiary),,2024-01-01,2024-12-31,1.01
100200,MSPB-1,Medicare hospital spending per patient (Medicare Spending per Beneficiary),,2024-01-01,2024-12-31,1.09
100204,MSPB-1,Medicare hospital spending per patient (Medicare Spending per Beneficiary),,2024-01-01,2024-12-31,1.0
100206,MSPB-1,Medicare hospital spending per patient (Medicare Spending per Beneficiary),,2024-01-01,2024-12-31,1.04
100209,MSPB-1,Medicare hospital spending per patient (Medicare Spending per Beneficiary),,2024-01-01,2024-12-31,1.06
100211,MSPB-1,Medicare hospital spending per patient (Medicare Spending per Beneficiary),,2024-01-01,2024-12-31,1.02
100212,MSPB-1,Medicare hospital spending per patient (Medicare Spending per Beneficiary),,2024-01-01,2024-12-31,1.03
100213,MSPB-1,Medicare hospital spending per patient (Medicare Spending per Beneficiary),,2024-01-01,2024-12-31,1.06
100217,MSPB-1,Medicare hospital spending per patient (Medicare Spending per Beneficiary),,2024-01-01,2024-12-31,1.01
100220,MSPB-1,Medicare hospital spending per patient (Medicare Spending per Beneficiary),,2024-01-01,2024-12-31,0.98
100223,MSPB-1,Medicare hospital spending per patient (Medicare Spending per Beneficiary),,2024-01-01,2024-12-31,1.06
100224,MSPB-1,Medicare hospital spending per patient (Medicare Spending per Beneficiary),,2024-01-01,2024-12-31,1.16
100226,MSPB-1,Medicare hospital spending per patient (Medicare Spending per Beneficiary),,2024-01-01,2024-12-31,1.05
100228,MSPB-1,Medicare hospital spending per patient (Medicare Spending per Beneficiary),,2024-01-01,2024-12-31,1.06
100230,MSPB-1,Medicare hospital spending per patient (Medicare Spending per Beneficiary),,2024-01-01,2024-12-31,0.93
100231,MSPB-1,Medicare hospital spending per patient (Medicare Spending per Beneficiary),,2024-01-01,2024-12-31,1.02
100232,MSPB-1,Medicare hospital spending per patient (Medicare Spending per Beneficiary),,2024-01-01,2024-12-31,1.0
100236,MSPB-1,Medicare hospital spending per patient (Medicare Spending per Beneficiary),,2024-01-01,2024-12-31,0.99
100238,MSPB-1,Medicare hospital spending per patient (Medicare Spending per Beneficiary),,2024-01-01,2024-12-31,1.05
100242,MSPB-1,Medicare hospital spending per patient (Medicare Spending per Beneficiary),,2024-01-01,2024-12-31,1.08
100243,MSPB-1,Medicare hospital spending per patient (Medicare Spending per Beneficiary),,2024-01-01,2024-12-31,0.99
100244,MSPB-1,Medicare hospital spending per patient (Medicare Spending per Beneficiary),,2024-01-01,2024-12-31,0.98
100246,MSPB-1,Medicare hospital spending per patient (Medicare Spending per Beneficiary),,2024-01-01,2024-12-31,1.09
100248,MSPB-1,Medicare hospital spending per patient (Medicare Spending per Beneficiary),,2024-01-01,2024-12-31,1.07
100249,MSPB-1,Medicare hospital spending per patient (Medicare Spending per Beneficiary),,2024-01-01,2024-12-31,0.99
100252,MSPB-1,Medicare hospital spending per patient (Medicare Spending per Beneficiary),,2024-01-01,2024-12-31,1.0
100253,MSPB-1,Medicare hospital spending per patient (Medicare Spending per Beneficiary),,2024-01-01,2024-12-31,1.01
100254,MSPB-1,Medicare hospital spending per patient (Medicare Spending per Beneficiary),,2024-01-01,2024-12-31,1.01
100256,MSPB-1,Medicare hospital spending per patient (Medicare Spending per Beneficiary),,2024-01-01,2024-12-31,1.05
100258,MSPB-1,Medicare hospital spending per patient (Medicare Spending per Beneficiary),,2024-01-01,2024-12-31,1.02
100259,MSPB-1,Medicare hospital spending per patient (Medicare Spending per Beneficiary),,2024-01-01,2024-12-31,0.98
100260,MSPB-1,Medicare hospital spending per patient (Medicare Spending per Beneficiary),,2024-01-01,2024-12-31,1.0
100264,MSPB-1,Medicare hospital spending per patient (Medicare Spending per Beneficiary),,2024-01-01,2024-12-31,1.03
100265,MSPB-1,Medicare hospital spending per patient (Medicare Spending per Beneficiary),,2024-01-01,2024-12-31,1.01
100266,MSPB-1,Medicare hospital spending per patient (Medicare Spending per Beneficiary),,2024-01-01,2024-12-31,1.05
100267,MSPB-1,Medicare hospital spending per patient (Medicare Spending per Beneficiary),,2024-01-01,2024-12-31,1.01
100268,MSPB-1,Medicare hospital spending per patient (Medicare Spending per Beneficiary),,2024-01-01,2024-12-31,1.0
100269,MSPB-1,Medicare hospital spending per patient (Medicare Spending per Beneficiary),,2024-01-01,2024-12-31,0.96
100275,MSPB-1,Medicare hospital spending per patient (Medicare Spending per Beneficiary),,2024-01-01,2024-12-31,1.0
100276,MSPB-1,Medicare hospital spending per patient (Medicare Spending per Beneficiary),,2024-01-01,2024-12-31,1.05
100277,MSPB-1,Medicare hospital spending per patient (Medicare Spending per Beneficiary),1.0,2024-01-01,2024-12-31,
100281,MSPB-1,Medicare hospital spending per patient (Medicare Spending per Beneficiary),,2024-01-01,2024-12-31,0.97
100284,MSPB-1,Medicare hospital spending per patient (Medicare Spending per Beneficiary),,2024-01-01,2024-12-31,1.39
100285,MSPB-1,Medicare hospital spending per patient (Medicare Spending per Beneficiary),,2024-01-01,2024-12-31,1.0
100286,MSPB-1,Medicare hospital spending per patient (Medicare Spending per Beneficiary),,2024-01-01,2024-12-31,1.0
100287,MSPB-1,Medicare hospital spending per patient (Medicare Spending per Beneficiary),,2024-01-01,2024-12-31,1.0
100288,MSPB-1,Medicare hospital spending per patient (Medicare Spending per Beneficiary),,2024-01-01,2024-12-31,1.04
100289,MSPB-1,Medicare hospital spending per patient (Medicare Spending per Beneficiary),,2024-01-01,2024-12-31,0.93
100290,MSPB-1,Medicare hospital spending per patient (Medicare Spending per Beneficiary),,2024-01-01,2024-12-31,1.04
100291,MSPB-1,Medicare hospital spending per patient (Medicare Spending per Beneficiary),,2024-01-01,2024-12-31,1.04
100292,MSPB-1,Medicare hospital spending per patient (Medicare Spending per Beneficiary),29.0,2024-01-01,2024-12-31,0.94
100296,MSPB-1,Medicare hospital spending per patient (Medicare Spending per Beneficiary),,2024-01-01,2024-12-31,0.97
100298,MSPB-1,Medicare hospital spending per patient (Medicare Spending per Beneficiary),19.0,2024-01-01,2024-12-31,
100299,MSPB-1,Medicare hospital spending per patient (Medicare Spending per Beneficiary),,2024-01-01,2024-12-31,1.09
100302,MSPB-1,Medicare hospital spending per patient (Medicare Spending per Beneficiary),,2024-01-01,2024-12-31,0.98
100307,MSPB-1,Medicare hospital spending per patient (Medicare Spending per Beneficiary),29.0,2024-01-01,2024-12-31,1.11
100313,MSPB-1,Medicare hospital spending per patient (Medicare Spending per Beneficiary),1.0,2024-01-01,2024-12-31,
100314,MSPB-1,Medicare hospital spending per patient (Medicare Spending per Beneficiary),,2024-01-01,2024-12-31,0.92
100315,MSPB-1,Medicare hospital spending per patient (Medicare Spending per Beneficiary),,2024-01-01,2024-12-31,1.02
100316,MSPB-1,Medicare hospital spending per patient (Medicare Spending per Beneficiary),,2024-01-01,2024-12-31,1.04
100319,MSPB-1,Medicare hospital spending per patient (Medicare Spending per Beneficiary),,2024-01-01,2024-12-31,0.95
100320,MSPB-1,Medicare hospital spending per patient (Medicare Spending per Beneficiary),,2024-01-01,2024-12-31,0.91
100321,MSPB-1,Medicare hospital spending per patient (Medicare Spending per Beneficiary),29.0,2024-01-01,2024-12-31,0.89
100329,MSPB-1,Medicare hospital spending per patient (Medicare Spending per Beneficiary),,2024-01-01,2024-12-31,0.99
100330,MSPB-1,Medicare hospital spending per patient (Medicare Spending per Beneficiary),,2024-01-01,2024-12-31,0.96
100350,MSPB-1,Medicare hospital spending per patient (Medicare Spending per Beneficiary),,2024-01-01,2024-12-31,0.9
100359,MSPB-1,Medicare hospital spending per patient (Medicare Spending per Beneficiary),,2024-01-01,2024-12-31,1.02
100360,MSPB-1,Medicare hospital spending per patient (Medicare Spending per Beneficiary),,2024-01-01,2024-12-31,0.99
100361,MSPB-1,Medicare hospital spending per patient (Medicare Spending per Beneficiary),29.0,2024-01-01,2024-12-31,0.97
100362,MSPB-1,Medicare hospital spending per patient (Medicare Spending per Beneficiary),,2024-01-01,2024-12-31,1.0
100363,MSPB-1,Medicare hospital spending per patient (Medicare Spending per Beneficiary),,2024-01-01,2024-12-31,0.88
100364,MSPB-1,Medicare hospital spending per patient (Medicare Spending per Beneficiary),5.0,2024-01-01,2024-12-31,
100365,MSPB-1,Medicare hospital spending per patient (Medicare Spending per Beneficiary),19.0,2024-01-01,2024-12-31,
101300,MSPB-1,Medicare hospital spending per patient (Medicare Spending per Beneficiary),5.0,2024-01-01,2024-12-31,
101303,MSPB-1,Medicare hospital spending per patient (Medicare Spending per Beneficiary),5.0,2024-01-01,2024-12-31,
101304,MSPB-1,Medicare hospital spending per patient (Medicare Spending per Beneficiary),5.0,2024-01-01,2024-12-31,
101305,MSPB-1,Medicare hospital spending per patient (Medicare Spending per Beneficiary),5.0,2024-01-01,2024-12-31,
101307,MSPB-1,Medicare hospital spending per patient (Medicare Spending per Beneficiary),5.0,2024-01-01,2024-12-31,
101308,MSPB-1,Medicare hospital spending per patient (Medicare Spending per Beneficiary),5.0,2024-01-01,2024-12-31,
101309,MSPB-1,Medicare hospital spending per patient (Medicare Spending per Beneficiary),5.0,2024-01-01,2024-12-31,
101311,MSPB-1,Medicare hospital spending per patient (Medicare Spending per Beneficiary),5.0,2024-01-01,2024-12-31,
101312,MSPB-1,Medicare hospital spending per patient (Medicare Spending per Beneficiary),5.0,2024-01-01,2024-12-31,
101313,MSPB-1,Medicare hospital spending per patient (Medicare Spending per Beneficiary),5.0,2024-01-01,2024-12-31,
101314,MSPB-1,Medicare hospital spending per patient (Medicare Spending per Beneficiary),5.0,2024-01-01,2024-12-31,
101315,MSPB-1,Medicare hospital spending per patient (Medicare Spending per Beneficiary),5.0,2024-01-01,2024-12-31,
103300,MSPB-1,Medicare hospital spending per patient (Medicare Spending per Beneficiary),19.0,2024-01-01,2024-12-31,
103301,MSPB-1,Medicare hospital spending per patient (Medicare Spending per Beneficiary),19.0,2024-01-01,2024-12-31,
103304,MSPB-1,Medicare hospital spending per patient (Medicare Spending per Beneficiary),19.0,2024-01-01,2024-12-31,
110001,MSPB-1,Medicare hospital spending per patient (Medicare Spending per Beneficiary),,2024-01-01,2024-12-31,0.94
110002,MSPB-1,Medicare hospital spending per patient (Medicare Spending per Beneficiary),,2024-01-01,2024-12-31,1.02
110003,MSPB-1,Medicare hospital spending per patient (Medicare Spending per Beneficiary),,2024-01-01,2024-12-31,0.99
110005,MSPB-1,Medicare hospital spending per patient (Medicare Spending per Beneficiary),,2024-01-01,2024-12-31,0.96
110006,MSPB-1,Medicare hospital spending per patient (Medicare Spending per Beneficiary),,2024-01-01,2024-12-31,0.99
110007,MSPB-1,Medicare hospital spending per patient (Medicare Spending per Beneficiary),,2024-01-01,2024-12-31,0.93
110008,MSPB-1,Medicare hospital spending per patient (Medicare Spending per Beneficiary),,2024-01-01,2024-12-31,0.94
110010,MSPB-1,Medicare hospital spending per patient (Medicare Spending per Beneficiary),,2024-01-01,2024-12-31,0.94
110011,MSPB-1,Medicare hospital spending per patient (Medicare Spending per Beneficiary),,2024-01-01,2024-12-31,1.05
110015,MSPB-1,Medicare hospital spending per patient (Medicare Spending per Beneficiary),,2024-01-01,2024-12-31,1.01
110016,MSPB-1,Medicare hospital spending per patient (Medicare Spending per Beneficiary),,2024-01-01,2024-12-31,0.93
110018,MSPB-1,Medicare hospital spending per patient (Medicare Spending per Beneficiary),,2024-01-01,2024-12-31,0.98
110023,MSPB-1,Medicare hospital spending per patient (Medicare Spending per Beneficiary),,2024-01-01,2024-12-31,0.87
110024,MSPB-1,Medicare hospital spending per patient (Medicare Spending per Beneficiary),,2024-01-01,2024-12-31,1.01
110025,MSPB-1,Medicare hospital spending per patient (Medicare Spending per Beneficiary),,2024-01-01,2024-12-31,0.96
110027,MSPB-1,Medicare hospital spending per patient (Medicare Spending per Beneficiary),,2024-01-01,2024-12-31,0.95
110028,MSPB-1,Medicare hospital spending per patient (Medicare Spending per Beneficiary),,2024-01-01,2024-12-31,1.02
110029,MSPB-1,Medicare hospital spending per patient (Medicare Spending per Beneficiary),,2024-01-01,2024-12-31,0.96
110030,MSPB-1,Medicare hospital spending per patient (Medicare Spending per Beneficiary),,2024-01-01,2024-12-31,0.94
110031,MSPB-1,Medicare hospital spending per patient (Medicare Spending per Beneficiary),,2024-01-01,2024-12-31,1.0
110032,MSPB-1,Medicare hospital spending per patient (Medicare Spending per Beneficiary),,2024-01-01,2024-12-31,0.89
110034,MSPB-1,Medicare hospital spending per patient (Medicare Spending per Beneficiary),,2024-01-01,2024-12-31,1.04
110035,MSPB-1,Medicare hospital spending per patient (Medicare Spending per Beneficiary),,2024-01-01,2024-12-31,0.95
110036,MSPB-1,Medicare hospital spending per patient (Medicare Spending per Beneficiary),,2024-01-01,2024-12-31,1.05
110038,MSPB-1,Medicare hospital spending per patient (Medicare Spending per Beneficiary),,2024-01-01,2024-12-31,1.0
110041,MSPB-1,Medicare hospital spending per patient (Medicare Spending per Beneficiary),,2024-01-01,2024-12-31,0.84
110042,MSPB-1,Medicare hospital spending per patient (Medicare Spending per Beneficiary),,2024-01-01,2024-12-31,0.88
110043,MSPB-1,Medicare hospital spending per patient (Medicare Spending per Beneficiary),,2024-01-01,2024-12-31,1.05
110044,MSPB-1,Medicare hospital spending per patient (Medicare Spending per Beneficiary),,2024-01-01,2024-12-31,0.88
110045,MSPB-1,Medicare hospital spending per patient (Medicare Spending per Beneficiary),,2024-01-01,2024-12-31,0.85
110046,MSPB-1,Medicare hospital spending per patient (Medicare Spending per Beneficiary),,2024-01-01,2024-12-31,0.95
110050,MSPB-1,Medicare hospital spending per patient (Medicare Spending per Beneficiary),,2024-01-01,2024-12-31,0.78
110051,MSPB-1,Medicare hospital spending per patient (Medicare Spending per Beneficiary),,2024-01-01,2024-12-31,1.06
110054,MSPB-1,Medicare hospital spending per patient (Medicare Spending per Beneficiary),,2024-01-01,2024-12-31,0.99
110064,MSPB-1,Medicare hospital spending per patient (Medicare Spending per Beneficiary),,2024-01-01,2024-12-31,1.08
110069,MSPB-1,Medicare hospital spending per patient (Medicare Spending per Beneficiary),,2024-01-01,2024-12-31,0.94
110071,MSPB-1,Medicare hospital spending per patient (Medicare Spending per Beneficiary),,2024-01-01,2024-12-31,0.9
110073,MSPB-1,Medicare hospital spending per patient (Medicare Spending per Beneficiary),,2024-01-01,2024-12-31,0.88
110074,MSPB-1,Medicare hospital spending per patient (Medicare Spending per Beneficiary),,2024-01-01,2024-12-31,0.95
110075,MSPB-1,Medicare hospital spending per patient (Medicare Spending per Beneficiary),,2024-01-01,2024-12-31,1.04
110076,MSPB-1,Medicare hospital spending per patient (Medicare Spending per Beneficiary),,2024-01-01,2024-12-31,0.97
110078,MSPB-1,Medicare hospital spending per patient (Medicare Spending per Beneficiary),,2024-01-01,2024-12-31,0.95
110079,MSPB-1,Medicare hospital spending per patient (Medicare Spending per Beneficiary),,2024-01-01,2024-12-31,0.98
110082,MSPB-1,Medicare hospital spending per patient (Medicare Spending per Beneficiary),,2024-01-01,2024-12-31,0.93
110083,MSPB-1,Medicare hospital spending per patient (Medicare Spending per Beneficiary),,2024-01-01,2024-12-31,0.94
110086,MSPB-1,Medicare hospital spending per patient (Medicare Spending per Beneficiary),,2024-01-01,2024-12-31,1.03
110087,MSPB-1,Medicare hospital spending per patient (Medicare Spending per Beneficiary),,2024-01-01,2024-12-31,1.03
110089,MSPB-1,Medicare hospital spending per patient (Medicare Spending per Beneficiary),,2024-01-01,2024-12-31,0.99
110091,MSPB-1,Medicare hospital spending per patient (Medicare Spending per Beneficiary),,2024-01-01,2024-12-31,0.96
110092,MSPB-1,Medicare hospital spending per patient (Medicare Spending per Beneficiary),,2024-01-01,2024-12-31,1.17
110095,MSPB-1,Medicare hospital spending per patient (Medicare Spending per Beneficiary),,2024-01-01,2024-12-31,0.93
110100,MSPB-1,Medicare hospital spending per patient (Medicare Spending per Beneficiary),1.0,2024-01-01,2024-12-31,
110101,MSPB-1,Medicare hospital spending per patient (Medicare Spending per Beneficiary),,2024-01-01,2024-12-31,0.92
110104,MSPB-1,Medicare hospital spending per patient (Medicare Spending per Beneficiary),,2024-01-01,2024-12-31,0.87
110105,MSPB-1,Medicare hospital spending per patient (Medicare Spending per Beneficiary),,2024-01-01,2024-12-31,0.91
110107,MSPB-1,Medicare hospital spending per patient (Medicare Spending per Beneficiary),,2024-01-01,2024-12-31,1.01
110109,MSPB-1,Medicare hospital spending per patient (Medicare Spending per Beneficiary),,2024-01-01,2024-12-31,0.91
110111,MSPB-1,Medicare hospital spending per patient (Medicare Spending per Beneficiary),,2024-01-01,2024-12-31,0.89
110113,MSPB-1,Medicare hospital spending per patient (Medicare Spending per Beneficiary),,2024-01-01,2024-12-31,1.01
110121,MSPB-1,Medicare hospital spending per patient (Medicare Spending per Beneficiary),,2024-01-01,2024-12-31,0.97
110122,MSPB-1,Medicare hospital spending per patient (Medicare Spending per Beneficiary),,2024-01-01,2024-12-31,0.95
110124,MSPB-1,Medicare hospital spending per patient (Medicare Spending per Beneficiary),,2024-01-01,2024-12-31,1.1
110125,MSPB-1,Medicare hospital spending per patient (Medicare Spending per Beneficiary),,2024-01-01,2024-12-31,0.96
110128,MSPB-1,Medicare hospital spending per patient (Medicare Spending per Beneficiary),,2024-01-01,2024-12-31,0.89
110129,MSPB-1,Medicare hospital spending per patient (Medicare Spending per Beneficiary),,2024-01-01,2024-12-31,1.0
110132,MSPB-1,Medicare hospital spending per patient (Medicare Spending per Beneficiary),,2024-01-01,2024-12-31,0.88
110142,MSPB-1,Medicare hospital spending per patient (Medicare Spending per Beneficiary),,2024-01-01,2024-12-31,1.04
110143,MSPB-1,Medicare hospital spending per patient (Medicare Spending per Beneficiary),,2024-01-01,2024-12-31,0.95
110146,MSPB-1,Medicare hospital spending per patient (Medicare Spending per Beneficiary),,2024-01-01,2024-12-31,0.93
110150,MSPB-1,Medicare hospital spending per patient (Medicare Spending per Beneficiary),,2024-01-01,2024-12-31,0.86
110161,MSPB-1,Medicare hospital spending per patient (Medicare Spending per Beneficiary),,2024-01-01,2024-12-31,0.93
110164,MSPB-1,Medicare hospital spending per patient (Medicare Spending per Beneficiary),,2024-01-01,2024-12-31,1.01
110165,MSPB-1,Medicare hospital spending per patient (Medicare Spending per Beneficiary),,2024-01-01,2024-12-31,1.05
110168,MSPB-1,Medicare hospital spending per patient (Medicare Spending per Beneficiary),,2024-01-01,2024-12-31,0.97
110177,MSPB-1,Medicare hospital spending per patient (Medicare Spending per Beneficiary),,2024-01-01,2024-12-31,0.97
110184,MSPB-1,Medicare hospital spending per patient (Medicare Spending per Beneficiary),,2024-01-01,2024-12-31,0.91
110190,MSPB-1,Medicare hospital spending per patient (Medicare Spending per Beneficiary),5.0,2024-01-01,2024-12-31,
110191,MSPB-1,Medicare hospital spending per patient (Medicare Spending per Beneficiary),,2024-01-01,2024-12-31,0.99
110192,MSPB-1,Medicare hospital spending per patient (Medicare Spending per Beneficiary),,2024-01-01,2024-12-31,1.01
110194,MSPB-1,Medicare hospital spending per patient (Medicare Spending per Beneficiary),,2024-01-01,2024-12-31,0.82
110198,MSPB-1,Medicare hospital spending per patient (Medicare Spending per Beneficiary),,2024-01-01,2024-12-31,0.95
110200,MSPB-1,Medicare hospital spending per patient (Medicare Spending per Beneficiary),,2024-01-01,2024-12-31,1.07
110201,MSPB-1,Medicare hospital spending per patient (Medicare Spending per Beneficiary),,2024-01-01,2024-12-31,1.0
110209,MSPB-1,Medicare hospital spending per patient (Medicare Spending per Beneficiary),,2024-01-01,2024-12-31,1.29
110215,MSPB-1,Medicare hospital spending per patient (Medicare Spending per Beneficiary),,2024-01-01,2024-12-31,0.93
110225,MSPB-1,Medicare hospital spending per patient (Medicare Spending per Beneficiary),,2024-01-01,2024-12-31,0.91
110226,MSPB-1,Medicare hospital spending per patient (Medicare Spending per Beneficiary),,2024-01-01,2024-12-31,0.9
110229,MSPB-1,Medicare hospital spending per patient (Medicare Spending per Beneficiary),,2024-01-01,2024-12-31,0.92
110230,MSPB-1,Medicare hospital spending per patient (Medicare Spending per Beneficiary),,2024-01-01,2024-12-31,0.9
110233,MSPB-1,Medicare hospital spending per patient (Medicare Spending per Beneficiary),,2024-01-01,2024-12-31,1.08
110234,MSPB-1,Medicare hospital spending per patient (Medicare Spending per Beneficiary),1.0,2024-01-01,2024-12-31,
110236,MSPB-1,Medicare hospital spending per patient (Medicare Spending per Beneficiary),,2024-01-01,2024-12-31,1.08
110237,MSPB-1,Medicare hospital spending per patient (Medicare Spending per Beneficiary),,2024-01-01,2024-12-31,0.83
110252,MSPB-1,Medicare hospital spending per patient (Medicare Spending per Beneficiary),,2024-01-01,2024-12-31,0.96
110253,MSPB-1,Medicare hospital spending per patient (Medicare Spending per Beneficiary),19.0,2024-01-01,2024-12-31,
110256,MSPB-1,Medicare hospital spending per patient (Medicare Spending per Beneficiary),5.0,2024-01-01,2024-12-31,
110779,MSPB-1,Medicare hospital spending per patient (Medicare Spending per Beneficiary),19.0,2024-01-01,2024-12-31,
111302,MSPB-1,Medicare hospital spending per patient (Medicare Spending per Beneficiary),5.0,2024-01-01,2024-12-31,
111303,MSPB-1,Medicare hospital spending per patient (Medicare Spending per Beneficiary),5.0,2024-01-01,2024-12-31,
111304,MSPB-1,Medicare hospital spending per patient (Medicare Spending per Beneficiary),5.0,2024-01-01,2024-12-31,
111305,MSPB-1,Medicare hospital spending per patient (Medicare Spending per Beneficiary),5.0,2024-01-01,2024-12-31,
111306,MSPB-1,Medicare hospital spending per patient (Medicare Spending per Beneficiary),5.0,2024-01-01,2024-12-31,
111308,MSPB-1,Medicare hospital spending per patient (Medicare Spending per Beneficiary),5.0,2024-01-01,2024-12-31,
111310,MSPB-1,Medicare hospital spending per patient (Medicare Spending per Beneficiary),5.0,2024-01-01,2024-12-31,
111311,MSPB-1,Medicare hospital spending per patient (Medicare Spending per Beneficiary),5.0,2024-01-01,2024-12-31,
111312,MSPB-1,Medicare hospital spending per patient (Medicare Spending per Beneficiary),5.0,2024-01-01,2024-12-31,
111313,MSPB-1,Medicare hospital spending per patient (Medicare Spending per Beneficiary),5.0,2024-01-01,2024-12-31,
111314,MSPB-1,Medicare hospital spending per patient (Medicare Spending per Beneficiary),5.0,2024-01-01,2024-12-31,
111316,MSPB-1,Medicare hospital spending per patient (Medicare Spending per Beneficiary),5.0,2024-01-01,2024-12-31,
111318,MSPB-1,Medicare hospital spending per patient (Medicare Spending per Beneficiary),5.0,2024-01-01,2024-12-31,
111319,MSPB-1,Medicare hospital spending per patient (Medicare Spending per Beneficiary),5.0,2024-01-01,2024-12-31,
111320,MSPB-1,Medicare hospital spending per patient (Medicare Spending per Beneficiary),5.0,2024-01-01,2024-12-31,
111323,MSPB-1,Medicare hospital spending per patient (Medicare Spending per Beneficiary),5.0,2024-01-01,2024-12-31,
111324,MSPB-1,Medicare hospital spending per patient (Medicare Spending per Beneficiary),5.0,2024-01-01,2024-12-31,
111325,MSPB-1,Medicare hospital spending per patient (Medicare Spending per Beneficiary),5.0,2024-01-01,2024-12-31,
111326,MSPB-1,Medicare hospital spending per patient (Medicare Spending per Beneficiary),5.0,2024-01-01,2024-12-31,
111327,MSPB-1,Medicare hospital spending per patient (Medicare Spending per Beneficiary),5.0,2024-01-01,2024-12-31,
111328,MSPB-1,Medicare hospital spending per patient (Medicare Spending per Beneficiary),5.0,2024-01-01,2024-12-31,
111329,MSPB-1,Medicare hospital spending per patient (Medicare Spending per Beneficiary),5.0,2024-01-01,2024-12-31,
111330,MSPB-1,Medicare hospital spending per patient (Medicare Spending per Beneficiary),5.0,2024-01-01,2024-12-31,
111331,MSPB-1,Medicare hospital spending per patient (Medicare Spending per Beneficiary),5.0,2024-01-01,2024-12-31,
111332,MSPB-1,Medicare hospital spending per patient (Medicare Spending per Beneficiary),5.0,2024-01-01,2024-12-31,
111333,MSPB-1,Medicare hospital spending per patient (Medicare Spending per Beneficiary),5.0,2024-01-01,2024-12-31,
111334,MSPB-1,Medicare hospital spending per patient (Medicare Spending per Beneficiary),5.0,2024-01-01,2024-12-31,
111335,MSPB-1,Medicare hospital spending per patient (Medicare Spending per Beneficiary),5.0,2024-01-01,2024-12-31,
111336,MSPB-1,Medicare hospital spending per patient (Medicare Spending per Beneficiary),5.0,2024-01-01,2024-12-31,
111337,MSPB-1,Medicare hospital spending per patient (Medicare Spending per Beneficiary),5.0,2024-01-01,2024-12-31,
111338,MSPB-1,Medicare hospital spending per patient (Medicare Spending per Beneficiary),19.0,2024-01-01,2024-12-31,
113300,MSPB-1,Medicare hospital spending per patient (Medicare Spending per Beneficiary),19.0,2024-01-01,2024-12-31,
113301,MSPB-1,Medicare hospital spending per patient (Medicare Spending per Beneficiary),19.0,2024-01-01,2024-12-31,
120001,MSPB-1,Medicare hospital spending per patient (Medicare Spending per Beneficiary),,2024-01-01,2024-12-31,0.93
120002,MSPB-1,Medicare hospital spending per patient (Medicare Spending per Beneficiary),,2024-01-01,2024-12-31,0.86
120005,MSPB-1,Medicare hospital spending per patient (Medicare Spending per Beneficiary),,2024-01-01,2024-12-31,0.89
120006,MSPB-1,Medicare hospital spending per patient (Medicare Spending per Beneficiary),,2024-01-01,2024-12-31,0.91
120007,MSPB-1,Medicare hospital spending per patient (Medicare Spending per Beneficiary),,2024-01-01,2024-12-31,0.94
120011,MSPB-1,Medicare hospital spending per patient (Medicare Spending per Beneficiary),,2024-01-01,2024-12-31,0.82
120014,MSPB-1,Medicare hospital spending per patient (Medicare Spending per Beneficiary),,2024-01-01,2024-12-31,0.82
120019,MSPB-1,Medicare hospital spending per patient (Medicare Spending per Beneficiary),,2024-01-01,2024-12-31,0.85
120022,MSPB-1,Medicare hospital spending per patient (Medicare Spending per Beneficiary),,2024-01-01,2024-12-31,0.95
120026,MSPB-1,Medicare hospital spending per patient (Medicare Spending per Beneficiary),,2024-01-01,2024-12-31,0.92
120028,MSPB-1,Medicare hospital spending per patient (Medicare Spending per Beneficiary),,2024-01-01,2024-12-31,0.85
121300,MSPB-1,Medicare hospital spending per patient (Medicare Spending per Beneficiary),5.0,2024-01-01,2024-12-31,
121301,MSPB-1,Medicare hospital spending per patient (Medicare Spending per Beneficiary),5.0,2024-01-01,2024-12-31,
121302,MSPB-1,Medicare hospital spending per patient (Medicare Spending per Beneficiary),5.0,2024-01-01,2024-12-31,
121303,MSPB-1,Medicare hospital spending per patient (Medicare Spending per Beneficiary),5.0,2024-01-01,2024-12-31,
121304,MSPB-1,Medicare hospital spending per patient (Medicare Spending per Beneficiary),5.0,2024-01-01,2024-12-31,
121305,MSPB-1,Medicare hospital spending per patient (Medicare Spending per Beneficiary),5.0,2024-01-01,2024-12-31,
121306,MSPB-1,Medicare hospital spending per patient (Medicare Spending per Beneficiary),5.0,2024-01-01,2024-12-31,
121307,MSPB-1,Medicare hospital spending per patient (Medicare Spending per Beneficiary),5.0,2024-01-01,2024-12-31,
121308,MSPB-1,Medicare hospital spending per patient (Medicare Spending per Beneficiary),5.0,2024-01-01,2024-12-31,
123300,MSPB-1,Medicare hospital spending per patient (Medicare Spending per Beneficiary),19.0,2024-01-01,2024-12-31,
123301,MSPB-1,Medicare hospital spending per patient (Medicare Spending per Beneficiary),19.0,2024-01-01,2024-12-31,
130002,MSPB-1,Medicare hospital spending per patient (Medicare Spending per Beneficiary),,2024-01-01,2024-12-31,0.94
130003,MSPB-1,Medicare hospital spending per patient (Medicare Spending per Beneficiary),,2024-01-01,2024-12-31,1.07
130006,MSPB-1,Medicare hospital spending per patient (Medicare Spending per Beneficiary),,2024-01-01,2024-12-31,0.96
130007,MSPB-1,Medicare hospital spending per patient (Medicare Spending per Beneficiary),,2024-01-01,2024-12-31,1.02
130013,MSPB-1,Medicare hospital spending per patient (Medicare Spending per Beneficiary),,2024-01-01,2024-12-31,0.98
130014,MSPB-1,Medicare hospital spending per patient (Medicare Spending per Beneficiary),,2024-01-01,2024-12-31,0.91
130018,MSPB-1,Medicare hospital spending per patient (Medicare Spending per Beneficiary),,2024-01-01,2024-12-31,1.0
130025,MSPB-1,Medicare hospital spending per patient (Medicare Spending per Beneficiary),,2024-01-01,2024-12-31,1.01
130028,MSPB-1,Medicare hospital spending per patient (Medicare Spending per Beneficiary),,2024-01-01,2024-12-31,1.0
130049,MSPB-1,Medicare hospital spending per patient (Medicare Spending per Beneficiary),,2024-01-01,2024-12-31,1.0
130063,MSPB-1,Medicare hospital spending per patient (Medicare Spending per Beneficiary),,2024-01-01,2024-12-31,0.9
130065,MSPB-1,Medicare hospital spending per patient (Medicare Spending per Beneficiary),,2024-01-01,2024-12-31,0.97
130066,MSPB-1,Medicare hospital spending per patient (Medicare Spending per Beneficiary),,2024-01-01,2024-12-31,0.97
130071,MSPB-1,Medicare hospital spending per patient (Medicare Spending per Beneficiary),,2024-01-01,2024-12-31,0.92
130073,MSPB-1,Medicare hospital spending per patient (Medicare Spending per Beneficiary),5.0,2024-01-01,2024-12-31,
130074,MSPB-1,Medicare hospital spending per patient (Medicare Spending per Beneficiary),,2024-01-01,2024-12-31,1.01
130779,MSPB-1,Medicare hospital spending per patient (Medicare Spending per Beneficiary),19.0,2024-01-01,2024-12-31,
131301,MSPB-1,Medicare hospital spending per patient (Medicare Spending per Beneficiary),5.0,2024-01-01,2024-12-31,
131302,MSPB-1,Medicare hospital spending per patient (Medicare Spending per Beneficiary),5.0,2024-01-01,2024-12-31,
131303,MSPB-1,Medicare hospital spending per patient (Medicare Spending per Beneficiary),5.0,2024-01-01,2024-12-31,
131304,MSPB-1,Medicare hospital spending per patient (Medicare Spending per Beneficiary),5.0,2024-01-01,2024-12-31,
131305,MSPB-1,Medicare hospital spending per patient (Medicare Spending per Beneficiary),5.0,2024-01-01,2024-12-31,
131307,MSPB-1,Medicare hospital spending per patient (Medicare Spending per Beneficiary),5.0,2024-01-01,2024-12-31,
131309,MSPB-1,Medicare hospital spending per patient (Medicare Spending per Beneficiary),5.0,2024-01-01,2024-12-31,
131310,MSPB-1,Medicare hospital spending per patient (Medicare Spending per Beneficiary),5.0,2024-01-01,2024-12-31,
131311,MSPB-1,Medicare hospital spending per patient (Medicare Spending per Beneficiary),5.0,2024-01-01,2024-12-31,
131312,MSPB-1,Medicare hospital spending per patient (Medicare Spending per Beneficiary),5.0,2024-01-01,2024-12-31,
131313,MSPB-1,Medicare hospital spending per patient (Medicare Spending per Beneficiary),5.0,2024-01-01,2024-12-31,
131314,MSPB-1,Medicare hospital spending per patient (Medicare Spending per Beneficiary),5.0,2024-01-01,2024-12-31,
131315,MSPB-1,Medicare hospital spending per patient (Medicare Spending per Beneficiary),5.0,2024-01-01,2024-12-31,
131316,MSPB-1,Medicare hospital spending per patient (Medicare Spending per Beneficiary),5.0,2024-01-01,2024-12-31,
131317,MSPB-1,Medicare hospital spending per patient (Medicare Spending per Beneficiary),5.0,2024-01-01,2024-12-31,
131318,MSPB-1,Medicare hospital spending per patient (Medicare Spending per Beneficiary),5.0,2024-01-01,2024-12-31,
131319,MSPB-1,Medicare hospital spending per patient (Medicare Spending per Beneficiary),5.0,2024-01-01,2024-12-31,
131320,MSPB-1,Medicare hospital spending per patient (Medicare Spending per Beneficiary),5.0,2024-01-01,2024-12-31,
131321,MSPB-1,Medicare hospital spending per patient (Medicare Spending per Beneficiary),5.0,2024-01-01,2024-12-31,
131322,MSPB-1,Medicare hospital spending per patient (Medicare Spending per Beneficiary),5.0,2024-01-01,2024-12-31,
131323,MSPB-1,Medicare hospital spending per patient (Medicare Spending per Beneficiary),5.0,2024-01-01,2024-12-31,
131324,MSPB-1,Medicare hospital spending per patient (Medicare Spending per Beneficiary),5.0,2024-01-01,2024-12-31,
131325,MSPB-1,Medicare hospital spending per patient (Medicare Spending per Beneficiary),5.0,2024-01-01,2024-12-31,
131326,MSPB-1,Medicare hospital spending per patient (Medicare Spending per Beneficiary),5.0,2024-01-01,2024-12-31,
131327,MSPB-1,Medicare hospital spending per patient (Medicare Spending per Beneficiary),5.0,2024-01-01,2024-12-31,
131328,MSPB-1,Medicare hospital spending per patient (Medicare Spending per Beneficiary),5.0,2024-01-01,2024-12-31,
140001,MSPB-1,Medicare hospital spending per patient (Medicare Spending per Beneficiary),,2024-01-01,2024-12-31,0.93
140002,MSPB-1,Medicare hospital spending per patient (Medicare Spending per Beneficiary),,2024-01-01,2024-12-31,0.93
140007,MSPB-1,Medicare hospital spending per patient (Medicare Spending per Beneficiary),29.0,2024-01-01,2024-12-31,1.07
140008,MSPB-1,Medicare hospital spending per patient (Medicare Spending per Beneficiary),,2024-01-01,2024-12-31,1.01
140010,MSPB-1,Medicare hospital spending per patient (Medicare Spending per Beneficiary),,2024-01-01,2024-12-31,0.97
140011,MSPB-1,Medicare hospital spending per patient (Medicare Spending per Beneficiary),,2024-01-01,2024-12-31,1.01
140012,MSPB-1,Medicare hospital spending per patient (Medicare Spending per Beneficiary),,2024-01-01,2024-12-31,0.96
140013,MSPB-1,Medicare hospital spending per patient (Medicare Spending per Beneficiary),,2024-01-01,2024-12-31,0.99
140015,MSPB-1,Medicare hospital spending per patient (Medicare Spending per Beneficiary),,2024-01-01,2024-12-31,1.0
140018,MSPB-1,Medicare hospital spending per patient (Medicare Spending per Beneficiary),,2024-01-01,2024-12-31,0.99
140029,MSPB-1,Medicare hospital spending per patient (Medicare Spending per Beneficiary),,2024-01-01,2024-12-31,0.96
140030,MSPB-1,Medicare hospital spending per patient (Medicare Spending per Beneficiary),,2024-01-01,2024-12-31,0.99
140032,MSPB-1,Medicare hospital spending per patient (Medicare Spending per Beneficiary),,2024-01-01,2024-12-31,0.94
140034,MSPB-1,Medicare hospital spending per patient (Medicare Spending per Beneficiary),,2024-01-01,2024-12-31,0.92
140043,MSPB-1,Medicare hospital spending per patient (Medicare Spending per Beneficiary),,2024-01-01,2024-12-31,0.96
140046,MSPB-1,Medicare hospital spending per patient (Medicare Spending per Beneficiary),,2024-01-01,2024-12-31,0.98
140048,MSPB-1,Medicare hospital spending per patient (Medicare Spending per Beneficiary),,2024-01-01,2024-12-31,0.94
140049,MSPB-1,Medicare hospital spending per patient (Medicare Spending per Beneficiary),,2024-01-01,2024-12-31,0.95
140052,MSPB-1,Medicare hospital spending per patient (Medicare Spending per Beneficiary),,2024-01-01,2024-12-31,1.0
140053,MSPB-1,Medicare hospital spending per patient (Medicare Spending per Beneficiary),,2024-01-01,2024-12-31,1.05
140054,MSPB-1,Medicare hospital spending per patient (Medicare Spending per Beneficiary),,2024-01-01,2024-12-31,0.98
140059,MSPB-1,Medicare hospital spending per patient (Medicare Spending per Beneficiary),,2024-01-01,2024-12-31,1.0
140062,MSPB-1,Medicare hospital spending per patient (Medicare Spending per Beneficiary),,2024-01-01,2024-12-31,0.99
140063,MSPB-1,Medicare hospital spending per patient (Medicare Spending per Beneficiary),,2024-01-01,2024-12-31,0.9
140064,MSPB-1,Medicare hospital spending per patient (Medicare Spending per Beneficiary),,2024-01-01,2024-12-31,0.96
140065,MSPB-1,Medicare hospital spending per patient (Medicare Spending per Beneficiary),,2024-01-01,2024-12-31,1.07
140067,MSPB-1,Medicare hospital spending per patient (Medicare Spending per Beneficiary),,2024-01-01,2024-12-31,0.97
140068,MSPB-1,Medicare hospital spending per patient (Medicare Spending per Beneficiary),,2024-01-01,2024-12-31,1.13
140077,MSPB-1,Medicare hospital spending per patient (Medicare Spending per Beneficiary),,2024-01-01,2024-12-31,0.88
140080,MSPB-1,Medicare hospital spending per patient (Medicare Spending per Beneficiary),29.0,2024-01-01,2024-12-31,1.08
140082,MSPB-1,Medicare hospital spending per patient (Medicare Spending per Beneficiary),,2024-01-01,2024-12-31,1.12
140083,MSPB-1,Medicare hospital spending per patient (Medicare Spending per Beneficiary),,2024-01-01,2024-12-31,1.18
140084,MSPB-1,Medicare hospital spending per patient (Medicare Spending per Beneficiary),,2024-01-01,2024-12-31,1.0
140088,MSPB-1,Medicare hospital spending per patient (Medicare Spending per Beneficiary),,2024-01-01,2024-12-31,0.99
140089,MSPB-1,Medicare hospital spending per patient (Medicare Spending per Beneficiary),,2024-01-01,2024-12-31,0.93
140091,MSPB-1,Medicare hospital spending per patient (Medicare Spending per Beneficiary),,2024-01-01,2024-12-31,0.96
140093,MSPB-1,Medicare hospital spending per patient (Medicare Spending per Beneficiary),,2024-01-01,2024-12-31,0.93
140095,MSPB-1,Medicare hospital spending per patient (Medicare Spending per Beneficiary),,2024-01-01,2024-12-31,1.02
140100,MSPB-1,Medicare hospital spending per patient (Medicare Spending per Beneficiary),,2024-01-01,2024-12-31,1.04
140101,MSPB-1,Medicare hospital spending per patient (Medicare Spending per Beneficiary),,2024-01-01,2024-12-31,1.04
140103,MSPB-1,Medicare hospital spending per patient (Medicare Spending per Beneficiary),,2024-01-01,2024-12-31,1.03
140110,MSPB-1,Medicare hospital spending per patient (Medicare Spending per Beneficiary),,2024-01-01,2024-12-31,1.02
140113,MSPB-1,Medicare hospital spending per patient (Medicare Spending per Beneficiary),,2024-01-01,2024-12-31,0.98
140114,MSPB-1,Medicare hospital spending per patient (Medicare Spending per Beneficiary),,2024-01-01,2024-12-31,1.08
140115,MSPB-1,Medicare hospital spending per patient (Medicare Spending per Beneficiary),,2024-01-01,2024-12-31,1.01
140116,MSPB-1,Medicare hospital spending per patient (Medicare Spending per Beneficiary),,2024-01-01,2024-12-31,1.0
140117,MSPB-1,Medicare hospital spending per patient (Medicare Spending per Beneficiary),29.0,2024-01-01,2024-12-31,1.12
140119,MSPB-1,Medicare hospital spending per patient (Medicare Spending per Beneficiary),,2024-01-01,2024-12-31,0.94
140120,MSPB-1,Medicare hospital spending per patient (Medicare Spending per Beneficiary),,2024-01-01,2024-12-31,0.91
140122,MSPB-1,Medicare hospital spending per patient (Medicare Spending per Beneficiary),,2024-01-01,2024-12-31,1.02
140124,MSPB-1,Medicare hospital spending per patient (Medicare Spending per Beneficiary),,2024-01-01,2024-12-31,0.98
140125,MSPB-1,Medicare hospital spending per patient (Medicare Spending per Beneficiary),,2024-01-01,2024-12-31,1.0
140127,MSPB-1,Medicare hospital spending per patient (Medicare Spending per Beneficiary),,2024-01-01,2024-12-31,0.96
140130,MSPB-1,Medicare hospital spending per patient (Medicare Spending per Beneficiary),,2024-01-01,2024-12-31,0.95
140133,MSPB-1,Medicare hospital spending per patient (Medicare Spending per Beneficiary),,2024-01-01,2024-12-31,0.99
140135,MSPB-1,Medicare hospital spending per patient (Medicare Spending per Beneficiary),,2024-01-01,2024-12-31,1.03
140137,MSPB-1,Medicare hospital spending per patient (Medicare Spending per Beneficiary),,2024-01-01,2024-12-31,0.92
140145,MSPB-1,Medicare hospital spending per patient (Medicare Spending per Beneficiary),,2024-01-01,2024-12-31,0.97
140148,MSPB-1,Medicare hospital spending per patient (Medicare Spending per Beneficiary),,2024-01-01,2024-12-31,1.03
140150,MSPB-1,Medicare hospital spending per patient (Medicare Spending per Beneficiary),,2024-01-01,2024-12-31,1.04
140155,MSPB-1,Medicare hospital spending per patient (Medicare Spending per Beneficiary),29.0,2024-01-01,2024-12-31,0.97
140158,MSPB-1,Medicare hospital spending per patient (Medicare Spending per Beneficiary),,2024-01-01,2024-12-31,1.07
140160,MSPB-1,Medicare hospital spending per patient (Medicare Spending per Beneficiary),,2024-01-01,2024-12-31,1.05
140161,MSPB-1,Medicare hospital spending per patient (Medicare Spending per Beneficiary),,2024-01-01,2024-12-31,0.92
140162,MSPB-1,Medicare hospital spending per patient (Medicare Spending per Beneficiary),,2024-01-01,2024-12-31,0.96
140164,MSPB-1,Medicare hospital spending per patient (Medicare Spending per Beneficiary),,2024-01-01,2024-12-31,1.07
140166,MSPB-1,Medicare hospital spending per patient (Medicare Spending per Beneficiary),,2024-01-01,2024-12-31,1.0
140172,MSPB-1,Medicare hospital spending per patient (Medicare Spending per Beneficiary),,2024-01-01,2024-12-31,1.03
140174,MSPB-1,Medicare hospital spending per patient (Medicare Spending per Beneficiary),29.0,2024-01-01,2024-12-31,0.93
140177,MSPB-1,Medicare hospital spending per patient (Medicare Spending per Beneficiary),,2024-01-01,2024-12-31,1.05
140179,MSPB-1,Medicare hospital spending per patient (Medicare Spending per Beneficiary),,2024-01-01,2024-12-31,0.95
140180,MSPB-1,Medicare hospital spending per patient (Medicare Spending per Beneficiary),29.0,2024-01-01,2024-12-31,1.03
140181,MSPB-1,Medicare hospital spending per patient (Medicare Spending per Beneficiary),,2024-01-01,2024-12-31,1.02
140182,MSPB-1,Medicare hospital spending per patient (Medicare Spending per Beneficiary),,2024-01-01,2024-12-31,1.01
140184,MSPB-1,Medicare hospital spending per patient (Medicare Spending per Beneficiary),,2024-01-01,2024-12-31,1.09
140185,MSPB-1,Medicare hospital spending per patient (Medicare Spending per Beneficiary),,2024-01-01,2024-12-31,0.96
140186,MSPB-1,Medicare hospital spending per patient (Medicare Spending per Beneficiary),,2024-01-01,2024-12-31,1.09
140187,MSPB-1,Medicare hospital spending per patient (Medicare Spending per Beneficiary),,2024-01-01,2024-12-31,1.0
140189,MSPB-1,Medicare hospital spending per patient (Medicare Spending per Beneficiary),,2024-01-01,2024-12-31,0.93
140191,MSPB-1,Medicare hospital spending per patient (Medicare Spending per Beneficiary),,2024-01-01,2024-12-31,1.03
140197,MSPB-1,Medicare hospital spending per patient (Medicare Spending per Beneficiary),,2024-01-01,2024-12-31,1.06
140200,MSPB-1,Medicare hospital spending per patient (Medicare Spending per Beneficiary),,2024-01-01,2024-12-31,0.98
140202,MSPB-1,Medicare hospital spending per patient (Medicare Spending per Beneficiary),,2024-01-01,2024-12-31,1.0
140206,MSPB-1,Medicare hospital spending per patient (Medicare Spending per Beneficiary),,2024-01-01,2024-12-31,1.05
140208,MSPB-1,Medicare hospital spending per patient (Medicare Spending per Beneficiary),,2024-01-01,2024-12-31,0.97
140209,MSPB-1,Medicare hospital spending per patient (Medicare Spending per Beneficiary),,2024-01-01,2024-12-31,0.97
140210,MSPB-1,Medicare hospital spending per patient (Medicare Spending per Beneficiary),,2024-01-01,2024-12-31,0.79
140211,MSPB-1,Medicare hospital spending per patient (Medicare Spending per Beneficiary),,2024-01-01,2024-12-31,0.98
140213,MSPB-1,Medicare hospital spending per patient (Medicare Spending per Beneficiary),,2024-01-01,2024-12-31,0.97
140217,MSPB-1,Medicare hospital spending per patient (Medicare Spending per Beneficiary),1.0,2024-01-01,2024-12-31,
140223,MSPB-1,Medicare hospital spending per patient (Medicare Spending per Beneficiary),,2024-01-01,2024-12-31,1.0
140224,MSPB-1,Medicare hospital spending per patient (Medicare Spending per Beneficiary),1.0,2024-01-01,2024-12-31,
140228,MSPB-1,Medicare hospital spending per patient (Medicare Spending per Beneficiary),,2024-01-01,2024-12-31,0.99
140231,MSPB-1,Medicare hospital spending per patient (Medicare Spending per Beneficiary),,2024-01-01,2024-12-31,0.96
140233,MSPB-1,Medicare hospital spending per patient (Medicare Spending per Beneficiary),,2024-01-01,2024-12-31,1.05
140239,MSPB-1,Medicare hospital spending per patient (Medicare Spending per Beneficiary),,2024-01-01,2024-12-31,1.02
140242,MSPB-1,Medicare hospital spending per patient (Medicare Spending per Beneficiary),,2024-01-01,2024-12-31,1.0
140251,MSPB-1,Medicare hospital spending per patient (Medicare Spending per Beneficiary),,2024-01-01,2024-12-31,1.18
140252,MSPB-1,Medicare hospital spending per patient (Medicare Spending per Beneficiary),,2024-01-01,2024-12-31,1.0
140258,MSPB-1,Medicare hospital spending per patient (Medicare Spending per Beneficiary),29.0,2024-01-01,2024-12-31,1.09
140275,MSPB-1,Medicare hospital spending per patient (Medicare Spending per Beneficiary),,2024-01-01,2024-12-31,1.11
140276,MSPB-1,Medicare hospital spending per patient (Medicare Spending per Beneficiary),,2024-01-01,2024-12-31,0.98
140280,MSPB-1,Medicare hospital spending per patient (Medicare Spending per Beneficiary),,2024-01-01,2024-12-31,1.03
140281,MSPB-1,Medicare hospital spending per patient (Medicare Spending per Beneficiary),,2024-01-01,2024-12-31,0.94
140286,MSPB-1,Medicare hospital spending per patient (Medicare Spending per Beneficiary),,2024-01-01,2024-12-31,1.0
140288,MSPB-1,Medicare hospital spending per patient (Medicare Spending per Beneficiary),,2024-01-01,2024-12-31,0.98
140289,MSPB-1,Medicare hospital spending per patient (Medicare Spending per Beneficiary),,2024-01-01,2024-12-31,1.03
140290,MSPB-1,Medicare hospital spending per patient (Medicare Spending per Beneficiary),29.0,2024-01-01,2024-12-31,1.05
140291,MSPB-1,Medicare hospital spending per patient (Medicare Spending per Beneficiary),,2024-01-01,2024-12-31,0.91
140292,MSPB-1,Medicare hospital spending per patient (Medicare Spending per Beneficiary),,2024-01-01,2024-12-31,1.08
140294,MSPB-1,Medicare hospital spending per patient (Medicare Spending per Beneficiary),,2024-01-01,2024-12-31,1.11
140300,MSPB-1,Medicare hospital spending per patient (Medicare Spending per Beneficiary),,2024-01-01,2024-12-31,0.75
140304,MSPB-1,Medicare hospital spending per patient (Medicare Spending per Beneficiary),,2024-01-01,2024-12-31,1.05
140308,MSPB-1,Medicare hospital spending per patient (Medicare Spending per Beneficiary),,2024-01-01,2024-12-31,1.01
141300,MSPB-1,Medicare hospital spending per patient (Medicare Spending per Beneficiary),5.0,2024-01-01,2024-12-31,
141301,MSPB-1,Medicare hospital spending per patient (Medicare Spending per Beneficiary),5.0,2024-01-01,2024-12-31,
141302,MSPB-1,Medicare hospital spending per patient (Medicare Spending per Beneficiary),5.0,2024-01-01,2024-12-31,
141303,MSPB-1,Medicare hospital spending per patient (Medicare Spending per Beneficiary),5.0,2024-01-01,2024-12-31,
141304,MSPB-1,Medicare hospital spending per patient (Medicare Spending per Beneficiary),5.0,2024-01-01,2024-12-31,
141305,MSPB-1,Medicare hospital spending per patient (Medicare Spending per Beneficiary),5.0,2024-01-01,2024-12-31,
141306,MSPB-1,Medicare hospital spending per patient (Medicare Spending per Beneficiary),5.0,2024-01-01,2024-12-31,
141307,MSPB-1,Medicare hospital spending per patient (Medicare Spending per Beneficiary),5.0,2024-01-01,2024-12-31,
141308,MSPB-1,Medicare hospital spending per patient (Medicare Spending per Beneficiary),5.0,2024-01-01,2024-12-31,
141309,MSPB-1,Medicare hospital spending per patient (Medicare Spending per Beneficiary),5.0,2024-01-01,2024-12-31,
141310,MSPB-1,Medicare hospital spending per patient (Medicare Spending per Beneficiary),5.0,2024-01-01,2024-12-31,
141311,MSPB-1,Medicare hospital spending per patient (Medicare Spending per Beneficiary),5.0,2024-01-01,2024-12-31,
141312,MSPB-1,Medicare hospital spending per patient (Medicare Spending per Beneficiary),5.0,2024-01-01,2024-12-31,
141313,MSPB-1,Medicare hospital spending per patient (Medicare Spending per Beneficiary),5.0,2024-01-01,2024-12-31,
141315,MSPB-1,Medicare hospital spending per patient (Medicare Spending per Beneficiary),5.0,2024-01-01,2024-12-31,
141316,MSPB-1,Medicare hospital spending per patient (Medicare Spending per Beneficiary),5.0,2024-01-01,2024-12-31,
141317,MSPB-1,Medicare hospital spending per patient (Medicare Spending per Beneficiary),5.0,2024-01-01,2024-12-31,
141318,MSPB-1,Medicare hospital spending per patient (Medicare Spending per Beneficiary),5.0,2024-01-01,2024-12-31,
141319,MSPB-1,Medicare hospital spending per patient (Medicare Spending per Beneficiary),5.0,2024-01-01,2024-12-31,
141320,MSPB-1,Medicare hospital spending per patient (Medicare Spending per Beneficiary),5.0,2024-01-01,2024-12-31,
141321,MSPB-1,Medicare hospital spending per patient (Medicare Spending per Beneficiary),5.0,2024-01-01,2024-12-31,
141322,MSPB-1,Medicare hospital spending per patient (Medicare Spending per Beneficiary),5.0,2024-01-01,2024-12-31,
141323,MSPB-1,Medicare hospital spending per patient (Medicare Spending per Beneficiary),5.0,2024-01-01,2024-12-31,
141324,MSPB-1,Medicare hospital spending per patient (Medicare Spending per Beneficiary),5.0,2024-01-01,2024-12-31,
141325,MSPB-1,Medicare hospital spending per patient (Medicare Spending per Beneficiary),5.0,2024-01-01,2024-12-31,
141326,MSPB-1,Medicare hospital spending per patient (Medicare Spending per Beneficiary),5.0,2024-01-01,2024-12-31,
141327,MSPB-1,Medicare hospital spending per patient (Medicare Spending per Beneficiary),5.0,2024-01-01,2024-12-31,
141328,MSPB-1,Medicare hospital spending per patient (Medicare Spending per Beneficiary),5.0,2024-01-01,2024-12-31,
141329,MSPB-1,Medicare hospital spending per patient (Medicare Spending per Beneficiary),5.0,2024-01-01,2024-12-31,
141330,MSPB-1,Medicare hospital spending per patient (Medicare Spending per Beneficiary),5.0,2024-01-01,2024-12-31,
141331,MSPB-1,Medicare hospital spending per patient (Medicare Spending per Beneficiary),5.0,2024-01-01,2024-12-31,
141332,MSPB-1,Medicare hospital spending per patient (Medicare Spending per Beneficiary),5.0,2024-01-01,2024-12-31,
141333,MSPB-1,Medicare hospital spending per patient (Medicare Spending per Beneficiary),5.0,2024-01-01,2024-12-31,
141334,MSPB-1,Medicare hospital spending per patient (Medicare Spending per Beneficiary),5.0,2024-01-01,2024-12-31,
141335,MSPB-1,Medicare hospital spending per patient (Medicare Spending per Beneficiary),5.0,2024-01-01,2024-12-31,
141336,MSPB-1,Medicare hospital spending per patient (Medicare Spending per Beneficiary),5.0,2024-01-01,2024-12-31,
141337,MSPB-1,Medicare hospital spending per patient (Medicare Spending per Beneficiary),5.0,2024-01-01,2024-12-31,
141338,MSPB-1,Medicare hospital spending per patient (Medicare Spending per Beneficiary),5.0,2024-01-01,2024-12-31,
141339,MSPB-1,Medicare hospital spending per patient (Medicare Spending per Beneficiary),5.0,2024-01-01,2024-12-31,
141340,MSPB-1,Medicare hospital spending per patient (Medicare Spending per Beneficiary),5.0,2024-01-01,2024-12-31,
141341,MSPB-1,Medicare hospital spending per patient (Medicare Spending per Beneficiary),5.0,2024-01-01,2024-12-31,
141342,MSPB-1,Medicare hospital spending per patient (Medicare Spending per Beneficiary),5.0,2024-01-01,2024-12-31,
141343,MSPB-1,Medicare hospital spending per patient (Medicare Spending per Beneficiary),5.0,2024-01-01,2024-12-31,
141344,MSPB-1,Medicare hospital spending per patient (Medicare Spending per Beneficiary),5.0,2024-01-01,2024-12-31,
141345,MSPB-1,Medicare hospital spending per patient (Medicare Spending per Beneficiary),5.0,2024-01-01,2024-12-31,
141346,MSPB-1,Medicare hospital spending per patient (Medicare Spending per Beneficiary),5.0,2024-01-01,2024-12-31,
141347,MSPB-1,Medicare hospital spending per patient (Medicare Spending per Beneficiary),5.0,2024-01-01,2024-12-31,
141348,MSPB-1,Medicare hospital spending per patient (Medicare Spending per Beneficiary),5.0,2024-01-01,2024-12-31,
141349,MSPB-1,Medicare hospital spending per patient (Medicare Spending per Beneficiary),5.0,2024-01-01,2024-12-31,
141350,MSPB-1,Medicare hospital spending per patient (Medicare Spending per Beneficiary),5.0,2024-01-01,2024-12-31,
141351,MSPB-1,Medicare hospital spending per patient (Medicare Spending per Beneficiary),5.0,2024-01-01,2024-12-31,
141352,MSPB-1,Medicare hospital spending per patient (Medicare Spending per Beneficiary),5.0,2024-01-01,2024-12-31,
141353,MSPB-1,Medicare hospital spending per patient (Medicare Spending per Beneficiary),5.0,2024-01-01,2024-12-31,
141354,MSPB-1,Medicare hospital spending per patient (Medicare Spending per Beneficiary),5.0,2024-01-01,2024-12-31,
141355,MSPB-1,Medicare hospital spending per patient (Medicare Spending per Beneficiary),5.0,2024-01-01,2024-12-31,
143300,MSPB-1,Medicare hospital spending per patient (Medicare Spending per Beneficiary),19.0,2024-01-01,2024-12-31,
143301,MSPB-1,Medicare hospital spending per patient (Medicare Spending per Beneficiary),19.0,2024-01-01,2024-12-31,
143302,MSPB-1,Medicare hospital spending per patient (Medicare Spending per Beneficiary),19.0,2024-01-01,2024-12-31,
150001,MSPB-1,Medicare hospital spending per patient (Medicare Spending per Beneficiary),,2024-01-01,2024-12-31,0.96
150002,MSPB-1,Medicare hospital spending per patient (Medicare Spending per Beneficiary),,2024-01-01,2024-12-31,1.07
150005,MSPB-1,Medicare hospital spending per patient (Medicare Spending per Beneficiary),,2024-01-01,2024-12-31,0.94
150006,MSPB-1,Medicare hospital spending per patient (Medicare Spending per Beneficiary),,2024-01-01,2024-12-31,1.03
150007,MSPB-1,Medicare hospital spending per patient (Medicare Spending per Beneficiary),,2024-01-01,2024-12-31,0.99
150008,MSPB-1,Medicare hospital spending per patient (Medicare Spending per Beneficiary),,2024-01-01,2024-12-31,1.1
150009,MSPB-1,Medicare hospital spending per patient (Medicare Spending per Beneficiary),,2024-01-01,2024-12-31,1.09
150010,MSPB-1,Medicare hospital spending per patient (Medicare Spending per Beneficiary),29.0,2024-01-01,2024-12-31,0.96
150011,MSPB-1,Medicare hospital spending per patient (Medicare Spending per Beneficiary),,2024-01-01,2024-12-31,0.98
150012,MSPB-1,Medicare hospital spending per patient (Medicare Spending per Beneficiary),,2024-01-01,2024-12-31,0.96
150015,MSPB-1,Medicare hospital spending per patient (Medicare Spending per Beneficiary),,2024-01-01,2024-12-31,0.99
150017,MSPB-1,Medicare hospital spending per patient (Medicare Spending per Beneficiary),,2024-01-01,2024-12-31,1.07
150018,MSPB-1,Medicare hospital spending per patient (Medicare Spending per Beneficiary),,2024-01-01,2024-12-31,0.98
150021,MSPB-1,Medicare hospital spending per patient (Medicare Spending per Beneficiary),,2024-01-01,2024-12-31,1.0
150022,MSPB-1,Medicare hospital spending per patient (Medicare Spending per Beneficiary),,2024-01-01,2024-12-31,1.03
150023,MSPB-1,Medicare hospital spending per patient (Medicare Spending per Beneficiary),,2024-01-01,2024-12-31,1.01
150024,MSPB-1,Medicare hospital spending per patient (Medicare Spending per Beneficiary),,2024-01-01,2024-12-31,0.98
150026,MSPB-1,Medicare hospital spending per patient (Medicare Spending per Beneficiary),,2024-01-01,2024-12-31,1.0
150030,MSPB-1,Medicare hospital spending per patient (Medicare Spending per Beneficiary),,2024-01-01,2024-12-31,1.06
150034,MSPB-1,Medicare hospital spending per patient (Medicare Spending per Beneficiary),,2024-01-01,2024-12-31,1.04
150035,MSPB-1,Medicare hospital spending per patient (Medicare Spending per Beneficiary),,2024-01-01,2024-12-31,1.05
150037,MSPB-1,Medicare hospital spending per patient (Medicare Spending per Beneficiary),,2024-01-01,2024-12-31,1.03
150042,MSPB-1,Medicare hospital spending per patient (Medicare Spending per Beneficiary),,2024-01-01,2024-12-31,1.16
150044,MSPB-1,Medicare hospital spending per patient (Medicare Spending per Beneficiary),,2024-01-01,2024-12-31,1.13
150045,MSPB-1,Medicare hospital spending per patient (Medicare Spending per Beneficiary),,2024-01-01,2024-12-31,0.92
150046,MSPB-1,Medicare hospital spending per patient (Medicare Spending per Beneficiary),,2024-01-01,2024-12-31,1.02
150047,MSPB-1,Medicare hospital spending per patient (Medicare Spending per Beneficiary),,2024-01-01,2024-12-31,1.16
150048,MSPB-1,Medicare hospital spending per patient (Medicare Spending per Beneficiary),,2024-01-01,2024-12-31,0.99
150051,MSPB-1,Medicare hospital spending per patient (Medicare Spending per Beneficiary),,2024-01-01,2024-12-31,1.06
150056,MSPB-1,Medicare hospital spending per patient (Medicare Spending per Beneficiary),,2024-01-01,2024-12-31,1.05
150057,MSPB-1,Medicare hospital spending per patient (Medicare Spending per Beneficiary),,2024-01-01,2024-12-31,0.93
150058,MSPB-1,Medicare hospital spending per patient (Medicare Spending per Beneficiary),,2024-01-01,2024-12-31,0.97
150059,MSPB-1,Medicare hospital spending per patient (Medicare Spending per Beneficiary),,2024-01-01,2024-12-31,1.03
150061,MSPB-1,Medicare hospital spending per patient (Medicare Spending per Beneficiary),,2024-01-01,2024-12-31,1.07
150065,MSPB-1,Medicare hospital spending per patient (Medicare Spending per Beneficiary),,2024-01-01,2024-12-31,1.02
150069,MSPB-1,Medicare hospital spending per patient (Medicare Spending per Beneficiary),,2024-01-01,2024-12-31,1.01
150072,MSPB-1,Medicare hospital spending per patient (Medicare Spending per Beneficiary),,2024-01-01,2024-12-31,1.15
150074,MSPB-1,Medicare hospital spending per patient (Medicare Spending per Beneficiary),,2024-01-01,2024-12-31,1.04
150075,MSPB-1,Medicare hospital spending per patient (Medicare Spending per Beneficiary),,2024-01-01,2024-12-31,0.95
150076,MSPB-1,Medicare hospital spending per patient (Medicare Spending per Beneficiary),,2024-01-01,2024-12-31,0.95
150082,MSPB-1,Medicare hospital spending per patient (Medicare Spending per Beneficiary),,2024-01-01,2024-12-31,1.05
150084,MSPB-1,Medicare hospital spending per patient (Medicare Spending per Beneficiary),29.0,2024-01-01,2024-12-31,1.04
150086,MSPB-1,Medicare hospital spending per patient (Medicare Spending per Beneficiary),,2024-01-01,2024-12-31,1.04
150088,MSPB-1,Medicare hospital spending per patient (Medicare Spending per Beneficiary),29.0,2024-01-01,2024-12-31,0.95
150089,MSPB-1,Medicare hospital spending per patient (Medicare Spending per Beneficiary),,2024-01-01,2024-12-31,1.01
150090,MSPB-1,Medicare hospital spending per patient (Medicare Spending per Beneficiary),,2024-01-01,2024-12-31,1.07
150091,MSPB-1,Medicare hospital spending per patient (Medicare Spending per Beneficiary),,2024-01-01,2024-12-31,0.9
150097,MSPB-1,Medicare hospital spending per patient (Medicare Spending per Beneficiary),,2024-01-01,2024-12-31,1.01
150100,MSPB-1,Medicare hospital spending per patient (Medicare Spending per Beneficiary),29.0,2024-01-01,2024-12-31,0.99
150101,MSPB-1,Medicare hospital spending per patient (Medicare Spending per Beneficiary),,2024-01-01,2024-12-31,0.89
150102,MSPB-1,Medicare hospital spending per patient (Medicare Spending per Beneficiary),,2024-01-01,2024-12-31,1.08
150104,MSPB-1,Medicare hospital spending per patient (Medicare Spending per Beneficiary),,2024-01-01,2024-12-31,0.96
150109,MSPB-1,Medicare hospital spending per patient (Medicare Spending per Beneficiary),,2024-01-01,2024-12-31,1.03
150112,MSPB-1,Medicare hospital spending per patient (Medicare Spending per Beneficiary),,2024-01-01,2024-12-31,0.97
150113,MSPB-1,Medicare hospital spending per patient (Medicare Spending per Beneficiary),,2024-01-01,2024-12-31,1.01
150115,MSPB-1,Medicare hospital spending per patient (Medicare Spending per Beneficiary),,2024-01-01,2024-12-31,0.99
150125,MSPB-1,Medicare hospital spending per patient (Medicare Spending per Beneficiary),,2024-01-01,2024-12-31,1.1
150126,MSPB-1,Medicare hospital spending per patient (Medicare Spending per Beneficiary),,2024-01-01,2024-12-31,1.01
150128,MSPB-1,Medicare hospital spending per patient (Medicare Spending per Beneficiary),,2024-01-01,2024-12-31,1.09
150133,MSPB-1,Medicare hospital spending per patient (Medicare Spending per Beneficiary),,2024-01-01,2024-12-31,0.97
150146,MSPB-1,Medicare hospital spending per patient (Medicare Spending per Beneficiary),,2024-01-01,2024-12-31,0.9
150149,MSPB-1,Medicare hospital spending per patient (Medicare Spending per Beneficiary),1.0,2024-01-01,2024-12-31,
150150,MSPB-1,Medicare hospital spending per patient (Medicare Spending per Beneficiary),,2024-01-01,2024-12-31,1.04
150153,MSPB-1,Medicare hospital spending per patient (Medicare Spending per Beneficiary),29.0,2024-01-01,2024-12-31,0.97
150157,MSPB-1,Medicare hospital spending per patient (Medicare Spending per Beneficiary),29.0,2024-01-01,2024-12-31,0.97
150158,MSPB-1,Medicare hospital spending per patient (Medicare Spending per Beneficiary),,2024-01-01,2024-12-31,0.97
150160,MSPB-1,Medicare hospital spending per patient (Medicare Spending per Beneficiary),,2024-01-01,2024-12-31,0.94
150161,MSPB-1,Medicare hospital spending per patient (Medicare Spending per Beneficiary),,2024-01-01,2024-12-31,1.03
150162,MSPB-1,Medicare hospital spending per patient (Medicare Spending per Beneficiary),,2024-01-01,2024-12-31,0.99
150165,MSPB-1,Medicare hospital spending per patient (Medicare Spending per Beneficiary),,2024-01-01,2024-12-31,0.99
150166,MSPB-1,Medicare hospital spending per patient (Medicare Spending per Beneficiary),,2024-01-01,2024-12-31,1.06
150167,MSPB-1,Medicare hospital spending per patient (Medicare Spending per Beneficiary),,2024-01-01,2024-12-31,0.9
150168,MSPB-1,Medicare hospital spending per patient (Medicare Spending per Beneficiary),,2024-01-01,2024-12-31,0.98
150169,MSPB-1,Medicare hospital spending per patient (Medicare Spending per Beneficiary),,2024-01-01,2024-12-31,1.06
150172,MSPB-1,Medicare hospital spending per patient (Medicare Spending per Beneficiary),,2024-01-01,2024-12-31,0.97
150173,MSPB-1,Medicare hospital spending per patient (Medicare Spending per Beneficiary),,2024-01-01,2024-12-31,0.99
150177,MSPB-1,Medicare hospital spending per patient (Medicare Spending per Beneficiary),,2024-01-01,2024-12-31,0.9
150179,MSPB-1,Medicare hospital spending per patient (Medicare Spending per Beneficiary),,2024-01-01,2024-12-31,0.99
150181,MSPB-1,Medicare hospital spending per patient (Medicare Spending per Beneficiary),29.0,2024-01-01,2024-12-31,1.0
150183,MSPB-1,Medicare hospital spending per patient (Medicare Spending per Beneficiary),,2024-01-01,2024-12-31,0.91
150193,MSPB-1,Medicare hospital spending per patient (Medicare Spending per Beneficiary),,2024-01-01,2024-12-31,1.03
150195,MSPB-1,Medicare hospital spending per patient (Medicare Spending per Beneficiary),1.0,2024-01-01,2024-12-31,
151300,MSPB-1,Medicare hospital spending per patient (Medicare Spending per Beneficiary),5.0,2024-01-01,2024-12-31,
151301,MSPB-1,Medicare hospital spending per patient (Medicare Spending per Beneficiary),5.0,2024-01-01,2024-12-31,
151303,MSPB-1,Medicare hospital spending per patient (Medicare Spending per Beneficiary),5.0,2024-01-01,2024-12-31,
151304,MSPB-1,Medicare hospital spending per patient (Medicare Spending per Beneficiary),5.0,2024-01-01,2024-12-31,
151305,MSPB-1,Medicare hospital spending per patient (Medicare Spending per Beneficiary),5.0,2024-01-01,2024-12-31,
151306,MSPB-1,Medicare hospital spending per patient (Medicare Spending per Beneficiary),5.0,2024-01-01,2024-12-31,
151307,MSPB-1,Medicare hospital spending per patient (Medicare Spending per Beneficiary),5.0,2024-01-01,2024-12-31,
151308,MSPB-1,Medicare hospital spending per patient (Medicare Spending per Beneficiary),5.0,2024-01-01,2024-12-31,
151309,MSPB-1,Medicare hospital spending per patient (Medicare Spending per Beneficiary),5.0,2024-01-01,2024-12-31,
151310,MSPB-1,Medicare hospital spending per patient (Medicare Spending per Beneficiary),5.0,2024-01-01,2024-12-31,
151311,MSPB-1,Medicare hospital spending per patient (Medicare Spending per Beneficiary),5.0,2024-01-01,2024-12-31,
151312,MSPB-1,Medicare hospital spending per patient (Medicare Spending per Beneficiary),5.0,2024-01-01,2024-12-31,
151313,MSPB-1,Medicare hospital spending per patient (Medicare Spending per Beneficiary),5.0,2024-01-01,2024-12-31,
151314,MSPB-1,Medicare hospital spending per patient (Medicare Spending per Beneficiary),5.0,2024-01-01,2024-12-31,
151315,MSPB-1,Medicare hospital spending per patient (Medicare Spending per Beneficiary),5.0,2024-01-01,2024-12-31,
151316,MSPB-1,Medicare hospital spending per patient (Medicare Spending per Beneficiary),5.0,2024-01-01,2024-12-31,
151317,MSPB-1,Medicare hospital spending per patient (Medicare Spending per Beneficiary),5.0,2024-01-01,2024-12-31,
151318,MSPB-1,Medicare hospital spending per patient (Medicare Spending per Beneficiary),5.0,2024-01-01,2024-12-31,
151319,MSPB-1,Medicare hospital spending per patient (Medicare Spending per Beneficiary),5.0,2024-01-01,2024-12-31,
151320,MSPB-1,Medicare hospital spending per patient (Medicare Spending per Beneficiary),5.0,2024-01-01,2024-12-31,
151322,MSPB-1,Medicare hospital spending per patient (Medicare Spending per Beneficiary),5.0,2024-01-01,2024-12-31,
151323,MSPB-1,Medicare hospital spending per patient (Medicare Spending per Beneficiary),5.0,2024-01-01,2024-12-31,
151324,MSPB-1,Medicare hospital spending per patient (Medicare Spending per Beneficiary),5.0,2024-01-01,2024-12-31,
151325,MSPB-1,Medicare hospital spending per patient (Medicare Spending per Beneficiary),5.0,2024-01-01,2024-12-31,
151326,MSPB-1,Medicare hospital spending per patient (Medicare Spending per Beneficiary),5.0,2024-01-01,2024-12-31,
151327,MSPB-1,Medicare hospital spending per patient (Medicare Spending per Beneficiary),5.0,2024-01-01,2024-12-31,
151328,MSPB-1,Medicare hospital spending per patient (Medicare Spending per Beneficiary),5.0,2024-01-01,2024-12-31,
151329,MSPB-1,Medicare hospital spending per patient (Medicare Spending per Beneficiary),5.0,2024-01-01,2024-12-31,
151330,MSPB-1,Medicare hospital spending per patient (Medicare Spending per Beneficiary),5.0,2024-01-01,2024-12-31,
151331,MSPB-1,Medicare hospital spending per patient (Medicare Spending per Beneficiary),5.0,2024-01-01,2024-12-31,
151332,MSPB-1,Medicare hospital spending per patient (Medicare Spending per Beneficiary),5.0,2024-01-01,2024-12-31,
151333,MSPB-1,Medicare hospital spending per patient (Medicare Spending per Beneficiary),5.0,2024-01-01,2024-12-31,
151334,MSPB-1,Medicare hospital spending per patient (Medicare Spending per Beneficiary),5.0,2024-01-01,2024-12-31,
160001,MSPB-1,Medicare hospital spending per patient (Medicare Spending per Beneficiary),,2024-01-01,2024-12-31,0.84
160013,MSPB-1,Medicare hospital spending per patient (Medicare Spending per Beneficiary),,2024-01-01,2024-12-31,0.93
160016,MSPB-1,Medicare hospital spending per patient (Medicare Spending per Beneficiary),,2024-01-01,2024-12-31,0.93
160028,MSPB-1,Medicare hospital spending per patient (Medicare Spending per Beneficiary),,2024-01-01,2024-12-31,0.97
160029,MSPB-1,Medicare hospital spending per patient (Medicare Spending per Beneficiary),,2024-01-01,2024-12-31,0.99
160030,MSPB-1,Medicare hospital spending per patient (Medicare Spending per Beneficiary),,2024-01-01,2024-12-31,0.95
160032,MSPB-1,Medicare hospital spending per patient (Medicare Spending per Beneficiary),,2024-01-01,2024-12-31,0.99
160033,MSPB-1,Medicare hospital spending per patient (Medicare Spending per Beneficiary),,2024-01-01,2024-12-31,0.96
160040,MSPB-1,Medicare hospital spending per patient (Medicare Spending per Beneficiary),,2024-01-01,2024-12-31,0.92
160045,MSPB-1,Medicare hospital spending per patient (Medicare Spending per Beneficiary),,2024-01-01,2024-12-31,0.95
160047,MSPB-1,Medicare hospital spending per patient (Medicare Spending per Beneficiary),,2024-01-01,2024-12-31,0.95
160057,MSPB-1,Medicare hospital spending per patient (Medicare Spending per Beneficiary),,2024-01-01,2024-12-31,0.93
160058,MSPB-1,Medicare hospital spending per patient (Medicare Spending per Beneficiary),,2024-01-01,2024-12-31,1.05
160064,MSPB-1,Medicare hospital spending per patient (Medicare Spending per Beneficiary),,2024-01-01,2024-12-31,0.96
160067,MSPB-1,Medicare hospital spending per patient (Medicare Spending per Beneficiary),,2024-01-01,2024-12-31,0.89
160069,MSPB-1,Medicare hospital spending per patient (Medicare Spending per Beneficiary),,2024-01-01,2024-12-31,0.93
160079,MSPB-1,Medicare hospital spending per patient (Medicare Spending per Beneficiary),,2024-01-01,2024-12-31,0.95
160080,MSPB-1,Medicare hospital spending per patient (Medicare Spending per Beneficiary),,2024-01-01,2024-12-31,0.86
160082,MSPB-1,Medicare hospital spending per patient (Medicare Spending per Beneficiary),,2024-01-01,2024-12-31,0.97
160083,MSPB-1,Medicare hospital spending per patient (Medicare Spending per Beneficiary),,2024-01-01,2024-12-31,1.01
160089,MSPB-1,Medicare hospital spending per patient (Medicare Spending per Beneficiary),,2024-01-01,2024-12-31,1.0
160101,MSPB-1,Medicare hospital spending per patient (Medicare Spending per Beneficiary),,2024-01-01,2024-12-31,0.98
160104,MSPB-1,Medicare hospital spending per patient (Medicare Spending per Beneficiary),,2024-01-01,2024-12-31,0.95
160110,MSPB-1,Medicare hospital spending per patient (Medicare Spending per Beneficiary),,2024-01-01,2024-12-31,0.93
160112,MSPB-1,Medicare hospital spending per patient (Medicare Spending per Beneficiary),,2024-01-01,2024-12-31,0.9
160117,MSPB-1,Medicare hospital spending per patient (Medicare Spending per Beneficiary),,2024-01-01,2024-12-31,0.9
160124,MSPB-1,Medicare hospital spending per patient (Medicare Spending per Beneficiary),,2024-01-01,2024-12-31,0.88
160146,MSPB-1,Medicare hospital spending per patient (Medicare Spending per Beneficiary),,2024-01-01,2024-12-31,0.95
160147,MSPB-1,Medicare hospital spending per patient (Medicare Spending per Beneficiary),,2024-01-01,2024-12-31,0.89
160153,MSPB-1,Medicare hospital spending per patient (Medicare Spending per Beneficiary),,2024-01-01,2024-12-31,0.98
161301,MSPB-1,Medicare hospital spending per patient (Medicare Spending per Beneficiary),5.0,2024-01-01,2024-12-31,
161302,MSPB-1,Medicare hospital spending per patient (Medicare Spending per Beneficiary),5.0,2024-01-01,2024-12-31,
161303,MSPB-1,Medicare hospital spending per patient (Medicare Spending per Beneficiary),5.0,2024-01-01,2024-12-31,
161304,MSPB-1,Medicare hospital spending per patient (Medicare Spending per Beneficiary),5.0,2024-01-01,2024-12-31,
161305,MSPB-1,Medicare hospital spending per patient (Medicare Spending per Beneficiary),5.0,2024-01-01,2024-12-31,
161306,MSPB-1,Medicare hospital spending per patient (Medicare Spending per Beneficiary),5.0,2024-01-01,2024-12-31,
161307,MSPB-1,Medicare hospital spending per patient (Medicare Spending per Beneficiary),5.0,2024-01-01,2024-12-31,
161308,MSPB-1,Medicare hospital spending per patient (Medicare Spending per Beneficiary),5.0,2024-01-01,2024-12-31,
161309,MSPB-1,Medicare hospital spending per patient (Medicare Spending per Beneficiary),5.0,2024-01-01,2024-12-31,
161310,MSPB-1,Medicare hospital spending per patient (Medicare Spending per Beneficiary),5.0,2024-01-01,2024-12-31,
161311,MSPB-1,Medicare hospital spending per patient (Medicare Spending per Beneficiary),5.0,2024-01-01,2024-12-31,
161312,MSPB-1,Medicare hospital spending per patient (Medicare Spending per Beneficiary),5.0,2024-01-01,2024-12-31,
161313,MSPB-1,Medicare hospital spending per patient (Medicare Spending per Beneficiary),5.0,2024-01-01,2024-12-31,
161314,MSPB-1,Medicare hospital spending per patient (Medicare Spending per Beneficiary),5.0,2024-01-01,2024-12-31,
161315,MSPB-1,Medicare hospital spending per patient (Medicare Spending per Beneficiary),5.0,2024-01-01,2024-12-31,
161316,MSPB-1,Medicare hospital spending per patient (Medicare Spending per Beneficiary),5.0,2024-01-01,2024-12-31,
161317,MSPB-1,Medicare hospital spending per patient (Medicare Spending per Beneficiary),5.0,2024-01-01,2024-12-31,
161318,MSPB-1,Medicare hospital spending per patient (Medicare Spending per Beneficiary),5.0,2024-01-01,2024-12-31,
161319,MSPB-1,Medicare hospital spending per patient (Medicare Spending per Beneficiary),5.0,2024-01-01,2024-12-31,
161320,MSPB-1,Medicare hospital spending per patient (Medicare Spending per Beneficiary),5.0,2024-01-01,2024-12-31,
161321,MSPB-1,Medicare hospital spending per patient (Medicare Spending per Beneficiary),5.0,2024-01-01,2024-12-31,
161322,MSPB-1,Medicare hospital spending per patient (Medicare Spending per Beneficiary),5.0,2024-01-01,2024-12-31,
161323,MSPB-1,Medicare hospital spending per patient (Medicare Spending per Beneficiary),5.0,2024-01-01,2024-12-31,
161324,MSPB-1,Medicare hospital spending per patient (Medicare Spending per Beneficiary),5.0,2024-01-01,2024-12-31,
161325,MSPB-1,Medicare hospital spending per patient (Medicare Spending per Beneficiary),5.0,2024-01-01,2024-12-31,
161326,MSPB-1,Medicare hospital spending per patient (Medicare Spending per Beneficiary),5.0,2024-01-01,2024-12-31,
161327,MSPB-1,Medicare hospital spending per patient (Medicare Spending per Beneficiary),5.0,2024-01-01,2024-12-31,
161328,MSPB-1,Medicare hospital spending per patient (Medicare Spending per Beneficiary),5.0,2024-01-01,2024-12-31,
161329,MSPB-1,Medicare hospital spending per patient (Medicare Spending per Beneficiary),5.0,2024-01-01,2024-12-31,
161330,MSPB-1,Medicare hospital spending per patient (Medicare Spending per Beneficiary),5.0,2024-01-01,2024-12-31,
161331,MSPB-1,Medicare hospital spending per patient (Medicare Spending per Beneficiary),5.0,2024-01-01,2024-12-31,
161332,MSPB-1,Medicare hospital spending per patient (Medicare Spending per Beneficiary),5.0,2024-01-01,2024-12-31,
161333,MSPB-1,Medicare hospital spending per patient (Medicare Spending per Beneficiary),5.0,2024-01-01,2024-12-31,
161334,MSPB-1,Medicare hospital spending per patient (Medicare Spending per Beneficiary),5.0,2024-01-01,2024-12-31,
161335,MSPB-1,Medicare hospital spending per patient (Medicare Spending per Beneficiary),5.0,2024-01-01,2024-12-31,
161336,MSPB-1,Medicare hospital spending per patient (Medicare Spending per Beneficiary),5.0,2024-01-01,2024-12-31,
161337,MSPB-1,Medicare hospital spending per patient (Medicare Spending per Beneficiary),5.0,2024-01-01,2024-12-31,
161338,MSPB-1,Medicare hospital spending per patient (Medicare Spending per Beneficiary),5.0,2024-01-01,2024-12-31,
161339,MSPB-1,Medicare hospital spending per patient (Medicare Spending per Beneficiary),5.0,2024-01-01,2024-12-31,
161340,MSPB-1,Medicare hospital spending per patient (Medicare Spending per Beneficiary),5.0,2024-01-01,2024-12-31,
161341,MSPB-1,Medicare hospital spending per patient (Medicare Spending per Beneficiary),5.0,2024-01-01,2024-12-31,
161342,MSPB-1,Medicare hospital spending per patient (Medicare Spending per Beneficiary),5.0,2024-01-01,2024-12-31,
161343,MSPB-1,Medicare hospital spending per patient (Medicare Spending per Beneficiary),5.0,2024-01-01,2024-12-31,
161344,MSPB-1,Medicare hospital spending per patient (Medicare Spending per Beneficiary),5.0,2024-01-01,2024-12-31,
161345,MSPB-1,Medicare hospital spending per patient (Medicare Spending per Beneficiary),5.0,2024-01-01,2024-12-31,
161346,MSPB-1,Medicare hospital spending per patient (Medicare Spending per Beneficiary),5.0,2024-01-01,2024-12-31,
161347,MSPB-1,Medicare hospital spending per patient (Medicare Spending per Beneficiary),5.0,2024-01-01,2024-12-31,
161348,MSPB-1,Medicare hospital spending per patient (Medicare Spending per Beneficiary),5.0,2024-01-01,2024-12-31,
161349,MSPB-1,Medicare hospital spending per patient (Medicare Spending per Beneficiary),5.0,2024-01-01,2024-12-31,
161350,MSPB-1,Medicare hospital spending per patient (Medicare Spending per Beneficiary),5.0,2024-01-01,2024-12-31,
161351,MSPB-1,Medicare hospital spending per patient (Medicare Spending per Beneficiary),5.0,2024-01-01,2024-12-31,
161352,MSPB-1,Medicare hospital spending per patient (Medicare Spending per Beneficiary),5.0,2024-01-01,2024-12-31,
161353,MSPB-1,Medicare hospital spending per patient (Medicare Spending per Beneficiary),5.0,2024-01-01,2024-12-31,
161354,MSPB-1,Medicare hospital spending per patient (Medicare Spending per Beneficiary),5.0,2024-01-01,2024-12-31,
161355,MSPB-1,Medicare hospital spending per patient (Medicare Spending per Beneficiary),5.0,2024-01-01,2024-12-31,
161356,MSPB-1,Medicare hospital spending per patient (Medicare Spending per Beneficiary),5.0,2024-01-01,2024-12-31,
161357,MSPB-1,Medicare hospital spending per patient (Medicare Spending per Beneficiary),5.0,2024-01-01,2024-12-31,
161358,MSPB-1,Medicare hospital spending per patient (Medicare Spending per Beneficiary),5.0,2024-01-01,2024-12-31,
161359,MSPB-1,Medicare hospital spending per patient (Medicare Spending per Beneficiary),5.0,2024-01-01,2024-12-31,
161360,MSPB-1,Medicare hospital spending per patient (Medicare Spending per Beneficiary),5.0,2024-01-01,2024-12-31,
161361,MSPB-1,Medicare hospital spending per patient (Medicare Spending per Beneficiary),5.0,2024-01-01,2024-12-31,
161362,MSPB-1,Medicare hospital spending per patient (Medicare Spending per Beneficiary),5.0,2024-01-01,2024-12-31,
161363,MSPB-1,Medicare hospital spending per patient (Medicare Spending per Beneficiary),5.0,2024-01-01,2024-12-31,
161364,MSPB-1,Medicare hospital spending per patient (Medicare Spending per Beneficiary),5.0,2024-01-01,2024-12-31,
161365,MSPB-1,Medicare hospital spending per patient (Medicare Spending per Beneficiary),5.0,2024-01-01,2024-12-31,
161366,MSPB-1,Medicare hospital spending per patient (Medicare Spending per Beneficiary),5.0,2024-01-01,2024-12-31,
161367,MSPB-1,Medicare hospital spending per patient (Medicare Spending per Beneficiary),5.0,2024-01-01,2024-12-31,
161368,MSPB-1,Medicare hospital spending per patient (Medicare Spending per Beneficiary),5.0,2024-01-01,2024-12-31,
161369,MSPB-1,Medicare hospital spending per patient (Medicare Spending per Beneficiary),5.0,2024-01-01,2024-12-31,
161370,MSPB-1,Medicare hospital spending per patient (Medicare Spending per Beneficiary),5.0,2024-01-01,2024-12-31,
161371,MSPB-1,Medicare hospital spending per patient (Medicare Spending per Beneficiary),5.0,2024-01-01,2024-12-31,
161372,MSPB-1,Medicare hospital spending per patient (Medicare Spending per Beneficiary),5.0,2024-01-01,2024-12-31,
161373,MSPB-1,Medicare hospital spending per patient (Medicare Spending per Beneficiary),5.0,2024-01-01,2024-12-31,
161374,MSPB-1,Medicare hospital spending per patient (Medicare Spending per Beneficiary),5.0,2024-01-01,2024-12-31,
161375,MSPB-1,Medicare hospital spending per patient (Medicare Spending per Beneficiary),5.0,2024-01-01,2024-12-31,
161376,MSPB-1,Medicare hospital spending per patient (Medicare Spending per Beneficiary),5.0,2024-01-01,2024-12-31,
161377,MSPB-1,Medicare hospital spending per patient (Medicare Spending per Beneficiary),5.0,2024-01-01,2024-12-31,
161378,MSPB-1,Medicare hospital spending per patient (Medicare Spending per Beneficiary),5.0,2024-01-01,2024-12-31,
161379,MSPB-1,Medicare hospital spending per patient (Medicare Spending per Beneficiary),5.0,2024-01-01,2024-12-31,
161380,MSPB-1,Medicare hospital spending per patient (Medicare Spending per Beneficiary),5.0,2024-01-01,2024-12-31,
161381,MSPB-1,Medicare hospital spending per patient (Medicare Spending per Beneficiary),5.0,2024-01-01,2024-12-31,
161382,MSPB-1,Medicare hospital spending per patient (Medicare Spending per Beneficiary),5.0,2024-01-01,2024-12-31,
170006,MSPB-1,Medicare hospital spending per patient (Medicare Spending per Beneficiary),1.0,2024-01-01,2024-12-31,
170009,MSPB-1,Medicare hospital spending per patient (Medicare Spending per Beneficiary),,2024-01-01,2024-12-31,0.88
170012,MSPB-1,Medicare hospital spending per patient (Medicare Spending per Beneficiary),,2024-01-01,2024-12-31,1.05
170013,MSPB-1,Medicare hospital spending per patient (Medicare Spending per Beneficiary),,2024-01-01,2024-12-31,1.05
170014,MSPB-1,Medicare hospital spending per patient (Medicare Spending per Beneficiary),,2024-01-01,2024-12-31,0.94
170016,MSPB-1,Medicare hospital spending per patient (Medicare Spending per Beneficiary),,2024-01-01,2024-12-31,0.98
170017,MSPB-1,Medicare hospital spending per patient (Medicare Spending per Beneficiary),,2024-01-01,2024-12-31,0.84
170020,MSPB-1,Medicare hospital spending per patient (Medicare Spending per Beneficiary),,2024-01-01,2024-12-31,0.95
170023,MSPB-1,Medicare hospital spending per patient (Medicare Spending per Beneficiary),,2024-01-01,2024-12-31,1.03
170027,MSPB-1,Medicare hospital spending per patient (Medicare Spending per Beneficiary),,2024-01-01,2024-12-31,0.95
170040,MSPB-1,Medicare hospital spending per patient (Medicare Spending per Beneficiary),,2024-01-01,2024-12-31,0.99
170049,MSPB-1,Medicare hospital spending per patient (Medicare Spending per Beneficiary),,2024-01-01,2024-12-31,1.0
170068,MSPB-1,Medicare hospital spending per patient (Medicare Spending per Beneficiary),,2024-01-01,2024-12-31,0.92
170074,MSPB-1,Medicare hospital spending per patient (Medicare Spending per Beneficiary),,2024-01-01,2024-12-31,0.82
170086,MSPB-1,Medicare hospital spending per patient (Medicare Spending per Beneficiary),,2024-01-01,2024-12-31,1.06
170103,MSPB-1,Medicare hospital spending per patient (Medicare Spending per Beneficiary),,2024-01-01,2024-12-31,1.01
170104,MSPB-1,Medicare hospital spending per patient (Medicare Spending per Beneficiary),,2024-01-01,2024-12-31,0.99
170105,MSPB-1,Medicare hospital spending per patient (Medicare Spending per Beneficiary),,2024-01-01,2024-12-31,0.92
170109,MSPB-1,Medicare hospital spending per patient (Medicare Spending per Beneficiary),,2024-01-01,2024-12-31,0.86
170120,MSPB-1,Medicare hospital spending per patient (Medicare Spending per Beneficiary),,2024-01-01,2024-12-31,0.9
170122,MSPB-1,Medicare hospital spending per patient (Medicare Spending per Beneficiary),29.0,2024-01-01,2024-12-31,0.96
170123,MSPB-1,Medicare hospital spending per patient (Medicare Spending per Beneficiary),,2024-01-01,2024-12-31,1.02
170137,MSPB-1,Medicare hospital spending per patient (Medicare Spending per Beneficiary),,2024-01-01,2024-12-31,0.92
170142,MSPB-1,Medicare hospital spending per patient (Medicare Spending per Beneficiary),29.0,2024-01-01,2024-12-31,0.94
170146,MSPB-1,Medicare hospital spending per patient (Medicare Spending per Beneficiary),,2024-01-01,2024-12-31,0.97
170175,MSPB-1,Medicare hospital spending per patient (Medicare Spending per Beneficiary),,2024-01-01,2024-12-31,0.95
170176,MSPB-1,Medicare hospital spending per patient (Medicare Spending per Beneficiary),,2024-01-01,2024-12-31,1.03
170182,MSPB-1,Medicare hospital spending per patient (Medicare Spending per Beneficiary),,2024-01-01,2024-12-31,1.02
170183,MSPB-1,Medicare hospital spending per patient (Medicare Spending per Beneficiary),,2024-01-01,2024-12-31,0.98
170185,MSPB-1,Medicare hospital spending per patient (Medicare Spending per Beneficiary),,2024-01-01,2024-12-31,1.06
170186,MSPB-1,Medicare hospital spending per patient (Medicare Spending per Beneficiary),,2024-01-01,2024-12-31,1.02
170187,MSPB-1,Medicare hospital spending per patient (Medicare Spending per Beneficiary),,2024-01-01,2024-12-31,0.85
170188,MSPB-1,Medicare hospital spending per patient (Medicare Spending per Beneficiary),,2024-01-01,2024-12-31,0.8
170190,MSPB-1,Medicare hospital spending per patient (Medicare Spending per Beneficiary),,2024-01-01,2024-12-31,0.96
170191,MSPB-1,Medicare hospital spending per patient (Medicare Spending per Beneficiary),,2024-01-01,2024-12-31,0.97
170194,MSPB-1,Medicare hospital spending per patient (Medicare Spending per Beneficiary),,2024-01-01,2024-12-31,0.97
170196,MSPB-1,Medicare hospital spending per patient (Medicare Spending per Beneficiary),,2024-01-01,2024-12-31,0.97
170197,MSPB-1,Medicare hospital spending per patient (Medicare Spending per Beneficiary),,2024-01-01,2024-12-31,1.03
170198,MSPB-1,Medicare hospital spending per patient (Medicare Spending per Beneficiary),,2024-01-01,2024-12-31,0.91
170199,MSPB-1,Medicare hospital spending per patient (Medicare Spending per Beneficiary),1.0,2024-01-01,2024-12-31,
170200,MSPB-1,Medicare hospital spending per patient (Medicare Spending per Beneficiary),29.0,2024-01-01,2024-12-31,0.99
170203,MSPB-1,Medicare hospital spending per patient (Medicare Spending per Beneficiary),,2024-01-01,2024-12-31,1.0
170204,MSPB-1,Medicare hospital spending per patient (Medicare Spending per Beneficiary),,2024-01-01,2024-12-31,0.98
170208,MSPB-1,Medicare hospital spending per patient (Medicare Spending per Beneficiary),,2024-01-01,2024-12-31,0.99
170779,MSPB-1,Medicare hospital spending per patient (Medicare Spending per Beneficiary),19.0,2024-01-01,2024-12-31,
170780,MSPB-1,Medicare hospital spending per patient (Medicare Spending per Beneficiary),19.0,2024-01-01,2024-12-31,
170781,MSPB-1,Medicare hospital spending per patient (Medicare Spending per Beneficiary),19.0,2024-01-01,2024-12-31,
171300,MSPB-1,Medicare hospital spending per patient (Medicare Spending per Beneficiary),5.0,2024-01-01,2024-12-31,
171301,MSPB-1,Medicare hospital spending per patient (Medicare Spending per Beneficiary),5.0,2024-01-01,2024-12-31,
171303,MSPB-1,Medicare hospital spending per patient (Medicare Spending per Beneficiary),5.0,2024-01-01,2024-12-31,
171304,MSPB-1,Medicare hospital spending per patient (Medicare Spending per Beneficiary),5.0,2024-01-01,2024-12-31,
171306,MSPB-1,Medicare hospital spending per patient (Medicare Spending per Beneficiary),5.0,2024-01-01,2024-12-31,
171307,MSPB-1,Medicare hospital spending per patient (Medicare Spending per Beneficiary),5.0,2024-01-01,2024-12-31,
171308,MSPB-1,Medicare hospital spending per patient (Medicare Spending per Beneficiary),5.0,2024-01-01,2024-12-31,
171309,MSPB-1,Medicare hospital spending per patient (Medicare Spending per Beneficiary),5.0,2024-01-01,2024-12-31,
171310,MSPB-1,Medicare hospital spending per patient (Medicare Spending per Beneficiary),5.0,2024-01-01,2024-12-31,
171311,MSPB-1,Medicare hospital spending per patient (Medicare Spending per Beneficiary),5.0,2024-01-01,2024-12-31,
171312,MSPB-1,Medicare hospital spending per patient (Medicare Spending per Beneficiary),5.0,2024-01-01,2024-12-31,
171313,MSPB-1,Medicare hospital spending per patient (Medicare Spending per Beneficiary),5.0,2024-01-01,2024-12-31,
171314,MSPB-1,Medicare hospital spending per patient (Medicare Spending per Beneficiary),5.0,2024-01-01,2024-12-31,
171315,MSPB-1,Medicare hospital spending per patient (Medicare Spending per Beneficiary),5.0,2024-01-01,2024-12-31,
171316,MSPB-1,Medicare hospital spending per patient (Medicare Spending per Beneficiary),5.0,2024-01-01,2024-12-31,
171317,MSPB-1,Medicare hospital spending per patient (Medicare Spending per Beneficiary),5.0,2024-01-01,2024-12-31,
171318,MSPB-1,Medicare hospital spending per patient (Medicare Spending per Beneficiary),5.0,2024-01-01,2024-12-31,
171319,MSPB-1,Medicare hospital spending per patient (Medicare Spending per Beneficiary),5.0,2024-01-01,2024-12-31,
171321,MSPB-1,Medicare hospital spending per patient (Medicare Spending per Beneficiary),5.0,2024-01-01,2024-12-31,
171322,MSPB-1,Medicare hospital spending per patient (Medicare Spending per Beneficiary),5.0,2024-01-01,2024-12-31,
171323,MSPB-1,Medicare hospital spending per patient (Medicare Spending per Beneficiary),5.0,2024-01-01,2024-12-31,
171324,MSPB-1,Medicare hospital spending per patient (Medicare Spending per Beneficiary),5.0,2024-01-01,2024-12-31,
171325,MSPB-1,Medicare hospital spending per patient (Medicare Spending per Beneficiary),5.0,2024-01-01,2024-12-31,
171326,MSPB-1,Medicare hospital spending per patient (Medicare Spending per Beneficiary),5.0,2024-01-01,2024-12-31,
171327,MSPB-1,Medicare hospital spending per patient (Medicare Spending per Beneficiary),5.0,2024-01-01,2024-12-31,
171328,MSPB-1,Medicare hospital spending per patient (Medicare Spending per Beneficiary),5.0,2024-01-01,2024-12-31,
171329,MSPB-1,Medicare hospital spending per patient (Medicare Spending per Beneficiary),5.0,2024-01-01,2024-12-31,
171330,MSPB-1,Medicare hospital spending per patient (Medicare Spending per Beneficiary),5.0,2024-01-01,2024-12-31,
171331,MSPB-1,Medicare hospital spending per patient (Medicare Spending per Beneficiary),5.0,2024-01-01,2024-12-31,
171332,MSPB-1,Medicare hospital spending per patient (Medicare Spending per Beneficiary),5.0,2024-01-01,2024-12-31,
171333,MSPB-1,Medicare hospital spending per patient (Medicare Spending per Beneficiary),5.0,2024-01-01,2024-12-31,
171334,MSPB-1,Medicare hospital spending per patient (Medicare Spending per Beneficiary),5.0,2024-01-01,2024-12-31,
171335,MSPB-1,Medicare hospital spending per patient (Medicare Spending per Beneficiary),5.0,2024-01-01,2024-12-31,
171336,MSPB-1,Medicare hospital spending per patient (Medicare Spending per Beneficiary),5.0,2024-01-01,2024-12-31,
171337,MSPB-1,Medicare hospital spending per patient (Medicare Spending per Beneficiary),5.0,2024-01-01,2024-12-31,
171338,MSPB-1,Medicare hospital spending per patient (Medicare Spending per Beneficiary),5.0,2024-01-01,2024-12-31,
171339,MSPB-1,Medicare hospital spending per patient (Medicare Spending per Beneficiary),5.0,2024-01-01,2024-12-31,
171341,MSPB-1,Medicare hospital spending per patient (Medicare Spending per Beneficiary),5.0,2024-01-01,2024-12-31,
171343,MSPB-1,Medicare hospital spending per patient (Medicare Spending per Beneficiary),5.0,2024-01-01,2024-12-31,
171344,MSPB-1,Medicare hospital spending per patient (Medicare Spending per Beneficiary),5.0,2024-01-01,2024-12-31,
171345,MSPB-1,Medicare hospital spending per patient (Medicare Spending per Beneficiary),5.0,2024-01-01,2024-12-31,
171346,MSPB-1,Medicare hospital spending per patient (Medicare Spending per Beneficiary),5.0,2024-01-01,2024-12-31,
171347,MSPB-1,Medicare hospital spending per patient (Medicare Spending per Beneficiary),5.0,2024-01-01,2024-12-31,
171348,MSPB-1,Medicare hospital spending per patient (Medicare Spending per Beneficiary),5.0,2024-01-01,2024-12-31,
171349,MSPB-1,Medicare hospital spending per patient (Medicare Spending per Beneficiary),5.0,2024-01-01,2024-12-31,
171350,MSPB-1,Medicare hospital spending per patient (Medicare Spending per Beneficiary),5.0,2024-01-01,2024-12-31,
171351,MSPB-1,Medicare hospital spending per patient (Medicare Spending per Beneficiary),5.0,2024-01-01,2024-12-31,
171352,MSPB-1,Medicare hospital spending per patient (Medicare Spending per Beneficiary),5.0,2024-01-01,2024-12-31,
171353,MSPB-1,Medicare hospital spending per patient (Medicare Spending per Beneficiary),5.0,2024-01-01,2024-12-31,
171354,MSPB-1,Medicare hospital spending per patient (Medicare Spending per Beneficiary),5.0,2024-01-01,2024-12-31,
171355,MSPB-1,Medicare hospital spending per patient (Medicare Spending per Beneficiary),5.0,2024-01-01,2024-12-31,
171356,MSPB-1,Medicare hospital spending per patient (Medicare Spending per Beneficiary),5.0,2024-01-01,2024-12-31,
171357,MSPB-1,Medicare hospital spending per patient (Medicare Spending per Beneficiary),5.0,2024-01-01,2024-12-31,
171358,MSPB-1,Medicare hospital spending per patient (Medicare Spending per Beneficiary),5.0,2024-01-01,2024-12-31,
171359,MSPB-1,Medicare hospital spending per patient (Medicare Spending per Beneficiary),5.0,2024-01-01,2024-12-31,
171360,MSPB-1,Medicare hospital spending per patient (Medicare Spending per Beneficiary),5.0,2024-01-01,2024-12-31,
171361,MSPB-1,Medicare hospital spending per patient (Medicare Spending per Beneficiary),5.0,2024-01-01,2024-12-31,
171362,MSPB-1,Medicare hospital spending per patient (Medicare Spending per Beneficiary),5.0,2024-01-01,2024-12-31,
171363,MSPB-1,Medicare hospital spending per patient (Medicare Spending per Beneficiary),5.0,2024-01-01,2024-12-31,
171364,MSPB-1,Medicare hospital spending per patient (Medicare Spending per Beneficiary),5.0,2024-01-01,2024-12-31,
171365,MSPB-1,Medicare hospital spending per patient (Medicare Spending per Beneficiary),5.0,2024-01-01,2024-12-31,
171367,MSPB-1,Medicare hospital spending per patient (Medicare Spending per Beneficiary),5.0,2024-01-01,2024-12-31,
171368,MSPB-1,Medicare hospital spending per patient (Medicare Spending per Beneficiary),5.0,2024-01-01,2024-12-31,
171369,MSPB-1,Medicare hospital spending per patient (Medicare Spending per Beneficiary),5.0,2024-01-01,2024-12-31,
171370,MSPB-1,Medicare hospital spending per patient (Medicare Spending per Beneficiary),5.0,2024-01-01,2024-12-31,
171371,MSPB-1,Medicare hospital spending per patient (Medicare Spending per Beneficiary),5.0,2024-01-01,2024-12-31,
171372,MSPB-1,Medicare hospital spending per patient (Medicare Spending per Beneficiary),5.0,2024-01-01,2024-12-31,
171373,MSPB-1,Medicare hospital spending per patient (Medicare Spending per Beneficiary),5.0,2024-01-01,2024-12-31,
171374,MSPB-1,Medicare hospital spending per patient (Medicare Spending per Beneficiary),5.0,2024-01-01,2024-12-31,
171375,MSPB-1,Medicare hospital spending per patient (Medicare Spending per Beneficiary),5.0,2024-01-01,2024-12-31,
171376,MSPB-1,Medicare hospital spending per patient (Medicare Spending per Beneficiary),5.0,2024-01-01,2024-12-31,
171377,MSPB-1,Medicare hospital spending per patient (Medicare Spending per Beneficiary),5.0,2024-01-01,2024-12-31,
171378,MSPB-1,Medicare hospital spending per patient (Medicare Spending per Beneficiary),5.0,2024-01-01,2024-12-31,
171379,MSPB-1,Medicare hospital spending per patient (Medicare Spending per Beneficiary),5.0,2024-01-01,2024-12-31,
171380,MSPB-1,Medicare hospital spending per patient (Medicare Spending per Beneficiary),5.0,2024-01-01,2024-12-31,
171381,MSPB-1,Medicare hospital spending per patient (Medicare Spending per Beneficiary),5.0,2024-01-01,2024-12-31,
171382,MSPB-1,Medicare hospital spending per patient (Medicare Spending per Beneficiary),5.0,2024-01-01,2024-12-31,
171383,MSPB-1,Medicare hospital spending per patient (Medicare Spending per Beneficiary),5.0,2024-01-01,2024-12-31,
171384,MSPB-1,Medicare hospital spending per patient (Medicare Spending per Beneficiary),5.0,2024-01-01,2024-12-31,
171385,MSPB-1,Medicare hospital spending per patient (Medicare Spending per Beneficiary),5.0,2024-01-01,2024-12-31,
171386,MSPB-1,Medicare hospital spending per patient (Medicare Spending per Beneficiary),5.0,2024-01-01,2024-12-31,
171388,MSPB-1,Medicare hospital spending per patient (Medicare Spending per Beneficiary),5.0,2024-01-01,2024-12-31,
173300,MSPB-1,Medicare hospital spending per patient (Medicare Spending per Beneficiary),19.0,2024-01-01,2024-12-31,
180001,MSPB-1,Medicare hospital spending per patient (Medicare Spending per Beneficiary),,2024-01-01,2024-12-31,1.09
180002,MSPB-1,Medicare hospital spending per patient (Medicare Spending per Beneficiary),,2024-01-01,2024-12-31,0.91
180004,MSPB-1,Medicare hospital spending per patient (Medicare Spending per Beneficiary),,2024-01-01,2024-12-31,0.92
180005,MSPB-1,Medicare hospital spending per patient (Medicare Spending per Beneficiary),,2024-01-01,2024-12-31,1.05
180009,MSPB-1,Medicare hospital spending per patient (Medicare Spending per Beneficiary),,2024-01-01,2024-12-31,1.0
180010,MSPB-1,Medicare hospital spending per patient (Medicare Spending per Beneficiary),,2024-01-01,2024-12-31,1.0
180011,MSPB-1,Medicare hospital spending per patient (Medicare Spending per Beneficiary),,2024-01-01,2024-12-31,0.93
180012,MSPB-1,Medicare hospital spending per patient (Medicare Spending per Beneficiary),,2024-01-01,2024-12-31,1.03
180013,MSPB-1,Medicare hospital spending per patient (Medicare Spending per Beneficiary),,2024-01-01,2024-12-31,1.06
180016,MSPB-1,Medicare hospital spending per patient (Medicare Spending per Beneficiary),,2024-01-01,2024-12-31,0.92
180017,MSPB-1,Medicare hospital spending per patient (Medicare Spending per Beneficiary),,2024-01-01,2024-12-31,1.06
180018,MSPB-1,Medicare hospital spending per patient (Medicare Spending per Beneficiary),,2024-01-01,2024-12-31,0.92
180019,MSPB-1,Medicare hospital spending per patient (Medicare Spending per Beneficiary),,2024-01-01,2024-12-31,1.1
180020,MSPB-1,Medicare hospital spending per patient (Medicare Spending per Beneficiary),,2024-01-01,2024-12-31,1.09
180024,MSPB-1,Medicare hospital spending per patient (Medicare Spending per Beneficiary),,2024-01-01,2024-12-31,0.83
180025,MSPB-1,Medicare hospital spending per patient (Medicare Spending per Beneficiary),,2024-01-01,2024-12-31,0.87
180027,MSPB-1,Medicare hospital spending per patient (Medicare Spending per Beneficiary),,2024-01-01,2024-12-31,1.02
180029,MSPB-1,Medicare hospital spending per patient (Medicare Spending per Beneficiary),,2024-01-01,2024-12-31,1.06
180035,MSPB-1,Medicare hospital spending per patient (Medicare Spending per Beneficiary),,2024-01-01,2024-12-31,1.04
180038,MSPB-1,Medicare hospital spending per patient (Medicare Spending per Beneficiary),,2024-01-01,2024-12-31,0.97
180040,MSPB-1,Medicare hospital spending per patient (Medicare Spending per Beneficiary),,2024-01-01,2024-12-31,1.01
180043,MSPB-1,Medicare hospital spending per patient (Medicare Spending per Beneficiary),,2024-01-01,2024-12-31,0.97
180044,MSPB-1,Medicare hospital spending per patient (Medicare Spending per Beneficiary),,2024-01-01,2024-12-31,0.95
180045,MSPB-1,Medicare hospital spending per patient (Medicare Spending per Beneficiary),,2024-01-01,2024-12-31,1.03
180046,MSPB-1,Medicare hospital spending per patient (Medicare Spending per Beneficiary),,2024-01-01,2024-12-31,1.22
180048,MSPB-1,Medicare hospital spending per patient (Medicare Spending per Beneficiary),,2024-01-01,2024-12-31,1.07
180049,MSPB-1,Medicare hospital spending per patient (Medicare Spending per Beneficiary),,2024-01-01,2024-12-31,1.02
180050,MSPB-1,Medicare hospital spending per patient (Medicare Spending per Beneficiary),,2024-01-01,2024-12-31,0.95
180051,MSPB-1,Medicare hospital spending per patient (Medicare Spending per Beneficiary),,2024-01-01,2024-12-31,1.05
180056,MSPB-1,Medicare hospital spending per patient (Medicare Spending per Beneficiary),,2024-01-01,2024-12-31,1.03
180064,MSPB-1,Medicare hospital spending per patient (Medicare Spending per Beneficiary),,2024-01-01,2024-12-31,1.02
180066,MSPB-1,Medicare hospital spending per patient (Medicare Spending per Beneficiary),,2024-01-01,2024-12-31,0.92
180067,MSPB-1,Medicare hospital spending per patient (Medicare Spending per Beneficiary),,2024-01-01,2024-12-31,1.02
180069,MSPB-1,Medicare hospital spending per patient (Medicare Spending per Beneficiary),,2024-01-01,2024-12-31,0.81
180070,MSPB-1,Medicare hospital spending per patient (Medicare Spending per Beneficiary),,2024-01-01,2024-12-31,1.05
180078,MSPB-1,Medicare hospital spending per patient (Medicare Spending per Beneficiary),,2024-01-01,2024-12-31,0.96
180079,MSPB-1,Medicare hospital spending per patient (Medicare Spending per Beneficiary),,2024-01-01,2024-12-31,0.95
180080,MSPB-1,Medicare hospital spending per patient (Medicare Spending per Beneficiary),,2024-01-01,2024-12-31,1.0
180087,MSPB-1,Medicare hospital spending per patient (Medicare Spending per Beneficiary),,2024-01-01,2024-12-31,1.09
180088,MSPB-1,Medicare hospital spending per patient (Medicare Spending per Beneficiary),,2024-01-01,2024-12-31,1.0
180092,MSPB-1,Medicare hospital spending per patient (Medicare Spending per Beneficiary),,2024-01-01,2024-12-31,1.01
180093,MSPB-1,Medicare hospital spending per patient (Medicare Spending per Beneficiary),,2024-01-01,2024-12-31,1.04
180101,MSPB-1,Medicare hospital spending per patient (Medicare Spending per Beneficiary),,2024-01-01,2024-12-31,0.96
180102,MSPB-1,Medicare hospital spending per patient (Medicare Spending per Beneficiary),,2024-01-01,2024-12-31,1.03
180103,MSPB-1,Medicare hospital spending per patient (Medicare Spending per Beneficiary),,2024-01-01,2024-12-31,1.09
180104,MSPB-1,Medicare hospital spending per patient (Medicare Spending per Beneficiary),,2024-01-01,2024-12-31,1.02
180105,MSPB-1,Medicare hospital spending per patient (Medicare Spending per Beneficiary),,2024-01-01,2024-12-31,0.92
180115,MSPB-1,Medicare hospital spending per patient (Medicare Spending per Beneficiary),,2024-01-01,2024-12-31,1.0
180116,MSPB-1,Medicare hospital spending per patient (Medicare Spending per Beneficiary),,2024-01-01,2024-12-31,1.06
180124,MSPB-1,Medicare hospital spending per patient (Medicare Spending per Beneficiary),,2024-01-01,2024-12-31,1.08
180127,MSPB-1,Medicare hospital spending per patient (Medicare Spending per Beneficiary),,2024-01-01,2024-12-31,0.94
180128,MSPB-1,Medicare hospital spending per patient (Medicare Spending per Beneficiary),,2024-01-01,2024-12-31,0.88
180130,MSPB-1,Medicare hospital spending per patient (Medicare Spending per Beneficiary),,2024-01-01,2024-12-31,1.02
180132,MSPB-1,Medicare hospital spending per patient (Medicare Spending per Beneficiary),,2024-01-01,2024-12-31,1.03
180138,MSPB-1,Medicare hospital spending per patient (Medicare Spending per Beneficiary),,2024-01-01,2024-12-31,1.01
180141,MSPB-1,Medicare hospital spending per patient (Medicare Spending per Beneficiary),,2024-01-01,2024-12-31,1.13
180143,MSPB-1,Medicare hospital spending per patient (Medicare Spending per Beneficiary),,2024-01-01,2024-12-31,0.94
180149,MSPB-1,Medicare hospital spending per patient (Medicare Spending per Beneficiary),,2024-01-01,2024-12-31,0.94
180154,MSPB-1,Medicare hospital spending per patient (Medicare Spending per Beneficiary),,2024-01-01,2024-12-31,1.33
180779,MSPB-1,Medicare hospital spending per patient (Medicare Spending per Beneficiary),19.0,2024-01-01,2024-12-31,
180780,MSPB-1,Medicare hospital spending per patient (Medicare Spending per Beneficiary),19.0,2024-01-01,2024-12-31,
181301,MSPB-1,Medicare hospital spending per patient (Medicare Spending per Beneficiary),5.0,2024-01-01,2024-12-31,
181302,MSPB-1,Medicare hospital spending per patient (Medicare Spending per Beneficiary),5.0,2024-01-01,2024-12-31,
181304,MSPB-1,Medicare hospital spending per patient (Medicare Spending per Beneficiary),5.0,2024-01-01,2024-12-31,
181305,MSPB-1,Medicare hospital spending per patient (Medicare Spending per Beneficiary),5.0,2024-01-01,2024-12-31,
181306,MSPB-1,Medicare hospital spending per patient (Medicare Spending per Beneficiary),5.0,2024-01-01,2024-12-31,
181307,MSPB-1,Medicare hospital spending per patient (Medicare Spending per Beneficiary),5.0,2024-01-01,2024-12-31,
181308,MSPB-1,Medicare hospital spending per patient (Medicare Spending per Beneficiary),5.0,2024-01-01,2024-12-31,
181309,MSPB-1,Medicare hospital spending per patient (Medicare Spending per Beneficiary),5.0,2024-01-01,2024-12-31,
181310,MSPB-1,Medicare hospital spending per patient (Medicare Spending per Beneficiary),5.0,2024-01-01,2024-12-31,
181311,MSPB-1,Medicare hospital spending per patient (Medicare Spending per Beneficiary),5.0,2024-01-01,2024-12-31,
181314,MSPB-1,Medicare hospital spending per patient (Medicare Spending per Beneficiary),5.0,2024-01-01,2024-12-31,
181315,MSPB-1,Medicare hospital spending per patient (Medicare Spending per Beneficiary),5.0,2024-01-01,2024-12-31,
181316,MSPB-1,Medicare hospital spending per patient (Medicare Spending per Beneficiary),5.0,2024-01-01,2024-12-31,
181317,MSPB-1,Medicare hospital spending per patient (Medicare Spending per Beneficiary),5.0,2024-01-01,2024-12-31,
181318,MSPB-1,Medicare hospital spending per patient (Medicare Spending per Beneficiary),5.0,2024-01-01,2024-12-31,
181319,MSPB-1,Medicare hospital spending per patient (Medicare Spending per Beneficiary),5.0,2024-01-01,2024-12-31,
181320,MSPB-1,Medicare hospital spending per patient (Medicare Spending per Beneficiary),5.0,2024-01-01,2024-12-31,
181321,MSPB-1,Medicare hospital spending per patient (Medicare Spending per Beneficiary),5.0,2024-01-01,2024-12-31,
181322,MSPB-1,Medicare hospital spending per patient (Medicare Spending per Beneficiary),5.0,2024-01-01,2024-12-31,
181323,MSPB-1,Medicare hospital spending per patient (Medicare Spending per Beneficiary),5.0,2024-01-01,2024-12-31,
181324,MSPB-1,Medicare hospital spending per patient (Medicare Spending per Beneficiary),5.0,2024-01-01,2024-12-31,
181325,MSPB-1,Medicare hospital spending per patient (Medicare Spending per Beneficiary),5.0,2024-01-01,2024-12-31,
181327,MSPB-1,Medicare hospital spending per patient (Medicare Spending per Beneficiary),5.0,2024-01-01,2024-12-31,
181328,MSPB-1,Medicare hospital spending per patient (Medicare Spending per Beneficiary),5.0,2024-01-01,2024-12-31,
181329,MSPB-1,Medicare hospital spending per patient (Medicare Spending per Beneficiary),5.0,2024-01-01,2024-12-31,
181330,MSPB-1,Medicare hospital spending per patient (Medicare Spending per Beneficiary),5.0,2024-01-01,2024-12-31,
181331,MSPB-1,Medicare hospital spending per patient (Medicare Spending per Beneficiary),5.0,2024-01-01,2024-12-31,
181333,MSPB-1,Medicare hospital spending per patient (Medicare Spending per Beneficiary),5.0,2024-01-01,2024-12-31,
181334,MSPB-1,Medicare hospital spending per patient (Medicare Spending per Beneficiary),5.0,2024-01-01,2024-12-31,
190002,MSPB-1,Medicare hospital spending per patient (Medicare Spending per Beneficiary),,2024-01-01,2024-12-31,1.02
190004,MSPB-1,Medicare hospital spending per patient (Medicare Spending per Beneficiary),,2024-01-01,2024-12-31,1.04
190005,MSPB-1,Medicare hospital spending per patient (Medicare Spending per Beneficiary),,2024-01-01,2024-12-31,1.02
190006,MSPB-1,Medicare hospital spending per patient (Medicare Spending per Beneficiary),,2024-01-01,2024-12-31,1.03
190007,MSPB-1,Medicare hospital spending per patient (Medicare Spending per Beneficiary),,2024-01-01,2024-12-31,1.11
190008,MSPB-1,Medicare hospital spending per patient (Medicare Spending per Beneficiary),,2024-01-01,2024-12-31,1.04
190011,MSPB-1,Medicare hospital spending per patient (Medicare Spending per Beneficiary),,2024-01-01,2024-12-31,1.12
190013,MSPB-1,Medicare hospital spending per patient (Medicare Spending per Beneficiary),,2024-01-01,2024-12-31,1.03
190014,MSPB-1,Medicare hospital spending per patient (Medicare Spending per Beneficiary),,2024-01-01,2024-12-31,1.16
190015,MSPB-1,Medicare hospital spending per patient (Medicare Spending per Beneficiary),,2024-01-01,2024-12-31,1.15
190017,MSPB-1,Medicare hospital spending per patient (Medicare Spending per Beneficiary),,2024-01-01,2024-12-31,1.03
190019,MSPB-1,Medicare hospital spending per patient (Medicare Spending per Beneficiary),,2024-01-01,2024-12-31,1.06
190020,MSPB-1,Medicare hospital spending per patient (Medicare Spending per Beneficiary),,2024-01-01,2024-12-31,1.1
190025,MSPB-1,Medicare hospital spending per patient (Medicare Spending per Beneficiary),,2024-01-01,2024-12-31,1.25
190026,MSPB-1,Medicare hospital spending per patient (Medicare Spending per Beneficiary),,2024-01-01,2024-12-31,1.07
190027,MSPB-1,Medicare hospital spending per patient (Medicare Spending per Beneficiary),,2024-01-01,2024-12-31,1.05
190034,MSPB-1,Medicare hospital spending per patient (Medicare Spending per Beneficiary),,2024-01-01,2024-12-31,1.02
190036,MSPB-1,Medicare hospital spending per patient (Medicare Spending per Beneficiary),,2024-01-01,2024-12-31,0.99
190039,MSPB-1,Medicare hospital spending per patient (Medicare Spending per Beneficiary),,2024-01-01,2024-12-31,1.1
190040,MSPB-1,Medicare hospital spending per patient (Medicare Spending per Beneficiary),,2024-01-01,2024-12-31,0.98
190041,MSPB-1,Medicare hospital spending per patient (Medicare Spending per Beneficiary),,2024-01-01,2024-12-31,1.06
190044,MSPB-1,Medicare hospital spending per patient (Medicare Spending per Beneficiary),,2024-01-01,2024-12-31,1.09
190045,MSPB-1,Medicare hospital spending per patient (Medicare Spending per Beneficiary),,2024-01-01,2024-12-31,1.01
190046,MSPB-1,Medicare hospital spending per patient (Medicare Spending per Beneficiary),,2024-01-01,2024-12-31,0.96
190050,MSPB-1,Medicare hospital spending per patient (Medicare Spending per Beneficiary),,2024-01-01,2024-12-31,1.23
190053,MSPB-1,Medicare hospital spending per patient (Medicare Spending per Beneficiary),,2024-01-01,2024-12-31,1.09
190054,MSPB-1,Medicare hospital spending per patient (Medicare Spending per Beneficiary),,2024-01-01,2024-12-31,0.99
190060,MSPB-1,Medicare hospital spending per patient (Medicare Spending per Beneficiary),,2024-01-01,2024-12-31,1.02
190064,MSPB-1,Medicare hospital spending per patient (Medicare Spending per Beneficiary),,2024-01-01,2024-12-31,1.02
190065,MSPB-1,Medicare hospital spending per patient (Medicare Spending per Beneficiary),,2024-01-01,2024-12-31,0.98
190079,MSPB-1,Medicare hospital spending per patient (Medicare Spending per Beneficiary),,2024-01-01,2024-12-31,0.82
190086,MSPB-1,Medicare hospital spending per patient (Medicare Spending per Beneficiary),,2024-01-01,2024-12-31,1.32
190088,MSPB-1,Medicare hospital spending per patient (Medicare Spending per Beneficiary),,2024-01-01,2024-12-31,0.98
190090,MSPB-1,Medicare hospital spending per patient (Medicare Spending per Beneficiary),,2024-01-01,2024-12-31,1.23
190098,MSPB-1,Medicare hospital spending per patient (Medicare Spending per Beneficiary),,2024-01-01,2024-12-31,1.16
190099,MSPB-1,Medicare hospital spending per patient (Medicare Spending per Beneficiary),,2024-01-01,2024-12-31,1.22
190102,MSPB-1,Medicare hospital spending per patient (Medicare Spending per Beneficiary),,2024-01-01,2024-12-31,1.04
190106,MSPB-1,Medicare hospital spending per patient (Medicare Spending per Beneficiary),,2024-01-01,2024-12-31,1.04
190111,MSPB-1,Medicare hospital spending per patient (Medicare Spending per Beneficiary),,2024-01-01,2024-12-31,1.17
190114,MSPB-1,Medicare hospital spending per patient (Medicare Spending per Beneficiary),,2024-01-01,2024-12-31,1.02
190116,MSPB-1,Medicare hospital spending per patient (Medicare Spending per Beneficiary),,2024-01-01,2024-12-31,1.16
190118,MSPB-1,Medicare hospital spending per patient (Medicare Spending per Beneficiary),,2024-01-01,2024-12-31,1.02
190125,MSPB-1,Medicare hospital spending per patient (Medicare Spending per Beneficiary),,2024-01-01,2024-12-31,1.08
190128,MSPB-1,Medicare hospital spending per patient (Medicare Spending per Beneficiary),,2024-01-01,2024-12-31,1.06
190133,MSPB-1,Medicare hospital spending per patient (Medicare Spending per Beneficiary),,2024-01-01,2024-12-31,1.03
190140,MSPB-1,Medicare hospital spending per patient (Medicare Spending per Beneficiary),,2024-01-01,2024-12-31,1.18
190144,MSPB-1,Medicare hospital spending per patient (Medicare Spending per Beneficiary),,2024-01-01,2024-12-31,1.14
190145,MSPB-1,Medicare hospital spending per patient (Medicare Spending per Beneficiary),,2024-01-01,2024-12-31,1.1
190151,MSPB-1,Medicare hospital spending per patient (Medicare Spending per Beneficiary),,2024-01-01,2024-12-31,1.11
190160,MSPB-1,Medicare hospital spending per patient (Medicare Spending per Beneficiary),,2024-01-01,2024-12-31,1.08
190164,MSPB-1,Medicare hospital spending per patient (Medicare Spending per Beneficiary),,2024-01-01,2024-12-31,1.26
190167,MSPB-1,Medicare hospital spending per patient (Medicare Spending per Beneficiary),,2024-01-01,2024-12-31,1.18
190176,MSPB-1,Medicare hospital spending per patient (Medicare Spending per Beneficiary),,2024-01-01,2024-12-31,1.06
190183,MSPB-1,Medicare hospital spending per patient (Medicare Spending per Beneficiary),,2024-01-01,2024-12-31,0.91
190184,MSPB-1,Medicare hospital spending per patient (Medicare Spending per Beneficiary),,2024-01-01,2024-12-31,0.96
190190,MSPB-1,Medicare hospital spending per patient (Medicare Spending per Beneficiary),,2024-01-01,2024-12-31,1.1
190201,MSPB-1,Medicare hospital spending per patient (Medicare Spending per Beneficiary),,2024-01-01,2024-12-31,0.96
190202,MSPB-1,Medicare hospital spending per patient (Medicare Spending per Beneficiary),,2024-01-01,2024-12-31,0.99
190208,MSPB-1,Medicare hospital spending per patient (Medicare Spending per Beneficiary),,2024-01-01,2024-12-31,0.93
190218,MSPB-1,Medicare hospital spending per patient (Medicare Spending per Beneficiary),,2024-01-01,2024-12-31,1.09
190241,MSPB-1,Medicare hospital spending per patient (Medicare Spending per Beneficiary),1.0,2024-01-01,2024-12-31,
190245,MSPB-1,Medicare hospital spending per patient (Medicare Spending per Beneficiary),,2024-01-01,2024-12-31,1.18
190251,MSPB-1,Medicare hospital spending per patient (Medicare Spending per Beneficiary),,2024-01-01,2024-12-31,0.88
190255,MSPB-1,Medicare hospital spending per patient (Medicare Spending per Beneficiary),,2024-01-01,2024-12-31,0.88
190256,MSPB-1,Medicare hospital spending per patient (Medicare Spending per Beneficiary),,2024-01-01,2024-12-31,0.9
190259,MSPB-1,Medicare hospital spending per patient (Medicare Spending per Beneficiary),,2024-01-01,2024-12-31,1.02
190266,MSPB-1,Medicare hospital spending per patient (Medicare Spending per Beneficiary),,2024-01-01,2024-12-31,0.99
190267,MSPB-1,Medicare hospital spending per patient (Medicare Spending per Beneficiary),,2024-01-01,2024-12-31,0.96
190270,MSPB-1,Medicare hospital spending per patient (Medicare Spending per Beneficiary),,2024-01-01,2024-12-31,0.9
190274,MSPB-1,Medicare hospital spending per patient (Medicare Spending per Beneficiary),,2024-01-01,2024-12-31,0.94
190278,MSPB-1,Medicare hospital spending per patient (Medicare Spending per Beneficiary),,2024-01-01,2024-12-31,1.02
190298,MSPB-1,Medicare hospital spending per patient (Medicare Spending per Beneficiary),,2024-01-01,2024-12-31,1.13
190300,MSPB-1,Medicare hospital spending per patient (Medicare Spending per Beneficiary),,2024-01-01,2024-12-31,1.02
190302,MSPB-1,Medicare hospital spending per patient (Medicare Spending per Beneficiary),19.0,2024-01-01,2024-12-31,
190303,MSPB-1,Medicare hospital spending per patient (Medicare Spending per Beneficiary),,2024-01-01,2024-12-31,0.96
190308,MSPB-1,Medicare hospital spending per patient (Medicare Spending per Beneficiary),,2024-01-01,2024-12-31,0.81
190312,MSPB-1,Medicare hospital spending per patient (Medicare Spending per Beneficiary),,2024-01-01,2024-12-31,1.22
190313,MSPB-1,Medicare hospital spending per patient (Medicare Spending per Beneficiary),,2024-01-01,2024-12-31,1.05
190316,MSPB-1,Medicare hospital spending per patient (Medicare Spending per Beneficiary),,2024-01-01,2024-12-31,1.01
190317,MSPB-1,Medicare hospital spending per patient (Medicare Spending per Beneficiary),1.0,2024-01-01,2024-12-31,
190318,MSPB-1,Medicare hospital spending per patient (Medicare Spending per Beneficiary),,2024-01-01,2024-12-31,1.16
190319,MSPB-1,Medicare hospital spending per patient (Medicare Spending per Beneficiary),1.0,2024-01-01,2024-12-31,
190779,MSPB-1,Medicare hospital spending per patient (Medicare Spending per Beneficiary),19.0,2024-01-01,2024-12-31,
191300,MSPB-1,Medicare hospital spending per patient (Medicare Spending per Beneficiary),5.0,2024-01-01,2024-12-31,
191301,MSPB-1,Medicare hospital spending per patient (Medicare Spending per Beneficiary),5.0,2024-01-01,2024-12-31,
191302,MSPB-1,Medicare hospital spending per patient (Medicare Spending per Beneficiary),5.0,2024-01-01,2024-12-31,
191304,MSPB-1,Medicare hospital spending per patient (Medicare Spending per Beneficiary),5.0,2024-01-01,2024-12-31,
191305,MSPB-1,Medicare hospital spending per patient (Medicare Spending per Beneficiary),5.0,2024-01-01,2024-12-31,
191306,MSPB-1,Medicare hospital spending per patient (Medicare Spending per Beneficiary),5.0,2024-01-01,2024-12-31,
191307,MSPB-1,Medicare hospital spending per patient (Medicare Spending per Beneficiary),5.0,2024-01-01,2024-12-31,
191308,MSPB-1,Medicare hospital spending per patient (Medicare Spending per Beneficiary),5.0,2024-01-01,2024-12-31,
191309,MSPB-1,Medicare hospital spending per patient (Medicare Spending per Beneficiary),5.0,2024-01-01,2024-12-31,
191310,MSPB-1,Medicare hospital spending per patient (Medicare Spending per Beneficiary),5.0,2024-01-01,2024-12-31,
191311,MSPB-1,Medicare hospital spending per patient (Medicare Spending per Beneficiary),5.0,2024-01-01,2024-12-31,
191312,MSPB-1,Medicare hospital spending per patient (Medicare Spending per Beneficiary),5.0,2024-01-01,2024-12-31,
191313,MSPB-1,Medicare hospital spending per patient (Medicare Spending per Beneficiary),5.0,2024-01-01,2024-12-31,
191314,MSPB-1,Medicare hospital spending per patient (Medicare Spending per Beneficiary),5.0,2024-01-01,2024-12-31,
191315,MSPB-1,Medicare hospital spending per patient (Medicare Spending per Beneficiary),5.0,2024-01-01,2024-12-31,
191316,MSPB-1,Medicare hospital spending per patient (Medicare Spending per Beneficiary),5.0,2024-01-01,2024-12-31,
191317,MSPB-1,Medicare hospital spending per patient (Medicare Spending per Beneficiary),5.0,2024-01-01,2024-12-31,
191318,MSPB-1,Medicare hospital spending per patient (Medicare Spending per Beneficiary),5.0,2024-01-01,2024-12-31,
191319,MSPB-1,Medicare hospital spending per patient (Medicare Spending per Beneficiary),5.0,2024-01-01,2024-12-31,
191320,MSPB-1,Medicare hospital spending per patient (Medicare Spending per Beneficiary),5.0,2024-01-01,2024-12-31,
191321,MSPB-1,Medicare hospital spending per patient (Medicare Spending per Beneficiary),5.0,2024-01-01,2024-12-31,
191322,MSPB-1,Medicare hospital spending per patient (Medicare Spending per Beneficiary),5.0,2024-01-01,2024-12-31,
191323,MSPB-1,Medicare hospital spending per patient (Medicare Spending per Beneficiary),5.0,2024-01-01,2024-12-31,
191324,MSPB-1,Medicare hospital spending per patient (Medicare Spending per Beneficiary),5.0,2024-01-01,2024-12-31,
191325,MSPB-1,Medicare hospital spending per patient (Medicare Spending per Beneficiary),5.0,2024-01-01,2024-12-31,
191326,MSPB-1,Medicare hospital spending per patient (Medicare Spending per Beneficiary),5.0,2024-01-01,2024-12-31,
191327,MSPB-1,Medicare hospital spending per patient (Medicare Spending per Beneficiary),5.0,2024-01-01,2024-12-31,
193300,MSPB-1,Medicare hospital spending per patient (Medicare Spending per Beneficiary),19.0,2024-01-01,2024-12-31,
200001,MSPB-1,Medicare hospital spending per patient (Medicare Spending per Beneficiary),,2024-01-01,2024-12-31,0.92
200008,MSPB-1,Medicare hospital spending per patient (Medicare Spending per Beneficiary),,2024-01-01,2024-12-31,1.0
200009,MSPB-1,Medicare hospital spending per patient (Medicare Spending per Beneficiary),,2024-01-01,2024-12-31,1.02
200018,MSPB-1,Medicare hospital spending per patient (Medicare Spending per Beneficiary),,2024-01-01,2024-12-31,0.86
200020,MSPB-1,Medicare hospital spending per patient (Medicare Spending per Beneficiary),,2024-01-01,2024-12-31,0.95
200021,MSPB-1,Medicare hospital spending per patient (Medicare Spending per Beneficiary),,2024-01-01,2024-12-31,0.9
200024,MSPB-1,Medicare hospital spending per patient (Medicare Spending per Beneficiary),,2024-01-01,2024-12-31,1.02
200031,MSPB-1,Medicare hospital spending per patient (Medicare Spending per Beneficiary),,2024-01-01,2024-12-31,0.84
200033,MSPB-1,Medicare hospital spending per patient (Medicare Spending per Beneficiary),,2024-01-01,2024-12-31,0.99
200034,MSPB-1,Medicare hospital spending per patient (Medicare Spending per Beneficiary),,2024-01-01,2024-12-31,0.97
200039,MSPB-1,Medicare hospital spending per patient (Medicare Spending per Beneficiary),,2024-01-01,2024-12-31,0.92
200050,MSPB-1,Medicare hospital spending per patient (Medicare Spending per Beneficiary),,2024-01-01,2024-12-31,0.87
200063,MSPB-1,Medicare hospital spending per patient (Medicare Spending per Beneficiary),,2024-01-01,2024-12-31,0.92
201300,MSPB-1,Medicare hospital spending per patient (Medicare Spending per Beneficiary),5.0,2024-01-01,2024-12-31,
201301,MSPB-1,Medicare hospital spending per patient (Medicare Spending per Beneficiary),5.0,2024-01-01,2024-12-31,
201302,MSPB-1,Medicare hospital spending per patient (Medicare Spending per Beneficiary),5.0,2024-01-01,2024-12-31,
201303,MSPB-1,Medicare hospital spending per patient (Medicare Spending per Beneficiary),5.0,2024-01-01,2024-12-31,
201304,MSPB-1,Medicare hospital spending per patient (Medicare Spending per Beneficiary),5.0,2024-01-01,2024-12-31,
201305,MSPB-1,Medicare hospital spending per patient (Medicare Spending per Beneficiary),5.0,2024-01-01,2024-12-31,
201306,MSPB-1,Medicare hospital spending per patient (Medicare Spending per Beneficiary),5.0,2024-01-01,2024-12-31,
201307,MSPB-1,Medicare hospital spending per patient (Medicare Spending per Beneficiary),5.0,2024-01-01,2024-12-31,
201308,MSPB-1,Medicare hospital spending per patient (Medicare Spending per Beneficiary),5.0,2024-01-01,2024-12-31,
201309,MSPB-1,Medicare hospital spending per patient (Medicare Spending per Beneficiary),5.0,2024-01-01,2024-12-31,
201310,MSPB-1,Medicare hospital spending per patient (Medicare Spending per Beneficiary),5.0,2024-01-01,2024-12-31,
201311,MSPB-1,Medicare hospital spending per patient (Medicare Spending per Beneficiary),5.0,2024-01-01,2024-12-31,
201312,MSPB-1,Medicare hospital spending per patient (Medicare Spending per Beneficiary),5.0,2024-01-01,2024-12-31,
201313,MSPB-1,Medicare hospital spending per patient (Medicare Spending per Beneficiary),5.0,2024-01-01,2024-12-31,
201314,MSPB-1,Medicare hospital spending per patient (Medicare Spending per Beneficiary),5.0,2024-01-01,2024-12-31,
201315,MSPB-1,Medicare hospital spending per patient (Medicare Spending per Beneficiary),5.0,2024-01-01,2024-12-31,
201316,MSPB-1,Medicare hospital spending per patient (Medicare Spending per Beneficiary),5.0,2024-01-01,2024-12-31,
201317,MSPB-1,Medicare hospital spending per patient (Medicare Spending per Beneficiary),5.0,2024-01-01,2024-12-31,
210001,MSPB-1,Medicare hospital spending per patient (Medicare Spending per Beneficiary),5.0,2024-01-01,2024-12-31,
210002,MSPB-1,Medicare hospital spending per patient (Medicare Spending per Beneficiary),5.0,2024-01-01,2024-12-31,
210003,MSPB-1,Medicare hospital spending per patient (Medicare Spending per Beneficiary),5.0,2024-01-01,2024-12-31,
210004,MSPB-1,Medicare hospital spending per patient (Medicare Spending per Beneficiary),5.0,2024-01-01,2024-12-31,
210005,MSPB-1,Medicare hospital spending per patient (Medicare Spending per Beneficiary),5.0,2024-01-01,2024-12-31,
210008,MSPB-1,Medicare hospital spending per patient (Medicare Spending per Beneficiary),5.0,2024-01-01,2024-12-31,
210009,MSPB-1,Medicare hospital spending per patient (Medicare Spending per Beneficiary),5.0,2024-01-01,2024-12-31,
210011,MSPB-1,Medicare hospital spending per patient (Medicare Spending per Beneficiary),5.0,2024-01-01,2024-12-31,
210012,MSPB-1,Medicare hospital spending per patient (Medicare Spending per Beneficiary),5.0,2024-01-01,2024-12-31,
210015,MSPB-1,Medicare hospital spending per patient (Medicare Spending per Beneficiary),5.0,2024-01-01,2024-12-31,
210016,MSPB-1,Medicare hospital spending per patient (Medicare Spending per Beneficiary),5.0,2024-01-01,2024-12-31,
210017,MSPB-1,Medicare hospital spending per patient (Medicare Spending per Beneficiary),5.0,2024-01-01,2024-12-31,
210018,MSPB-1,Medicare hospital spending per patient (Medicare Spending per Beneficiary),5.0,2024-01-01,2024-12-31,
210019,MSPB-1,Medicare hospital spending per patient (Medicare Spending per Beneficiary),5.0,2024-01-01,2024-12-31,
210022,MSPB-1,Medicare hospital spending per patient (Medicare Spending per Beneficiary),5.0,2024-01-01,2024-12-31,
210023,MSPB-1,Medicare hospital spending per patient (Medicare Spending per Beneficiary),5.0,2024-01-01,2024-12-31,
210024,MSPB-1,Medicare hospital spending per patient (Medicare Spending per Beneficiary),5.0,2024-01-01,2024-12-31,
210027,MSPB-1,Medicare hospital spending per patient (Medicare Spending per Beneficiary),5.0,2024-01-01,2024-12-31,
210028,MSPB-1,Medicare hospital spending per patient (Medicare Spending per Beneficiary),5.0,2024-01-01,2024-12-31,
210029,MSPB-1,Medicare hospital spending per patient (Medicare Spending per Beneficiary),5.0,2024-01-01,2024-12-31,
210030,MSPB-1,Medicare hospital spending per patient (Medicare Spending per Beneficiary),5.0,2024-01-01,2024-12-31,
210032,MSPB-1,Medicare hospital spending per patient (Medicare Spending per Beneficiary),5.0,2024-01-01,2024-12-31,
210033,MSPB-1,Medicare hospital spending per patient (Medicare Spending per Beneficiary),5.0,2024-01-01,2024-12-31,
210034,MSPB-1,Medicare hospital spending per patient (Medicare Spending per Beneficiary),5.0,2024-01-01,2024-12-31,
210035,MSPB-1,Medicare hospital spending per patient (Medicare Spending per Beneficiary),5.0,2024-01-01,2024-12-31,
210037,MSPB-1,Medicare hospital spending per patient (Medicare Spending per Beneficiary),5.0,2024-01-01,2024-12-31,
210038,MSPB-1,Medicare hospital spending per patient (Medicare Spending per Beneficiary),5.0,2024-01-01,2024-12-31,
210039,MSPB-1,Medicare hospital spending per patient (Medicare Spending per Beneficiary),5.0,2024-01-01,2024-12-31,
210040,MSPB-1,Medicare hospital spending per patient (Medicare Spending per Beneficiary),5.0,2024-01-01,2024-12-31,
210043,MSPB-1,Medicare hospital spending per patient (Medicare Spending per Beneficiary),5.0,2024-01-01,2024-12-31,
210044,MSPB-1,Medicare hospital spending per patient (Medicare Spending per Beneficiary),5.0,2024-01-01,2024-12-31,
210048,MSPB-1,Medicare hospital spending per patient (Medicare Spending per Beneficiary),5.0,2024-01-01,2024-12-31,
210049,MSPB-1,Medicare hospital spending per patient (Medicare Spending per Beneficiary),5.0,2024-01-01,2024-12-31,
210051,MSPB-1,Medicare hospital spending per patient (Medicare Spending per Beneficiary),5.0,2024-01-01,2024-12-31,
210056,MSPB-1,Medicare hospital spending per patient (Medicare Spending per Beneficiary),5.0,2024-01-01,2024-12-31,
210057,MSPB-1,Medicare hospital spending per patient (Medicare Spending per Beneficiary),5.0,2024-01-01,2024-12-31,
210058,MSPB-1,Medicare hospital spending per patient (Medicare Spending per Beneficiary),5.0,2024-01-01,2024-12-31,
210060,MSPB-1,Medicare hospital spending per patient (Medicare Spending per Beneficiary),5.0,2024-01-01,2024-12-31,
210061,MSPB-1,Medicare hospital spending per patient (Medicare Spending per Beneficiary),5.0,2024-01-01,2024-12-31,
210062,MSPB-1,Medicare hospital spending per patient (Medicare Spending per Beneficiary),5.0,2024-01-01,2024-12-31,
210063,MSPB-1,Medicare hospital spending per patient (Medicare Spending per Beneficiary),5.0,2024-01-01,2024-12-31,
210064,MSPB-1,Medicare hospital spending per patient (Medicare Spending per Beneficiary),5.0,2024-01-01,2024-12-31,
210065,MSPB-1,Medicare hospital spending per patient (Medicare Spending per Beneficiary),5.0,2024-01-01,2024-12-31,
213300,MSPB-1,Medicare hospital spending per patient (Medicare Spending per Beneficiary),19.0,2024-01-01,2024-12-31,
213301,MSPB-1,Medicare hospital spending per patient (Medicare Spending per Beneficiary),19.0,2024-01-01,2024-12-31,
220001,MSPB-1,Medicare hospital spending per patient (Medicare Spending per Beneficiary),,2024-01-01,2024-12-31,1.04
220002,MSPB-1,Medicare hospital spending per patient (Medicare Spending per Beneficiary),,2024-01-01,2024-12-31,0.98
220008,MSPB-1,Medicare hospital spending per patient (Medicare Spending per Beneficiary),,2024-01-01,2024-12-31,0.97
220010,MSPB-1,Medicare hospital spending per patient (Medicare Spending per Beneficiary),,2024-01-01,2024-12-31,1.07
220011,MSPB-1,Medicare hospital spending per patient (Medicare Spending per Beneficiary),,2024-01-01,2024-12-31,0.99
220012,MSPB-1,Medicare hospital spending per patient (Medicare Spending per Beneficiary),,2024-01-01,2024-12-31,0.97
220015,MSPB-1,Medicare hospital spending per patient (Medicare Spending per Beneficiary),,2024-01-01,2024-12-31,0.92
220016,MSPB-1,Medicare hospital spending per patient (Medicare Spending per Beneficiary),,2024-01-01,2024-12-31,0.92
220017,MSPB-1,Medicare hospital spending per patient (Medicare Spending per Beneficiary),19.0,2024-01-01,2024-12-31,
220019,MSPB-1,Medicare hospital spending per patient (Medicare Spending per Beneficiary),,2024-01-01,2024-12-31,0.97
220020,MSPB-1,Medicare hospital spending per patient (Medicare Spending per Beneficiary),,2024-01-01,2024-12-31,0.98
220024,MSPB-1,Medicare hospital spending per patient (Medicare Spending per Beneficiary),,2024-01-01,2024-12-31,0.97
220029,MSPB-1,Medicare hospital spending per patient (Medicare Spending per Beneficiary),,2024-01-01,2024-12-31,0.97
220030,MSPB-1,Medicare hospital spending per patient (Medicare Spending per Beneficiary),,2024-01-01,2024-12-31,0.99
220031,MSPB-1,Medicare hospital spending per patient (Medicare Spending per Beneficiary),,2024-01-01,2024-12-31,1.0
220033,MSPB-1,Medicare hospital spending per patient (Medicare Spending per Beneficiary),,2024-01-01,2024-12-31,0.98
220035,MSPB-1,Medicare hospital spending per patient (Medicare Spending per Beneficiary),,2024-01-01,2024-12-31,0.91
220036,MSPB-1,Medicare hospital spending per patient (Medicare Spending per Beneficiary),,2024-01-01,2024-12-31,1.06
220046,MSPB-1,Medicare hospital spending per patient (Medicare Spending per Beneficiary),,2024-01-01,2024-12-31,1.02
220049,MSPB-1,Medicare hospital spending per patient (Medicare Spending per Beneficiary),,2024-01-01,2024-12-31,0.97
220052,MSPB-1,Medicare hospital spending per patient (Medicare Spending per Beneficiary),,2024-01-01,2024-12-31,1.01
220060,MSPB-1,Medicare hospital spending per patient (Medicare Spending per Beneficiary),,2024-01-01,2024-12-31,0.96
220062,MSPB-1,Medicare hospital spending per patient (Medicare Spending per Beneficiary),,2024-01-01,2024-12-31,0.93
220063,MSPB-1,Medicare hospital spending per patient (Medicare Spending per Beneficiary),,2024-01-01,2024-12-31,0.98
220065,MSPB-1,Medicare hospital spending per patient (Medicare Spending per Beneficiary),,2024-01-01,2024-12-31,0.96
220066,MSPB-1,Medicare hospital spending per patient (Medicare Spending per Beneficiary),,2024-01-01,2024-12-31,1.01
220070,MSPB-1,Medicare hospital spending per patient (Medicare Spending per Beneficiary),,2024-01-01,2024-12-31,1.0
220071,MSPB-1,Medicare hospital spending per patient (Medicare Spending per Beneficiary),,2024-01-01,2024-12-31,0.98
220073,MSPB-1,Medicare hospital spending per patient (Medicare Spending per Beneficiary),,2024-01-01,2024-12-31,1.01
220074,MSPB-1,Medicare hospital spending per patient (Medicare Spending per Beneficiary),,2024-01-01,2024-12-31,1.02
220075,MSPB-1,Medicare hospital spending per patient (Medicare Spending per Beneficiary),,2024-01-01,2024-12-31,0.96
220077,MSPB-1,Medicare hospital spending per patient (Medicare Spending per Beneficiary),,2024-01-01,2024-12-31,1.03
220080,MSPB-1,Medicare hospital spending per patient (Medicare Spending per Beneficiary),,2024-01-01,2024-12-31,1.07
220083,MSPB-1,Medicare hospital spending per patient (Medicare Spending per Beneficiary),,2024-01-01,2024-12-31,0.89
220084,MSPB-1,Medicare hospital spending per patient (Medicare Spending per Beneficiary),,2024-01-01,2024-12-31,1.01
220086,MSPB-1,Medicare hospital spending per patient (Medicare Spending per Beneficiary),,2024-01-01,2024-12-31,0.98
220088,MSPB-1,Medicare hospital spending per patient (Medicare Spending per Beneficiary),,2024-01-01,2024-12-31,0.91
220090,MSPB-1,Medicare hospital spending per patient (Medicare Spending per Beneficiary),,2024-01-01,2024-12-31,0.97
220095,MSPB-1,Medicare hospital spending per patient (Medicare Spending per Beneficiary),,2024-01-01,2024-12-31,1.08
220098,MSPB-1,Medicare hospital spending per patient (Medicare Spending per Beneficiary),19.0,2024-01-01,2024-12-31,
220100,MSPB-1,Medicare hospital spending per patient (Medicare Spending per Beneficiary),,2024-01-01,2024-12-31,0.99
220101,MSPB-1,Medicare hospital spending per patient (Medicare Spending per Beneficiary),,2024-01-01,2024-12-31,0.88
220105,MSPB-1,Medicare hospital spending per patient (Medicare Spending per Beneficiary),,2024-01-01,2024-12-31,0.93
220108,MSPB-1,Medicare hospital spending per patient (Medicare Spending per Beneficiary),,2024-01-01,2024-12-31,0.92
220110,MSPB-1,Medicare hospital spending per patient (Medicare Spending per Beneficiary),,2024-01-01,2024-12-31,1.0
220111,MSPB-1,Medicare hospital spending per patient (Medicare Spending per Beneficiary),,2024-01-01,2024-12-31,1.0
220116,MSPB-1,Medicare hospital spending per patient (Medicare Spending per Beneficiary),,2024-01-01,2024-12-31,1.03
220119,MSPB-1,Medicare hospital spending per patient (Medicare Spending per Beneficiary),,2024-01-01,2024-12-31,0.9
220126,MSPB-1,Medicare hospital spending per patient (Medicare Spending per Beneficiary),5.0,2024-01-01,2024-12-31,
220135,MSPB-1,Medicare hospital spending per patient (Medicare Spending per Beneficiary),,2024-01-01,2024-12-31,0.99
220163,MSPB-1,Medicare hospital spending per patient (Medicare Spending per Beneficiary),,2024-01-01,2024-12-31,1.02
220171,MSPB-1,Medicare hospital spending per patient (Medicare Spending per Beneficiary),,2024-01-01,2024-12-31,0.97
220175,MSPB-1,Medicare hospital spending per patient (Medicare Spending per Beneficiary),,2024-01-01,2024-12-31,1.04
220176,MSPB-1,Medicare hospital spending per patient (Medicare Spending per Beneficiary),,2024-01-01,2024-12-31,1.0
220177,MSPB-1,Medicare hospital spending per patient (Medicare Spending per Beneficiary),,2024-01-01,2024-12-31,0.76
221300,MSPB-1,Medicare hospital spending per patient (Medicare Spending per Beneficiary),5.0,2024-01-01,2024-12-31,
221302,MSPB-1,Medicare hospital spending per patient (Medicare Spending per Beneficiary),5.0,2024-01-01,2024-12-31,
221303,MSPB-1,Medicare hospital spending per patient (Medicare Spending per Beneficiary),5.0,2024-01-01,2024-12-31,
221304,MSPB-1,Medicare hospital spending per patient (Medicare Spending per Beneficiary),5.0,2024-01-01,2024-12-31,
223300,MSPB-1,Medicare hospital spending per patient (Medicare Spending per Beneficiary),19.0,2024-01-01,2024-12-31,
223302,MSPB-1,Medicare hospital spending per patient (Medicare Spending per Beneficiary),19.0,2024-01-01,2024-12-31,
223304,MSPB-1,Medicare hospital spending per patient (Medicare Spending per Beneficiary),19.0,2024-01-01,2024-12-31,
230002,MSPB-1,Medicare hospital spending per patient (Medicare Spending per Beneficiary),,2024-01-01,2024-12-31,0.96
230003,MSPB-1,Medicare hospital spending per patient (Medicare Spending per Beneficiary),,2024-01-01,2024-12-31,0.86
230005,MSPB-1,Medicare hospital spending per patient (Medicare Spending per Beneficiary),,2024-01-01,2024-12-31,0.91
230015,MSPB-1,Medicare hospital spending per patient (Medicare Spending per Beneficiary),,2024-01-01,2024-12-31,0.99
230017,MSPB-1,Medicare hospital spending per patient (Medicare Spending per Beneficiary),,2024-01-01,2024-12-31,0.95
230019,MSPB-1,Medicare hospital spending per patient (Medicare Spending per Beneficiary),29.0,2024-01-01,2024-12-31,0.95
230020,MSPB-1,Medicare hospital spending per patient (Medicare Spending per Beneficiary),,2024-01-01,2024-12-31,1.05
230021,MSPB-1,Medicare hospital spending per patient (Medicare Spending per Beneficiary),,2024-01-01,2024-12-31,0.93
230022,MSPB-1,Medicare hospital spending per patient (Medicare Spending per Beneficiary),,2024-01-01,2024-12-31,0.91
230024,MSPB-1,Medicare hospital spending per patient (Medicare Spending per Beneficiary),,2024-01-01,2024-12-31,1.03
230029,MSPB-1,Medicare hospital spending per patient (Medicare Spending per Beneficiary),,2024-01-01,2024-12-31,0.99
230030,MSPB-1,Medicare hospital spending per patient (Medicare Spending per Beneficiary),,2024-01-01,2024-12-31,0.93
230031,MSPB-1,Medicare hospital spending per patient (Medicare Spending per Beneficiary),,2024-01-01,2024-12-31,0.88
230035,MSPB-1,Medicare hospital spending per patient (Medicare Spending per Beneficiary),,2024-01-01,2024-12-31,0.88
230036,MSPB-1,Medicare hospital spending per patient (Medicare Spending per Beneficiary),,2024-01-01,2024-12-31,0.97
230037,MSPB-1,Medicare hospital spending per patient (Medicare Spending per Beneficiary),,2024-01-01,2024-12-31,0.87
230038,MSPB-1,Medicare hospital spending per patient (Medicare Spending per Beneficiary),,2024-01-01,2024-12-31,0.96
230041,MSPB-1,Medicare hospital spending per patient (Medicare Spending per Beneficiary),,2024-01-01,2024-12-31,1.01
230046,MSPB-1,Medicare hospital spending per patient (Medicare Spending per Beneficiary),,2024-01-01,2024-12-31,0.91
230047,MSPB-1,Medicare hospital spending per patient (Medicare Spending per Beneficiary),,2024-01-01,2024-12-31,0.97
230053,MSPB-1,Medicare hospital spending per patient (Medicare Spending per Beneficiary),,2024-01-01,2024-12-31,0.96
230054,MSPB-1,Medicare hospital spending per patient (Medicare Spending per Beneficiary),,2024-01-01,2024-12-31,1.01
230055,MSPB-1,Medicare hospital spending per patient (Medicare Spending per Beneficiary),,2024-01-01,2024-12-31,0.96
230058,MSPB-1,Medicare hospital spending per patient (Medicare Spending per Beneficiary),,2024-01-01,2024-12-31,0.86
230059,MSPB-1,Medicare hospital spending per patient (Medicare Spending per Beneficiary),,2024-01-01,2024-12-31,0.92
230066,MSPB-1,Medicare hospital spending per patient (Medicare Spending per Beneficiary),,2024-01-01,2024-12-31,0.92
230069,MSPB-1,Medicare hospital spending per patient (Medicare Spending per Beneficiary),,2024-01-01,2024-12-31,0.88
230070,MSPB-1,Medicare hospital spending per patient (Medicare Spending per Beneficiary),,2024-01-01,2024-12-31,1.04
230071,MSPB-1,Medicare hospital spending per patient (Medicare Spending per Beneficiary),,2024-01-01,2024-12-31,1.01
230072,MSPB-1,Medicare hospital spending per patient (Medicare Spending per Beneficiary),,2024-01-01,2024-12-31,0.87
230075,MSPB-1,Medicare hospital spending per patient (Medicare Spending per Beneficiary),,2024-01-01,2024-12-31,0.94
230077,MSPB-1,Medicare hospital spending per patient (Medicare Spending per Beneficiary),29.0,2024-01-01,2024-12-31,1.01
230078,MSPB-1,Medicare hospital spending per patient (Medicare Spending per Beneficiary),1.0,2024-01-01,2024-12-31,
230080,MSPB-1,Medicare hospital spending per patient (Medicare Spending per Beneficiary),,2024-01-01,2024-12-31,0.85
230081,MSPB-1,Medicare hospital spending per patient (Medicare Spending per Beneficiary),,2024-01-01,2024-12-31,0.82
230085,MSPB-1,Medicare hospital spending per patient (Medicare Spending per Beneficiary),,2024-01-01,2024-12-31,0.84
230089,MSPB-1,Medicare hospital spending per patient (Medicare Spending per Beneficiary),,2024-01-01,2024-12-31,0.92
230092,MSPB-1,Medicare hospital spending per patient (Medicare Spending per Beneficiary),,2024-01-01,2024-12-31,0.93
230093,MSPB-1,Medicare hospital spending per patient (Medicare Spending per Beneficiary),,2024-01-01,2024-12-31,0.86
230095,MSPB-1,Medicare hospital spending per patient (Medicare Spending per Beneficiary),,2024-01-01,2024-12-31,0.94
230097,MSPB-1,Medicare hospital spending per patient (Medicare Spending per Beneficiary),,2024-01-01,2024-12-31,0.91
230099,MSPB-1,Medicare hospital spending per patient (Medicare Spending per Beneficiary),,2024-01-01,2024-12-31,1.02
230100,MSPB-1,Medicare hospital spending per patient (Medicare Spending per Beneficiary),29.0,2024-01-01,2024-12-31,0.91
230104,MSPB-1,Medicare hospital spending per patient (Medicare Spending per Beneficiary),,2024-01-01,2024-12-31,0.95
230105,MSPB-1,Medicare hospital spending per patient (Medicare Spending per Beneficiary),,2024-01-01,2024-12-31,0.93
230108,MSPB-1,Medicare hospital spending per patient (Medicare Spending per Beneficiary),,2024-01-01,2024-12-31,0.77
230110,MSPB-1,Medicare hospital spending per patient (Medicare Spending per Beneficiary),,2024-01-01,2024-12-31,0.83
230117,MSPB-1,Medicare hospital spending per patient (Medicare Spending per Beneficiary),29.0,2024-01-01,2024-12-31,0.98
230121,MSPB-1,Medicare hospital spending per patient (Medicare Spending per Beneficiary),,2024-01-01,2024-12-31,0.9
230130,MSPB-1,Medicare hospital spending per patient (Medicare Spending per Beneficiary),,2024-01-01,2024-12-31,1.0
230132,MSPB-1,Medicare hospital spending per patient (Medicare Spending per Beneficiary),,2024-01-01,2024-12-31,0.96
230133,MSPB-1,Medicare hospital spending per patient (Medicare Spending per Beneficiary),,2024-01-01,2024-12-31,0.9
230141,MSPB-1,Medicare hospital spending per patient (Medicare Spending per Beneficiary),,2024-01-01,2024-12-31,1.0
230142,MSPB-1,Medicare hospital spending per patient (Medicare Spending per Beneficiary),,2024-01-01,2024-12-31,1.03
230144,MSPB-1,Medicare hospital spending per patient (Medicare Spending per Beneficiary),1.0,2024-01-01,2024-12-31,
230146,MSPB-1,Medicare hospital spending per patient (Medicare Spending per Beneficiary),,2024-01-01,2024-12-31,1.04
230151,MSPB-1,Medicare hospital spending per patient (Medicare Spending per Beneficiary),,2024-01-01,2024-12-31,1.01
230156,MSPB-1,Medicare hospital spending per patient (Medicare Spending per Beneficiary),,2024-01-01,2024-12-31,0.92
230165,MSPB-1,Medicare hospital spending per patient (Medicare Spending per Beneficiary),29.0,2024-01-01,2024-12-31,0.96
230167,MSPB-1,Medicare hospital spending per patient (Medicare Spending per Beneficiary),,2024-01-01,2024-12-31,0.92
230174,MSPB-1,Medicare hospital spending per patient (Medicare Spending per Beneficiary),,2024-01-01,2024-12-31,0.84
230176,MSPB-1,Medicare hospital spending per patient (Medicare Spending per Beneficiary),,2024-01-01,2024-12-31,1.01
230180,MSPB-1,Medicare hospital spending per patient (Medicare Spending per Beneficiary),,2024-01-01,2024-12-31,0.87
230193,MSPB-1,Medicare hospital spending per patient (Medicare Spending per Beneficiary),,2024-01-01,2024-12-31,0.94
230195,MSPB-1,Medicare hospital spending per patient (Medicare Spending per Beneficiary),29.0,2024-01-01,2024-12-31,0.99
230197,MSPB-1,Medicare hospital spending per patient (Medicare Spending per Beneficiary),29.0,2024-01-01,2024-12-31,0.94
230207,MSPB-1,Medicare hospital spending per patient (Medicare Spending per Beneficiary),,2024-01-01,2024-12-31,1.04
230208,MSPB-1,Medicare hospital spending per patient (Medicare Spending per Beneficiary),,2024-01-01,2024-12-31,0.93
230216,MSPB-1,Medicare hospital spending per patient (Medicare Spending per Beneficiary),,2024-01-01,2024-12-31,0.94
230217,MSPB-1,Medicare hospital spending per patient (Medicare Spending per Beneficiary),,2024-01-01,2024-12-31,0.87
230222,MSPB-1,Medicare hospital spending per patient (Medicare Spending per Beneficiary),,2024-01-01,2024-12-31,0.96
230227,MSPB-1,Medicare hospital spending per patient (Medicare Spending per Beneficiary),,2024-01-01,2024-12-31,1.02
230230,MSPB-1,Medicare hospital spending per patient (Medicare Spending per Beneficiary),,2024-01-01,2024-12-31,0.98
230236,MSPB-1,Medicare hospital spending per patient (Medicare Spending per Beneficiary),,2024-01-01,2024-12-31,0.95
230239,MSPB-1,Medicare hospital spending per patient (Medicare Spending per Beneficiary),,2024-01-01,2024-12-31,0.86
230241,MSPB-1,Medicare hospital spending per patient (Medicare Spending per Beneficiary),1.0,2024-01-01,2024-12-31,
230244,MSPB-1,Medicare hospital spending per patient (Medicare Spending per Beneficiary),,2024-01-01,2024-12-31,1.04
230254,MSPB-1,Medicare hospital spending per patient (Medicare Spending per Beneficiary),29.0,2024-01-01,2024-12-31,1.0
230259,MSPB-1,Medicare hospital spending per patient (Medicare Spending per Beneficiary),,2024-01-01,2024-12-31,0.84
230264,MSPB-1,Medicare hospital spending per patient (Medicare Spending per Beneficiary),1.0,2024-01-01,2024-12-31,
230269,MSPB-1,Medicare hospital spending per patient (Medicare Spending per Beneficiary),,2024-01-01,2024-12-31,0.99
230270,MSPB-1,Medicare hospital spending per patient (Medicare Spending per Beneficiary),,2024-01-01,2024-12-31,1.05
230273,MSPB-1,Medicare hospital spending per patient (Medicare Spending per Beneficiary),,2024-01-01,2024-12-31,0.95
230275,MSPB-1,Medicare hospital spending per patient (Medicare Spending per Beneficiary),1.0,2024-01-01,2024-12-31,
230277,MSPB-1,Medicare hospital spending per patient (Medicare Spending per Beneficiary),,2024-01-01,2024-12-31,0.94
230279,MSPB-1,Medicare hospital spending per patient (Medicare Spending per Beneficiary),,2024-01-01,2024-12-31,0.81
230297,MSPB-1,Medicare hospital spending per patient (Medicare Spending per Beneficiary),,2024-01-01,2024-12-31,1.07
230301,MSPB-1,Medicare hospital spending per patient (Medicare Spending per Beneficiary),,2024-01-01,2024-12-31,1.06
230302,MSPB-1,Medicare hospital spending per patient (Medicare Spending per Beneficiary),,2024-01-01,2024-12-31,0.9
230303,MSPB-1,Medicare hospital spending per patient (Medicare Spending per Beneficiary),,2024-01-01,2024-12-31,0.77
230779,MSPB-1,Medicare hospital spending per patient (Medicare Spending per Beneficiary),19.0,2024-01-01,2024-12-31,
231300,MSPB-1,Medicare hospital spending per patient (Medicare Spending per Beneficiary),5.0,2024-01-01,2024-12-31,
231301,MSPB-1,Medicare hospital spending per patient (Medicare Spending per Beneficiary),5.0,2024-01-01,2024-12-31,
231303,MSPB-1,Medicare hospital spending per patient (Medicare Spending per Beneficiary),5.0,2024-01-01,2024-12-31,
231304,MSPB-1,Medicare hospital spending per patient (Medicare Spending per Beneficiary),5.0,2024-01-01,2024-12-31,
231305,MSPB-1,Medicare hospital spending per patient (Medicare Spending per Beneficiary),5.0,2024-01-01,2024-12-31,
231306,MSPB-1,Medicare hospital spending per patient (Medicare Spending per Beneficiary),5.0,2024-01-01,2024-12-31,
231307,MSPB-1,Medicare hospital spending per patient (Medicare Spending per Beneficiary),5.0,2024-01-01,2024-12-31,
231308,MSPB-1,Medicare hospital spending per patient (Medicare Spending per Beneficiary),5.0,2024-01-01,2024-12-31,
231310,MSPB-1,Medicare hospital spending per patient (Medicare Spending per Beneficiary),5.0,2024-01-01,2024-12-31,
231311,MSPB-1,Medicare hospital spending per patient (Medicare Spending per Beneficiary),5.0,2024-01-01,2024-12-31,
231312,MSPB-1,Medicare hospital spending per patient (Medicare Spending per Beneficiary),5.0,2024-01-01,2024-12-31,
231313,MSPB-1,Medicare hospital spending per patient (Medicare Spending per Beneficiary),5.0,2024-01-01,2024-12-31,
231314,MSPB-1,Medicare hospital spending per patient (Medicare Spending per Beneficiary),5.0,2024-01-01,2024-12-31,
231315,MSPB-1,Medicare hospital spending per patient (Medicare Spending per Beneficiary),5.0,2024-01-01,2024-12-31,
231316,MSPB-1,Medicare hospital spending per patient (Medicare Spending per Beneficiary),5.0,2024-01-01,2024-12-31,
231318,MSPB-1,Medicare hospital spending per patient (Medicare Spending per Beneficiary),5.0,2024-01-01,2024-12-31,
231319,MSPB-1,Medicare hospital spending per patient (Medicare Spending per Beneficiary),5.0,2024-01-01,2024-12-31,
231320,MSPB-1,Medicare hospital spending per patient (Medicare Spending per Beneficiary),5.0,2024-01-01,2024-12-31,
231321,MSPB-1,Medicare hospital spending per patient (Medicare Spending per Beneficiary),5.0,2024-01-01,2024-12-31,
231322,MSPB-1,Medicare hospital spending per patient (Medicare Spending per Beneficiary),5.0,2024-01-01,2024-12-31,
231323,MSPB-1,Medicare hospital spending per patient (Medicare Spending per Beneficiary),5.0,2024-01-01,2024-12-31,
231324,MSPB-1,Medicare hospital spending per patient (Medicare Spending per Beneficiary),5.0,2024-01-01,2024-12-31,
231325,MSPB-1,Medicare hospital spending per patient (Medicare Spending per Beneficiary),5.0,2024-01-01,2024-12-31,
231326,MSPB-1,Medicare hospital spending per patient (Medicare Spending per Beneficiary),5.0,2024-01-01,2024-12-31,
231327,MSPB-1,Medicare hospital spending per patient (Medicare Spending per Beneficiary),5.0,2024-01-01,2024-12-31,
231328,MSPB-1,Medicare hospital spending per patient (Medicare Spending per Beneficiary),5.0,2024-01-01,2024-12-31,
231329,MSPB-1,Medicare hospital spending per patient (Medicare Spending per Beneficiary),5.0,2024-01-01,2024-12-31,
231330,MSPB-1,Medicare hospital spending per patient (Medicare Spending per Beneficiary),5.0,2024-01-01,2024-12-31,
231331,MSPB-1,Medicare hospital spending per patient (Medicare Spending per Beneficiary),5.0,2024-01-01,2024-12-31,
231332,MSPB-1,Medicare hospital spending per patient (Medicare Spending per Beneficiary),5.0,2024-01-01,2024-12-31,
231333,MSPB-1,Medicare hospital spending per patient (Medicare Spending per Beneficiary),5.0,2024-01-01,2024-12-31,
231337,MSPB-1,Medicare hospital spending per patient (Medicare Spending per Beneficiary),5.0,2024-01-01,2024-12-31,
231338,MSPB-1,Medicare hospital spending per patient (Medicare Spending per Beneficiary),5.0,2024-01-01,2024-12-31,
231339,MSPB-1,Medicare hospital spending per patient (Medicare Spending per Beneficiary),5.0,2024-01-01,2024-12-31,
231340,MSPB-1,Medicare hospital spending per patient (Medicare Spending per Beneficiary),5.0,2024-01-01,2024-12-31,
233300,MSPB-1,Medicare hospital spending per patient (Medicare Spending per Beneficiary),19.0,2024-01-01,2024-12-31,
240001,MSPB-1,Medicare hospital spending per patient (Medicare Spending per Beneficiary),,2024-01-01,2024-12-31,0.93
240002,MSPB-1,Medicare hospital spending per patient (Medicare Spending per Beneficiary),,2024-01-01,2024-12-31,1.02
240004,MSPB-1,Medicare hospital spending per patient (Medicare Spending per Beneficiary),,2024-01-01,2024-12-31,0.99
240006,MSPB-1,Medicare hospital spending per patient (Medicare Spending per Beneficiary),,2024-01-01,2024-12-31,0.87
240010,MSPB-1,Medicare hospital spending per patient (Medicare Spending per Beneficiary),,2024-01-01,2024-12-31,0.95
240014,MSPB-1,Medicare hospital spending per patient (Medicare Spending per Beneficiary),,2024-01-01,2024-12-31,0.84
240018,MSPB-1,Medicare hospital spending per patient (Medicare Spending per Beneficiary),,2024-01-01,2024-12-31,0.83
240019,MSPB-1,Medicare hospital spending per patient (Medicare Spending per Beneficiary),,2024-01-01,2024-12-31,0.96
240020,MSPB-1,Medicare hospital spending per patient (Medicare Spending per Beneficiary),,2024-01-01,2024-12-31,0.81
240022,MSPB-1,Medicare hospital spending per patient (Medicare Spending per Beneficiary),,2024-01-01,2024-12-31,0.95
240030,MSPB-1,Medicare hospital spending per patient (Medicare Spending per Beneficiary),,2024-01-01,2024-12-31,0.9
240036,MSPB-1,Medicare hospital spending per patient (Medicare Spending per Beneficiary),,2024-01-01,2024-12-31,0.94
240038,MSPB-1,Medicare hospital spending per patient (Medicare Spending per Beneficiary),,2024-01-01,2024-12-31,0.94
240040,MSPB-1,Medicare hospital spending per patient (Medicare Spending per Beneficiary),,2024-01-01,2024-12-31,0.91
240043,MSPB-1,Medicare hospital spending per patient (Medicare Spending per Beneficiary),,2024-01-01,2024-12-31,0.9
240044,MSPB-1,Medicare hospital spending per patient (Medicare Spending per Beneficiary),,2024-01-01,2024-12-31,0.86
240047,MSPB-1,Medicare hospital spending per patient (Medicare Spending per Beneficiary),,2024-01-01,2024-12-31,0.99
240050,MSPB-1,Medicare hospital spending per patient (Medicare Spending per Beneficiary),,2024-01-01,2024-12-31,0.9
240052,MSPB-1,Medicare hospital spending per patient (Medicare Spending per Beneficiary),,2024-01-01,2024-12-31,0.91
240053,MSPB-1,Medicare hospital spending per patient (Medicare Spending per Beneficiary),,2024-01-01,2024-12-31,0.91
240056,MSPB-1,Medicare hospital spending per patient (Medicare Spending per Beneficiary),,2024-01-01,2024-12-31,0.94
240057,MSPB-1,Medicare hospital spending per patient (Medicare Spending per Beneficiary),,2024-01-01,2024-12-31,0.95
240064,MSPB-1,Medicare hospital spending per patient (Medicare Spending per Beneficiary),,2024-01-01,2024-12-31,0.85
240066,MSPB-1,Medicare hospital spending per patient (Medicare Spending per Beneficiary),,2024-01-01,2024-12-31,0.91
240069,MSPB-1,Medicare hospital spending per patient (Medicare Spending per Beneficiary),,2024-01-01,2024-12-31,0.9
240071,MSPB-1,Medicare hospital spending per patient (Medicare Spending per Beneficiary),,2024-01-01,2024-12-31,0.94
240075,MSPB-1,Medicare hospital spending per patient (Medicare Spending per Beneficiary),,2024-01-01,2024-12-31,0.83
240076,MSPB-1,Medicare hospital spending per patient (Medicare Spending per Beneficiary),,2024-01-01,2024-12-31,0.88
240078,MSPB-1,Medicare hospital spending per patient (Medicare Spending per Beneficiary),,2024-01-01,2024-12-31,0.92
240080,MSPB-1,Medicare hospital spending per patient (Medicare Spending per Beneficiary),,2024-01-01,2024-12-31,0.98
240084,MSPB-1,Medicare hospital spending per patient (Medicare Spending per Beneficiary),,2024-01-01,2024-12-31,0.93
240088,MSPB-1,Medicare hospital spending per patient (Medicare Spending per Beneficiary),,2024-01-01,2024-12-31,0.85
240093,MSPB-1,Medicare hospital spending per patient (Medicare Spending per Beneficiary),,2024-01-01,2024-12-31,0.93
240100,MSPB-1,Medicare hospital spending per patient (Medicare Spending per Beneficiary),,2024-01-01,2024-12-31,0.91
240101,MSPB-1,Medicare hospital spending per patient (Medicare Spending per Beneficiary),,2024-01-01,2024-12-31,0.86
240104,MSPB-1,Medicare hospital spending per patient (Medicare Spending per Beneficiary),,2024-01-01,2024-12-31,0.87
240106,MSPB-1,Medicare hospital spending per patient (Medicare Spending per Beneficiary),,2024-01-01,2024-12-31,0.95
240115,MSPB-1,Medicare hospital spending per patient (Medicare Spending per Beneficiary),,2024-01-01,2024-12-31,0.9
240141,MSPB-1,Medicare hospital spending per patient (Medicare Spending per Beneficiary),,2024-01-01,2024-12-31,0.85
240166,MSPB-1,Medicare hospital spending per patient (Medicare Spending per Beneficiary),,2024-01-01,2024-12-31,0.81
240187,MSPB-1,Medicare hospital spending per patient (Medicare Spending per Beneficiary),,2024-01-01,2024-12-31,0.9
240206,MSPB-1,Medicare hospital spending per patient (Medicare Spending per Beneficiary),1.0,2024-01-01,2024-12-31,
240207,MSPB-1,Medicare hospital spending per patient (Medicare Spending per Beneficiary),,2024-01-01,2024-12-31,0.86
240210,MSPB-1,Medicare hospital spending per patient (Medicare Spending per Beneficiary),,2024-01-01,2024-12-31,0.92
240213,MSPB-1,Medicare hospital spending per patient (Medicare Spending per Beneficiary),,2024-01-01,2024-12-31,0.9
240214,MSPB-1,Medicare hospital spending per patient (Medicare Spending per Beneficiary),,2024-01-01,2024-12-31,0.84
240779,MSPB-1,Medicare hospital spending per patient (Medicare Spending per Beneficiary),19.0,2024-01-01,2024-12-31,
241301,MSPB-1,Medicare hospital spending per patient (Medicare Spending per Beneficiary),5.0,2024-01-01,2024-12-31,
241302,MSPB-1,Medicare hospital spending per patient (Medicare Spending per Beneficiary),5.0,2024-01-01,2024-12-31,
241303,MSPB-1,Medicare hospital spending per patient (Medicare Spending per Beneficiary),5.0,2024-01-01,2024-12-31,
241304,MSPB-1,Medicare hospital spending per patient (Medicare Spending per Beneficiary),5.0,2024-01-01,2024-12-31,
241305,MSPB-1,Medicare hospital spending per patient (Medicare Spending per Beneficiary),5.0,2024-01-01,2024-12-31,
241306,MSPB-1,Medicare hospital spending per patient (Medicare Spending per Beneficiary),5.0,2024-01-01,2024-12-31,
241308,MSPB-1,Medicare hospital spending per patient (Medicare Spending per Beneficiary),5.0,2024-01-01,2024-12-31,
241309,MSPB-1,Medicare hospital spending per patient (Medicare Spending per Beneficiary),5.0,2024-01-01,2024-12-31,
241311,MSPB-1,Medicare hospital spending per patient (Medicare Spending per Beneficiary),5.0,2024-01-01,2024-12-31,
241312,MSPB-1,Medicare hospital spending per patient (Medicare Spending per Beneficiary),5.0,2024-01-01,2024-12-31,
241313,MSPB-1,Medicare hospital spending per patient (Medicare Spending per Beneficiary),5.0,2024-01-01,2024-12-31,
241314,MSPB-1,Medicare hospital spending per patient (Medicare Spending per Beneficiary),5.0,2024-01-01,2024-12-31,
241315,MSPB-1,Medicare hospital spending per patient (Medicare Spending per Beneficiary),5.0,2024-01-01,2024-12-31,
241316,MSPB-1,Medicare hospital spending per patient (Medicare Spending per Beneficiary),5.0,2024-01-01,2024-12-31,
241317,MSPB-1,Medicare hospital spending per patient (Medicare Spending per Beneficiary),5.0,2024-01-01,2024-12-31,
241318,MSPB-1,Medicare hospital spending per patient (Medicare Spending per Beneficiary),5.0,2024-01-01,2024-12-31,
241319,MSPB-1,Medicare hospital spending per patient (Medicare Spending per Beneficiary),5.0,2024-01-01,2024-12-31,
241320,MSPB-1,Medicare hospital spending per patient (Medicare Spending per Beneficiary),5.0,2024-01-01,2024-12-31,
241321,MSPB-1,Medicare hospital spending per patient (Medicare Spending per Beneficiary),5.0,2024-01-01,2024-12-31,
241322,MSPB-1,Medicare hospital spending per patient (Medicare Spending per Beneficiary),5.0,2024-01-01,2024-12-31,
241323,MSPB-1,Medicare hospital spending per patient (Medicare Spending per Beneficiary),5.0,2024-01-01,2024-12-31,
241325,MSPB-1,Medicare hospital spending per patient (Medicare Spending per Beneficiary),5.0,2024-01-01,2024-12-31,
241326,MSPB-1,Medicare hospital spending per patient (Medicare Spending per Beneficiary),5.0,2024-01-01,2024-12-31,
241327,MSPB-1,Medicare hospital spending per patient (Medicare Spending per Beneficiary),5.0,2024-01-01,2024-12-31,
241328,MSPB-1,Medicare hospital spending per patient (Medicare Spending per Beneficiary),5.0,2024-01-01,2024-12-31,
241329,MSPB-1,Medicare hospital spending per patient (Medicare Spending per Beneficiary),5.0,2024-01-01,2024-12-31,
241330,MSPB-1,Medicare hospital spending per patient (Medicare Spending per Beneficiary),5.0,2024-01-01,2024-12-31,
241332,MSPB-1,Medicare hospital spending per patient (Medicare Spending per Beneficiary),5.0,2024-01-01,2024-12-31,
241333,MSPB-1,Medicare hospital spending per patient (Medicare Spending per Beneficiary),5.0,2024-01-01,2024-12-31,
241334,MSPB-1,Medicare hospital spending per patient (Medicare Spending per Beneficiary),5.0,2024-01-01,2024-12-31,
241335,MSPB-1,Medicare hospital spending per patient (Medicare Spending per Beneficiary),5.0,2024-01-01,2024-12-31,
241336,MSPB-1,Medicare hospital spending per patient (Medicare Spending per Beneficiary),5.0,2024-01-01,2024-12-31,
241337,MSPB-1,Medicare hospital spending per patient (Medicare Spending per Beneficiary),5.0,2024-01-01,2024-12-31,
241338,MSPB-1,Medicare hospital spending per patient (Medicare Spending per Beneficiary),5.0,2024-01-01,2024-12-31,
241339,MSPB-1,Medicare hospital spending per patient (Medicare Spending per Beneficiary),5.0,2024-01-01,2024-12-31,
241340,MSPB-1,Medicare hospital spending per patient (Medicare Spending per Beneficiary),5.0,2024-01-01,2024-12-31,
241341,MSPB-1,Medicare hospital spending per patient (Medicare Spending per Beneficiary),5.0,2024-01-01,2024-12-31,
241342,MSPB-1,Medicare hospital spending per patient (Medicare Spending per Beneficiary),5.0,2024-01-01,2024-12-31,
241343,MSPB-1,Medicare hospital spending per patient (Medicare Spending per Beneficiary),5.0,2024-01-01,2024-12-31,
241344,MSPB-1,Medicare hospital spending per patient (Medicare Spending per Beneficiary),5.0,2024-01-01,2024-12-31,
241345,MSPB-1,Medicare hospital spending per patient (Medicare Spending per Beneficiary),5.0,2024-01-01,2024-12-31,
241346,MSPB-1,Medicare hospital spending per patient (Medicare Spending per Beneficiary),5.0,2024-01-01,2024-12-31,
241347,MSPB-1,Medicare hospital spending per patient (Medicare Spending per Beneficiary),5.0,2024-01-01,2024-12-31,
241348,MSPB-1,Medicare hospital spending per patient (Medicare Spending per Beneficiary),5.0,2024-01-01,2024-12-31,
241349,MSPB-1,Medicare hospital spending per patient (Medicare Spending per Beneficiary),5.0,2024-01-01,2024-12-31,
241350,MSPB-1,Medicare hospital spending per patient (Medicare Spending per Beneficiary),5.0,2024-01-01,2024-12-31,
241351,MSPB-1,Medicare hospital spending per patient (Medicare Spending per Beneficiary),5.0,2024-01-01,2024-12-31,
241353,MSPB-1,Medicare hospital spending per patient (Medicare Spending per Beneficiary),5.0,2024-01-01,2024-12-31,
241354,MSPB-1,Medicare hospital spending per patient (Medicare Spending per Beneficiary),5.0,2024-01-01,2024-12-31,
241355,MSPB-1,Medicare hospital spending per patient (Medicare Spending per Beneficiary),5.0,2024-01-01,2024-12-31,
241356,MSPB-1,Medicare hospital spending per patient (Medicare Spending per Beneficiary),5.0,2024-01-01,2024-12-31,
241357,MSPB-1,Medicare hospital spending per patient (Medicare Spending per Beneficiary),5.0,2024-01-01,2024-12-31,
241358,MSPB-1,Medicare hospital spending per patient (Medicare Spending per Beneficiary),5.0,2024-01-01,2024-12-31,
241359,MSPB-1,Medicare hospital spending per patient (Medicare Spending per Beneficiary),5.0,2024-01-01,2024-12-31,
241360,MSPB-1,Medicare hospital spending per patient (Medicare Spending per Beneficiary),5.0,2024-01-01,2024-12-31,
241361,MSPB-1,Medicare hospital spending per patient (Medicare Spending per Beneficiary),5.0,2024-01-01,2024-12-31,
241362,MSPB-1,Medicare hospital spending per patient (Medicare Spending per Beneficiary),5.0,2024-01-01,2024-12-31,
241363,MSPB-1,Medicare hospital spending per patient (Medicare Spending per Beneficiary),5.0,2024-01-01,2024-12-31,
241364,MSPB-1,Medicare hospital spending per patient (Medicare Spending per Beneficiary),5.0,2024-01-01,2024-12-31,
241365,MSPB-1,Medicare hospital spending per patient (Medicare Spending per Beneficiary),5.0,2024-01-01,2024-12-31,
241366,MSPB-1,Medicare hospital spending per patient (Medicare Spending per Beneficiary),5.0,2024-01-01,2024-12-31,
241367,MSPB-1,Medicare hospital spending per patient (Medicare Spending per Beneficiary),5.0,2024-01-01,2024-12-31,
241368,MSPB-1,Medicare hospital spending per patient (Medicare Spending per Beneficiary),5.0,2024-01-01,2024-12-31,
241369,MSPB-1,Medicare hospital spending per patient (Medicare Spending per Beneficiary),5.0,2024-01-01,2024-12-31,
241370,MSPB-1,Medicare hospital spending per patient (Medicare Spending per Beneficiary),5.0,2024-01-01,2024-12-31,
241371,MSPB-1,Medicare hospital spending per patient (Medicare Spending per Beneficiary),5.0,2024-01-01,2024-12-31,
241372,MSPB-1,Medicare hospital spending per patient (Medicare Spending per Beneficiary),5.0,2024-01-01,2024-12-31,
241373,MSPB-1,Medicare hospital spending per patient (Medicare Spending per Beneficiary),5.0,2024-01-01,2024-12-31,
241374,MSPB-1,Medicare hospital spending per patient (Medicare Spending per Beneficiary),5.0,2024-01-01,2024-12-31,
241375,MSPB-1,Medicare hospital spending per patient (Medicare Spending per Beneficiary),5.0,2024-01-01,2024-12-31,
241376,MSPB-1,Medicare hospital spending per patient (Medicare Spending per Beneficiary),5.0,2024-01-01,2024-12-31,
241377,MSPB-1,Medicare hospital spending per patient (Medicare Spending per Beneficiary),5.0,2024-01-01,2024-12-31,
241378,MSPB-1,Medicare hospital spending per patient (Medicare Spending per Beneficiary),5.0,2024-01-01,2024-12-31,
241379,MSPB-1,Medicare hospital spending per patient (Medicare Spending per Beneficiary),5.0,2024-01-01,2024-12-31,
241380,MSPB-1,Medicare hospital spending per patient (Medicare Spending per Beneficiary),5.0,2024-01-01,2024-12-31,
241381,MSPB-1,Medicare hospital spending per patient (Medicare Spending per Beneficiary),5.0,2024-01-01,2024-12-31,
243300,MSPB-1,Medicare hospital spending per patient (Medicare Spending per Beneficiary),19.0,2024-01-01,2024-12-31,
243302,MSPB-1,Medicare hospital spending per patient (Medicare Spending per Beneficiary),19.0,2024-01-01,2024-12-31,
250001,MSPB-1,Medicare hospital spending per patient (Medicare Spending per Beneficiary),,2024-01-01,2024-12-31,1.01
250002,MSPB-1,Medicare hospital spending per patient (Medicare Spending per Beneficiary),,2024-01-01,2024-12-31,1.02
250004,MSPB-1,Medicare hospital spending per patient (Medicare Spending per Beneficiary),,2024-01-01,2024-12-31,1.04
250006,MSPB-1,Medicare hospital spending per patient (Medicare Spending per Beneficiary),,2024-01-01,2024-12-31,0.98
250007,MSPB-1,Medicare hospital spending per patient (Medicare Spending per Beneficiary),,2024-01-01,2024-12-31,1.02
250009,MSPB-1,Medicare hospital spending per patient (Medicare Spending per Beneficiary),,2024-01-01,2024-12-31,0.94
250017,MSPB-1,Medicare hospital spending per patient (Medicare Spending per Beneficiary),5.0,2024-01-01,2024-12-31,
250018,MSPB-1,Medicare hospital spending per patient (Medicare Spending per Beneficiary),1.0,2024-01-01,2024-12-31,
250019,MSPB-1,Medicare hospital spending per patient (Medicare Spending per Beneficiary),,2024-01-01,2024-12-31,1.16
250020,MSPB-1,Medicare hospital spending per patient (Medicare Spending per Beneficiary),,2024-01-01,2024-12-31,0.91
250025,MSPB-1,Medicare hospital spending per patient (Medicare Spending per Beneficiary),,2024-01-01,2024-12-31,0.99
250027,MSPB-1,Medicare hospital spending per patient (Medicare Spending per Beneficiary),,2024-01-01,2024-12-31,0.99
250031,MSPB-1,Medicare hospital spending per patient (Medicare Spending per Beneficiary),,2024-01-01,2024-12-31,1.07
250034,MSPB-1,Medicare hospital spending per patient (Medicare Spending per Beneficiary),,2024-01-01,2024-12-31,0.97
250036,MSPB-1,Medicare hospital spending per patient (Medicare Spending per Beneficiary),,2024-01-01,2024-12-31,0.95
250038,MSPB-1,Medicare hospital spending per patient (Medicare Spending per Beneficiary),,2024-01-01,2024-12-31,0.95
250040,MSPB-1,Medicare hospital spending per patient (Medicare Spending per Beneficiary),,2024-01-01,2024-12-31,1.01
250042,MSPB-1,Medicare hospital spending per patient (Medicare Spending per Beneficiary),,2024-01-01,2024-12-31,0.94
250043,MSPB-1,Medicare hospital spending per patient (Medicare Spending per Beneficiary),,2024-01-01,2024-12-31,1.02
250044,MSPB-1,Medicare hospital spending per patient (Medicare Spending per Beneficiary),,2024-01-01,2024-12-31,0.93
250048,MSPB-1,Medicare hospital spending per patient (Medicare Spending per Beneficiary),,2024-01-01,2024-12-31,1.02
250049,MSPB-1,Medicare hospital spending per patient (Medicare Spending per Beneficiary),,2024-01-01,2024-12-31,1.15
250050,MSPB-1,Medicare hospital spending per patient (Medicare Spending per Beneficiary),,2024-01-01,2024-12-31,1.06
250057,MSPB-1,Medicare hospital spending per patient (Medicare Spending per Beneficiary),,2024-01-01,2024-12-31,1.01
250058,MSPB-1,Medicare hospital spending per patient (Medicare Spending per Beneficiary),,2024-01-01,2024-12-31,1.0
250061,MSPB-1,Medicare hospital spending per patient (Medicare Spending per Beneficiary),,2024-01-01,2024-12-31,0.93
250067,MSPB-1,Medicare hospital spending per patient (Medicare Spending per Beneficiary),,2024-01-01,2024-12-31,0.9
250069,MSPB-1,Medicare hospital spending per patient (Medicare Spending per Beneficiary),,2024-01-01,2024-12-31,1.13
250072,MSPB-1,Medicare hospital spending per patient (Medicare Spending per Beneficiary),,2024-01-01,2024-12-31,0.91
250077,MSPB-1,Medicare hospital spending per patient (Medicare Spending per Beneficiary),,2024-01-01,2024-12-31,0.86
250078,MSPB-1,Medicare hospital spending per patient (Medicare Spending per Beneficiary),,2024-01-01,2024-12-31,1.0
250081,MSPB-1,Medicare hospital spending per patient (Medicare Spending per Beneficiary),5.0,2024-01-01,2024-12-31,
250082,MSPB-1,Medicare hospital spending per patient (Medicare Spending per Beneficiary),,2024-01-01,2024-12-31,1.14
250084,MSPB-1,Medicare hospital spending per patient (Medicare Spending per Beneficiary),,2024-01-01,2024-12-31,1.17
250085,MSPB-1,Medicare hospital spending per patient (Medicare Spending per Beneficiary),,2024-01-01,2024-12-31,1.04
250093,MSPB-1,Medicare hospital spending per patient (Medicare Spending per Beneficiary),,2024-01-01,2024-12-31,0.98
250094,MSPB-1,Medicare hospital spending per patient (Medicare Spending per Beneficiary),,2024-01-01,2024-12-31,0.99
250095,MSPB-1,Medicare hospital spending per patient (Medicare Spending per Beneficiary),,2024-01-01,2024-12-31,0.95
250096,MSPB-1,Medicare hospital spending per patient (Medicare Spending per Beneficiary),,2024-01-01,2024-12-31,0.97
250097,MSPB-1,Medicare hospital spending per patient (Medicare Spending per Beneficiary),,2024-01-01,2024-12-31,1.02
250099,MSPB-1,Medicare hospital spending per patient (Medicare Spending per Beneficiary),,2024-01-01,2024-12-31,1.01
250100,MSPB-1,Medicare hospital spending per patient (Medicare Spending per Beneficiary),,2024-01-01,2024-12-31,0.97
250102,MSPB-1,Medicare hospital spending per patient (Medicare Spending per Beneficiary),,2024-01-01,2024-12-31,1.03
250104,MSPB-1,Medicare hospital spending per patient (Medicare Spending per Beneficiary),,2024-01-01,2024-12-31,1.05
250117,MSPB-1,Medicare hospital spending per patient (Medicare Spending per Beneficiary),,2024-01-01,2024-12-31,1.11
250123,MSPB-1,Medicare hospital spending per patient (Medicare Spending per Beneficiary),,2024-01-01,2024-12-31,1.01
250124,MSPB-1,Medicare hospital spending per patient (Medicare Spending per Beneficiary),,2024-01-01,2024-12-31,1.1
250127,MSPB-1,Medicare hospital spending per patient (Medicare Spending per Beneficiary),1.0,2024-01-01,2024-12-31,
250134,MSPB-1,Medicare hospital spending per patient (Medicare Spending per Beneficiary),,2024-01-01,2024-12-31,0.54
250136,MSPB-1,Medicare hospital spending per patient (Medicare Spending per Beneficiary),1.0,2024-01-01,2024-12-31,
250138,MSPB-1,Medicare hospital spending per patient (Medicare Spending per Beneficiary),,2024-01-01,2024-12-31,1.07
250141,MSPB-1,Medicare hospital spending per patient (Medicare Spending per Beneficiary),,2024-01-01,2024-12-31,1.0
250151,MSPB-1,Medicare hospital spending per patient (Medicare Spending per Beneficiary),,2024-01-01,2024-12-31,0.93
250152,MSPB-1,Medicare hospital spending per patient (Medicare Spending per Beneficiary),5.0,2024-01-01,2024-12-31,
250162,MSPB-1,Medicare hospital spending per patient (Medicare Spending per Beneficiary),,2024-01-01,2024-12-31,0.87
250167,MSPB-1,Medicare hospital spending per patient (Medicare Spending per Beneficiary),,2024-01-01,2024-12-31,0.82
250168,MSPB-1,Medicare hospital spending per patient (Medicare Spending per Beneficiary),,2024-01-01,2024-12-31,1.23
250172,MSPB-1,Medicare hospital spending per patient (Medicare Spending per Beneficiary),,2024-01-01,2024-12-31,0.82
250174,MSPB-1,Medicare hospital spending per patient (Medicare Spending per Beneficiary),19.0,2024-01-01,2024-12-31,
250780,MSPB-1,Medicare hospital spending per patient (Medicare Spending per Beneficiary),19.0,2024-01-01,2024-12-31,
250781,MSPB-1,Medicare hospital spending per patient (Medicare Spending per Beneficiary),19.0,2024-01-01,2024-12-31,
250782,MSPB-1,Medicare hospital spending per patient (Medicare Spending per Beneficiary),19.0,2024-01-01,2024-12-31,
250783,MSPB-1,Medicare hospital spending per patient (Medicare Spending per Beneficiary),19.0,2024-01-01,2024-12-31,
250784,MSPB-1,Medicare hospital spending per patient (Medicare Spending per Beneficiary),19.0,2024-01-01,2024-12-31,
250785,MSPB-1,Medicare hospital spending per patient (Medicare Spending per Beneficiary),19.0,2024-01-01,2024-12-31,
250786,MSPB-1,Medicare hospital spending per patient (Medicare Spending per Beneficiary),19.0,2024-01-01,2024-12-31,
251300,MSPB-1,Medicare hospital spending per patient (Medicare Spending per Beneficiary),5.0,2024-01-01,2024-12-31,
251302,MSPB-1,Medicare hospital spending per patient (Medicare Spending per Beneficiary),5.0,2024-01-01,2024-12-31,
251304,MSPB-1,Medicare hospital spending per patient (Medicare Spending per Beneficiary),5.0,2024-01-01,2024-12-31,
251305,MSPB-1,Medicare hospital spending per patient (Medicare Spending per Beneficiary),5.0,2024-01-01,2024-12-31,
251307,MSPB-1,Medicare hospital spending per patient (Medicare Spending per Beneficiary),19.0,2024-01-01,2024-12-31,
251308,MSPB-1,Medicare hospital spending per patient (Medicare Spending per Beneficiary),5.0,2024-01-01,2024-12-31,
251309,MSPB-1,Medicare hospital spending per patient (Medicare Spending per Beneficiary),5.0,2024-01-01,2024-12-31,
251312,MSPB-1,Medicare hospital spending per patient (Medicare Spending per Beneficiary),5.0,2024-01-01,2024-12-31,
251313,MSPB-1,Medicare hospital spending per patient (Medicare Spending per Beneficiary),5.0,2024-01-01,2024-12-31,
251315,MSPB-1,Medicare hospital spending per patient (Medicare Spending per Beneficiary),5.0,2024-01-01,2024-12-31,
251316,MSPB-1,Medicare hospital spending per patient (Medicare Spending per Beneficiary),5.0,2024-01-01,2024-12-31,
251317,MSPB-1,Medicare hospital spending per patient (Medicare Spending per Beneficiary),5.0,2024-01-01,2024-12-31,
251318,MSPB-1,Medicare hospital spending per patient (Medicare Spending per Beneficiary),5.0,2024-01-01,2024-12-31,
251319,MSPB-1,Medicare hospital spending per patient (Medicare Spending per Beneficiary),5.0,2024-01-01,2024-12-31,
251320,MSPB-1,Medicare hospital spending per patient (Medicare Spending per Beneficiary),5.0,2024-01-01,2024-12-31,
251322,MSPB-1,Medicare hospital spending per patient (Medicare Spending per Beneficiary),5.0,2024-01-01,2024-12-31,
251323,MSPB-1,Medicare hospital spending per patient (Medicare Spending per Beneficiary),5.0,2024-01-01,2024-12-31,
251324,MSPB-1,Medicare hospital spending per patient (Medicare Spending per Beneficiary),5.0,2024-01-01,2024-12-31,
251325,MSPB-1,Medicare hospital spending per patient (Medicare Spending per Beneficiary),5.0,2024-01-01,2024-12-31,
251326,MSPB-1,Medicare hospital spending per patient (Medicare Spending per Beneficiary),5.0,2024-01-01,2024-12-31,
251327,MSPB-1,Medicare hospital spending per patient (Medicare Spending per Beneficiary),5.0,2024-01-01,2024-12-31,
251330,MSPB-1,Medicare hospital spending per patient (Medicare Spending per Beneficiary),5.0,2024-01-01,2024-12-31,
251331,MSPB-1,Medicare hospital spending per patient (Medicare Spending per Beneficiary),5.0,2024-01-01,2024-12-31,
251333,MSPB-1,Medicare hospital spending per patient (Medicare Spending per Beneficiary),5.0,2024-01-01,2024-12-31,
251334,MSPB-1,Medicare hospital spending per patient (Medicare Spending per Beneficiary),5.0,2024-01-01,2024-12-31,
251335,MSPB-1,Medicare hospital spending per patient (Medicare Spending per Beneficiary),5.0,2024-01-01,2024-12-31,
251336,MSPB-1,Medicare hospital spending per patient (Medicare Spending per Beneficiary),5.0,2024-01-01,2024-12-31,
251337,MSPB-1,Medicare hospital spending per patient (Medicare Spending per Beneficiary),5.0,2024-01-01,2024-12-31,
251339,MSPB-1,Medicare hospital spending per patient (Medicare Spending per Beneficiary),5.0,2024-01-01,2024-12-31,
260001,MSPB-1,Medicare hospital spending per patient (Medicare Spending per Beneficiary),,2024-01-01,2024-12-31,0.98
260005,MSPB-1,Medicare hospital spending per patient (Medicare Spending per Beneficiary),,2024-01-01,2024-12-31,1.0
260006,MSPB-1,Medicare hospital spending per patient (Medicare Spending per Beneficiary),,2024-01-01,2024-12-31,1.05
260009,MSPB-1,Medicare hospital spending per patient (Medicare Spending per Beneficiary),,2024-01-01,2024-12-31,0.9
260011,MSPB-1,Medicare hospital spending per patient (Medicare Spending per Beneficiary),,2024-01-01,2024-12-31,0.94
260017,MSPB-1,Medicare hospital spending per patient (Medicare Spending per Beneficiary),,2024-01-01,2024-12-31,0.98
260020,MSPB-1,Medicare hospital spending per patient (Medicare Spending per Beneficiary),,2024-01-01,2024-12-31,1.01
260022,MSPB-1,Medicare hospital spending per patient (Medicare Spending per Beneficiary),,2024-01-01,2024-12-31,0.98
260023,MSPB-1,Medicare hospital spending per patient (Medicare Spending per Beneficiary),,2024-01-01,2024-12-31,0.96
260024,MSPB-1,Medicare hospital spending per patient (Medicare Spending per Beneficiary),,2024-01-01,2024-12-31,0.95
260025,MSPB-1,Medicare hospital spending per patient (Medicare Spending per Beneficiary),,2024-01-01,2024-12-31,0.98
260027,MSPB-1,Medicare hospital spending per patient (Medicare Spending per Beneficiary),,2024-01-01,2024-12-31,1.09
260032,MSPB-1,Medicare hospital spending per patient (Medicare Spending per Beneficiary),,2024-01-01,2024-12-31,1.02
260034,MSPB-1,Medicare hospital spending per patient (Medicare Spending per Beneficiary),,2024-01-01,2024-12-31,0.88
260040,MSPB-1,Medicare hospital spending per patient (Medicare Spending per Beneficiary),,2024-01-01,2024-12-31,0.97
260048,MSPB-1,Medicare hospital spending per patient (Medicare Spending per Beneficiary),,2024-01-01,2024-12-31,0.97
260052,MSPB-1,Medicare hospital spending per patient (Medicare Spending per Beneficiary),,2024-01-01,2024-12-31,0.99
260057,MSPB-1,Medicare hospital spending per patient (Medicare Spending per Beneficiary),,2024-01-01,2024-12-31,0.98
260059,MSPB-1,Medicare hospital spending per patient (Medicare Spending per Beneficiary),,2024-01-01,2024-12-31,0.84
260061,MSPB-1,Medicare hospital spending per patient (Medicare Spending per Beneficiary),,2024-01-01,2024-12-31,0.97
260062,MSPB-1,Medicare hospital spending per patient (Medicare Spending per Beneficiary),,2024-01-01,2024-12-31,1.0
260065,MSPB-1,Medicare hospital spending per patient (Medicare Spending per Beneficiary),,2024-01-01,2024-12-31,1.01
260068,MSPB-1,Medicare hospital spending per patient (Medicare Spending per Beneficiary),,2024-01-01,2024-12-31,1.0
260070,MSPB-1,Medicare hospital spending per patient (Medicare Spending per Beneficiary),,2024-01-01,2024-12-31,0.99
260074,MSPB-1,Medicare hospital spending per patient (Medicare Spending per Beneficiary),,2024-01-01,2024-12-31,0.94
260077,MSPB-1,Medicare hospital spending per patient (Medicare Spending per Beneficiary),,2024-01-01,2024-12-31,1.02
260078,MSPB-1,Medicare hospital spending per patient (Medicare Spending per Beneficiary),,2024-01-01,2024-12-31,0.94
260081,MSPB-1,Medicare hospital spending per patient (Medicare Spending per Beneficiary),,2024-01-01,2024-12-31,0.99
260085,MSPB-1,Medicare hospital spending per patient (Medicare Spending per Beneficiary),,2024-01-01,2024-12-31,0.97
260091,MSPB-1,Medicare hospital spending per patient (Medicare Spending per Beneficiary),,2024-01-01,2024-12-31,1.06
260094,MSPB-1,Medicare hospital spending per patient (Medicare Spending per Beneficiary),,2024-01-01,2024-12-31,0.91
260095,MSPB-1,Medicare hospital spending per patient (Medicare Spending per Beneficiary),,2024-01-01,2024-12-31,1.05
260096,MSPB-1,Medicare hospital spending per patient (Medicare Spending per Beneficiary),,2024-01-01,2024-12-31,1.03
260097,MSPB-1,Medicare hospital spending per patient (Medicare Spending per Beneficiary),,2024-01-01,2024-12-31,0.97
260102,MSPB-1,Medicare hospital spending per patient (Medicare Spending per Beneficiary),,2024-01-01,2024-12-31,0.88
260104,MSPB-1,Medicare hospital spending per patient (Medicare Spending per Beneficiary),,2024-01-01,2024-12-31,1.08
260105,MSPB-1,Medicare hospital spending per patient (Medicare Spending per Beneficiary),,2024-01-01,2024-12-31,1.06
260108,MSPB-1,Medicare hospital spending per patient (Medicare Spending per Beneficiary),,2024-01-01,2024-12-31,0.97
260110,MSPB-1,Medicare hospital spending per patient (Medicare Spending per Beneficiary),,2024-01-01,2024-12-31,1.01
260113,MSPB-1,Medicare hospital spending per patient (Medicare Spending per Beneficiary),,2024-01-01,2024-12-31,1.0
260119,MSPB-1,Medicare hospital spending per patient (Medicare Spending per Beneficiary),,2024-01-01,2024-12-31,1.0
260137,MSPB-1,Medicare hospital spending per patient (Medicare Spending per Beneficiary),,2024-01-01,2024-12-31,0.98
260138,MSPB-1,Medicare hospital spending per patient (Medicare Spending per Beneficiary),,2024-01-01,2024-12-31,1.05
260141,MSPB-1,Medicare hospital spending per patient (Medicare Spending per Beneficiary),,2024-01-01,2024-12-31,1.01
260142,MSPB-1,Medicare hospital spending per patient (Medicare Spending per Beneficiary),,2024-01-01,2024-12-31,0.83
260160,MSPB-1,Medicare hospital spending per patient (Medicare Spending per Beneficiary),,2024-01-01,2024-12-31,0.94
260162,MSPB-1,Medicare hospital spending per patient (Medicare Spending per Beneficiary),,2024-01-01,2024-12-31,0.96
260163,MSPB-1,Medicare hospital spending per patient (Medicare Spending per Beneficiary),,2024-01-01,2024-12-31,0.96
260175,MSPB-1,Medicare hospital spending per patient (Medicare Spending per Beneficiary),,2024-01-01,2024-12-31,0.9
260176,MSPB-1,Medicare hospital spending per patient (Medicare Spending per Beneficiary),,2024-01-01,2024-12-31,0.9
260177,MSPB-1,Medicare hospital spending per patient (Medicare Spending per Beneficiary),,2024-01-01,2024-12-31,1.05
260179,MSPB-1,Medicare hospital spending per patient (Medicare Spending per Beneficiary),,2024-01-01,2024-12-31,1.01
260180,MSPB-1,Medicare hospital spending per patient (Medicare Spending per Beneficiary),,2024-01-01,2024-12-31,0.98
260183,MSPB-1,Medicare hospital spending per patient (Medicare Spending per Beneficiary),,2024-01-01,2024-12-31,1.01
260186,MSPB-1,Medicare hospital spending per patient (Medicare Spending per Beneficiary),,2024-01-01,2024-12-31,0.98
260190,MSPB-1,Medicare hospital spending per patient (Medicare Spending per Beneficiary),,2024-01-01,2024-12-31,0.96
260191,MSPB-1,Medicare hospital spending per patient (Medicare Spending per Beneficiary),,2024-01-01,2024-12-31,1.02
260193,MSPB-1,Medicare hospital spending per patient (Medicare Spending per Beneficiary),,2024-01-01,2024-12-31,0.96
260195,MSPB-1,Medicare hospital spending per patient (Medicare Spending per Beneficiary),,2024-01-01,2024-12-31,0.91
260200,MSPB-1,Medicare hospital spending per patient (Medicare Spending per Beneficiary),,2024-01-01,2024-12-31,1.02
260214,MSPB-1,Medicare hospital spending per patient (Medicare Spending per Beneficiary),,2024-01-01,2024-12-31,0.99
260216,MSPB-1,Medicare hospital spending per patient (Medicare Spending per Beneficiary),,2024-01-01,2024-12-31,1.03
260219,MSPB-1,Medicare hospital spending per patient (Medicare Spending per Beneficiary),,2024-01-01,2024-12-31,0.95
260779,MSPB-1,Medicare hospital spending per patient (Medicare Spending per Beneficiary),19.0,2024-01-01,2024-12-31,
261301,MSPB-1,Medicare hospital spending per patient (Medicare Spending per Beneficiary),5.0,2024-01-01,2024-12-31,
261302,MSPB-1,Medicare hospital spending per patient (Medicare Spending per Beneficiary),5.0,2024-01-01,2024-12-31,
261303,MSPB-1,Medicare hospital spending per patient (Medicare Spending per Beneficiary),5.0,2024-01-01,2024-12-31,
261305,MSPB-1,Medicare hospital spending per patient (Medicare Spending per Beneficiary),5.0,2024-01-01,2024-12-31,
261306,MSPB-1,Medicare hospital spending per patient (Medicare Spending per Beneficiary),5.0,2024-01-01,2024-12-31,
261307,MSPB-1,Medicare hospital spending per patient (Medicare Spending per Beneficiary),5.0,2024-01-01,2024-12-31,
261308,MSPB-1,Medicare hospital spending per patient (Medicare Spending per Beneficiary),5.0,2024-01-01,2024-12-31,
261309,MSPB-1,Medicare hospital spending per patient (Medicare Spending per Beneficiary),5.0,2024-01-01,2024-12-31,
261310,MSPB-1,Medicare hospital spending per patient (Medicare Spending per Beneficiary),5.0,2024-01-01,2024-12-31,
261311,MSPB-1,Medicare hospital spending per patient (Medicare Spending per Beneficiary),5.0,2024-01-01,2024-12-31,
261312,MSPB-1,Medicare hospital spending per patient (Medicare Spending per Beneficiary),5.0,2024-01-01,2024-12-31,
261313,MSPB-1,Medicare hospital spending per patient (Medicare Spending per Beneficiary),5.0,2024-01-01,2024-12-31,
261314,MSPB-1,Medicare hospital spending per patient (Medicare Spending per Beneficiary),5.0,2024-01-01,2024-12-31,
261316,MSPB-1,Medicare hospital spending per patient (Medicare Spending per Beneficiary),5.0,2024-01-01,2024-12-31,
261317,MSPB-1,Medicare hospital spending per patient (Medicare Spending per Beneficiary),5.0,2024-01-01,2024-12-31,
261318,MSPB-1,Medicare hospital spending per patient (Medicare Spending per Beneficiary),5.0,2024-01-01,2024-12-31,
261319,MSPB-1,Medicare hospital spending per patient (Medicare Spending per Beneficiary),5.0,2024-01-01,2024-12-31,
261320,MSPB-1,Medicare hospital spending per patient (Medicare Spending per Beneficiary),5.0,2024-01-01,2024-12-31,
261321,MSPB-1,Medicare hospital spending per patient (Medicare Spending per Beneficiary),5.0,2024-01-01,2024-12-31,
261322,MSPB-1,Medicare hospital spending per patient (Medicare Spending per Beneficiary),5.0,2024-01-01,2024-12-31,
261323,MSPB-1,Medicare hospital spending per patient (Medicare Spending per Beneficiary),5.0,2024-01-01,2024-12-31,
261324,MSPB-1,Medicare hospital spending per patient (Medicare Spending per Beneficiary),5.0,2024-01-01,2024-12-31,
261325,MSPB-1,Medicare hospital spending per patient (Medicare Spending per Beneficiary),5.0,2024-01-01,2024-12-31,
261327,MSPB-1,Medicare hospital spending per patient (Medicare Spending per Beneficiary),5.0,2024-01-01,2024-12-31,
261328,MSPB-1,Medicare hospital spending per patient (Medicare Spending per Beneficiary),5.0,2024-01-01,2024-12-31,
261329,MSPB-1,Medicare hospital spending per patient (Medicare Spending per Beneficiary),5.0,2024-01-01,2024-12-31,
261330,MSPB-1,Medicare hospital spending per patient (Medicare Spending per Beneficiary),5.0,2024-01-01,2024-12-31,
261331,MSPB-1,Medicare hospital spending per patient (Medicare Spending per Beneficiary),5.0,2024-01-01,2024-12-31,
261332,MSPB-1,Medicare hospital spending per patient (Medicare Spending per Beneficiary),5.0,2024-01-01,2024-12-31,
261333,MSPB-1,Medicare hospital spending per patient (Medicare Spending per Beneficiary),5.0,2024-01-01,2024-12-31,
261335,MSPB-1,Medicare hospital spending per patient (Medicare Spending per Beneficiary),5.0,2024-01-01,2024-12-31,
261336,MSPB-1,Medicare hospital spending per patient (Medicare Spending per Beneficiary),5.0,2024-01-01,2024-12-31,
261337,MSPB-1,Medicare hospital spending per patient (Medicare Spending per Beneficiary),5.0,2024-01-01,2024-12-31,
261338,MSPB-1,Medicare hospital spending per patient (Medicare Spending per Beneficiary),5.0,2024-01-01,2024-12-31,
261340,MSPB-1,Medicare hospital spending per patient (Medicare Spending per Beneficiary),5.0,2024-01-01,2024-12-31,
263301,MSPB-1,Medicare hospital spending per patient (Medicare Spending per Beneficiary),19.0,2024-01-01,2024-12-31,
263302,MSPB-1,Medicare hospital spending per patient (Medicare Spending per Beneficiary),19.0,2024-01-01,2024-12-31,
263303,MSPB-1,Medicare hospital spending per patient (Medicare Spending per Beneficiary),19.0,2024-01-01,2024-12-31,
263304,MSPB-1,Medicare hospital spending per patient (Medicare Spending per Beneficiary),19.0,2024-01-01,2024-12-31,
270003,MSPB-1,Medicare hospital spending per patient (Medicare Spending per Beneficiary),,2024-01-01,2024-12-31,0.89
270004,MSPB-1,Medicare hospital spending per patient (Medicare Spending per Beneficiary),,2024-01-01,2024-12-31,1.03
270012,MSPB-1,Medicare hospital spending per patient (Medicare Spending per Beneficiary),,2024-01-01,2024-12-31,0.94
270014,MSPB-1,Medicare hospital spending per patient (Medicare Spending per Beneficiary),,2024-01-01,2024-12-31,0.92
270017,MSPB-1,Medicare hospital spending per patient (Medicare Spending per Beneficiary),,2024-01-01,2024-12-31,0.9
270023,MSPB-1,Medicare hospital spending per patient (Medicare Spending per Beneficiary),,2024-01-01,2024-12-31,0.97
270049,MSPB-1,Medicare hospital spending per patient (Medicare Spending per Beneficiary),,2024-01-01,2024-12-31,1.01
270051,MSPB-1,Medicare hospital spending per patient (Medicare Spending per Beneficiary),,2024-01-01,2024-12-31,0.95
270057,MSPB-1,Medicare hospital spending per patient (Medicare Spending per Beneficiary),,2024-01-01,2024-12-31,0.9
270074,MSPB-1,Medicare hospital spending per patient (Medicare Spending per Beneficiary),,2024-01-01,2024-12-31,0.64
270086,MSPB-1,Medicare hospital spending per patient (Medicare Spending per Beneficiary),,2024-01-01,2024-12-31,0.88
271300,MSPB-1,Medicare hospital spending per patient (Medicare Spending per Beneficiary),5.0,2024-01-01,2024-12-31,
271301,MSPB-1,Medicare hospital spending per patient (Medicare Spending per Beneficiary),5.0,2024-01-01,2024-12-31,
271302,MSPB-1,Medicare hospital spending per patient (Medicare Spending per Beneficiary),5.0,2024-01-01,2024-12-31,
271303,MSPB-1,Medicare hospital spending per patient (Medicare Spending per Beneficiary),5.0,2024-01-01,2024-12-31,
271304,MSPB-1,Medicare hospital spending per patient (Medicare Spending per Beneficiary),5.0,2024-01-01,2024-12-31,
271305,MSPB-1,Medicare hospital spending per patient (Medicare Spending per Beneficiary),5.0,2024-01-01,2024-12-31,
271306,MSPB-1,Medicare hospital spending per patient (Medicare Spending per Beneficiary),5.0,2024-01-01,2024-12-31,
271307,MSPB-1,Medicare hospital spending per patient (Medicare Spending per Beneficiary),5.0,2024-01-01,2024-12-31,
271308,MSPB-1,Medicare hospital spending per patient (Medicare Spending per Beneficiary),5.0,2024-01-01,2024-12-31,
271309,MSPB-1,Medicare hospital spending per patient (Medicare Spending per Beneficiary),5.0,2024-01-01,2024-12-31,
271310,MSPB-1,Medicare hospital spending per patient (Medicare Spending per Beneficiary),5.0,2024-01-01,2024-12-31,
271311,MSPB-1,Medicare hospital spending per patient (Medicare Spending per Beneficiary),5.0,2024-01-01,2024-12-31,
271312,MSPB-1,Medicare hospital spending per patient (Medicare Spending per Beneficiary),5.0,2024-01-01,2024-12-31,
271313,MSPB-1,Medicare hospital spending per patient (Medicare Spending per Beneficiary),5.0,2024-01-01,2024-12-31,
271314,MSPB-1,Medicare hospital spending per patient (Medicare Spending per Beneficiary),5.0,2024-01-01,2024-12-31,
271315,MSPB-1,Medicare hospital spending per patient (Medicare Spending per Beneficiary),19.0,2024-01-01,2024-12-31,
271316,MSPB-1,Medicare hospital spending per patient (Medicare Spending per Beneficiary),5.0,2024-01-01,2024-12-31,
271317,MSPB-1,Medicare hospital spending per patient (Medicare Spending per Beneficiary),5.0,2024-01-01,2024-12-31,
271318,MSPB-1,Medicare hospital spending per patient (Medicare Spending per Beneficiary),5.0,2024-01-01,2024-12-31,
271319,MSPB-1,Medicare hospital spending per patient (Medicare Spending per Beneficiary),5.0,2024-01-01,2024-12-31,
271320,MSPB-1,Medicare hospital spending per patient (Medicare Spending per Beneficiary),5.0,2024-01-01,2024-12-31,
271321,MSPB-1,Medicare hospital spending per patient (Medicare Spending per Beneficiary),5.0,2024-01-01,2024-12-31,
271322,MSPB-1,Medicare hospital spending per patient (Medicare Spending per Beneficiary),5.0,2024-01-01,2024-12-31,
271323,MSPB-1,Medicare hospital spending per patient (Medicare Spending per Beneficiary),5.0,2024-01-01,2024-12-31,
271324,MSPB-1,Medicare hospital spending per patient (Medicare Spending per Beneficiary),5.0,2024-01-01,2024-12-31,
271325,MSPB-1,Medicare hospital spending per patient (Medicare Spending per Beneficiary),5.0,2024-01-01,2024-12-31,
271326,MSPB-1,Medicare hospital spending per patient (Medicare Spending per Beneficiary),5.0,2024-01-01,2024-12-31,
271327,MSPB-1,Medicare hospital spending per patient (Medicare Spending per Beneficiary),5.0,2024-01-01,2024-12-31,
271328,MSPB-1,Medicare hospital spending per patient (Medicare Spending per Beneficiary),5.0,2024-01-01,2024-12-31,
271329,MSPB-1,Medicare hospital spending per patient (Medicare Spending per Beneficiary),5.0,2024-01-01,2024-12-31,
271330,MSPB-1,Medicare hospital spending per patient (Medicare Spending per Beneficiary),5.0,2024-01-01,2024-12-31,
271331,MSPB-1,Medicare hospital spending per patient (Medicare Spending per Beneficiary),5.0,2024-01-01,2024-12-31,
271332,MSPB-1,Medicare hospital spending per patient (Medicare Spending per Beneficiary),5.0,2024-01-01,2024-12-31,
271333,MSPB-1,Medicare hospital spending per patient (Medicare Spending per Beneficiary),5.0,2024-01-01,2024-12-31,
271334,MSPB-1,Medicare hospital spending per patient (Medicare Spending per Beneficiary),5.0,2024-01-01,2024-12-31,
271335,MSPB-1,Medicare hospital spending per patient (Medicare Spending per Beneficiary),5.0,2024-01-01,2024-12-31,
271336,MSPB-1,Medicare hospital spending per patient (Medicare Spending per Beneficiary),5.0,2024-01-01,2024-12-31,
271337,MSPB-1,Medicare hospital spending per patient (Medicare Spending per Beneficiary),5.0,2024-01-01,2024-12-31,
271338,MSPB-1,Medicare hospital spending per patient (Medicare Spending per Beneficiary),5.0,2024-01-01,2024-12-31,
271339,MSPB-1,Medicare hospital spending per patient (Medicare Spending per Beneficiary),5.0,2024-01-01,2024-12-31,
271340,MSPB-1,Medicare hospital spending per patient (Medicare Spending per Beneficiary),5.0,2024-01-01,2024-12-31,
271341,MSPB-1,Medicare hospital spending per patient (Medicare Spending per Beneficiary),5.0,2024-01-01,2024-12-31,
271342,MSPB-1,Medicare hospital spending per patient (Medicare Spending per Beneficiary),5.0,2024-01-01,2024-12-31,
271343,MSPB-1,Medicare hospital spending per patient (Medicare Spending per Beneficiary),5.0,2024-01-01,2024-12-31,
271344,MSPB-1,Medicare hospital spending per patient (Medicare Spending per Beneficiary),5.0,2024-01-01,2024-12-31,
271345,MSPB-1,Medicare hospital spending per patient (Medicare Spending per Beneficiary),5.0,2024-01-01,2024-12-31,
271346,MSPB-1,Medicare hospital spending per patient (Medicare Spending per Beneficiary),5.0,2024-01-01,2024-12-31,
271347,MSPB-1,Medicare hospital spending per patient (Medicare Spending per Beneficiary),5.0,2024-01-01,2024-12-31,
271348,MSPB-1,Medicare hospital spending per patient (Medicare Spending per Beneficiary),5.0,2024-01-01,2024-12-31,
271389,MSPB-1,Medicare hospital spending per patient (Medicare Spending per Beneficiary),5.0,2024-01-01,2024-12-31,
280003,MSPB-1,Medicare hospital spending per patient (Medicare Spending per Beneficiary),,2024-01-01,2024-12-31,1.01
280009,MSPB-1,Medicare hospital spending per patient (Medicare Spending per Beneficiary),,2024-01-01,2024-12-31,1.03
280013,MSPB-1,Medicare hospital spending per patient (Medicare Spending per Beneficiary),,2024-01-01,2024-12-31,1.01
280020,MSPB-1,Medicare hospital spending per patient (Medicare Spending per Beneficiary),,2024-01-01,2024-12-31,1.03
280023,MSPB-1,Medicare hospital spending per patient (Medicare Spending per Beneficiary),,2024-01-01,2024-12-31,1.03
280032,MSPB-1,Medicare hospital spending per patient (Medicare Spending per Beneficiary),,2024-01-01,2024-12-31,0.91
280040,MSPB-1,Medicare hospital spending per patient (Medicare Spending per Beneficiary),,2024-01-01,2024-12-31,0.98
280059,MSPB-1,Medicare hospital spending per patient (Medicare Spending per Beneficiary),1.0,2024-01-01,2024-12-31,
280060,MSPB-1,Medicare hospital spending per patient (Medicare Spending per Beneficiary),,2024-01-01,2024-12-31,1.02
280061,MSPB-1,Medicare hospital spending per patient (Medicare Spending per Beneficiary),,2024-01-01,2024-12-31,1.03
280065,MSPB-1,Medicare hospital spending per patient (Medicare Spending per Beneficiary),,2024-01-01,2024-12-31,0.97
280077,MSPB-1,Medicare hospital spending per patient (Medicare Spending per Beneficiary),,2024-01-01,2024-12-31,0.95
280081,MSPB-1,Medicare hospital spending per patient (Medicare Spending per Beneficiary),,2024-01-01,2024-12-31,1.03
280105,MSPB-1,Medicare hospital spending per patient (Medicare Spending per Beneficiary),,2024-01-01,2024-12-31,0.83
280111,MSPB-1,Medicare hospital spending per patient (Medicare Spending per Beneficiary),,2024-01-01,2024-12-31,1.0
280125,MSPB-1,Medicare hospital spending per patient (Medicare Spending per Beneficiary),,2024-01-01,2024-12-31,0.98
280127,MSPB-1,Medicare hospital spending per patient (Medicare Spending per Beneficiary),,2024-01-01,2024-12-31,1.02
280128,MSPB-1,Medicare hospital spending per patient (Medicare Spending per Beneficiary),,2024-01-01,2024-12-31,1.0
280129,MSPB-1,Medicare hospital spending per patient (Medicare Spending per Beneficiary),,2024-01-01,2024-12-31,0.93
280130,MSPB-1,Medicare hospital spending per patient (Medicare Spending per Beneficiary),,2024-01-01,2024-12-31,0.96
280131,MSPB-1,Medicare hospital spending per patient (Medicare Spending per Beneficiary),,2024-01-01,2024-12-31,0.86
280132,MSPB-1,Medicare hospital spending per patient (Medicare Spending per Beneficiary),,2024-01-01,2024-12-31,0.92
280133,MSPB-1,Medicare hospital spending per patient (Medicare Spending per Beneficiary),,2024-01-01,2024-12-31,0.9
280134,MSPB-1,Medicare hospital spending per patient (Medicare Spending per Beneficiary),,2024-01-01,2024-12-31,1.03
280139,MSPB-1,Medicare hospital spending per patient (Medicare Spending per Beneficiary),,2024-01-01,2024-12-31,0.93
280779,MSPB-1,Medicare hospital spending per patient (Medicare Spending per Beneficiary),19.0,2024-01-01,2024-12-31,
281300,MSPB-1,Medicare hospital spending per patient (Medicare Spending per Beneficiary),5.0,2024-01-01,2024-12-31,
281301,MSPB-1,Medicare hospital spending per patient (Medicare Spending per Beneficiary),5.0,2024-01-01,2024-12-31,
281302,MSPB-1,Medicare hospital spending per patient (Medicare Spending per Beneficiary),5.0,2024-01-01,2024-12-31,
281303,MSPB-1,Medicare hospital spending per patient (Medicare Spending per Beneficiary),5.0,2024-01-01,2024-12-31,
281304,MSPB-1,Medicare hospital spending per patient (Medicare Spending per Beneficiary),5.0,2024-01-01,2024-12-31,
281305,MSPB-1,Medicare hospital spending per patient (Medicare Spending per Beneficiary),5.0,2024-01-01,2024-12-31,
281306,MSPB-1,Medicare hospital spending per patient (Medicare Spending per Beneficiary),5.0,2024-01-01,2024-12-31,
281307,MSPB-1,Medicare hospital spending per patient (Medicare Spending per Beneficiary),5.0,2024-01-01,2024-12-31,
281308,MSPB-1,Medicare hospital spending per patient (Medicare Spending per Beneficiary),5.0,2024-01-01,2024-12-31,
281309,MSPB-1,Medicare hospital spending per patient (Medicare Spending per Beneficiary),5.0,2024-01-01,2024-12-31,
281310,MSPB-1,Medicare hospital spending per patient (Medicare Spending per Beneficiary),5.0,2024-01-01,2024-12-31,
281311,MSPB-1,Medicare hospital spending per patient (Medicare Spending per Beneficiary),5.0,2024-01-01,2024-12-31,
281312,MSPB-1,Medicare hospital spending per patient (Medicare Spending per Beneficiary),5.0,2024-01-01,2024-12-31,
281313,MSPB-1,Medicare hospital spending per patient (Medicare Spending per Beneficiary),5.0,2024-01-01,2024-12-31,
281314,MSPB-1,Medicare hospital spending per patient (Medicare Spending per Beneficiary),5.0,2024-01-01,2024-12-31,
281315,MSPB-1,Medicare hospital spending per patient (Medicare Spending per Beneficiary),5.0,2024-01-01,2024-12-31,
281316,MSPB-1,Medicare hospital spending per patient (Medicare Spending per Beneficiary),5.0,2024-01-01,2024-12-31,
281318,MSPB-1,Medicare hospital spending per patient (Medicare Spending per Beneficiary),5.0,2024-01-01,2024-12-31,
281319,MSPB-1,Medicare hospital spending per patient (Medicare Spending per Beneficiary),5.0,2024-01-01,2024-12-31,
281320,MSPB-1,Medicare hospital spending per patient (Medicare Spending per Beneficiary),5.0,2024-01-01,2024-12-31,
281322,MSPB-1,Medicare hospital spending per patient (Medicare Spending per Beneficiary),5.0,2024-01-01,2024-12-31,
281323,MSPB-1,Medicare hospital spending per patient (Medicare Spending per Beneficiary),5.0,2024-01-01,2024-12-31,
281324,MSPB-1,Medicare hospital spending per patient (Medicare Spending per Beneficiary),5.0,2024-01-01,2024-12-31,
281325,MSPB-1,Medicare hospital spending per patient (Medicare Spending per Beneficiary),5.0,2024-01-01,2024-12-31,
281326,MSPB-1,Medicare hospital spending per patient (Medicare Spending per Beneficiary),5.0,2024-01-01,2024-12-31,
281327,MSPB-1,Medicare hospital spending per patient (Medicare Spending per Beneficiary),5.0,2024-01-01,2024-12-31,
281328,MSPB-1,Medicare hospital spending per patient (Medicare Spending per Beneficiary),5.0,2024-01-01,2024-12-31,
281329,MSPB-1,Medicare hospital spending per patient (Medicare Spending per Beneficiary),5.0,2024-01-01,2024-12-31,
281331,MSPB-1,Medicare hospital spending per patient (Medicare Spending per Beneficiary),5.0,2024-01-01,2024-12-31,
281332,MSPB-1,Medicare hospital spending per patient (Medicare Spending per Beneficiary),5.0,2024-01-01,2024-12-31,
281333,MSPB-1,Medicare hospital spending per patient (Medicare Spending per Beneficiary),5.0,2024-01-01,2024-12-31,
281334,MSPB-1,Medicare hospital spending per patient (Medicare Spending per Beneficiary),5.0,2024-01-01,2024-12-31,
281335,MSPB-1,Medicare hospital spending per patient (Medicare Spending per Beneficiary),5.0,2024-01-01,2024-12-31,
281336,MSPB-1,Medicare hospital spending per patient (Medicare Spending per Beneficiary),5.0,2024-01-01,2024-12-31,
281338,MSPB-1,Medicare hospital spending per patient (Medicare Spending per Beneficiary),5.0,2024-01-01,2024-12-31,
281339,MSPB-1,Medicare hospital spending per patient (Medicare Spending per Beneficiary),5.0,2024-01-01,2024-12-31,
281340,MSPB-1,Medicare hospital spending per patient (Medicare Spending per Beneficiary),5.0,2024-01-01,2024-12-31,
281341,MSPB-1,Medicare hospital spending per patient (Medicare Spending per Beneficiary),5.0,2024-01-01,2024-12-31,
281342,MSPB-1,Medicare hospital spending per patient (Medicare Spending per Beneficiary),5.0,2024-01-01,2024-12-31,
281343,MSPB-1,Medicare hospital spending per patient (Medicare Spending per Beneficiary),5.0,2024-01-01,2024-12-31,
281344,MSPB-1,Medicare hospital spending per patient (Medicare Spending per Beneficiary),5.0,2024-01-01,2024-12-31,
281345,MSPB-1,Medicare hospital spending per patient (Medicare Spending per Beneficiary),5.0,2024-01-01,2024-12-31,
281346,MSPB-1,Medicare hospital spending per patient (Medicare Spending per Beneficiary),5.0,2024-01-01,2024-12-31,
281347,MSPB-1,Medicare hospital spending per patient (Medicare Spending per Beneficiary),5.0,2024-01-01,2024-12-31,
281348,MSPB-1,Medicare hospital spending per patient (Medicare Spending per Beneficiary),5.0,2024-01-01,2024-12-31,
281349,MSPB-1,Medicare hospital spending per patient (Medicare Spending per Beneficiary),5.0,2024-01-01,2024-12-31,
281350,MSPB-1,Medicare hospital spending per patient (Medicare Spending per Beneficiary),5.0,2024-01-01,2024-12-31,
281351,MSPB-1,Medicare hospital spending per patient (Medicare Spending per Beneficiary),5.0,2024-01-01,2024-12-31,
281352,MSPB-1,Medicare hospital spending per patient (Medicare Spending per Beneficiary),5.0,2024-01-01,2024-12-31,
281353,MSPB-1,Medicare hospital spending per patient (Medicare Spending per Beneficiary),5.0,2024-01-01,2024-12-31,
281354,MSPB-1,Medicare hospital spending per patient (Medicare Spending per Beneficiary),5.0,2024-01-01,2024-12-31,
281355,MSPB-1,Medicare hospital spending per patient (Medicare Spending per Beneficiary),5.0,2024-01-01,2024-12-31,
281356,MSPB-1,Medicare hospital spending per patient (Medicare Spending per Beneficiary),5.0,2024-01-01,2024-12-31,
281357,MSPB-1,Medicare hospital spending per patient (Medicare Spending per Beneficiary),5.0,2024-01-01,2024-12-31,
281358,MSPB-1,Medicare hospital spending per patient (Medicare Spending per Beneficiary),5.0,2024-01-01,2024-12-31,
281359,MSPB-1,Medicare hospital spending per patient (Medicare Spending per Beneficiary),5.0,2024-01-01,2024-12-31,
281360,MSPB-1,Medicare hospital spending per patient (Medicare Spending per Beneficiary),5.0,2024-01-01,2024-12-31,
281361,MSPB-1,Medicare hospital spending per patient (Medicare Spending per Beneficiary),5.0,2024-01-01,2024-12-31,
281362,MSPB-1,Medicare hospital spending per patient (Medicare Spending per Beneficiary),5.0,2024-01-01,2024-12-31,
281363,MSPB-1,Medicare hospital spending per patient (Medicare Spending per Beneficiary),5.0,2024-01-01,2024-12-31,
281364,MSPB-1,Medicare hospital spending per patient (Medicare Spending per Beneficiary),5.0,2024-01-01,2024-12-31,
281365,MSPB-1,Medicare hospital spending per patient (Medicare Spending per Beneficiary),5.0,2024-01-01,2024-12-31,
283300,MSPB-1,Medicare hospital spending per patient (Medicare Spending per Beneficiary),19.0,2024-01-01,2024-12-31,
283301,MSPB-1,Medicare hospital spending per patient (Medicare Spending per Beneficiary),19.0,2024-01-01,2024-12-31,
290001,MSPB-1,Medicare hospital spending per patient (Medicare Spending per Beneficiary),,2024-01-01,2024-12-31,1.03
290003,MSPB-1,Medicare hospital spending per patient (Medicare Spending per Beneficiary),,2024-01-01,2024-12-31,1.18
290005,MSPB-1,Medicare hospital spending per patient (Medicare Spending per Beneficiary),,2024-01-01,2024-12-31,1.14
290007,MSPB-1,Medicare hospital spending per patient (Medicare Spending per Beneficiary),,2024-01-01,2024-12-31,1.08
290008,MSPB-1,Medicare hospital spending per patient (Medicare Spending per Beneficiary),,2024-01-01,2024-12-31,0.87
290009,MSPB-1,Medicare hospital spending per patient (Medicare Spending per Beneficiary),,2024-01-01,2024-12-31,0.89
290012,MSPB-1,Medicare hospital spending per patient (Medicare Spending per Beneficiary),,2024-01-01,2024-12-31,1.33
290019,MSPB-1,Medicare hospital spending per patient (Medicare Spending per Beneficiary),,2024-01-01,2024-12-31,0.95
290021,MSPB-1,Medicare hospital spending per patient (Medicare Spending per Beneficiary),,2024-01-01,2024-12-31,1.13
290032,MSPB-1,Medicare hospital spending per patient (Medicare Spending per Beneficiary),,2024-01-01,2024-12-31,0.93
290039,MSPB-1,Medicare hospital spending per patient (Medicare Spending per Beneficiary),,2024-01-01,2024-12-31,1.08
290041,MSPB-1,Medicare hospital spending per patient (Medicare Spending per Beneficiary),,2024-01-01,2024-12-31,1.1
290042,MSPB-1,Medicare hospital spending per patient (Medicare Spending per Beneficiary),19.0,2024-01-01,2024-12-31,
290045,MSPB-1,Medicare hospital spending per patient (Medicare Spending per Beneficiary),,2024-01-01,2024-12-31,1.17
290046,MSPB-1,Medicare hospital spending per patient (Medicare Spending per Beneficiary),,2024-01-01,2024-12-31,1.07
290047,MSPB-1,Medicare hospital spending per patient (Medicare Spending per Beneficiary),,2024-01-01,2024-12-31,1.09
290049,MSPB-1,Medicare hospital spending per patient (Medicare Spending per Beneficiary),,2024-01-01,2024-12-31,0.95
290053,MSPB-1,Medicare hospital spending per patient (Medicare Spending per Beneficiary),,2024-01-01,2024-12-31,1.12
290054,MSPB-1,Medicare hospital spending per patient (Medicare Spending per Beneficiary),,2024-01-01,2024-12-31,1.08
290057,MSPB-1,Medicare hospital spending per patient (Medicare Spending per Beneficiary),,2024-01-01,2024-12-31,1.05
290058,MSPB-1,Medicare hospital spending per patient (Medicare Spending per Beneficiary),,2024-01-01,2024-12-31,0.84
290062,MSPB-1,Medicare hospital spending per patient (Medicare Spending per Beneficiary),5.0,2024-01-01,2024-12-31,
291300,MSPB-1,Medicare hospital spending per patient (Medicare Spending per Beneficiary),5.0,2024-01-01,2024-12-31,
291301,MSPB-1,Medicare hospital spending per patient (Medicare Spending per Beneficiary),5.0,2024-01-01,2024-12-31,
291302,MSPB-1,Medicare hospital spending per patient (Medicare Spending per Beneficiary),5.0,2024-01-01,2024-12-31,
291303,MSPB-1,Medicare hospital spending per patient (Medicare Spending per Beneficiary),5.0,2024-01-01,2024-12-31,
291304,MSPB-1,Medicare hospital spending per patient (Medicare Spending per Beneficiary),5.0,2024-01-01,2024-12-31,
291306,MSPB-1,Medicare hospital spending per patient (Medicare Spending per Beneficiary),5.0,2024-01-01,2024-12-31,
291307,MSPB-1,Medicare hospital spending per patient (Medicare Spending per Beneficiary),5.0,2024-01-01,2024-12-31,
291308,MSPB-1,Medicare hospital spending per patient (Medicare Spending per Beneficiary),5.0,2024-01-01,2024-12-31,
291309,MSPB-1,Medicare hospital spending per patient (Medicare Spending per Beneficiary),5.0,2024-01-01,2024-12-31,
291311,MSPB-1,Medicare hospital spending per patient (Medicare Spending per Beneficiary),5.0,2024-01-01,2024-12-31,
291312,MSPB-1,Medicare hospital spending per patient (Medicare Spending per Beneficiary),5.0,2024-01-01,2024-12-31,
291313,MSPB-1,Medicare hospital spending per patient (Medicare Spending per Beneficiary),5.0,2024-01-01,2024-12-31,
291314,MSPB-1,Medicare hospital spending per patient (Medicare Spending per Beneficiary),5.0,2024-01-01,2024-12-31,
300001,MSPB-1,Medicare hospital spending per patient (Medicare Spending per Beneficiary),,2024-01-01,2024-12-31,1.0
300003,MSPB-1,Medicare hospital spending per patient (Medicare Spending per Beneficiary),,2024-01-01,2024-12-31,1.02
300005,MSPB-1,Medicare hospital spending per patient (Medicare Spending per Beneficiary),,2024-01-01,2024-12-31,0.97
300011,MSPB-1,Medicare hospital spending per patient (Medicare Spending per Beneficiary),,2024-01-01,2024-12-31,1.02
300012,MSPB-1,Medicare hospital spending per patient (Medicare Spending per Beneficiary),,2024-01-01,2024-12-31,1.01
300014,MSPB-1,Medicare hospital spending per patient (Medicare Spending per Beneficiary),,2024-01-01,2024-12-31,0.86
300017,MSPB-1,Medicare hospital spending per patient (Medicare Spending per Beneficiary),,2024-01-01,2024-12-31,0.94
300018,MSPB-1,Medicare hospital spending per patient (Medicare Spending per Beneficiary),,2024-01-01,2024-12-31,0.94
300019,MSPB-1,Medicare hospital spending per patient (Medicare Spending per Beneficiary),,2024-01-01,2024-12-31,0.97
300020,MSPB-1,Medicare hospital spending per patient (Medicare Spending per Beneficiary),,2024-01-01,2024-12-31,0.98
300023,MSPB-1,Medicare hospital spending per patient (Medicare Spending per Beneficiary),,2024-01-01,2024-12-31,0.97
300029,MSPB-1,Medicare hospital spending per patient (Medicare Spending per Beneficiary),,2024-01-01,2024-12-31,1.02
300034,MSPB-1,Medicare hospital spending per patient (Medicare Spending per Beneficiary),,2024-01-01,2024-12-31,0.97
301300,MSPB-1,Medicare hospital spending per patient (Medicare Spending per Beneficiary),5.0,2024-01-01,2024-12-31,
301301,MSPB-1,Medicare hospital spending per patient (Medicare Spending per Beneficiary),5.0,2024-01-01,2024-12-31,
301302,MSPB-1,Medicare hospital spending per patient (Medicare Spending per Beneficiary),5.0,2024-01-01,2024-12-31,
301303,MSPB-1,Medicare hospital spending per patient (Medicare Spending per Beneficiary),5.0,2024-01-01,2024-12-31,
301304,MSPB-1,Medicare hospital spending per patient (Medicare Spending per Beneficiary),5.0,2024-01-01,2024-12-31,
301305,MSPB-1,Medicare hospital spending per patient (Medicare Spending per Beneficiary),5.0,2024-01-01,2024-12-31,
301306,MSPB-1,Medicare hospital spending per patient (Medicare Spending per Beneficiary),5.0,2024-01-01,2024-12-31,
301307,MSPB-1,Medicare hospital spending per patient (Medicare Spending per Beneficiary),5.0,2024-01-01,2024-12-31,
301308,MSPB-1,Medicare hospital spending per patient (Medicare Spending per Beneficiary),5.0,2024-01-01,2024-12-31,
301309,MSPB-1,Medicare hospital spending per patient (Medicare Spending per Beneficiary),5.0,2024-01-01,2024-12-31,
301310,MSPB-1,Medicare hospital spending per patient (Medicare Spending per Beneficiary),5.0,2024-01-01,2024-12-31,
301311,MSPB-1,Medicare hospital spending per patient (Medicare Spending per Beneficiary),5.0,2024-01-01,2024-12-31,
301312,MSPB-1,Medicare hospital spending per patient (Medicare Spending per Beneficiary),5.0,2024-01-01,2024-12-31,
310001,MSPB-1,Medicare hospital spending per patient (Medicare Spending per Beneficiary),,2024-01-01,2024-12-31,1.09
310002,MSPB-1,Medicare hospital spending per patient (Medicare Spending per Beneficiary),,2024-01-01,2024-12-31,1.11
310003,MSPB-1,Medicare hospital spending per patient (Medicare Spending per Beneficiary),,2024-01-01,2024-12-31,1.03
310005,MSPB-1,Medicare hospital spending per patient (Medicare Spending per Beneficiary),,2024-01-01,2024-12-31,0.98
310006,MSPB-1,Medicare hospital spending per patient (Medicare Spending per Beneficiary),,2024-01-01,2024-12-31,1.05
310008,MSPB-1,Medicare hospital spending per patient (Medicare Spending per Beneficiary),,2024-01-01,2024-12-31,1.06
310009,MSPB-1,Medicare hospital spending per patient (Medicare Spending per Beneficiary),,2024-01-01,2024-12-31,1.14
310010,MSPB-1,Medicare hospital spending per patient (Medicare Spending per Beneficiary),,2024-01-01,2024-12-31,1.0
310011,MSPB-1,Medicare hospital spending per patient (Medicare Spending per Beneficiary),,2024-01-01,2024-12-31,1.03
310012,MSPB-1,Medicare hospital spending per patient (Medicare Spending per Beneficiary),,2024-01-01,2024-12-31,1.03
310014,MSPB-1,Medicare hospital spending per patient (Medicare Spending per Beneficiary),,2024-01-01,2024-12-31,1.03
310015,MSPB-1,Medicare hospital spending per patient (Medicare Spending per Beneficiary),,2024-01-01,2024-12-31,1.04
310016,MSPB-1,Medicare hospital spending per patient (Medicare Spending per Beneficiary),,2024-01-01,2024-12-31,1.2
310017,MSPB-1,Medicare hospital spending per patient (Medicare Spending per Beneficiary),,2024-01-01,2024-12-31,1.14
310019,MSPB-1,Medicare hospital spending per patient (Medicare Spending per Beneficiary),,2024-01-01,2024-12-31,1.1
310022,MSPB-1,Medicare hospital spending per patient (Medicare Spending per Beneficiary),,2024-01-01,2024-12-31,1.03
310024,MSPB-1,Medicare hospital spending per patient (Medicare Spending per Beneficiary),,2024-01-01,2024-12-31,1.07
310025,MSPB-1,Medicare hospital spending per patient (Medicare Spending per Beneficiary),,2024-01-01,2024-12-31,1.18
310027,MSPB-1,Medicare hospital spending per patient (Medicare Spending per Beneficiary),,2024-01-01,2024-12-31,1.11
310028,MSPB-1,Medicare hospital spending per patient (Medicare Spending per Beneficiary),,2024-01-01,2024-12-31,1.04
310029,MSPB-1,Medicare hospital spending per patient (Medicare Spending per Beneficiary),,2024-01-01,2024-12-31,1.09
310031,MSPB-1,Medicare hospital spending per patient (Medicare Spending per Beneficiary),,2024-01-01,2024-12-31,1.03
310032,MSPB-1,Medicare hospital spending per patient (Medicare Spending per Beneficiary),,2024-01-01,2024-12-31,1.05
310034,MSPB-1,Medicare hospital spending per patient (Medicare Spending per Beneficiary),,2024-01-01,2024-12-31,1.07
310038,MSPB-1,Medicare hospital spending per patient (Medicare Spending per Beneficiary),,2024-01-01,2024-12-31,1.07
310039,MSPB-1,Medicare hospital spending per patient (Medicare Spending per Beneficiary),,2024-01-01,2024-12-31,1.11
310040,MSPB-1,Medicare hospital spending per patient (Medicare Spending per Beneficiary),,2024-01-01,2024-12-31,1.17
310041,MSPB-1,Medicare hospital spending per patient (Medicare Spending per Beneficiary),,2024-01-01,2024-12-31,1.13
310044,MSPB-1,Medicare hospital spending per patient (Medicare Spending per Beneficiary),,2024-01-01,2024-12-31,1.07
310045,MSPB-1,Medicare hospital spending per patient (Medicare Spending per Beneficiary),,2024-01-01,2024-12-31,1.05
310047,MSPB-1,Medicare hospital spending per patient (Medicare Spending per Beneficiary),,2024-01-01,2024-12-31,0.99
310048,MSPB-1,Medicare hospital spending per patient (Medicare Spending per Beneficiary),,2024-01-01,2024-12-31,1.02
310050,MSPB-1,Medicare hospital spending per patient (Medicare Spending per Beneficiary),,2024-01-01,2024-12-31,1.03
310051,MSPB-1,Medicare hospital spending per patient (Medicare Spending per Beneficiary),,2024-01-01,2024-12-31,1.04
310052,MSPB-1,Medicare hospital spending per patient (Medicare Spending per Beneficiary),,2024-01-01,2024-12-31,1.11
310054,MSPB-1,Medicare hospital spending per patient (Medicare Spending per Beneficiary),,2024-01-01,2024-12-31,1.08
310057,MSPB-1,Medicare hospital spending per patient (Medicare Spending per Beneficiary),,2024-01-01,2024-12-31,1.1
310058,MSPB-1,Medicare hospital spending per patient (Medicare Spending per Beneficiary),,2024-01-01,2024-12-31,1.19
310060,MSPB-1,Medicare hospital spending per patient (Medicare Spending per Beneficiary),,2024-01-01,2024-12-31,0.97
310061,MSPB-1,Medicare hospital spending per patient (Medicare Spending per Beneficiary),,2024-01-01,2024-12-31,1.07
310064,MSPB-1,Medicare hospital spending per patient (Medicare Spending per Beneficiary),,2024-01-01,2024-12-31,1.06
310069,MSPB-1,Medicare hospital spending per patient (Medicare Spending per Beneficiary),,2024-01-01,2024-12-31,1.02
310070,MSPB-1,Medicare hospital spending per patient (Medicare Spending per Beneficiary),,2024-01-01,2024-12-31,1.09
310073,MSPB-1,Medicare hospital spending per patient (Medicare Spending per Beneficiary),,2024-01-01,2024-12-31,1.07
310074,MSPB-1,Medicare hospital spending per patient (Medicare Spending per Beneficiary),,2024-01-01,2024-12-31,1.06
310075,MSPB-1,Medicare hospital spending per patient (Medicare Spending per Beneficiary),,2024-01-01,2024-12-31,1.08
310076,MSPB-1,Medicare hospital spending per patient (Medicare Spending per Beneficiary),,2024-01-01,2024-12-31,1.05
310083,MSPB-1,Medicare hospital spending per patient (Medicare Spending per Beneficiary),,2024-01-01,2024-12-31,1.29
310084,MSPB-1,Medicare hospital spending per patient (Medicare Spending per Beneficiary),,2024-01-01,2024-12-31,1.15
310086,MSPB-1,Medicare hospital spending per patient (Medicare Spending per Beneficiary),,2024-01-01,2024-12-31,1.03
310092,MSPB-1,Medicare hospital spending per patient (Medicare Spending per Beneficiary),,2024-01-01,2024-12-31,1.2
310096,MSPB-1,Medicare hospital spending per patient (Medicare Spending per Beneficiary),,2024-01-01,2024-12-31,0.96
310108,MSPB-1,Medicare hospital spending per patient (Medicare Spending per Beneficiary),,2024-01-01,2024-12-31,1.08
310110,MSPB-1,Medicare hospital spending per patient (Medicare Spending per Beneficiary),,2024-01-01,2024-12-31,1.06
310111,MSPB-1,Medicare hospital spending per patient (Medicare Spending per Beneficiary),,2024-01-01,2024-12-31,1.07
310112,MSPB-1,Medicare hospital spending per patient (Medicare Spending per Beneficiary),,2024-01-01,2024-12-31,1.07
310113,MSPB-1,Medicare hospital spending per patient (Medicare Spending per Beneficiary),,2024-01-01,2024-12-31,1.05
310115,MSPB-1,Medicare hospital spending per patient (Medicare Spending per Beneficiary),,2024-01-01,2024-12-31,1.09
310118,MSPB-1,Medicare hospital spending per patient (Medicare Spending per Beneficiary),,2024-01-01,2024-12-31,1.11
310119,MSPB-1,Medicare hospital spending per patient (Medicare Spending per Beneficiary),,2024-01-01,2024-12-31,1.11
310130,MSPB-1,Medicare hospital spending per patient (Medicare Spending per Beneficiary),,2024-01-01,2024-12-31,1.04
313300,MSPB-1,Medicare hospital spending per patient (Medicare Spending per Beneficiary),19.0,2024-01-01,2024-12-31,
313302,MSPB-1,Medicare hospital spending per patient (Medicare Spending per Beneficiary),19.0,2024-01-01,2024-12-31,
320001,MSPB-1,Medicare hospital spending per patient (Medicare Spending per Beneficiary),,2024-01-01,2024-12-31,1.0
320002,MSPB-1,Medicare hospital spending per patient (Medicare Spending per Beneficiary),,2024-01-01,2024-12-31,0.93
320004,MSPB-1,Medicare hospital spending per patient (Medicare Spending per Beneficiary),,2024-01-01,2024-12-31,0.95
320005,MSPB-1,Medicare hospital spending per patient (Medicare Spending per Beneficiary),,2024-01-01,2024-12-31,0.98
320006,MSPB-1,Medicare hospital spending per patient (Medicare Spending per Beneficiary),,2024-01-01,2024-12-31,0.94
320009,MSPB-1,Medicare hospital spending per patient (Medicare Spending per Beneficiary),,2024-01-01,2024-12-31,1.0
320011,MSPB-1,Medicare hospital spending per patient (Medicare Spending per Beneficiary),,2024-01-01,2024-12-31,0.77
320017,MSPB-1,Medicare hospital spending per patient (Medicare Spending per Beneficiary),,2024-01-01,2024-12-31,0.99
320018,MSPB-1,Medicare hospital spending per patient (Medicare Spending per Beneficiary),,2024-01-01,2024-12-31,1.03
320021,MSPB-1,Medicare hospital spending per patient (Medicare Spending per Beneficiary),,2024-01-01,2024-12-31,0.95
320022,MSPB-1,Medicare hospital spending per patient (Medicare Spending per Beneficiary),,2024-01-01,2024-12-31,0.88
320030,MSPB-1,Medicare hospital spending per patient (Medicare Spending per Beneficiary),,2024-01-01,2024-12-31,0.83
320033,MSPB-1,Medicare hospital spending per patient (Medicare Spending per Beneficiary),,2024-01-01,2024-12-31,0.83
320057,MSPB-1,Medicare hospital spending per patient (Medicare Spending per Beneficiary),5.0,2024-01-01,2024-12-31,
320059,MSPB-1,Medicare hospital spending per patient (Medicare Spending per Beneficiary),,2024-01-01,2024-12-31,0.94
320060,MSPB-1,Medicare hospital spending per patient (Medicare Spending per Beneficiary),,2024-01-01,2024-12-31,0.69
320061,MSPB-1,Medicare hospital spending per patient (Medicare Spending per Beneficiary),,2024-01-01,2024-12-31,0.8
320062,MSPB-1,Medicare hospital spending per patient (Medicare Spending per Beneficiary),1.0,2024-01-01,2024-12-31,
320063,MSPB-1,Medicare hospital spending per patient (Medicare Spending per Beneficiary),,2024-01-01,2024-12-31,1.08
320065,MSPB-1,Medicare hospital spending per patient (Medicare Spending per Beneficiary),,2024-01-01,2024-12-31,1.13
320074,MSPB-1,Medicare hospital spending per patient (Medicare Spending per Beneficiary),,2024-01-01,2024-12-31,1.0
320084,MSPB-1,Medicare hospital spending per patient (Medicare Spending per Beneficiary),,2024-01-01,2024-12-31,0.98
320085,MSPB-1,Medicare hospital spending per patient (Medicare Spending per Beneficiary),,2024-01-01,2024-12-31,1.04
320086,MSPB-1,Medicare hospital spending per patient (Medicare Spending per Beneficiary),,2024-01-01,2024-12-31,0.9
320090,MSPB-1,Medicare hospital spending per patient (Medicare Spending per Beneficiary),,2024-01-01,2024-12-31,0.81
320091,MSPB-1,Medicare hospital spending per patient (Medicare Spending per Beneficiary),,2024-01-01,2024-12-31,0.97
320779,MSPB-1,Medicare hospital spending per patient (Medicare Spending per Beneficiary),19.0,2024-01-01,2024-12-31,
321300,MSPB-1,Medicare hospital spending per patient (Medicare Spending per Beneficiary),5.0,2024-01-01,2024-12-31,
321301,MSPB-1,Medicare hospital spending per patient (Medicare Spending per Beneficiary),5.0,2024-01-01,2024-12-31,
321302,MSPB-1,Medicare hospital spending per patient (Medicare Spending per Beneficiary),5.0,2024-01-01,2024-12-31,
321304,MSPB-1,Medicare hospital spending per patient (Medicare Spending per Beneficiary),5.0,2024-01-01,2024-12-31,
321305,MSPB-1,Medicare hospital spending per patient (Medicare Spending per Beneficiary),5.0,2024-01-01,2024-12-31,
321306,MSPB-1,Medicare hospital spending per patient (Medicare Spending per Beneficiary),5.0,2024-01-01,2024-12-31,
321307,MSPB-1,Medicare hospital spending per patient (Medicare Spending per Beneficiary),5.0,2024-01-01,2024-12-31,
321308,MSPB-1,Medicare hospital spending per patient (Medicare Spending per Beneficiary),5.0,2024-01-01,2024-12-31,
321309,MSPB-1,Medicare hospital spending per patient (Medicare Spending per Beneficiary),5.0,2024-01-01,2024-12-31,
321310,MSPB-1,Medicare hospital spending per patient (Medicare Spending per Beneficiary),5.0,2024-01-01,2024-12-31,
321311,MSPB-1,Medicare hospital spending per patient (Medicare Spending per Beneficiary),5.0,2024-01-01,2024-12-31,
321312,MSPB-1,Medicare hospital spending per patient (Medicare Spending per Beneficiary),5.0,2024-01-01,2024-12-31,
321313,MSPB-1,Medicare hospital spending per patient (Medicare Spending per Beneficiary),5.0,2024-01-01,2024-12-31,
330005,MSPB-1,Medicare hospital spending per patient (Medicare Spending per Beneficiary),,2024-01-01,2024-12-31,0.94
330006,MSPB-1,Medicare hospital spending per patient (Medicare Spending per Beneficiary),,2024-01-01,2024-12-31,1.26
330009,MSPB-1,Medicare hospital spending per patient (Medicare Spending per Beneficiary),,2024-01-01,2024-12-31,0.96
330011,MSPB-1,Medicare hospital spending per patient (Medicare Spending per Beneficiary),,2024-01-01,2024-12-31,0.92
330013,MSPB-1,Medicare hospital spending per patient (Medicare Spending per Beneficiary),,2024-01-01,2024-12-31,1.0
330014,MSPB-1,Medicare hospital spending per patient (Medicare Spending per Beneficiary),,2024-01-01,2024-12-31,1.05
330019,MSPB-1,Medicare hospital spending per patient (Medicare Spending per Beneficiary),,2024-01-01,2024-12-31,1.15
330023,MSPB-1,Medicare hospital spending per patient (Medicare Spending per Beneficiary),,2024-01-01,2024-12-31,0.96
330024,MSPB-1,Medicare hospital spending per patient (Medicare Spending per Beneficiary),,2024-01-01,2024-12-31,0.98
330027,MSPB-1,Medicare hospital spending per patient (Medicare Spending per Beneficiary),,2024-01-01,2024-12-31,1.09
330028,MSPB-1,Medicare hospital spending per patient (Medicare Spending per Beneficiary),,2024-01-01,2024-12-31,1.01
330030,MSPB-1,Medicare hospital spending per patient (Medicare Spending per Beneficiary),,2024-01-01,2024-12-31,0.86
330033,MSPB-1,Medicare hospital spending per patient (Medicare Spending per Beneficiary),,2024-01-01,2024-12-31,0.93
330043,MSPB-1,Medicare hospital spending per patient (Medicare Spending per Beneficiary),,2024-01-01,2024-12-31,1.1
330044,MSPB-1,Medicare hospital spending per patient (Medicare Spending per Beneficiary),,2024-01-01,2024-12-31,1.08
330045,MSPB-1,Medicare hospital spending per patient (Medicare Spending per Beneficiary),,2024-01-01,2024-12-31,0.98
330046,MSPB-1,Medicare hospital spending per patient (Medicare Spending per Beneficiary),,2024-01-01,2024-12-31,1.01
330047,MSPB-1,Medicare hospital spending per patient (Medicare Spending per Beneficiary),,2024-01-01,2024-12-31,1.07
330049,MSPB-1,Medicare hospital spending per patient (Medicare Spending per Beneficiary),,2024-01-01,2024-12-31,0.97
330055,MSPB-1,Medicare hospital spending per patient (Medicare Spending per Beneficiary),,2024-01-01,2024-12-31,1.08
330056,MSPB-1,Medicare hospital spending per patient (Medicare Spending per Beneficiary),,2024-01-01,2024-12-31,1.11
330057,MSPB-1,Medicare hospital spending per patient (Medicare Spending per Beneficiary),,2024-01-01,2024-12-31,0.95
330058,MSPB-1,Medicare hospital spending per patient (Medicare Spending per Beneficiary),,2024-01-01,2024-12-31,0.84
330059,MSPB-1,Medicare hospital spending per patient (Medicare Spending per Beneficiary),,2024-01-01,2024-12-31,1.04
330060,MSPB-1,Medicare hospital spending per patient (Medicare Spending per Beneficiary),5.0,2024-01-01,2024-12-31,
330065,MSPB-1,Medicare hospital spending per patient (Medicare Spending per Beneficiary),,2024-01-01,2024-12-31,0.95
330073,MSPB-1,Medicare hospital spending per patient (Medicare Spending per Beneficiary),,2024-01-01,2024-12-31,0.94
330074,MSPB-1,Medicare hospital spending per patient (Medicare Spending per Beneficiary),,2024-01-01,2024-12-31,0.9
330078,MSPB-1,Medicare hospital spending per patient (Medicare Spending per Beneficiary),,2024-01-01,2024-12-31,0.96
330079,MSPB-1,Medicare hospital spending per patient (Medicare Spending per Beneficiary),,2024-01-01,2024-12-31,0.87
330080,MSPB-1,Medicare hospital spending per patient (Medicare Spending per Beneficiary),,2024-01-01,2024-12-31,1.01
330085,MSPB-1,Medicare hospital spending per patient (Medicare Spending per Beneficiary),,2024-01-01,2024-12-31,1.01
330086,MSPB-1,Medicare hospital spending per patient (Medicare Spending per Beneficiary),,2024-01-01,2024-12-31,1.21
330090,MSPB-1,Medicare hospital spending per patient (Medicare Spending per Beneficiary),,2024-01-01,2024-12-31,0.94
330094,MSPB-1,Medicare hospital spending per patient (Medicare Spending per Beneficiary),,2024-01-01,2024-12-31,0.98
330096,MSPB-1,Medicare hospital spending per patient (Medicare Spending per Beneficiary),,2024-01-01,2024-12-31,0.93
330100,MSPB-1,Medicare hospital spending per patient (Medicare Spending per Beneficiary),1.0,2024-01-01,2024-12-31,
330101,MSPB-1,Medicare hospital spending per patient (Medicare Spending per Beneficiary),,2024-01-01,2024-12-31,0.99
330102,MSPB-1,Medicare hospital spending per patient (Medicare Spending per Beneficiary),,2024-01-01,2024-12-31,1.02
330103,MSPB-1,Medicare hospital spending per patient (Medicare Spending per Beneficiary),,2024-01-01,2024-12-31,0.94
330104,MSPB-1,Medicare hospital spending per patient (Medicare Spending per Beneficiary),,2024-01-01,2024-12-31,1.08
330106,MSPB-1,Medicare hospital spending per patient (Medicare Spending per Beneficiary),,2024-01-01,2024-12-31,1.03
330107,MSPB-1,Medicare hospital spending per patient (Medicare Spending per Beneficiary),,2024-01-01,2024-12-31,1.0
330111,MSPB-1,Medicare hospital spending per patient (Medicare Spending per Beneficiary),,2024-01-01,2024-12-31,0.82
330115,MSPB-1,Medicare hospital spending per patient (Medicare Spending per Beneficiary),,2024-01-01,2024-12-31,0.95
330119,MSPB-1,Medicare hospital spending per patient (Medicare Spending per Beneficiary),,2024-01-01,2024-12-31,1.03
330125,MSPB-1,Medicare hospital spending per patient (Medicare Spending per Beneficiary),,2024-01-01,2024-12-31,0.92
330126,MSPB-1,Medicare hospital spending per patient (Medicare Spending per Beneficiary),,2024-01-01,2024-12-31,1.03
330127,MSPB-1,Medicare hospital spending per patient (Medicare Spending per Beneficiary),,2024-01-01,2024-12-31,1.04
330128,MSPB-1,Medicare hospital spending per patient (Medicare Spending per Beneficiary),,2024-01-01,2024-12-31,1.07
330135,MSPB-1,Medicare hospital spending per patient (Medicare Spending per Beneficiary),,2024-01-01,2024-12-31,0.89
330136,MSPB-1,Medicare hospital spending per patient (Medicare Spending per Beneficiary),,2024-01-01,2024-12-31,0.99
330140,MSPB-1,Medicare hospital spending per patient (Medicare Spending per Beneficiary),,2024-01-01,2024-12-31,0.94
330141,MSPB-1,Medicare hospital spending per patient (Medicare Spending per Beneficiary),,2024-01-01,2024-12-31,1.09
330151,MSPB-1,Medicare hospital spending per patient (Medicare Spending per Beneficiary),,2024-01-01,2024-12-31,0.95
330153,MSPB-1,Medicare hospital spending per patient (Medicare Spending per Beneficiary),,2024-01-01,2024-12-31,0.93
330157,MSPB-1,Medicare hospital spending per patient (Medicare Spending per Beneficiary),,2024-01-01,2024-12-31,0.89
330158,MSPB-1,Medicare hospital spending per patient (Medicare Spending per Beneficiary),,2024-01-01,2024-12-31,1.09
330160,MSPB-1,Medicare hospital spending per patient (Medicare Spending per Beneficiary),,2024-01-01,2024-12-31,1.01
330162,MSPB-1,Medicare hospital spending per patient (Medicare Spending per Beneficiary),,2024-01-01,2024-12-31,0.94
330164,MSPB-1,Medicare hospital spending per patient (Medicare Spending per Beneficiary),,2024-01-01,2024-12-31,0.91
330166,MSPB-1,Medicare hospital spending per patient (Medicare Spending per Beneficiary),,2024-01-01,2024-12-31,0.86
330169,MSPB-1,Medicare hospital spending per patient (Medicare Spending per Beneficiary),,2024-01-01,2024-12-31,1.03
330175,MSPB-1,Medicare hospital spending per patient (Medicare Spending per Beneficiary),,2024-01-01,2024-12-31,0.95
330180,MSPB-1,Medicare hospital spending per patient (Medicare Spending per Beneficiary),,2024-01-01,2024-12-31,0.93
330181,MSPB-1,Medicare hospital spending per patient (Medicare Spending per Beneficiary),,2024-01-01,2024-12-31,1.14
330182,MSPB-1,Medicare hospital spending per patient (Medicare Spending per Beneficiary),,2024-01-01,2024-12-31,0.99
330184,MSPB-1,Medicare hospital spending per patient (Medicare Spending per Beneficiary),,2024-01-01,2024-12-31,1.11
330185,MSPB-1,Medicare hospital spending per patient (Medicare Spending per Beneficiary),,2024-01-01,2024-12-31,1.02
330188,MSPB-1,Medicare hospital spending per patient (Medicare Spending per Beneficiary),,2024-01-01,2024-12-31,0.97
330191,MSPB-1,Medicare hospital spending per patient (Medicare Spending per Beneficiary),,2024-01-01,2024-12-31,0.93
330193,MSPB-1,Medicare hospital spending per patient (Medicare Spending per Beneficiary),,2024-01-01,2024-12-31,1.25
330194,MSPB-1,Medicare hospital spending per patient (Medicare Spending per Beneficiary),,2024-01-01,2024-12-31,1.07
330195,MSPB-1,Medicare hospital spending per patient (Medicare Spending per Beneficiary),,2024-01-01,2024-12-31,1.06
330196,MSPB-1,Medicare hospital spending per patient (Medicare Spending per Beneficiary),,2024-01-01,2024-12-31,1.07
330197,MSPB-1,Medicare hospital spending per patient (Medicare Spending per Beneficiary),,2024-01-01,2024-12-31,0.96
330198,MSPB-1,Medicare hospital spending per patient (Medicare Spending per Beneficiary),,2024-01-01,2024-12-31,1.03
330199,MSPB-1,Medicare hospital spending per patient (Medicare Spending per Beneficiary),,2024-01-01,2024-12-31,1.1
330202,MSPB-1,Medicare hospital spending per patient (Medicare Spending per Beneficiary),,2024-01-01,2024-12-31,1.02
330203,MSPB-1,Medicare hospital spending per patient (Medicare Spending per Beneficiary),,2024-01-01,2024-12-31,0.97
330204,MSPB-1,Medicare hospital spending per patient (Medicare Spending per Beneficiary),,2024-01-01,2024-12-31,0.91
330205,MSPB-1,Medicare hospital spending per patient (Medicare Spending per Beneficiary),,2024-01-01,2024-12-31,0.94
330208,MSPB-1,Medicare hospital spending per patient (Medicare Spending per Beneficiary),,2024-01-01,2024-12-31,1.14
330214,MSPB-1,Medicare hospital spending per patient (Medicare Spending per Beneficiary),,2024-01-01,2024-12-31,0.99
330215,MSPB-1,Medicare hospital spending per patient (Medicare Spending per Beneficiary),,2024-01-01,2024-12-31,0.94
330218,MSPB-1,Medicare hospital spending per patient (Medicare Spending per Beneficiary),,2024-01-01,2024-12-31,1.0
330219,MSPB-1,Medicare hospital spending per patient (Medicare Spending per Beneficiary),,2024-01-01,2024-12-31,0.98
330221,MSPB-1,Medicare hospital spending per patient (Medicare Spending per Beneficiary),,2024-01-01,2024-12-31,1.02
330222,MSPB-1,Medicare hospital spending per patient (Medicare Spending per Beneficiary),,2024-01-01,2024-12-31,0.89
330224,MSPB-1,Medicare hospital spending per patient (Medicare Spending per Beneficiary),,2024-01-01,2024-12-31,1.07
330226,MSPB-1,Medicare hospital spending per patient (Medicare Spending per Beneficiary),,2024-01-01,2024-12-31,0.94
330229,MSPB-1,Medicare hospital spending per patient (Medicare Spending per Beneficiary),,2024-01-01,2024-12-31,0.98
330231,MSPB-1,Medicare hospital spending per patient (Medicare Spending per Beneficiary),,2024-01-01,2024-12-31,0.96
330233,MSPB-1,Medicare hospital spending per patient (Medicare Spending per Beneficiary),,2024-01-01,2024-12-31,1.05
330234,MSPB-1,Medicare hospital spending per patient (Medicare Spending per Beneficiary),,2024-01-01,2024-12-31,1.1
330235,MSPB-1,Medicare hospital spending per patient (Medicare Spending per Beneficiary),,2024-01-01,2024-12-31,0.95
330238,MSPB-1,Medicare hospital spending per patient (Medicare Spending per Beneficiary),,2024-01-01,2024-12-31,0.83
330239,MSPB-1,Medicare hospital spending per patient (Medicare Spending per Beneficiary),,2024-01-01,2024-12-31,0.96
330240,MSPB-1,Medicare hospital spending per patient (Medicare Spending per Beneficiary),,2024-01-01,2024-12-31,0.96
330241,MSPB-1,Medicare hospital spending per patient (Medicare Spending per Beneficiary),,2024-01-01,2024-12-31,0.99
330246,MSPB-1,Medicare hospital spending per patient (Medicare Spending per Beneficiary),,2024-01-01,2024-12-31,1.07
330250,MSPB-1,Medicare hospital spending per patient (Medicare Spending per Beneficiary),,2024-01-01,2024-12-31,0.98
330259,MSPB-1,Medicare hospital spending per patient (Medicare Spending per Beneficiary),,2024-01-01,2024-12-31,1.14
330261,MSPB-1,Medicare hospital spending per patient (Medicare Spending per Beneficiary),,2024-01-01,2024-12-31,1.03
330264,MSPB-1,Medicare hospital spending per patient (Medicare Spending per Beneficiary),,2024-01-01,2024-12-31,1.0
330265,MSPB-1,Medicare hospital spending per patient (Medicare Spending per Beneficiary),,2024-01-01,2024-12-31,0.84
330267,MSPB-1,Medicare hospital spending per patient (Medicare Spending per Beneficiary),,2024-01-01,2024-12-31,1.06
330270,MSPB-1,Medicare hospital spending per patient (Medicare Spending per Beneficiary),,2024-01-01,2024-12-31,0.92
330273,MSPB-1,Medicare hospital spending per patient (Medicare Spending per Beneficiary),,2024-01-01,2024-12-31,1.0
330276,MSPB-1,Medicare hospital spending per patient (Medicare Spending per Beneficiary),,2024-01-01,2024-12-31,0.85
330277,MSPB-1,Medicare hospital spending per patient (Medicare Spending per Beneficiary),,2024-01-01,2024-12-31,0.9
330279,MSPB-1,Medicare hospital spending per patient (Medicare Spending per Beneficiary),,2024-01-01,2024-12-31,0.95
330285,MSPB-1,Medicare hospital spending per patient (Medicare Spending per Beneficiary),,2024-01-01,2024-12-31,0.92
330286,MSPB-1,Medicare hospital spending per patient (Medicare Spending per Beneficiary),,2024-01-01,2024-12-31,1.08
330304,MSPB-1,Medicare hospital spending per patient (Medicare Spending per Beneficiary),,2024-01-01,2024-12-31,1.06
330307,MSPB-1,Medicare hospital spending per patient (Medicare Spending per Beneficiary),,2024-01-01,2024-12-31,1.04
330331,MSPB-1,Medicare hospital spending per patient (Medicare Spending per Beneficiary),,2024-01-01,2024-12-31,1.09
330332,MSPB-1,Medicare hospital spending per patient (Medicare Spending per Beneficiary),,2024-01-01,2024-12-31,1.12
330350,MSPB-1,Medicare hospital spending per patient (Medicare Spending per Beneficiary),,2024-01-01,2024-12-31,1.02
330386,MSPB-1,Medicare hospital spending per patient (Medicare Spending per Beneficiary),,2024-01-01,2024-12-31,0.98
330393,MSPB-1,Medicare hospital spending per patient (Medicare Spending per Beneficiary),,2024-01-01,2024-12-31,1.03
330394,MSPB-1,Medicare hospital spending per patient (Medicare Spending per Beneficiary),,2024-01-01,2024-12-31,0.95
330395,MSPB-1,Medicare hospital spending per patient (Medicare Spending per Beneficiary),,2024-01-01,2024-12-31,1.16
330396,MSPB-1,Medicare hospital spending per patient (Medicare Spending per Beneficiary),,2024-01-01,2024-12-31,0.98
330399,MSPB-1,Medicare hospital spending per patient (Medicare Spending per Beneficiary),,2024-01-01,2024-12-31,0.98
330401,MSPB-1,Medicare hospital spending per patient (Medicare Spending per Beneficiary),,2024-01-01,2024-12-31,1.01
330405,MSPB-1,Medicare hospital spending per patient (Medicare Spending per Beneficiary),5.0,2024-01-01,2024-12-31,
330406,MSPB-1,Medicare hospital spending per patient (Medicare Spending per Beneficiary),,2024-01-01,2024-12-31,0.86
330411,MSPB-1,Medicare hospital spending per patient (Medicare Spending per Beneficiary),5.0,2024-01-01,2024-12-31,
330799,MSPB-1,Medicare hospital spending per patient (Medicare Spending per Beneficiary),19.0,2024-01-01,2024-12-31,
330800,MSPB-1,Medicare hospital spending per patient (Medicare Spending per Beneficiary),19.0,2024-01-01,2024-12-31,
331301,MSPB-1,Medicare hospital spending per patient (Medicare Spending per Beneficiary),5.0,2024-01-01,2024-12-31,
331302,MSPB-1,Medicare hospital spending per patient (Medicare Spending per Beneficiary),5.0,2024-01-01,2024-12-31,
331303,MSPB-1,Medicare hospital spending per patient (Medicare Spending per Beneficiary),5.0,2024-01-01,2024-12-31,
331304,MSPB-1,Medicare hospital spending per patient (Medicare Spending per Beneficiary),5.0,2024-01-01,2024-12-31,
331305,MSPB-1,Medicare hospital spending per patient (Medicare Spending per Beneficiary),5.0,2024-01-01,2024-12-31,
331309,MSPB-1,Medicare hospital spending per patient (Medicare Spending per Beneficiary),5.0,2024-01-01,2024-12-31,
331310,MSPB-1,Medicare hospital spending per patient (Medicare Spending per Beneficiary),5.0,2024-01-01,2024-12-31,
331311,MSPB-1,Medicare hospital spending per patient (Medicare Spending per Beneficiary),5.0,2024-01-01,2024-12-31,
331312,MSPB-1,Medicare hospital spending per patient (Medicare Spending per Beneficiary),5.0,2024-01-01,2024-12-31,
331313,MSPB-1,Medicare hospital spending per patient (Medicare Spending per Beneficiary),5.0,2024-01-01,2024-12-31,
331314,MSPB-1,Medicare hospital spending per patient (Medicare Spending per Beneficiary),5.0,2024-01-01,2024-12-31,
331315,MSPB-1,Medicare hospital spending per patient (Medicare Spending per Beneficiary),5.0,2024-01-01,2024-12-31,
331316,MSPB-1,Medicare hospital spending per patient (Medicare Spending per Beneficiary),5.0,2024-01-01,2024-12-31,
331317,MSPB-1,Medicare hospital spending per patient (Medicare Spending per Beneficiary),5.0,2024-01-01,2024-12-31,
331318,MSPB-1,Medicare hospital spending per patient (Medicare Spending per Beneficiary),19.0,2024-01-01,2024-12-31,
331319,MSPB-1,Medicare hospital spending per patient (Medicare Spending per Beneficiary),5.0,2024-01-01,2024-12-31,
331320,MSPB-1,Medicare hospital spending per patient (Medicare Spending per Beneficiary),5.0,2024-01-01,2024-12-31,
331321,MSPB-1,Medicare hospital spending per patient (Medicare Spending per Beneficiary),5.0,2024-01-01,2024-12-31,
331322,MSPB-1,Medicare hospital spending per patient (Medicare Spending per Beneficiary),5.0,2024-01-01,2024-12-31,
331323,MSPB-1,Medicare hospital spending per patient (Medicare Spending per Beneficiary),5.0,2024-01-01,2024-12-31,
333301,MSPB-1,Medicare hospital spending per patient (Medicare Spending per Beneficiary),19.0,2024-01-01,2024-12-31,
340001,MSPB-1,Medicare hospital spending per patient (Medicare Spending per Beneficiary),,2024-01-01,2024-12-31,0.9
340002,MSPB-1,Medicare hospital spending per patient (Medicare Spending per Beneficiary),,2024-01-01,2024-12-31,0.99
340003,MSPB-1,Medicare hospital spending per patient (Medicare Spending per Beneficiary),,2024-01-01,2024-12-31,0.94
340004,MSPB-1,Medicare hospital spending per patient (Medicare Spending per Beneficiary),,2024-01-01,2024-12-31,0.95
340008,MSPB-1,Medicare hospital spending per patient (Medicare Spending per Beneficiary),,2024-01-01,2024-12-31,0.93
340010,MSPB-1,Medicare hospital spending per patient (Medicare Spending per Beneficiary),,2024-01-01,2024-12-31,0.96
340013,MSPB-1,Medicare hospital spending per patient (Medicare Spending per Beneficiary),,2024-01-01,2024-12-31,0.94
340014,MSPB-1,Medicare hospital spending per patient (Medicare Spending per Beneficiary),,2024-01-01,2024-12-31,0.95
340015,MSPB-1,Medicare hospital spending per patient (Medicare Spending per Beneficiary),,2024-01-01,2024-12-31,0.97
340016,MSPB-1,Medicare hospital spending per patient (Medicare Spending per Beneficiary),,2024-01-01,2024-12-31,1.06
340017,MSPB-1,Medicare hospital spending per patient (Medicare Spending per Beneficiary),,2024-01-01,2024-12-31,0.99
340020,MSPB-1,Medicare hospital spending per patient (Medicare Spending per Beneficiary),,2024-01-01,2024-12-31,0.96
340021,MSPB-1,Medicare hospital spending per patient (Medicare Spending per Beneficiary),,2024-01-01,2024-12-31,0.94
340023,MSPB-1,Medicare hospital spending per patient (Medicare Spending per Beneficiary),,2024-01-01,2024-12-31,0.93
340024,MSPB-1,Medicare hospital spending per patient (Medicare Spending per Beneficiary),,2024-01-01,2024-12-31,0.96
340027,MSPB-1,Medicare hospital spending per patient (Medicare Spending per Beneficiary),,2024-01-01,2024-12-31,0.94
340028,MSPB-1,Medicare hospital spending per patient (Medicare Spending per Beneficiary),,2024-01-01,2024-12-31,0.98
340030,MSPB-1,Medicare hospital spending per patient (Medicare Spending per Beneficiary),,2024-01-01,2024-12-31,0.95
340032,MSPB-1,Medicare hospital spending per patient (Medicare Spending per Beneficiary),,2024-01-01,2024-12-31,0.95
340039,MSPB-1,Medicare hospital spending per patient (Medicare Spending per Beneficiary),,2024-01-01,2024-12-31,0.93
340040,MSPB-1,Medicare hospital spending per patient (Medicare Spending per Beneficiary),,2024-01-01,2024-12-31,0.99
340041,MSPB-1,Medicare hospital spending per patient (Medicare Spending per Beneficiary),,2024-01-01,2024-12-31,1.03
340042,MSPB-1,Medicare hospital spending per patient (Medicare Spending per Beneficiary),,2024-01-01,2024-12-31,1.0
340047,MSPB-1,Medicare hospital spending per patient (Medicare Spending per Beneficiary),,2024-01-01,2024-12-31,0.96
340049,MSPB-1,Medicare hospital spending per patient (Medicare Spending per Beneficiary),,2024-01-01,2024-12-31,0.91
340050,MSPB-1,Medicare hospital spending per patient (Medicare Spending per Beneficiary),,2024-01-01,2024-12-31,0.89
340051,MSPB-1,Medicare hospital spending per patient (Medicare Spending per Beneficiary),,2024-01-01,2024-12-31,0.95
340053,MSPB-1,Medicare hospital spending per patient (Medicare Spending per Beneficiary),,2024-01-01,2024-12-31,0.96
340060,MSPB-1,Medicare hospital spending per patient (Medicare Spending per Beneficiary),,2024-01-01,2024-12-31,0.92
340061,MSPB-1,Medicare hospital spending per patient (Medicare Spending per Beneficiary),,2024-01-01,2024-12-31,0.95
340064,MSPB-1,Medicare hospital spending per patient (Medicare Spending per Beneficiary),,2024-01-01,2024-12-31,1.02
340068,MSPB-1,Medicare hospital spending per patient (Medicare Spending per Beneficiary),,2024-01-01,2024-12-31,1.01
340069,MSPB-1,Medicare hospital spending per patient (Medicare Spending per Beneficiary),,2024-01-01,2024-12-31,0.97
340070,MSPB-1,Medicare hospital spending per patient (Medicare Spending per Beneficiary),,2024-01-01,2024-12-31,0.93
340071,MSPB-1,Medicare hospital spending per patient (Medicare Spending per Beneficiary),,2024-01-01,2024-12-31,0.93
340075,MSPB-1,Medicare hospital spending per patient (Medicare Spending per Beneficiary),,2024-01-01,2024-12-31,1.0
340084,MSPB-1,Medicare hospital spending per patient (Medicare Spending per Beneficiary),,2024-01-01,2024-12-31,0.94
340085,MSPB-1,Medicare hospital spending per patient (Medicare Spending per Beneficiary),,2024-01-01,2024-12-31,0.94
340087,MSPB-1,Medicare hospital spending per patient (Medicare Spending per Beneficiary),,2024-01-01,2024-12-31,0.96
340090,MSPB-1,Medicare hospital spending per patient (Medicare Spending per Beneficiary),,2024-01-01,2024-12-31,0.95
340091,MSPB-1,Medicare hospital spending per patient (Medicare Spending per Beneficiary),,2024-01-01,2024-12-31,0.94
340096,MSPB-1,Medicare hospital spending per patient (Medicare Spending per Beneficiary),,2024-01-01,2024-12-31,0.88
340097,MSPB-1,Medicare hospital spending per patient (Medicare Spending per Beneficiary),,2024-01-01,2024-12-31,1.04
340098,MSPB-1,Medicare hospital spending per patient (Medicare Spending per Beneficiary),,2024-01-01,2024-12-31,0.94
340099,MSPB-1,Medicare hospital spending per patient (Medicare Spending per Beneficiary),,2024-01-01,2024-12-31,0.95
340107,MSPB-1,Medicare hospital spending per patient (Medicare Spending per Beneficiary),,2024-01-01,2024-12-31,0.99
340109,MSPB-1,Medicare hospital spending per patient (Medicare Spending per Beneficiary),,2024-01-01,2024-12-31,0.97
340113,MSPB-1,Medicare hospital spending per patient (Medicare Spending per Beneficiary),,2024-01-01,2024-12-31,0.98
340114,MSPB-1,Medicare hospital spending per patient (Medicare Spending per Beneficiary),,2024-01-01,2024-12-31,0.93
340115,MSPB-1,Medicare hospital spending per patient (Medicare Spending per Beneficiary),,2024-01-01,2024-12-31,0.92
340116,MSPB-1,Medicare hospital spending per patient (Medicare Spending per Beneficiary),,2024-01-01,2024-12-31,1.04
340119,MSPB-1,Medicare hospital spending per patient (Medicare Spending per Beneficiary),,2024-01-01,2024-12-31,0.93
340120,MSPB-1,Medicare hospital spending per patient (Medicare Spending per Beneficiary),,2024-01-01,2024-12-31,0.97
340123,MSPB-1,Medicare hospital spending per patient (Medicare Spending per Beneficiary),,2024-01-01,2024-12-31,0.9
340126,MSPB-1,Medicare hospital spending per patient (Medicare Spending per Beneficiary),,2024-01-01,2024-12-31,0.95
340127,MSPB-1,Medicare hospital spending per patient (Medicare Spending per Beneficiary),,2024-01-01,2024-12-31,0.89
340129,MSPB-1,Medicare hospital spending per patient (Medicare Spending per Beneficiary),,2024-01-01,2024-12-31,0.94
340130,MSPB-1,Medicare hospital spending per patient (Medicare Spending per Beneficiary),,2024-01-01,2024-12-31,0.91
340131,MSPB-1,Medicare hospital spending per patient (Medicare Spending per Beneficiary),,2024-01-01,2024-12-31,0.89
340132,MSPB-1,Medicare hospital spending per patient (Medicare Spending per Beneficiary),,2024-01-01,2024-12-31,1.01
340141,MSPB-1,Medicare hospital spending per patient (Medicare Spending per Beneficiary),,2024-01-01,2024-12-31,0.94
340142,MSPB-1,Medicare hospital spending per patient (Medicare Spending per Beneficiary),,2024-01-01,2024-12-31,0.92
340143,MSPB-1,Medicare hospital spending per patient (Medicare Spending per Beneficiary),,2024-01-01,2024-12-31,0.96
340145,MSPB-1,Medicare hospital spending per patient (Medicare Spending per Beneficiary),,2024-01-01,2024-12-31,0.95
340147,MSPB-1,Medicare hospital spending per patient (Medicare Spending per Beneficiary),,2024-01-01,2024-12-31,0.95
340148,MSPB-1,Medicare hospital spending per patient (Medicare Spending per Beneficiary),,2024-01-01,2024-12-31,0.92
340151,MSPB-1,Medicare hospital spending per patient (Medicare Spending per Beneficiary),,2024-01-01,2024-12-31,0.99
340155,MSPB-1,Medicare hospital spending per patient (Medicare Spending per Beneficiary),,2024-01-01,2024-12-31,0.89
340156,MSPB-1,Medicare hospital spending per patient (Medicare Spending per Beneficiary),,2024-01-01,2024-12-31,0.98
340158,MSPB-1,Medicare hospital spending per patient (Medicare Spending per Beneficiary),,2024-01-01,2024-12-31,0.92
340159,MSPB-1,Medicare hospital spending per patient (Medicare Spending per Beneficiary),,2024-01-01,2024-12-31,0.92
340166,MSPB-1,Medicare hospital spending per patient (Medicare Spending per Beneficiary),,2024-01-01,2024-12-31,0.93
340168,MSPB-1,Medicare hospital spending per patient (Medicare Spending per Beneficiary),19.0,2024-01-01,2024-12-31,
340171,MSPB-1,Medicare hospital spending per patient (Medicare Spending per Beneficiary),,2024-01-01,2024-12-31,0.91
340173,MSPB-1,Medicare hospital spending per patient (Medicare Spending per Beneficiary),,2024-01-01,2024-12-31,0.98
340183,MSPB-1,Medicare hospital spending per patient (Medicare Spending per Beneficiary),,2024-01-01,2024-12-31,0.94
340184,MSPB-1,Medicare hospital spending per patient (Medicare Spending per Beneficiary),,2024-01-01,2024-12-31,0.98
340188,MSPB-1,Medicare hospital spending per patient (Medicare Spending per Beneficiary),,2024-01-01,2024-12-31,0.72
340190,MSPB-1,Medicare hospital spending per patient (Medicare Spending per Beneficiary),,2024-01-01,2024-12-31,0.86
340195,MSPB-1,Medicare hospital spending per patient (Medicare Spending per Beneficiary),,2024-01-01,2024-12-31,0.92
341303,MSPB-1,Medicare hospital spending per patient (Medicare Spending per Beneficiary),5.0,2024-01-01,2024-12-31,
341304,MSPB-1,Medicare hospital spending per patient (Medicare Spending per Beneficiary),5.0,2024-01-01,2024-12-31,
341305,MSPB-1,Medicare hospital spending per patient (Medicare Spending per Beneficiary),5.0,2024-01-01,2024-12-31,
341307,MSPB-1,Medicare hospital spending per patient (Medicare Spending per Beneficiary),5.0,2024-01-01,2024-12-31,
341311,MSPB-1,Medicare hospital spending per patient (Medicare Spending per Beneficiary),5.0,2024-01-01,2024-12-31,
341314,MSPB-1,Medicare hospital spending per patient (Medicare Spending per Beneficiary),5.0,2024-01-01,2024-12-31,
341315,MSPB-1,Medicare hospital spending per patient (Medicare Spending per Beneficiary),5.0,2024-01-01,2024-12-31,
341316,MSPB-1,Medicare hospital spending per patient (Medicare Spending per Beneficiary),5.0,2024-01-01,2024-12-31,
341317,MSPB-1,Medicare hospital spending per patient (Medicare Spending per Beneficiary),5.0,2024-01-01,2024-12-31,
341318,MSPB-1,Medicare hospital spending per patient (Medicare Spending per Beneficiary),5.0,2024-01-01,2024-12-31,
341319,MSPB-1,Medicare hospital spending per patient (Medicare Spending per Beneficiary),5.0,2024-01-01,2024-12-31,
341320,MSPB-1,Medicare hospital spending per patient (Medicare Spending per Beneficiary),5.0,2024-01-01,2024-12-31,
341322,MSPB-1,Medicare hospital spending per patient (Medicare Spending per Beneficiary),5.0,2024-01-01,2024-12-31,
341323,MSPB-1,Medicare hospital spending per patient (Medicare Spending per Beneficiary),5.0,2024-01-01,2024-12-31,
341324,MSPB-1,Medicare hospital spending per patient (Medicare Spending per Beneficiary),5.0,2024-01-01,2024-12-31,
341325,MSPB-1,Medicare hospital spending per patient (Medicare Spending per Beneficiary),5.0,2024-01-01,2024-12-31,
341326,MSPB-1,Medicare hospital spending per patient (Medicare Spending per Beneficiary),5.0,2024-01-01,2024-12-31,
341327,MSPB-1,Medicare hospital spending per patient (Medicare Spending per Beneficiary),5.0,2024-01-01,2024-12-31,
341328,MSPB-1,Medicare hospital spending per patient (Medicare Spending per Beneficiary),5.0,2024-01-01,2024-12-31,
341329,MSPB-1,Medicare hospital spending per patient (Medicare Spending per Beneficiary),5.0,2024-01-01,2024-12-31,
350002,MSPB-1,Medicare hospital spending per patient (Medicare Spending per Beneficiary),,2024-01-01,2024-12-31,0.94
350006,MSPB-1,Medicare hospital spending per patient (Medicare Spending per Beneficiary),,2024-01-01,2024-12-31,0.93
350011,MSPB-1,Medicare hospital spending per patient (Medicare Spending per Beneficiary),,2024-01-01,2024-12-31,1.04
350015,MSPB-1,Medicare hospital spending per patient (Medicare Spending per Beneficiary),,2024-01-01,2024-12-31,0.88
350019,MSPB-1,Medicare hospital spending per patient (Medicare Spending per Beneficiary),,2024-01-01,2024-12-31,1.02
350063,MSPB-1,Medicare hospital spending per patient (Medicare Spending per Beneficiary),,2024-01-01,2024-12-31,0.73
350070,MSPB-1,Medicare hospital spending per patient (Medicare Spending per Beneficiary),,2024-01-01,2024-12-31,1.02
351300,MSPB-1,Medicare hospital spending per patient (Medicare Spending per Beneficiary),5.0,2024-01-01,2024-12-31,
351301,MSPB-1,Medicare hospital spending per patient (Medicare Spending per Beneficiary),5.0,2024-01-01,2024-12-31,
351302,MSPB-1,Medicare hospital spending per patient (Medicare Spending per Beneficiary),5.0,2024-01-01,2024-12-31,
351303,MSPB-1,Medicare hospital spending per patient (Medicare Spending per Beneficiary),5.0,2024-01-01,2024-12-31,
351304,MSPB-1,Medicare hospital spending per patient (Medicare Spending per Beneficiary),5.0,2024-01-01,2024-12-31,
351305,MSPB-1,Medicare hospital spending per patient (Medicare Spending per Beneficiary),5.0,2024-01-01,2024-12-31,
351306,MSPB-1,Medicare hospital spending per patient (Medicare Spending per Beneficiary),5.0,2024-01-01,2024-12-31,
351307,MSPB-1,Medicare hospital spending per patient (Medicare Spending per Beneficiary),5.0,2024-01-01,2024-12-31,
351308,MSPB-1,Medicare hospital spending per patient (Medicare Spending per Beneficiary),5.0,2024-01-01,2024-12-31,
351309,MSPB-1,Medicare hospital spending per patient (Medicare Spending per Beneficiary),5.0,2024-01-01,2024-12-31,
351310,MSPB-1,Medicare hospital spending per patient (Medicare Spending per Beneficiary),5.0,2024-01-01,2024-12-31,
351311,MSPB-1,Medicare hospital spending per patient (Medicare Spending per Beneficiary),5.0,2024-01-01,2024-12-31,
351312,MSPB-1,Medicare hospital spending per patient (Medicare Spending per Beneficiary),5.0,2024-01-01,2024-12-31,
351313,MSPB-1,Medicare hospital spending per patient (Medicare Spending per Beneficiary),5.0,2024-01-01,2024-12-31,
351314,MSPB-1,Medicare hospital spending per patient (Medicare Spending per Beneficiary),5.0,2024-01-01,2024-12-31,
351315,MSPB-1,Medicare hospital spending per patient (Medicare Spending per Beneficiary),5.0,2024-01-01,2024-12-31,
351316,MSPB-1,Medicare hospital spending per patient (Medicare Spending per Beneficiary),5.0,2024-01-01,2024-12-31,
351318,MSPB-1,Medicare hospital spending per patient (Medicare Spending per Beneficiary),5.0,2024-01-01,2024-12-31,
351319,MSPB-1,Medicare hospital spending per patient (Medicare Spending per Beneficiary),5.0,2024-01-01,2024-12-31,
351320,MSPB-1,Medicare hospital spending per patient (Medicare Spending per Beneficiary),5.0,2024-01-01,2024-12-31,
351321,MSPB-1,Medicare hospital spending per patient (Medicare Spending per Beneficiary),5.0,2024-01-01,2024-12-31,
351322,MSPB-1,Medicare hospital spending per patient (Medicare Spending per Beneficiary),5.0,2024-01-01,2024-12-31,
351323,MSPB-1,Medicare hospital spending per patient (Medicare Spending per Beneficiary),5.0,2024-01-01,2024-12-31,
351324,MSPB-1,Medicare hospital spending per patient (Medicare Spending per Beneficiary),5.0,2024-01-01,2024-12-31,
351325,MSPB-1,Medicare hospital spending per patient (Medicare Spending per Beneficiary),5.0,2024-01-01,2024-12-31,
351326,MSPB-1,Medicare hospital spending per patient (Medicare Spending per Beneficiary),5.0,2024-01-01,2024-12-31,
351327,MSPB-1,Medicare hospital spending per patient (Medicare Spending per Beneficiary),5.0,2024-01-01,2024-12-31,
351328,MSPB-1,Medicare hospital spending per patient (Medicare Spending per Beneficiary),5.0,2024-01-01,2024-12-31,
351329,MSPB-1,Medicare hospital spending per patient (Medicare Spending per Beneficiary),5.0,2024-01-01,2024-12-31,
351330,MSPB-1,Medicare hospital spending per patient (Medicare Spending per Beneficiary),5.0,2024-01-01,2024-12-31,
351331,MSPB-1,Medicare hospital spending per patient (Medicare Spending per Beneficiary),5.0,2024-01-01,2024-12-31,
351332,MSPB-1,Medicare hospital spending per patient (Medicare Spending per Beneficiary),5.0,2024-01-01,2024-12-31,
351333,MSPB-1,Medicare hospital spending per patient (Medicare Spending per Beneficiary),5.0,2024-01-01,2024-12-31,
351334,MSPB-1,Medicare hospital spending per patient (Medicare Spending per Beneficiary),5.0,2024-01-01,2024-12-31,
351335,MSPB-1,Medicare hospital spending per patient (Medicare Spending per Beneficiary),5.0,2024-01-01,2024-12-31,
351336,MSPB-1,Medicare hospital spending per patient (Medicare Spending per Beneficiary),5.0,2024-01-01,2024-12-31,
351364,MSPB-1,Medicare hospital spending per patient (Medicare Spending per Beneficiary),5.0,2024-01-01,2024-12-31,
360001,MSPB-1,Medicare hospital spending per patient (Medicare Spending per Beneficiary),,2024-01-01,2024-12-31,0.98
360002,MSPB-1,Medicare hospital spending per patient (Medicare Spending per Beneficiary),,2024-01-01,2024-12-31,0.96
360003,MSPB-1,Medicare hospital spending per patient (Medicare Spending per Beneficiary),,2024-01-01,2024-12-31,1.07
360006,MSPB-1,Medicare hospital spending per patient (Medicare Spending per Beneficiary),,2024-01-01,2024-12-31,0.97
360008,MSPB-1,Medicare hospital spending per patient (Medicare Spending per Beneficiary),,2024-01-01,2024-12-31,0.99
360009,MSPB-1,Medicare hospital spending per patient (Medicare Spending per Beneficiary),,2024-01-01,2024-12-31,0.98
360010,MSPB-1,Medicare hospital spending per patient (Medicare Spending per Beneficiary),,2024-01-01,2024-12-31,1.01
360011,MSPB-1,Medicare hospital spending per patient (Medicare Spending per Beneficiary),,2024-01-01,2024-12-31,1.0
360012,MSPB-1,Medicare hospital spending per patient (Medicare Spending per Beneficiary),,2024-01-01,2024-12-31,1.01
360013,MSPB-1,Medicare hospital spending per patient (Medicare Spending per Beneficiary),,2024-01-01,2024-12-31,1.01
360014,MSPB-1,Medicare hospital spending per patient (Medicare Spending per Beneficiary),,2024-01-01,2024-12-31,0.9
360016,MSPB-1,Medicare hospital spending per patient (Medicare Spending per Beneficiary),,2024-01-01,2024-12-31,1.03
360017,MSPB-1,Medicare hospital spending per patient (Medicare Spending per Beneficiary),,2024-01-01,2024-12-31,0.97
360020,MSPB-1,Medicare hospital spending per patient (Medicare Spending per Beneficiary),,2024-01-01,2024-12-31,1.02
360025,MSPB-1,Medicare hospital spending per patient (Medicare Spending per Beneficiary),,2024-01-01,2024-12-31,1.03
360026,MSPB-1,Medicare hospital spending per patient (Medicare Spending per Beneficiary),,2024-01-01,2024-12-31,0.97
360027,MSPB-1,Medicare hospital spending per patient (Medicare Spending per Beneficiary),,2024-01-01,2024-12-31,1.01
360029,MSPB-1,Medicare hospital spending per patient (Medicare Spending per Beneficiary),,2024-01-01,2024-12-31,0.97
360032,MSPB-1,Medicare hospital spending per patient (Medicare Spending per Beneficiary),,2024-01-01,2024-12-31,1.03
360035,MSPB-1,Medicare hospital spending per patient (Medicare Spending per Beneficiary),,2024-01-01,2024-12-31,0.98
360036,MSPB-1,Medicare hospital spending per patient (Medicare Spending per Beneficiary),,2024-01-01,2024-12-31,0.97
360039,MSPB-1,Medicare hospital spending per patient (Medicare Spending per Beneficiary),,2024-01-01,2024-12-31,0.9
360040,MSPB-1,Medicare hospital spending per patient (Medicare Spending per Beneficiary),,2024-01-01,2024-12-31,0.97
360041,MSPB-1,Medicare hospital spending per patient (Medicare Spending per Beneficiary),,2024-01-01,2024-12-31,1.01
360046,MSPB-1,Medicare hospital spending per patient (Medicare Spending per Beneficiary),,2024-01-01,2024-12-31,0.93
360048,MSPB-1,Medicare hospital spending per patient (Medicare Spending per Beneficiary),,2024-01-01,2024-12-31,1.02
360051,MSPB-1,Medicare hospital spending per patient (Medicare Spending per Beneficiary),,2024-01-01,2024-12-31,1.02
360054,MSPB-1,Medicare hospital spending per patient (Medicare Spending per Beneficiary),,2024-01-01,2024-12-31,1.15
360055,MSPB-1,Medicare hospital spending per patient (Medicare Spending per Beneficiary),,2024-01-01,2024-12-31,1.04
360056,MSPB-1,Medicare hospital spending per patient (Medicare Spending per Beneficiary),,2024-01-01,2024-12-31,0.99
360058,MSPB-1,Medicare hospital spending per patient (Medicare Spending per Beneficiary),,2024-01-01,2024-12-31,0.93
360059,MSPB-1,Medicare hospital spending per patient (Medicare Spending per Beneficiary),,2024-01-01,2024-12-31,0.96
360064,MSPB-1,Medicare hospital spending per patient (Medicare Spending per Beneficiary),,2024-01-01,2024-12-31,1.03
360065,MSPB-1,Medicare hospital spending per patient (Medicare Spending per Beneficiary),,2024-01-01,2024-12-31,0.95
360066,MSPB-1,Medicare hospital spending per patient (Medicare Spending per Beneficiary),,2024-01-01,2024-12-31,0.99
360068,MSPB-1,Medicare hospital spending per patient (Medicare Spending per Beneficiary),,2024-01-01,2024-12-31,1.03
360070,MSPB-1,Medicare hospital spending per patient (Medicare Spending per Beneficiary),,2024-01-01,2024-12-31,1.0
360071,MSPB-1,Medicare hospital spending per patient (Medicare Spending per Beneficiary),,2024-01-01,2024-12-31,0.92
360072,MSPB-1,Medicare hospital spending per patient (Medicare Spending per Beneficiary),,2024-01-01,2024-12-31,0.95
360075,MSPB-1,Medicare hospital spending per patient (Medicare Spending per Beneficiary),,2024-01-01,2024-12-31,0.98
360076,MSPB-1,Medicare hospital spending per patient (Medicare Spending per Beneficiary),,2024-01-01,2024-12-31,1.01
360077,MSPB-1,Medicare hospital spending per patient (Medicare Spending per Beneficiary),,2024-01-01,2024-12-31,0.98
360078,MSPB-1,Medicare hospital spending per patient (Medicare Spending per Beneficiary),,2024-01-01,2024-12-31,0.95
360079,MSPB-1,Medicare hospital spending per patient (Medicare Spending per Beneficiary),,2024-01-01,2024-12-31,1.05
360080,MSPB-1,Medicare hospital spending per patient (Medicare Spending per Beneficiary),,2024-01-01,2024-12-31,0.94
360082,MSPB-1,Medicare hospital spending per patient (Medicare Spending per Beneficiary),,2024-01-01,2024-12-31,1.02
360084,MSPB-1,Medicare hospital spending per patient (Medicare Spending per Beneficiary),,2024-01-01,2024-12-31,1.0
360085,MSPB-1,Medicare hospital spending per patient (Medicare Spending per Beneficiary),,2024-01-01,2024-12-31,0.98
360086,MSPB-1,Medicare hospital spending per patient (Medicare Spending per Beneficiary),,2024-01-01,2024-12-31,1.04
360087,MSPB-1,Medicare hospital spending per patient (Medicare Spending per Beneficiary),,2024-01-01,2024-12-31,0.97
360089,MSPB-1,Medicare hospital spending per patient (Medicare Spending per Beneficiary),,2024-01-01,2024-12-31,0.91
360091,MSPB-1,Medicare hospital spending per patient (Medicare Spending per Beneficiary),,2024-01-01,2024-12-31,1.05
360092,MSPB-1,Medicare hospital spending per patient (Medicare Spending per Beneficiary),,2024-01-01,2024-12-31,0.84
360095,MSPB-1,Medicare hospital spending per patient (Medicare Spending per Beneficiary),,2024-01-01,2024-12-31,1.02
360096,MSPB-1,Medicare hospital spending per patient (Medicare Spending per Beneficiary),,2024-01-01,2024-12-31,0.95
360098,MSPB-1,Medicare hospital spending per patient (Medicare Spending per Beneficiary),,2024-01-01,2024-12-31,1.01
360107,MSPB-1,Medicare hospital spending per patient (Medicare Spending per Beneficiary),,2024-01-01,2024-12-31,0.96
360109,MSPB-1,Medicare hospital spending per patient (Medicare Spending per Beneficiary),,2024-01-01,2024-12-31,0.94
360112,MSPB-1,Medicare hospital spending per patient (Medicare Spending per Beneficiary),,2024-01-01,2024-12-31,1.04
360118,MSPB-1,Medicare hospital spending per patient (Medicare Spending per Beneficiary),,2024-01-01,2024-12-31,0.98
360121,MSPB-1,Medicare hospital spending per patient (Medicare Spending per Beneficiary),,2024-01-01,2024-12-31,1.03
360123,MSPB-1,Medicare hospital spending per patient (Medicare Spending per Beneficiary),,2024-01-01,2024-12-31,1.06
360125,MSPB-1,Medicare hospital spending per patient (Medicare Spending per Beneficiary),,2024-01-01,2024-12-31,1.05
360131,MSPB-1,Medicare hospital spending per patient (Medicare Spending per Beneficiary),,2024-01-01,2024-12-31,1.07
360132,MSPB-1,Medicare hospital spending per patient (Medicare Spending per Beneficiary),,2024-01-01,2024-12-31,1.01
360133,MSPB-1,Medicare hospital spending per patient (Medicare Spending per Beneficiary),,2024-01-01,2024-12-31,0.99
360134,MSPB-1,Medicare hospital spending per patient (Medicare Spending per Beneficiary),,2024-01-01,2024-12-31,0.96
360137,MSPB-1,Medicare hospital spending per patient (Medicare Spending per Beneficiary),,2024-01-01,2024-12-31,1.05
360143,MSPB-1,Medicare hospital spending per patient (Medicare Spending per Beneficiary),,2024-01-01,2024-12-31,1.0
360144,MSPB-1,Medicare hospital spending per patient (Medicare Spending per Beneficiary),,2024-01-01,2024-12-31,0.96
360145,MSPB-1,Medicare hospital spending per patient (Medicare Spending per Beneficiary),,2024-01-01,2024-12-31,1.04
360147,MSPB-1,Medicare hospital spending per patient (Medicare Spending per Beneficiary),,2024-01-01,2024-12-31,0.97
360148,MSPB-1,Medicare hospital spending per patient (Medicare Spending per Beneficiary),,2024-01-01,2024-12-31,0.84
360150,MSPB-1,Medicare hospital spending per patient (Medicare Spending per Beneficiary),,2024-01-01,2024-12-31,0.97
360152,MSPB-1,Medicare hospital spending per patient (Medicare Spending per Beneficiary),,2024-01-01,2024-12-31,0.96
360155,MSPB-1,Medicare hospital spending per patient (Medicare Spending per Beneficiary),,2024-01-01,2024-12-31,0.97
360156,MSPB-1,Medicare hospital spending per patient (Medicare Spending per Beneficiary),,2024-01-01,2024-12-31,0.95
360159,MSPB-1,Medicare hospital spending per patient (Medicare Spending per Beneficiary),,2024-01-01,2024-12-31,1.01
360161,MSPB-1,Medicare hospital spending per patient (Medicare Spending per Beneficiary),,2024-01-01,2024-12-31,1.02
360163,MSPB-1,Medicare hospital spending per patient (Medicare Spending per Beneficiary),,2024-01-01,2024-12-31,0.96
360170,MSPB-1,Medicare hospital spending per patient (Medicare Spending per Beneficiary),,2024-01-01,2024-12-31,0.88
360172,MSPB-1,Medicare hospital spending per patient (Medicare Spending per Beneficiary),,2024-01-01,2024-12-31,1.16
360174,MSPB-1,Medicare hospital spending per patient (Medicare Spending per Beneficiary),,2024-01-01,2024-12-31,0.95
360175,MSPB-1,Medicare hospital spending per patient (Medicare Spending per Beneficiary),,2024-01-01,2024-12-31,1.06
360179,MSPB-1,Medicare hospital spending per patient (Medicare Spending per Beneficiary),,2024-01-01,2024-12-31,1.0
360180,MSPB-1,Medicare hospital spending per patient (Medicare Spending per Beneficiary),,2024-01-01,2024-12-31,0.95
360185,MSPB-1,Medicare hospital spending per patient (Medicare Spending per Beneficiary),,2024-01-01,2024-12-31,1.02
360189,MSPB-1,Medicare hospital spending per patient (Medicare Spending per Beneficiary),,2024-01-01,2024-12-31,0.83
360197,MSPB-1,Medicare hospital spending per patient (Medicare Spending per Beneficiary),,2024-01-01,2024-12-31,0.98
360203,MSPB-1,Medicare hospital spending per patient (Medicare Spending per Beneficiary),,2024-01-01,2024-12-31,0.92
360210,MSPB-1,Medicare hospital spending per patient (Medicare Spending per Beneficiary),,2024-01-01,2024-12-31,0.92
360211,MSPB-1,Medicare hospital spending per patient (Medicare Spending per Beneficiary),,2024-01-01,2024-12-31,1.03
360218,MSPB-1,Medicare hospital spending per patient (Medicare Spending per Beneficiary),,2024-01-01,2024-12-31,1.0
360230,MSPB-1,Medicare hospital spending per patient (Medicare Spending per Beneficiary),,2024-01-01,2024-12-31,0.99
360234,MSPB-1,Medicare hospital spending per patient (Medicare Spending per Beneficiary),,2024-01-01,2024-12-31,0.95
360236,MSPB-1,Medicare hospital spending per patient (Medicare Spending per Beneficiary),,2024-01-01,2024-12-31,0.96
360239,MSPB-1,Medicare hospital spending per patient (Medicare Spending per Beneficiary),,2024-01-01,2024-12-31,1.04
360245,MSPB-1,Medicare hospital spending per patient (Medicare Spending per Beneficiary),,2024-01-01,2024-12-31,0.78
360259,MSPB-1,Medicare hospital spending per patient (Medicare Spending per Beneficiary),,2024-01-01,2024-12-31,0.97
360263,MSPB-1,Medicare hospital spending per patient (Medicare Spending per Beneficiary),,2024-01-01,2024-12-31,0.91
360266,MSPB-1,Medicare hospital spending per patient (Medicare Spending per Beneficiary),,2024-01-01,2024-12-31,0.93
360270,MSPB-1,Medicare hospital spending per patient (Medicare Spending per Beneficiary),,2024-01-01,2024-12-31,0.91
360276,MSPB-1,Medicare hospital spending per patient (Medicare Spending per Beneficiary),,2024-01-01,2024-12-31,1.01
360348,MSPB-1,Medicare hospital spending per patient (Medicare Spending per Beneficiary),,2024-01-01,2024-12-31,0.92
360351,MSPB-1,Medicare hospital spending per patient (Medicare Spending per Beneficiary),,2024-01-01,2024-12-31,0.85
360352,MSPB-1,Medicare hospital spending per patient (Medicare Spending per Beneficiary),,2024-01-01,2024-12-31,0.95
360354,MSPB-1,Medicare hospital spending per patient (Medicare Spending per Beneficiary),,2024-01-01,2024-12-31,1.0
360355,MSPB-1,Medicare hospital spending per patient (Medicare Spending per Beneficiary),,2024-01-01,2024-12-31,0.95
360358,MSPB-1,Medicare hospital spending per patient (Medicare Spending per Beneficiary),1.0,2024-01-01,2024-12-31,
360359,MSPB-1,Medicare hospital spending per patient (Medicare Spending per Beneficiary),,2024-01-01,2024-12-31,1.01
360360,MSPB-1,Medicare hospital spending per patient (Medicare Spending per Beneficiary),,2024-01-01,2024-12-31,0.99
360361,MSPB-1,Medicare hospital spending per patient (Medicare Spending per Beneficiary),1.0,2024-01-01,2024-12-31,
360364,MSPB-1,Medicare hospital spending per patient (Medicare Spending per Beneficiary),,2024-01-01,2024-12-31,0.94
360365,MSPB-1,Medicare hospital spending per patient (Medicare Spending per Beneficiary),,2024-01-01,2024-12-31,1.08
360367,MSPB-1,Medicare hospital spending per patient (Medicare Spending per Beneficiary),,2024-01-01,2024-12-31,1.07
360368,MSPB-1,Medicare hospital spending per patient (Medicare Spending per Beneficiary),,2024-01-01,2024-12-31,0.92
360374,MSPB-1,Medicare hospital spending per patient (Medicare Spending per Beneficiary),,2024-01-01,2024-12-31,0.95
360375,MSPB-1,Medicare hospital spending per patient (Medicare Spending per Beneficiary),5.0,2024-01-01,2024-12-31,
361300,MSPB-1,Medicare hospital spending per patient (Medicare Spending per Beneficiary),5.0,2024-01-01,2024-12-31,
361302,MSPB-1,Medicare hospital spending per patient (Medicare Spending per Beneficiary),5.0,2024-01-01,2024-12-31,
361303,MSPB-1,Medicare hospital spending per patient (Medicare Spending per Beneficiary),5.0,2024-01-01,2024-12-31,
361304,MSPB-1,Medicare hospital spending per patient (Medicare Spending per Beneficiary),5.0,2024-01-01,2024-12-31,
361306,MSPB-1,Medicare hospital spending per patient (Medicare Spending per Beneficiary),5.0,2024-01-01,2024-12-31,
361307,MSPB-1,Medicare hospital spending per patient (Medicare Spending per Beneficiary),5.0,2024-01-01,2024-12-31,
361308,MSPB-1,Medicare hospital spending per patient (Medicare Spending per Beneficiary),5.0,2024-01-01,2024-12-31,
361309,MSPB-1,Medicare hospital spending per patient (Medicare Spending per Beneficiary),5.0,2024-01-01,2024-12-31,
361310,MSPB-1,Medicare hospital spending per patient (Medicare Spending per Beneficiary),5.0,2024-01-01,2024-12-31,
361311,MSPB-1,Medicare hospital spending per patient (Medicare Spending per Beneficiary),5.0,2024-01-01,2024-12-31,
361312,MSPB-1,Medicare hospital spending per patient (Medicare Spending per Beneficiary),5.0,2024-01-01,2024-12-31,
361313,MSPB-1,Medicare hospital spending per patient (Medicare Spending per Beneficiary),5.0,2024-01-01,2024-12-31,
361314,MSPB-1,Medicare hospital spending per patient (Medicare Spending per Beneficiary),5.0,2024-01-01,2024-12-31,
361315,MSPB-1,Medicare hospital spending per patient (Medicare Spending per Beneficiary),5.0,2024-01-01,2024-12-31,
361316,MSPB-1,Medicare hospital spending per patient (Medicare Spending per Beneficiary),5.0,2024-01-01,2024-12-31,
361318,MSPB-1,Medicare hospital spending per patient (Medicare Spending per Beneficiary),5.0,2024-01-01,2024-12-31,
361319,MSPB-1,Medicare hospital spending per patient (Medicare Spending per Beneficiary),5.0,2024-01-01,2024-12-31,
361320,MSPB-1,Medicare hospital spending per patient (Medicare Spending per Beneficiary),5.0,2024-01-01,2024-12-31,
361321,MSPB-1,Medicare hospital spending per patient (Medicare Spending per Beneficiary),5.0,2024-01-01,2024-12-31,
361322,MSPB-1,Medicare hospital spending per patient (Medicare Spending per Beneficiary),5.0,2024-01-01,2024-12-31,
361323,MSPB-1,Medicare hospital spending per patient (Medicare Spending per Beneficiary),5.0,2024-01-01,2024-12-31,
361324,MSPB-1,Medicare hospital spending per patient (Medicare Spending per Beneficiary),5.0,2024-01-01,2024-12-31,
361325,MSPB-1,Medicare hospital spending per patient (Medicare Spending per Beneficiary),5.0,2024-01-01,2024-12-31,
361326,MSPB-1,Medicare hospital spending per patient (Medicare Spending per Beneficiary),5.0,2024-01-01,2024-12-31,
361327,MSPB-1,Medicare hospital spending per patient (Medicare Spending per Beneficiary),5.0,2024-01-01,2024-12-31,
361328,MSPB-1,Medicare hospital spending per patient (Medicare Spending per Beneficiary),5.0,2024-01-01,2024-12-31,
361329,MSPB-1,Medicare hospital spending per patient (Medicare Spending per Beneficiary),5.0,2024-01-01,2024-12-31,
361330,MSPB-1,Medicare hospital spending per patient (Medicare Spending per Beneficiary),5.0,2024-01-01,2024-12-31,
361331,MSPB-1,Medicare hospital spending per patient (Medicare Spending per Beneficiary),5.0,2024-01-01,2024-12-31,
361332,MSPB-1,Medicare hospital spending per patient (Medicare Spending per Beneficiary),5.0,2024-01-01,2024-12-31,
361333,MSPB-1,Medicare hospital spending per patient (Medicare Spending per Beneficiary),5.0,2024-01-01,2024-12-31,
361334,MSPB-1,Medicare hospital spending per patient (Medicare Spending per Beneficiary),5.0,2024-01-01,2024-12-31,
361335,MSPB-1,Medicare hospital spending per patient (Medicare Spending per Beneficiary),5.0,2024-01-01,2024-12-31,
363300,MSPB-1,Medicare hospital spending per patient (Medicare Spending per Beneficiary),19.0,2024-01-01,2024-12-31,
363302,MSPB-1,Medicare hospital spending per patient (Medicare Spending per Beneficiary),19.0,2024-01-01,2024-12-31,
363303,MSPB-1,Medicare hospital spending per patient (Medicare Spending per Beneficiary),19.0,2024-01-01,2024-12-31,
363304,MSPB-1,Medicare hospital spending per patient (Medicare Spending per Beneficiary),19.0,2024-01-01,2024-12-31,
363305,MSPB-1,Medicare hospital spending per patient (Medicare Spending per Beneficiary),19.0,2024-01-01,2024-12-31,
363306,MSPB-1,Medicare hospital spending per patient (Medicare Spending per Beneficiary),19.0,2024-01-01,2024-12-31,
363308,MSPB-1,Medicare hospital spending per patient (Medicare Spending per Beneficiary),19.0,2024-01-01,2024-12-31,
363309,MSPB-1,Medicare hospital spending per patient (Medicare Spending per Beneficiary),19.0,2024-01-01,2024-12-31,
370001,MSPB-1,Medicare hospital spending per patient (Medicare Spending per Beneficiary),,2024-01-01,2024-12-31,1.04
370002,MSPB-1,Medicare hospital spending per patient (Medicare Spending per Beneficiary),,2024-01-01,2024-12-31,1.08
370004,MSPB-1,Medicare hospital spending per patient (Medicare Spending per Beneficiary),,2024-01-01,2024-12-31,0.95
370006,MSPB-1,Medicare hospital spending per patient (Medicare Spending per Beneficiary),,2024-01-01,2024-12-31,1.0
370008,MSPB-1,Medicare hospital spending per patient (Medicare Spending per Beneficiary),,2024-01-01,2024-12-31,0.95
370013,MSPB-1,Medicare hospital spending per patient (Medicare Spending per Beneficiary),,2024-01-01,2024-12-31,1.17
370014,MSPB-1,Medicare hospital spending per patient (Medicare Spending per Beneficiary),,2024-01-01,2024-12-31,0.98
370015,MSPB-1,Medicare hospital spending per patient (Medicare Spending per Beneficiary),,2024-01-01,2024-12-31,0.9
370016,MSPB-1,Medicare hospital spending per patient (Medicare Spending per Beneficiary),,2024-01-01,2024-12-31,1.11
370018,MSPB-1,Medicare hospital spending per patient (Medicare Spending per Beneficiary),29.0,2024-01-01,2024-12-31,0.98
370019,MSPB-1,Medicare hospital spending per patient (Medicare Spending per Beneficiary),,2024-01-01,2024-12-31,1.08
370020,MSPB-1,Medicare hospital spending per patient (Medicare Spending per Beneficiary),,2024-01-01,2024-12-31,1.0
370022,MSPB-1,Medicare hospital spending per patient (Medicare Spending per Beneficiary),,2024-01-01,2024-12-31,1.02
370023,MSPB-1,Medicare hospital spending per patient (Medicare Spending per Beneficiary),,2024-01-01,2024-12-31,1.0
370025,MSPB-1,Medicare hospital spending per patient (Medicare Spending per Beneficiary),,2024-01-01,2024-12-31,0.99
370026,MSPB-1,Medicare hospital spending per patient (Medicare Spending per Beneficiary),,2024-01-01,2024-12-31,1.04
370028,MSPB-1,Medicare hospital spending per patient (Medicare Spending per Beneficiary),,2024-01-01,2024-12-31,1.07
370034,MSPB-1,Medicare hospital spending per patient (Medicare Spending per Beneficiary),,2024-01-01,2024-12-31,0.98
370037,MSPB-1,Medicare hospital spending per patient (Medicare Spending per Beneficiary),,2024-01-01,2024-12-31,1.0
370039,MSPB-1,Medicare hospital spending per patient (Medicare Spending per Beneficiary),,2024-01-01,2024-12-31,0.91
370047,MSPB-1,Medicare hospital spending per patient (Medicare Spending per Beneficiary),,2024-01-01,2024-12-31,1.03
370049,MSPB-1,Medicare hospital spending per patient (Medicare Spending per Beneficiary),,2024-01-01,2024-12-31,1.03
370054,MSPB-1,Medicare hospital spending per patient (Medicare Spending per Beneficiary),,2024-01-01,2024-12-31,1.02
370056,MSPB-1,Medicare hospital spending per patient (Medicare Spending per Beneficiary),,2024-01-01,2024-12-31,0.97
370057,MSPB-1,Medicare hospital spending per patient (Medicare Spending per Beneficiary),,2024-01-01,2024-12-31,0.98
370078,MSPB-1,Medicare hospital spending per patient (Medicare Spending per Beneficiary),,2024-01-01,2024-12-31,1.03
370083,MSPB-1,Medicare hospital spending per patient (Medicare Spending per Beneficiary),,2024-01-01,2024-12-31,1.09
370089,MSPB-1,Medicare hospital spending per patient (Medicare Spending per Beneficiary),,2024-01-01,2024-12-31,0.97
370091,MSPB-1,Medicare hospital spending per patient (Medicare Spending per Beneficiary),,2024-01-01,2024-12-31,1.03
370093,MSPB-1,Medicare hospital spending per patient (Medicare Spending per Beneficiary),,2024-01-01,2024-12-31,1.08
370094,MSPB-1,Medicare hospital spending per patient (Medicare Spending per Beneficiary),1.0,2024-01-01,2024-12-31,
370097,MSPB-1,Medicare hospital spending per patient (Medicare Spending per Beneficiary),,2024-01-01,2024-12-31,1.02
370099,MSPB-1,Medicare hospital spending per patient (Medicare Spending per Beneficiary),,2024-01-01,2024-12-31,0.96
370100,MSPB-1,Medicare hospital spending per patient (Medicare Spending per Beneficiary),,2024-01-01,2024-12-31,1.25
370106,MSPB-1,Medicare hospital spending per patient (Medicare Spending per Beneficiary),,2024-01-01,2024-12-31,1.16
370112,MSPB-1,Medicare hospital spending per patient (Medicare Spending per Beneficiary),,2024-01-01,2024-12-31,1.05
370113,MSPB-1,Medicare hospital spending per patient (Medicare Spending per Beneficiary),,2024-01-01,2024-12-31,1.05
370114,MSPB-1,Medicare hospital spending per patient (Medicare Spending per Beneficiary),29.0,2024-01-01,2024-12-31,1.06
370149,MSPB-1,Medicare hospital spending per patient (Medicare Spending per Beneficiary),,2024-01-01,2024-12-31,0.92
370158,MSPB-1,Medicare hospital spending per patient (Medicare Spending per Beneficiary),,2024-01-01,2024-12-31,1.02
370166,MSPB-1,Medicare hospital spending per patient (Medicare Spending per Beneficiary),,2024-01-01,2024-12-31,0.89
370170,MSPB-1,Medicare hospital spending per patient (Medicare Spending per Beneficiary),,2024-01-01,2024-12-31,0.89
370171,MSPB-1,Medicare hospital spending per patient (Medicare Spending per Beneficiary),,2024-01-01,2024-12-31,0.89
370172,MSPB-1,Medicare hospital spending per patient (Medicare Spending per Beneficiary),,2024-01-01,2024-12-31,0.89
370173,MSPB-1,Medicare hospital spending per patient (Medicare Spending per Beneficiary),,2024-01-01,2024-12-31,0.75
370178,MSPB-1,Medicare hospital spending per patient (Medicare Spending per Beneficiary),,2024-01-01,2024-12-31,0.81
370180,MSPB-1,Medicare hospital spending per patient (Medicare Spending per Beneficiary),,2024-01-01,2024-12-31,0.73
370183,MSPB-1,Medicare hospital spending per patient (Medicare Spending per Beneficiary),,2024-01-01,2024-12-31,0.79
370192,MSPB-1,Medicare hospital spending per patient (Medicare Spending per Beneficiary),,2024-01-01,2024-12-31,0.98
370199,MSPB-1,Medicare hospital spending per patient (Medicare Spending per Beneficiary),1.0,2024-01-01,2024-12-31,
370201,MSPB-1,Medicare hospital spending per patient (Medicare Spending per Beneficiary),,2024-01-01,2024-12-31,0.89
370202,MSPB-1,Medicare hospital spending per patient (Medicare Spending per Beneficiary),,2024-01-01,2024-12-31,0.99
370203,MSPB-1,Medicare hospital spending per patient (Medicare Spending per Beneficiary),,2024-01-01,2024-12-31,1.04
370206,MSPB-1,Medicare hospital spending per patient (Medicare Spending per Beneficiary),,2024-01-01,2024-12-31,1.01
370210,MSPB-1,Medicare hospital spending per patient (Medicare Spending per Beneficiary),,2024-01-01,2024-12-31,1.01
370211,MSPB-1,Medicare hospital spending per patient (Medicare Spending per Beneficiary),,2024-01-01,2024-12-31,1.03
370212,MSPB-1,Medicare hospital spending per patient (Medicare Spending per Beneficiary),,2024-01-01,2024-12-31,0.93
370214,MSPB-1,Medicare hospital spending per patient (Medicare Spending per Beneficiary),5.0,2024-01-01,2024-12-31,
370215,MSPB-1,Medicare hospital spending per patient (Medicare Spending per Beneficiary),,2024-01-01,2024-12-31,1.01
370216,MSPB-1,Medicare hospital spending per patient (Medicare Spending per Beneficiary),,2024-01-01,2024-12-31,0.94
370218,MSPB-1,Medicare hospital spending per patient (Medicare Spending per Beneficiary),,2024-01-01,2024-12-31,0.93
370220,MSPB-1,Medicare hospital spending per patient (Medicare Spending per Beneficiary),,2024-01-01,2024-12-31,0.95
370222,MSPB-1,Medicare hospital spending per patient (Medicare Spending per Beneficiary),,2024-01-01,2024-12-31,0.96
370225,MSPB-1,Medicare hospital spending per patient (Medicare Spending per Beneficiary),,2024-01-01,2024-12-31,1.1
370227,MSPB-1,Medicare hospital spending per patient (Medicare Spending per Beneficiary),29.0,2024-01-01,2024-12-31,0.8
370228,MSPB-1,Medicare hospital spending per patient (Medicare Spending per Beneficiary),,2024-01-01,2024-12-31,0.89
370234,MSPB-1,Medicare hospital spending per patient (Medicare Spending per Beneficiary),,2024-01-01,2024-12-31,0.98
370235,MSPB-1,Medicare hospital spending per patient (Medicare Spending per Beneficiary),29.0,2024-01-01,2024-12-31,0.98
370236,MSPB-1,Medicare hospital spending per patient (Medicare Spending per Beneficiary),,2024-01-01,2024-12-31,1.02
370237,MSPB-1,Medicare hospital spending per patient (Medicare Spending per Beneficiary),,2024-01-01,2024-12-31,0.83
370240,MSPB-1,Medicare hospital spending per patient (Medicare Spending per Beneficiary),,2024-01-01,2024-12-31,0.91
370243,MSPB-1,Medicare hospital spending per patient (Medicare Spending per Beneficiary),1.0,2024-01-01,2024-12-31,
370244,MSPB-1,Medicare hospital spending per patient (Medicare Spending per Beneficiary),,2024-01-01,2024-12-31,1.06
370245,MSPB-1,Medicare hospital spending per patient (Medicare Spending per Beneficiary),,2024-01-01,2024-12-31,1.04
370246,MSPB-1,Medicare hospital spending per patient (Medicare Spending per Beneficiary),1.0,2024-01-01,2024-12-31,
370247,MSPB-1,Medicare hospital spending per patient (Medicare Spending per Beneficiary),5.0,2024-01-01,2024-12-31,
370779,MSPB-1,Medicare hospital spending per patient (Medicare Spending per Beneficiary),19.0,2024-01-01,2024-12-31,
370780,MSPB-1,Medicare hospital spending per patient (Medicare Spending per Beneficiary),19.0,2024-01-01,2024-12-31,
370781,MSPB-1,Medicare hospital spending per patient (Medicare Spending per Beneficiary),19.0,2024-01-01,2024-12-31,
370783,MSPB-1,Medicare hospital spending per patient (Medicare Spending per Beneficiary),19.0,2024-01-01,2024-12-31,
371300,MSPB-1,Medicare hospital spending per patient (Medicare Spending per Beneficiary),5.0,2024-01-01,2024-12-31,
371301,MSPB-1,Medicare hospital spending per patient (Medicare Spending per Beneficiary),5.0,2024-01-01,2024-12-31,
371302,MSPB-1,Medicare hospital spending per patient (Medicare Spending per Beneficiary),5.0,2024-01-01,2024-12-31,
371303,MSPB-1,Medicare hospital spending per patient (Medicare Spending per Beneficiary),5.0,2024-01-01,2024-12-31,
371304,MSPB-1,Medicare hospital spending per patient (Medicare Spending per Beneficiary),5.0,2024-01-01,2024-12-31,
371305,MSPB-1,Medicare hospital spending per patient (Medicare Spending per Beneficiary),5.0,2024-01-01,2024-12-31,
371306,MSPB-1,Medicare hospital spending per patient (Medicare Spending per Beneficiary),5.0,2024-01-01,2024-12-31,
371307,MSPB-1,Medicare hospital spending per patient (Medicare Spending per Beneficiary),5.0,2024-01-01,2024-12-31,
371309,MSPB-1,Medicare hospital spending per patient (Medicare Spending per Beneficiary),5.0,2024-01-01,2024-12-31,
371310,MSPB-1,Medicare hospital spending per patient (Medicare Spending per Beneficiary),5.0,2024-01-01,2024-12-31,
371311,MSPB-1,Medicare hospital spending per patient (Medicare Spending per Beneficiary),5.0,2024-01-01,2024-12-31,
371312,MSPB-1,Medicare hospital spending per patient (Medicare Spending per Beneficiary),5.0,2024-01-01,2024-12-31,
371313,MSPB-1,Medicare hospital spending per patient (Medicare Spending per Beneficiary),5.0,2024-01-01,2024-12-31,
371314,MSPB-1,Medicare hospital spending per patient (Medicare Spending per Beneficiary),5.0,2024-01-01,2024-12-31,
371316,MSPB-1,Medicare hospital spending per patient (Medicare Spending per Beneficiary),5.0,2024-01-01,2024-12-31,
371317,MSPB-1,Medicare hospital spending per patient (Medicare Spending per Beneficiary),5.0,2024-01-01,2024-12-31,
371318,MSPB-1,Medicare hospital spending per patient (Medicare Spending per Beneficiary),5.0,2024-01-01,2024-12-31,
371319,MSPB-1,Medicare hospital spending per patient (Medicare Spending per Beneficiary),5.0,2024-01-01,2024-12-31,
371320,MSPB-1,Medicare hospital spending per patient (Medicare Spending per Beneficiary),5.0,2024-01-01,2024-12-31,
371321,MSPB-1,Medicare hospital spending per patient (Medicare Spending per Beneficiary),5.0,2024-01-01,2024-12-31,
371322,MSPB-1,Medicare hospital spending per patient (Medicare Spending per Beneficiary),5.0,2024-01-01,2024-12-31,
371323,MSPB-1,Medicare hospital spending per patient (Medicare Spending per Beneficiary),5.0,2024-01-01,2024-12-31,
371325,MSPB-1,Medicare hospital spending per patient (Medicare Spending per Beneficiary),5.0,2024-01-01,2024-12-31,
371326,MSPB-1,Medicare hospital spending per patient (Medicare Spending per Beneficiary),5.0,2024-01-01,2024-12-31,
371327,MSPB-1,Medicare hospital spending per patient (Medicare Spending per Beneficiary),5.0,2024-01-01,2024-12-31,
371328,MSPB-1,Medicare hospital spending per patient (Medicare Spending per Beneficiary),5.0,2024-01-01,2024-12-31,
371329,MSPB-1,Medicare hospital spending per patient (Medicare Spending per Beneficiary),5.0,2024-01-01,2024-12-31,
371330,MSPB-1,Medicare hospital spending per patient (Medicare Spending per Beneficiary),5.0,2024-01-01,2024-12-31,
371331,MSPB-1,Medicare hospital spending per patient (Medicare Spending per Beneficiary),5.0,2024-01-01,2024-12-31,
371332,MSPB-1,Medicare hospital spending per patient (Medicare Spending per Beneficiary),5.0,2024-01-01,2024-12-31,
371333,MSPB-1,Medicare hospital spending per patient (Medicare Spending per Beneficiary),5.0,2024-01-01,2024-12-31,
371334,MSPB-1,Medicare hospital spending per patient (Medicare Spending per Beneficiary),5.0,2024-01-01,2024-12-31,
371335,MSPB-1,Medicare hospital spending per patient (Medicare Spending per Beneficiary),5.0,2024-01-01,2024-12-31,
371336,MSPB-1,Medicare hospital spending per patient (Medicare Spending per Beneficiary),5.0,2024-01-01,2024-12-31,
371337,MSPB-1,Medicare hospital spending per patient (Medicare Spending per Beneficiary),5.0,2024-01-01,2024-12-31,
371338,MSPB-1,Medicare hospital spending per patient (Medicare Spending per Beneficiary),5.0,2024-01-01,2024-12-31,
371340,MSPB-1,Medicare hospital spending per patient (Medicare Spending per Beneficiary),5.0,2024-01-01,2024-12-31,
371341,MSPB-1,Medicare hospital spending per patient (Medicare Spending per Beneficiary),5.0,2024-01-01,2024-12-31,
371342,MSPB-1,Medicare hospital spending per patient (Medicare Spending per Beneficiary),5.0,2024-01-01,2024-12-31,
373300,MSPB-1,Medicare hospital spending per patient (Medicare Spending per Beneficiary),19.0,2024-01-01,2024-12-31,
373303,MSPB-1,Medicare hospital spending per patient (Medicare Spending per Beneficiary),19.0,2024-01-01,2024-12-31,
380001,MSPB-1,Medicare hospital spending per patient (Medicare Spending per Beneficiary),,2024-01-01,2024-12-31,0.81
380002,MSPB-1,Medicare hospital spending per patient (Medicare Spending per Beneficiary),,2024-01-01,2024-12-31,0.87
380004,MSPB-1,Medicare hospital spending per patient (Medicare Spending per Beneficiary),,2024-01-01,2024-12-31,0.89
380005,MSPB-1,Medicare hospital spending per patient (Medicare Spending per Beneficiary),,2024-01-01,2024-12-31,0.82
380007,MSPB-1,Medicare hospital spending per patient (Medicare Spending per Beneficiary),,2024-01-01,2024-12-31,0.97
380009,MSPB-1,Medicare hospital spending per patient (Medicare Spending per Beneficiary),,2024-01-01,2024-12-31,0.97
380014,MSPB-1,Medicare hospital spending per patient (Medicare Spending per Beneficiary),,2024-01-01,2024-12-31,0.86
380017,MSPB-1,Medicare hospital spending per patient (Medicare Spending per Beneficiary),,2024-01-01,2024-12-31,0.96
380018,MSPB-1,Medicare hospital spending per patient (Medicare Spending per Beneficiary),,2024-01-01,2024-12-31,0.93
380020,MSPB-1,Medicare hospital spending per patient (Medicare Spending per Beneficiary),,2024-01-01,2024-12-31,0.85
380021,MSPB-1,Medicare hospital spending per patient (Medicare Spending per Beneficiary),,2024-01-01,2024-12-31,0.96
380022,MSPB-1,Medicare hospital spending per patient (Medicare Spending per Beneficiary),,2024-01-01,2024-12-31,0.9
380025,MSPB-1,Medicare hospital spending per patient (Medicare Spending per Beneficiary),,2024-01-01,2024-12-31,0.87
380027,MSPB-1,Medicare hospital spending per patient (Medicare Spending per Beneficiary),,2024-01-01,2024-12-31,0.86
380029,MSPB-1,Medicare hospital spending per patient (Medicare Spending per Beneficiary),,2024-01-01,2024-12-31,0.82
380037,MSPB-1,Medicare hospital spending per patient (Medicare Spending per Beneficiary),,2024-01-01,2024-12-31,0.83
380038,MSPB-1,Medicare hospital spending per patient (Medicare Spending per Beneficiary),,2024-01-01,2024-12-31,0.87
380047,MSPB-1,Medicare hospital spending per patient (Medicare Spending per Beneficiary),,2024-01-01,2024-12-31,0.9
380050,MSPB-1,Medicare hospital spending per patient (Medicare Spending per Beneficiary),,2024-01-01,2024-12-31,0.77
380051,MSPB-1,Medicare hospital spending per patient (Medicare Spending per Beneficiary),,2024-01-01,2024-12-31,0.9
380052,MSPB-1,Medicare hospital spending per patient (Medicare Spending per Beneficiary),,2024-01-01,2024-12-31,0.91
380056,MSPB-1,Medicare hospital spending per patient (Medicare Spending per Beneficiary),,2024-01-01,2024-12-31,0.91
380060,MSPB-1,Medicare hospital spending per patient (Medicare Spending per Beneficiary),,2024-01-01,2024-12-31,0.94
380061,MSPB-1,Medicare hospital spending per patient (Medicare Spending per Beneficiary),,2024-01-01,2024-12-31,0.94
380071,MSPB-1,Medicare hospital spending per patient (Medicare Spending per Beneficiary),,2024-01-01,2024-12-31,0.84
380075,MSPB-1,Medicare hospital spending per patient (Medicare Spending per Beneficiary),,2024-01-01,2024-12-31,0.91
380082,MSPB-1,Medicare hospital spending per patient (Medicare Spending per Beneficiary),,2024-01-01,2024-12-31,0.91
380089,MSPB-1,Medicare hospital spending per patient (Medicare Spending per Beneficiary),,2024-01-01,2024-12-31,0.87
380090,MSPB-1,Medicare hospital spending per patient (Medicare Spending per Beneficiary),,2024-01-01,2024-12-31,0.87
380091,MSPB-1,Medicare hospital spending per patient (Medicare Spending per Beneficiary),,2024-01-01,2024-12-31,0.89
380102,MSPB-1,Medicare hospital spending per patient (Medicare Spending per Beneficiary),,2024-01-01,2024-12-31,0.89
380103,MSPB-1,Medicare hospital spending per patient (Medicare Spending per Beneficiary),,2024-01-01,2024-12-31,0.85
381301,MSPB-1,Medicare hospital spending per patient (Medicare Spending per Beneficiary),5.0,2024-01-01,2024-12-31,
381302,MSPB-1,Medicare hospital spending per patient (Medicare Spending per Beneficiary),5.0,2024-01-01,2024-12-31,
381303,MSPB-1,Medicare hospital spending per patient (Medicare Spending per Beneficiary),5.0,2024-01-01,2024-12-31,
381304,MSPB-1,Medicare hospital spending per patient (Medicare Spending per Beneficiary),5.0,2024-01-01,2024-12-31,
381305,MSPB-1,Medicare hospital spending per patient (Medicare Spending per Beneficiary),5.0,2024-01-01,2024-12-31,
381306,MSPB-1,Medicare hospital spending per patient (Medicare Spending per Beneficiary),5.0,2024-01-01,2024-12-31,
381307,MSPB-1,Medicare hospital spending per patient (Medicare Spending per Beneficiary),5.0,2024-01-01,2024-12-31,
381308,MSPB-1,Medicare hospital spending per patient (Medicare Spending per Beneficiary),5.0,2024-01-01,2024-12-31,
381309,MSPB-1,Medicare hospital spending per patient (Medicare Spending per Beneficiary),5.0,2024-01-01,2024-12-31,
381310,MSPB-1,Medicare hospital spending per patient (Medicare Spending per Beneficiary),5.0,2024-01-01,2024-12-31,
381311,MSPB-1,Medicare hospital spending per patient (Medicare Spending per Beneficiary),5.0,2024-01-01,2024-12-31,
381312,MSPB-1,Medicare hospital spending per patient (Medicare Spending per Beneficiary),5.0,2024-01-01,2024-12-31,
381313,MSPB-1,Medicare hospital spending per patient (Medicare Spending per Beneficiary),5.0,2024-01-01,2024-12-31,
381314,MSPB-1,Medicare hospital spending per patient (Medicare Spending per Beneficiary),5.0,2024-01-01,2024-12-31,
381315,MSPB-1,Medicare hospital spending per patient (Medicare Spending per Beneficiary),5.0,2024-01-01,2024-12-31,
381316,MSPB-1,Medicare hospital spending per patient (Medicare Spending per Beneficiary),5.0,2024-01-01,2024-12-31,
381317,MSPB-1,Medicare hospital spending per patient (Medicare Spending per Beneficiary),5.0,2024-01-01,2024-12-31,
381318,MSPB-1,Medicare hospital spending per patient (Medicare Spending per Beneficiary),5.0,2024-01-01,2024-12-31,
381319,MSPB-1,Medicare hospital spending per patient (Medicare Spending per Beneficiary),5.0,2024-01-01,2024-12-31,
381320,MSPB-1,Medicare hospital spending per patient (Medicare Spending per Beneficiary),5.0,2024-01-01,2024-12-31,
381321,MSPB-1,Medicare hospital spending per patient (Medicare Spending per Beneficiary),5.0,2024-01-01,2024-12-31,
381322,MSPB-1,Medicare hospital spending per patient (Medicare Spending per Beneficiary),5.0,2024-01-01,2024-12-31,
381323,MSPB-1,Medicare hospital spending per patient (Medicare Spending per Beneficiary),5.0,2024-01-01,2024-12-31,
381324,MSPB-1,Medicare hospital spending per patient (Medicare Spending per Beneficiary),5.0,2024-01-01,2024-12-31,
381325,MSPB-1,Medicare hospital spending per patient (Medicare Spending per Beneficiary),5.0,2024-01-01,2024-12-31,
383300,MSPB-1,Medicare hospital spending per patient (Medicare Spending per Beneficiary),19.0,2024-01-01,2024-12-31,
390001,MSPB-1,Medicare hospital spending per patient (Medicare Spending per Beneficiary),,2024-01-01,2024-12-31,0.99
390002,MSPB-1,Medicare hospital spending per patient (Medicare Spending per Beneficiary),,2024-01-01,2024-12-31,1.02
390003,MSPB-1,Medicare hospital spending per patient (Medicare Spending per Beneficiary),,2024-01-01,2024-12-31,0.94
390004,MSPB-1,Medicare hospital spending per patient (Medicare Spending per Beneficiary),,2024-01-01,2024-12-31,1.11
390006,MSPB-1,Medicare hospital spending per patient (Medicare Spending per Beneficiary),,2024-01-01,2024-12-31,0.99
390009,MSPB-1,Medicare hospital spending per patient (Medicare Spending per Beneficiary),,2024-01-01,2024-12-31,0.99
390012,MSPB-1,Medicare hospital spending per patient (Medicare Spending per Beneficiary),,2024-01-01,2024-12-31,0.97
390013,MSPB-1,Medicare hospital spending per patient (Medicare Spending per Beneficiary),,2024-01-01,2024-12-31,0.91
390016,MSPB-1,Medicare hospital spending per patient (Medicare Spending per Beneficiary),,2024-01-01,2024-12-31,1.03
390025,MSPB-1,Medicare hospital spending per patient (Medicare Spending per Beneficiary),5.0,2024-01-01,2024-12-31,
390026,MSPB-1,Medicare hospital spending per patient (Medicare Spending per Beneficiary),,2024-01-01,2024-12-31,0.99
390027,MSPB-1,Medicare hospital spending per patient (Medicare Spending per Beneficiary),,2024-01-01,2024-12-31,1.02
390028,MSPB-1,Medicare hospital spending per patient (Medicare Spending per Beneficiary),,2024-01-01,2024-12-31,1.08
390030,MSPB-1,Medicare hospital spending per patient (Medicare Spending per Beneficiary),,2024-01-01,2024-12-31,1.07
390032,MSPB-1,Medicare hospital spending per patient (Medicare Spending per Beneficiary),,2024-01-01,2024-12-31,1.0
390035,MSPB-1,Medicare hospital spending per patient (Medicare Spending per Beneficiary),,2024-01-01,2024-12-31,0.92
390036,MSPB-1,Medicare hospital spending per patient (Medicare Spending per Beneficiary),,2024-01-01,2024-12-31,1.14
390037,MSPB-1,Medicare hospital spending per patient (Medicare Spending per Beneficiary),,2024-01-01,2024-12-31,1.12
390039,MSPB-1,Medicare hospital spending per patient (Medicare Spending per Beneficiary),,2024-01-01,2024-12-31,0.95
390041,MSPB-1,Medicare hospital spending per patient (Medicare Spending per Beneficiary),,2024-01-01,2024-12-31,0.93
390042,MSPB-1,Medicare hospital spending per patient (Medicare Spending per Beneficiary),,2024-01-01,2024-12-31,0.99
390044,MSPB-1,Medicare hospital spending per patient (Medicare Spending per Beneficiary),,2024-01-01,2024-12-31,1.02
390045,MSPB-1,Medicare hospital spending per patient (Medicare Spending per Beneficiary),,2024-01-01,2024-12-31,1.02
390046,MSPB-1,Medicare hospital spending per patient (Medicare Spending per Beneficiary),,2024-01-01,2024-12-31,1.01
390048,MSPB-1,Medicare hospital spending per patient (Medicare Spending per Beneficiary),,2024-01-01,2024-12-31,0.94
390049,MSPB-1,Medicare hospital spending per patient (Medicare Spending per Beneficiary),,2024-01-01,2024-12-31,0.97
390050,MSPB-1,Medicare hospital spending per patient (Medicare Spending per Beneficiary),,2024-01-01,2024-12-31,1.05
390056,MSPB-1,Medicare hospital spending per patient (Medicare Spending per Beneficiary),,2024-01-01,2024-12-31,0.93
390057,MSPB-1,Medicare hospital spending per patient (Medicare Spending per Beneficiary),,2024-01-01,2024-12-31,0.97
390058,MSPB-1,Medicare hospital spending per patient (Medicare Spending per Beneficiary),,2024-01-01,2024-12-31,1.01
390062,MSPB-1,Medicare hospital spending per patient (Medicare Spending per Beneficiary),,2024-01-01,2024-12-31,0.93
390063,MSPB-1,Medicare hospital spending per patient (Medicare Spending per Beneficiary),,2024-01-01,2024-12-31,1.06
390065,MSPB-1,Medicare hospital spending per patient (Medicare Spending per Beneficiary),,2024-01-01,2024-12-31,0.97
390066,MSPB-1,Medicare hospital spending per patient (Medicare Spending per Beneficiary),,2024-01-01,2024-12-31,0.96
390067,MSPB-1,Medicare hospital spending per patient (Medicare Spending per Beneficiary),,2024-01-01,2024-12-31,1.05
390068,MSPB-1,Medicare hospital spending per patient (Medicare Spending per Beneficiary),,2024-01-01,2024-12-31,0.98
390070,MSPB-1,Medicare hospital spending per patient (Medicare Spending per Beneficiary),,2024-01-01,2024-12-31,0.94
390073,MSPB-1,Medicare hospital spending per patient (Medicare Spending per Beneficiary),,2024-01-01,2024-12-31,1.12
390079,MSPB-1,Medicare hospital spending per patient (Medicare Spending per Beneficiary),,2024-01-01,2024-12-31,0.98
390086,MSPB-1,Medicare hospital spending per patient (Medicare Spending per Beneficiary),,2024-01-01,2024-12-31,0.99
390090,MSPB-1,Medicare hospital spending per patient (Medicare Spending per Beneficiary),,2024-01-01,2024-12-31,1.07
390091,MSPB-1,Medicare hospital spending per patient (Medicare Spending per Beneficiary),,2024-01-01,2024-12-31,0.96
390093,MSPB-1,Medicare hospital spending per patient (Medicare Spending per Beneficiary),,2024-01-01,2024-12-31,0.95
390096,MSPB-1,Medicare hospital spending per patient (Medicare Spending per Beneficiary),,2024-01-01,2024-12-31,1.05
390097,MSPB-1,Medicare hospital spending per patient (Medicare Spending per Beneficiary),,2024-01-01,2024-12-31,0.93
390100,MSPB-1,Medicare hospital spending per patient (Medicare Spending per Beneficiary),,2024-01-01,2024-12-31,0.97
390101,MSPB-1,Medicare hospital spending per patient (Medicare Spending per Beneficiary),,2024-01-01,2024-12-31,1.1
390102,MSPB-1,Medicare hospital spending per patient (Medicare Spending per Beneficiary),,2024-01-01,2024-12-31,1.01
390107,MSPB-1,Medicare hospital spending per patient (Medicare Spending per Beneficiary),,2024-01-01,2024-12-31,0.98
390110,MSPB-1,Medicare hospital spending per patient (Medicare Spending per Beneficiary),,2024-01-01,2024-12-31,1.03
390111,MSPB-1,Medicare hospital spending per patient (Medicare Spending per Beneficiary),,2024-01-01,2024-12-31,1.03
390112,MSPB-1,Medicare hospital spending per patient (Medicare Spending per Beneficiary),,2024-01-01,2024-12-31,1.02
390113,MSPB-1,Medicare hospital spending per patient (Medicare Spending per Beneficiary),,2024-01-01,2024-12-31,0.94
390114,MSPB-1,Medicare hospital spending per patient (Medicare Spending per Beneficiary),,2024-01-01,2024-12-31,1.02
390115,MSPB-1,Medicare hospital spending per patient (Medicare Spending per Beneficiary),,2024-01-01,2024-12-31,1.05
390116,MSPB-1,Medicare hospital spending per patient (Medicare Spending per Beneficiary),,2024-01-01,2024-12-31,0.9
390117,MSPB-1,Medicare hospital spending per patient (Medicare Spending per Beneficiary),,2024-01-01,2024-12-31,1.04
390123,MSPB-1,Medicare hospital spending per patient (Medicare Spending per Beneficiary),,2024-01-01,2024-12-31,1.0
390125,MSPB-1,Medicare hospital spending per patient (Medicare Spending per Beneficiary),,2024-01-01,2024-12-31,1.02
390127,MSPB-1,Medicare hospital spending per patient (Medicare Spending per Beneficiary),,2024-01-01,2024-12-31,0.98
390133,MSPB-1,Medicare hospital spending per patient (Medicare Spending per Beneficiary),,2024-01-01,2024-12-31,0.96
390137,MSPB-1,Medicare hospital spending per patient (Medicare Spending per Beneficiary),,2024-01-01,2024-12-31,1.18
390138,MSPB-1,Medicare hospital spending per patient (Medicare Spending per Beneficiary),,2024-01-01,2024-12-31,0.89
390139,MSPB-1,Medicare hospital spending per patient (Medicare Spending per Beneficiary),,2024-01-01,2024-12-31,1.0
390142,MSPB-1,Medicare hospital spending per patient (Medicare Spending per Beneficiary),,2024-01-01,2024-12-31,1.05
390145,MSPB-1,Medicare hospital spending per patient (Medicare Spending per Beneficiary),,2024-01-01,2024-12-31,0.94
390146,MSPB-1,Medicare hospital spending per patient (Medicare Spending per Beneficiary),,2024-01-01,2024-12-31,0.91
390147,MSPB-1,Medicare hospital spending per patient (Medicare Spending per Beneficiary),,2024-01-01,2024-12-31,0.97
390150,MSPB-1,Medicare hospital spending per patient (Medicare Spending per Beneficiary),,2024-01-01,2024-12-31,1.02
390151,MSPB-1,Medicare hospital spending per patient (Medicare Spending per Beneficiary),,2024-01-01,2024-12-31,0.94
390153,MSPB-1,Medicare hospital spending per patient (Medicare Spending per Beneficiary),,2024-01-01,2024-12-31,1.0
390156,MSPB-1,Medicare hospital spending per patient (Medicare Spending per Beneficiary),,2024-01-01,2024-12-31,1.04
390160,MSPB-1,Medicare hospital spending per patient (Medicare Spending per Beneficiary),,2024-01-01,2024-12-31,1.04
390162,MSPB-1,Medicare hospital spending per patient (Medicare Spending per Beneficiary),,2024-01-01,2024-12-31,0.95
390163,MSPB-1,Medicare hospital spending per patient (Medicare Spending per Beneficiary),,2024-01-01,2024-12-31,0.92
390164,MSPB-1,Medicare hospital spending per patient (Medicare Spending per Beneficiary),,2024-01-01,2024-12-31,1.01
390168,MSPB-1,Medicare hospital spending per patient (Medicare Spending per Beneficiary),,2024-01-01,2024-12-31,0.94
390173,MSPB-1,Medicare hospital spending per patient (Medicare Spending per Beneficiary),,2024-01-01,2024-12-31,0.98
390174,MSPB-1,Medicare hospital spending per patient (Medicare Spending per Beneficiary),,2024-01-01,2024-12-31,1.0
390178,MSPB-1,Medicare hospital spending per patient (Medicare Spending per Beneficiary),,2024-01-01,2024-12-31,0.95
390179,MSPB-1,Medicare hospital spending per patient (Medicare Spending per Beneficiary),,2024-01-01,2024-12-31,0.97
390180,MSPB-1,Medicare hospital spending per patient (Medicare Spending per Beneficiary),,2024-01-01,2024-12-31,1.09
390183,MSPB-1,Medicare hospital spending per patient (Medicare Spending per Beneficiary),,2024-01-01,2024-12-31,0.89
390184,MSPB-1,Medicare hospital spending per patient (Medicare Spending per Beneficiary),,2024-01-01,2024-12-31,0.83
390185,MSPB-1,Medicare hospital spending per patient (Medicare Spending per Beneficiary),,2024-01-01,2024-12-31,1.0
390195,MSPB-1,Medicare hospital spending per patient (Medicare Spending per Beneficiary),,2024-01-01,2024-12-31,1.0
390198,MSPB-1,Medicare hospital spending per patient (Medicare Spending per Beneficiary),,2024-01-01,2024-12-31,1.15
390199,MSPB-1,Medicare hospital spending per patient (Medicare Spending per Beneficiary),,2024-01-01,2024-12-31,0.95
390201,MSPB-1,Medicare hospital spending per patient (Medicare Spending per Beneficiary),,2024-01-01,2024-12-31,0.99
390203,MSPB-1,Medicare hospital spending per patient (Medicare Spending per Beneficiary),,2024-01-01,2024-12-31,0.95
390204,MSPB-1,Medicare hospital spending per patient (Medicare Spending per Beneficiary),,2024-01-01,2024-12-31,1.06
390211,MSPB-1,Medicare hospital spending per patient (Medicare Spending per Beneficiary),,2024-01-01,2024-12-31,0.96
390217,MSPB-1,Medicare hospital spending per patient (Medicare Spending per Beneficiary),,2024-01-01,2024-12-31,0.93
390219,MSPB-1,Medicare hospital spending per patient (Medicare Spending per Beneficiary),,2024-01-01,2024-12-31,0.93
390222,MSPB-1,Medicare hospital spending per patient (Medicare Spending per Beneficiary),,2024-01-01,2024-12-31,0.99
390223,MSPB-1,Medicare hospital spending per patient (Medicare Spending per Beneficiary),,2024-01-01,2024-12-31,0.99
390225,MSPB-1,Medicare hospital spending per patient (Medicare Spending per Beneficiary),,2024-01-01,2024-12-31,0.93
390226,MSPB-1,Medicare hospital spending per patient (Medicare Spending per Beneficiary),,2024-01-01,2024-12-31,1.01
390228,MSPB-1,Medicare hospital spending per patient (Medicare Spending per Beneficiary),,2024-01-01,2024-12-31,0.94
390231,MSPB-1,Medicare hospital spending per patient (Medicare Spending per Beneficiary),,2024-01-01,2024-12-31,0.97
390233,MSPB-1,Medicare hospital spending per patient (Medicare Spending per Beneficiary),,2024-01-01,2024-12-31,1.01
390237,MSPB-1,Medicare hospital spending per patient (Medicare Spending per Beneficiary),,2024-01-01,2024-12-31,1.08
390256,MSPB-1,Medicare hospital spending per patient (Medicare Spending per Beneficiary),,2024-01-01,2024-12-31,1.05
390258,MSPB-1,Medicare hospital spending per patient (Medicare Spending per Beneficiary),,2024-01-01,2024-12-31,1.07
390265,MSPB-1,Medicare hospital spending per patient (Medicare Spending per Beneficiary),,2024-01-01,2024-12-31,0.97
390266,MSPB-1,Medicare hospital spending per patient (Medicare Spending per Beneficiary),,2024-01-01,2024-12-31,0.81
390267,MSPB-1,Medicare hospital spending per patient (Medicare Spending per Beneficiary),,2024-01-01,2024-12-31,1.03
390268,MSPB-1,Medicare hospital spending per patient (Medicare Spending per Beneficiary),,2024-01-01,2024-12-31,1.03
390270,MSPB-1,Medicare hospital spending per patient (Medicare Spending per Beneficiary),,2024-01-01,2024-12-31,1.0
390272,MSPB-1,Medicare hospital spending per patient (Medicare Spending per Beneficiary),,2024-01-01,2024-12-31,0.88
390278,MSPB-1,Medicare hospital spending per patient (Medicare Spending per Beneficiary),19.0,2024-01-01,2024-12-31,
390304,MSPB-1,Medicare hospital spending per patient (Medicare Spending per Beneficiary),,2024-01-01,2024-12-31,0.98
390307,MSPB-1,Medicare hospital spending per patient (Medicare Spending per Beneficiary),1.0,2024-01-01,2024-12-31,
390316,MSPB-1,Medicare hospital spending per patient (Medicare Spending per Beneficiary),,2024-01-01,2024-12-31,0.93
390322,MSPB-1,Medicare hospital spending per patient (Medicare Spending per Beneficiary),,2024-01-01,2024-12-31,0.77
390323,MSPB-1,Medicare hospital spending per patient (Medicare Spending per Beneficiary),,2024-01-01,2024-12-31,0.84
390324,MSPB-1,Medicare hospital spending per patient (Medicare Spending per Beneficiary),,2024-01-01,2024-12-31,0.86
390325,MSPB-1,Medicare hospital spending per patient (Medicare Spending per Beneficiary),,2024-01-01,2024-12-31,0.75
390327,MSPB-1,Medicare hospital spending per patient (Medicare Spending per Beneficiary),,2024-01-01,2024-12-31,1.09
390328,MSPB-1,Medicare hospital spending per patient (Medicare Spending per Beneficiary),,2024-01-01,2024-12-31,1.0
390329,MSPB-1,Medicare hospital spending per patient (Medicare Spending per Beneficiary),,2024-01-01,2024-12-31,1.04
390330,MSPB-1,Medicare hospital spending per patient (Medicare Spending per Beneficiary),,2024-01-01,2024-12-31,0.92
390331,MSPB-1,Medicare hospital spending per patient (Medicare Spending per Beneficiary),1.0,2024-01-01,2024-12-31,
390332,MSPB-1,Medicare hospital spending per patient (Medicare Spending per Beneficiary),,2024-01-01,2024-12-31,0.94
390333,MSPB-1,Medicare hospital spending per patient (Medicare Spending per Beneficiary),,2024-01-01,2024-12-31,0.62
390334,MSPB-1,Medicare hospital spending per patient (Medicare Spending per Beneficiary),,2024-01-01,2024-12-31,0.96
390335,MSPB-1,Medicare hospital spending per patient (Medicare Spending per Beneficiary),,2024-01-01,2024-12-31,0.93
390336,MSPB-1,Medicare hospital spending per patient (Medicare Spending per Beneficiary),,2024-01-01,2024-12-31,1.1
390337,MSPB-1,Medicare hospital spending per patient (Medicare Spending per Beneficiary),,2024-01-01,2024-12-31,0.87
390338,MSPB-1,Medicare hospital spending per patient (Medicare Spending per Beneficiary),,2024-01-01,2024-12-31,1.01
390339,MSPB-1,Medicare hospital spending per patient (Medicare Spending per Beneficiary),,2024-01-01,2024-12-31,0.99
390430,MSPB-1,Medicare hospital spending per patient (Medicare Spending per Beneficiary),1.0,2024-01-01,2024-12-31,
391300,MSPB-1,Medicare hospital spending per patient (Medicare Spending per Beneficiary),5.0,2024-01-01,2024-12-31,
391301,MSPB-1,Medicare hospital spending per patient (Medicare Spending per Beneficiary),5.0,2024-01-01,2024-12-31,
391302,MSPB-1,Medicare hospital spending per patient (Medicare Spending per Beneficiary),5.0,2024-01-01,2024-12-31,
391303,MSPB-1,Medicare hospital spending per patient (Medicare Spending per Beneficiary),5.0,2024-01-01,2024-12-31,
391304,MSPB-1,Medicare hospital spending per patient (Medicare Spending per Beneficiary),5.0,2024-01-01,2024-12-31,
391305,MSPB-1,Medicare hospital spending per patient (Medicare Spending per Beneficiary),5.0,2024-01-01,2024-12-31,
391306,MSPB-1,Medicare hospital spending per patient (Medicare Spending per Beneficiary),5.0,2024-01-01,2024-12-31,
391307,MSPB-1,Medicare hospital spending per patient (Medicare Spending per Beneficiary),5.0,2024-01-01,2024-12-31,
391308,MSPB-1,Medicare hospital spending per patient (Medicare Spending per Beneficiary),5.0,2024-01-01,2024-12-31,
391309,MSPB-1,Medicare hospital spending per patient (Medicare Spending per Beneficiary),5.0,2024-01-01,2024-12-31,
391312,MSPB-1,Medicare hospital spending per patient (Medicare Spending per Beneficiary),5.0,2024-01-01,2024-12-31,
391313,MSPB-1,Medicare hospital spending per patient (Medicare Spending per Beneficiary),5.0,2024-01-01,2024-12-31,
391314,MSPB-1,Medicare hospital spending per patient (Medicare Spending per Beneficiary),5.0,2024-01-01,2024-12-31,
391315,MSPB-1,Medicare hospital spending per patient (Medicare Spending per Beneficiary),5.0,2024-01-01,2024-12-31,
391316,MSPB-1,Medicare hospital spending per patient (Medicare Spending per Beneficiary),5.0,2024-01-01,2024-12-31,
391317,MSPB-1,Medicare hospital spending per patient (Medicare Spending per Beneficiary),5.0,2024-01-01,2024-12-31,
391318,MSPB-1,Medicare hospital spending per patient (Medicare Spending per Beneficiary),5.0,2024-01-01,2024-12-31,
393302,MSPB-1,Medicare hospital spending per patient (Medicare Spending per Beneficiary),19.0,2024-01-01,2024-12-31,
393303,MSPB-1,Medicare hospital spending per patient (Medicare Spending per Beneficiary),19.0,2024-01-01,2024-12-31,
393304,MSPB-1,Medicare hospital spending per patient (Medicare Spending per Beneficiary),19.0,2024-01-01,2024-12-31,
393307,MSPB-1,Medicare hospital spending per patient (Medicare Spending per Beneficiary),19.0,2024-01-01,2024-12-31,
393309,MSPB-1,Medicare hospital spending per patient (Medicare Spending per Beneficiary),19.0,2024-01-01,2024-12-31,
400001,MSPB-1,Medicare hospital spending per patient (Medicare Spending per Beneficiary),5.0,2024-01-01,2024-12-31,
400003,MSPB-1,Medicare hospital spending per patient (Medicare Spending per Beneficiary),5.0,2024-01-01,2024-12-31,
400004,MSPB-1,Medicare hospital spending per patient (Medicare Spending per Beneficiary),5.0,2024-01-01,2024-12-31,
400005,MSPB-1,Medicare hospital spending per patient (Medicare Spending per Beneficiary),5.0,2024-01-01,2024-12-31,
400006,MSPB-1,Medicare hospital spending per patient (Medicare Spending per Beneficiary),5.0,2024-01-01,2024-12-31,
400007,MSPB-1,Medicare hospital spending per patient (Medicare Spending per Beneficiary),5.0,2024-01-01,2024-12-31,
400010,MSPB-1,Medicare hospital spending per patient (Medicare Spending per Beneficiary),5.0,2024-01-01,2024-12-31,
400011,MSPB-1,Medicare hospital spending per patient (Medicare Spending per Beneficiary),5.0,2024-01-01,2024-12-31,
400012,MSPB-1,Medicare hospital spending per patient (Medicare Spending per Beneficiary),5.0,2024-01-01,2024-12-31,
400013,MSPB-1,Medicare hospital spending per patient (Medicare Spending per Beneficiary),5.0,2024-01-01,2024-12-31,
400014,MSPB-1,Medicare hospital spending per patient (Medicare Spending per Beneficiary),5.0,2024-01-01,2024-12-31,
400015,MSPB-1,Medicare hospital spending per patient (Medicare Spending per Beneficiary),5.0,2024-01-01,2024-12-31,
400016,MSPB-1,Medicare hospital spending per patient (Medicare Spending per Beneficiary),5.0,2024-01-01,2024-12-31,
400018,MSPB-1,Medicare hospital spending per patient (Medicare Spending per Beneficiary),5.0,2024-01-01,2024-12-31,
400019,MSPB-1,Medicare hospital spending per patient (Medicare Spending per Beneficiary),5.0,2024-01-01,2024-12-31,
400021,MSPB-1,Medicare hospital spending per patient (Medicare Spending per Beneficiary),5.0,2024-01-01,2024-12-31,
400022,MSPB-1,Medicare hospital spending per patient (Medicare Spending per Beneficiary),5.0,2024-01-01,2024-12-31,
400032,MSPB-1,Medicare hospital spending per patient (Medicare Spending per Beneficiary),5.0,2024-01-01,2024-12-31,
400044,MSPB-1,Medicare hospital spending per patient (Medicare Spending per Beneficiary),5.0,2024-01-01,2024-12-31,
400048,MSPB-1,Medicare hospital spending per patient (Medicare Spending per Beneficiary),5.0,2024-01-01,2024-12-31,
400061,MSPB-1,Medicare hospital spending per patient (Medicare Spending per Beneficiary),5.0,2024-01-01,2024-12-31,
400079,MSPB-1,Medicare hospital spending per patient (Medicare Spending per Beneficiary),5.0,2024-01-01,2024-12-31,
400087,MSPB-1,Medicare hospital spending per patient (Medicare Spending per Beneficiary),5.0,2024-01-01,2024-12-31,
400098,MSPB-1,Medicare hospital spending per patient (Medicare Spending per Beneficiary),5.0,2024-01-01,2024-12-31,
400102,MSPB-1,Medicare hospital spending per patient (Medicare Spending per Beneficiary),5.0,2024-01-01,2024-12-31,
400103,MSPB-1,Medicare hospital spending per patient (Medicare Spending per Beneficiary),5.0,2024-01-01,2024-12-31,
400104,MSPB-1,Medicare hospital spending per patient (Medicare Spending per Beneficiary),5.0,2024-01-01,2024-12-31,
400105,MSPB-1,Medicare hospital spending per patient (Medicare Spending per Beneficiary),5.0,2024-01-01,2024-12-31,
400106,MSPB-1,Medicare hospital spending per patient (Medicare Spending per Beneficiary),5.0,2024-01-01,2024-12-31,
400109,MSPB-1,Medicare hospital spending per patient (Medicare Spending per Beneficiary),5.0,2024-01-01,2024-12-31,
400110,MSPB-1,Medicare hospital spending per patient (Medicare Spending per Beneficiary),5.0,2024-01-01,2024-12-31,
400111,MSPB-1,Medicare hospital spending per patient (Medicare Spending per Beneficiary),5.0,2024-01-01,2024-12-31,
400112,MSPB-1,Medicare hospital spending per patient (Medicare Spending per Beneficiary),5.0,2024-01-01,2024-12-31,
400113,MSPB-1,Medicare hospital spending per patient (Medicare Spending per Beneficiary),5.0,2024-01-01,2024-12-31,
400114,MSPB-1,Medicare hospital spending per patient (Medicare Spending per Beneficiary),5.0,2024-01-01,2024-12-31,
400115,MSPB-1,Medicare hospital spending per patient (Medicare Spending per Beneficiary),5.0,2024-01-01,2024-12-31,
400117,MSPB-1,Medicare hospital spending per patient (Medicare Spending per Beneficiary),5.0,2024-01-01,2024-12-31,
400118,MSPB-1,Medicare hospital spending per patient (Medicare Spending per Beneficiary),5.0,2024-01-01,2024-12-31,
400120,MSPB-1,Medicare hospital spending per patient (Medicare Spending per Beneficiary),5.0,2024-01-01,2024-12-31,
400122,MSPB-1,Medicare hospital spending per patient (Medicare Spending per Beneficiary),5.0,2024-01-01,2024-12-31,
400123,MSPB-1,Medicare hospital spending per patient (Medicare Spending per Beneficiary),5.0,2024-01-01,2024-12-31,
400124,MSPB-1,Medicare hospital spending per patient (Medicare Spending per Beneficiary),5.0,2024-01-01,2024-12-31,
400126,MSPB-1,Medicare hospital spending per patient (Medicare Spending per Beneficiary),5.0,2024-01-01,2024-12-31,
400127,MSPB-1,Medicare hospital spending per patient (Medicare Spending per Beneficiary),5.0,2024-01-01,2024-12-31,
400128,MSPB-1,Medicare hospital spending per patient (Medicare Spending per Beneficiary),5.0,2024-01-01,2024-12-31,
400130,MSPB-1,Medicare hospital spending per patient (Medicare Spending per Beneficiary),5.0,2024-01-01,2024-12-31,
400131,MSPB-1,Medicare hospital spending per patient (Medicare Spending per Beneficiary),5.0,2024-01-01,2024-12-31,
400132,MSPB-1,Medicare hospital spending per patient (Medicare Spending per Beneficiary),5.0,2024-01-01,2024-12-31,
400134,MSPB-1,Medicare hospital spending per patient (Medicare Spending per Beneficiary),5.0,2024-01-01,2024-12-31,
400135,MSPB-1,Medicare hospital spending per patient (Medicare Spending per Beneficiary),5.0,2024-01-01,2024-12-31,
400137,MSPB-1,Medicare hospital spending per patient (Medicare Spending per Beneficiary),5.0,2024-01-01,2024-12-31,
400138,MSPB-1,Medicare hospital spending per patient (Medicare Spending per Beneficiary),5.0,2024-01-01,2024-12-31,
400139,MSPB-1,Medicare hospital spending per patient (Medicare Spending per Beneficiary),19.0,2024-01-01,2024-12-31,
400141,MSPB-1,Medicare hospital spending per patient (Medicare Spending per Beneficiary),19.0,2024-01-01,2024-12-31,
403301,MSPB-1,Medicare hospital spending per patient (Medicare Spending per Beneficiary),19.0,2024-01-01,2024-12-31,
410004,MSPB-1,Medicare hospital spending per patient (Medicare Spending per Beneficiary),,2024-01-01,2024-12-31,1.02
410005,MSPB-1,Medicare hospital spending per patient (Medicare Spending per Beneficiary),,2024-01-01,2024-12-31,1.02
410006,MSPB-1,Medicare hospital spending per patient (Medicare Spending per Beneficiary),,2024-01-01,2024-12-31,0.99
410007,MSPB-1,Medicare hospital spending per patient (Medicare Spending per Beneficiary),,2024-01-01,2024-12-31,1.02
410008,MSPB-1,Medicare hospital spending per patient (Medicare Spending per Beneficiary),,2024-01-01,2024-12-31,0.95
410009,MSPB-1,Medicare hospital spending per patient (Medicare Spending per Beneficiary),,2024-01-01,2024-12-31,1.03
410010,MSPB-1,Medicare hospital spending per patient (Medicare Spending per Beneficiary),,2024-01-01,2024-12-31,1.04
410011,MSPB-1,Medicare hospital spending per patient (Medicare Spending per Beneficiary),,2024-01-01,2024-12-31,0.97
410012,MSPB-1,Medicare hospital spending per patient (Medicare Spending per Beneficiary),,2024-01-01,2024-12-31,0.96
410013,MSPB-1,Medicare hospital spending per patient (Medicare Spending per Beneficiary),,2024-01-01,2024-12-31,0.94
420002,MSPB-1,Medicare hospital spending per patient (Medicare Spending per Beneficiary),,2024-01-01,2024-12-31,1.03
420004,MSPB-1,Medicare hospital spending per patient (Medicare Spending per Beneficiary),,2024-01-01,2024-12-31,0.98
420005,MSPB-1,Medicare hospital spending per patient (Medicare Spending per Beneficiary),,2024-01-01,2024-12-31,0.87
420007,MSPB-1,Medicare hospital spending per patient (Medicare Spending per Beneficiary),,2024-01-01,2024-12-31,1.03
420009,MSPB-1,Medicare hospital spending per patient (Medicare Spending per Beneficiary),,2024-01-01,2024-12-31,1.0
420010,MSPB-1,Medicare hospital spending per patient (Medicare Spending per Beneficiary),,2024-01-01,2024-12-31,1.01
420011,MSPB-1,Medicare hospital spending per patient (Medicare Spending per Beneficiary),,2024-01-01,2024-12-31,1.06
420015,MSPB-1,Medicare hospital spending per patient (Medicare Spending per Beneficiary),,2024-01-01,2024-12-31,0.96
420018,MSPB-1,Medicare hospital spending per patient (Medicare Spending per Beneficiary),,2024-01-01,2024-12-31,1.05
420019,MSPB-1,Medicare hospital spending per patient (Medicare Spending per Beneficiary),,2024-01-01,2024-12-31,1.03
420020,MSPB-1,Medicare hospital spending per patient (Medicare Spending per Beneficiary),,2024-01-01,2024-12-31,0.94
420023,MSPB-1,Medicare hospital spending per patient (Medicare Spending per Beneficiary),,2024-01-01,2024-12-31,1.01
420026,MSPB-1,Medicare hospital spending per patient (Medicare Spending per Beneficiary),,2024-01-01,2024-12-31,1.02
420027,MSPB-1,Medicare hospital spending per patient (Medicare Spending per Beneficiary),,2024-01-01,2024-12-31,1.11
420030,MSPB-1,Medicare hospital spending per patient (Medicare Spending per Beneficiary),,2024-01-01,2024-12-31,0.95
420033,MSPB-1,Medicare hospital spending per patient (Medicare Spending per Beneficiary),,2024-01-01,2024-12-31,0.95
420036,MSPB-1,Medicare hospital spending per patient (Medicare Spending per Beneficiary),,2024-01-01,2024-12-31,1.07
420037,MSPB-1,Medicare hospital spending per patient (Medicare Spending per Beneficiary),,2024-01-01,2024-12-31,0.98
420038,MSPB-1,Medicare hospital spending per patient (Medicare Spending per Beneficiary),,2024-01-01,2024-12-31,0.93
420043,MSPB-1,Medicare hospital spending per patient (Medicare Spending per Beneficiary),,2024-01-01,2024-12-31,0.95
420048,MSPB-1,Medicare hospital spending per patient (Medicare Spending per Beneficiary),,2024-01-01,2024-12-31,1.1
420049,MSPB-1,Medicare hospital spending per patient (Medicare Spending per Beneficiary),,2024-01-01,2024-12-31,1.03
420051,MSPB-1,Medicare hospital spending per patient (Medicare Spending per Beneficiary),,2024-01-01,2024-12-31,1.0
420053,MSPB-1,Medicare hospital spending per patient (Medicare Spending per Beneficiary),,2024-01-01,2024-12-31,1.01
420055,MSPB-1,Medicare hospital spending per patient (Medicare Spending per Beneficiary),,2024-01-01,2024-12-31,0.95
420065,MSPB-1,Medicare hospital spending per patient (Medicare Spending per Beneficiary),,2024-01-01,2024-12-31,1.01
420067,MSPB-1,Medicare hospital spending per patient (Medicare Spending per Beneficiary),,2024-01-01,2024-12-31,0.96
420070,MSPB-1,Medicare hospital spending per patient (Medicare Spending per Beneficiary),,2024-01-01,2024-12-31,0.95
420071,MSPB-1,Medicare hospital spending per patient (Medicare Spending per Beneficiary),,2024-01-01,2024-12-31,1.07
420072,MSPB-1,Medicare hospital spending per patient (Medicare Spending per Beneficiary),,2024-01-01,2024-12-31,0.96
420073,MSPB-1,Medicare hospital spending per patient (Medicare Spending per Beneficiary),,2024-01-01,2024-12-31,1.0
420078,MSPB-1,Medicare hospital spending per patient (Medicare Spending per Beneficiary),,2024-01-01,2024-12-31,1.03
420079,MSPB-1,Medicare hospital spending per patient (Medicare Spending per Beneficiary),,2024-01-01,2024-12-31,1.01
420080,MSPB-1,Medicare hospital spending per patient (Medicare Spending per Beneficiary),,2024-01-01,2024-12-31,1.02
420082,MSPB-1,Medicare hospital spending per patient (Medicare Spending per Beneficiary),,2024-01-01,2024-12-31,0.95
420085,MSPB-1,Medicare hospital spending per patient (Medicare Spending per Beneficiary),,2024-01-01,2024-12-31,0.96
420086,MSPB-1,Medicare hospital spending per patient (Medicare Spending per Beneficiary),,2024-01-01,2024-12-31,1.04
420087,MSPB-1,Medicare hospital spending per patient (Medicare Spending per Beneficiary),,2024-01-01,2024-12-31,1.02
420089,MSPB-1,Medicare hospital spending per patient (Medicare Spending per Beneficiary),,2024-01-01,2024-12-31,0.99
420091,MSPB-1,Medicare hospital spending per patient (Medicare Spending per Beneficiary),,2024-01-01,2024-12-31,0.98
420098,MSPB-1,Medicare hospital spending per patient (Medicare Spending per Beneficiary),,2024-01-01,2024-12-31,0.99
420101,MSPB-1,Medicare hospital spending per patient (Medicare Spending per Beneficiary),,2024-01-01,2024-12-31,1.03
420102,MSPB-1,Medicare hospital spending per patient (Medicare Spending per Beneficiary),,2024-01-01,2024-12-31,0.9
420103,MSPB-1,Medicare hospital spending per patient (Medicare Spending per Beneficiary),,2024-01-01,2024-12-31,1.03
420104,MSPB-1,Medicare hospital spending per patient (Medicare Spending per Beneficiary),,2024-01-01,2024-12-31,0.97
420105,MSPB-1,Medicare hospital spending per patient (Medicare Spending per Beneficiary),,2024-01-01,2024-12-31,1.0
420106,MSPB-1,Medicare hospital spending per patient (Medicare Spending per Beneficiary),,2024-01-01,2024-12-31,0.98
420107,MSPB-1,Medicare hospital spending per patient (Medicare Spending per Beneficiary),,2024-01-01,2024-12-31,1.04
420108,MSPB-1,Medicare hospital spending per patient (Medicare Spending per Beneficiary),,2024-01-01,2024-12-31,0.84
420109,MSPB-1,Medicare hospital spending per patient (Medicare Spending per Beneficiary),,2024-01-01,2024-12-31,0.94
420110,MSPB-1,Medicare hospital spending per patient (Medicare Spending per Beneficiary),,2024-01-01,2024-12-31,0.96
421300,MSPB-1,Medicare hospital spending per patient (Medicare Spending per Beneficiary),5.0,2024-01-01,2024-12-31,
421301,MSPB-1,Medicare hospital spending per patient (Medicare Spending per Beneficiary),5.0,2024-01-01,2024-12-31,
421304,MSPB-1,Medicare hospital spending per patient (Medicare Spending per Beneficiary),5.0,2024-01-01,2024-12-31,
423300,MSPB-1,Medicare hospital spending per patient (Medicare Spending per Beneficiary),19.0,2024-01-01,2024-12-31,
430005,MSPB-1,Medicare hospital spending per patient (Medicare Spending per Beneficiary),,2024-01-01,2024-12-31,0.98
430008,MSPB-1,Medicare hospital spending per patient (Medicare Spending per Beneficiary),,2024-01-01,2024-12-31,0.91
430012,MSPB-1,Medicare hospital spending per patient (Medicare Spending per Beneficiary),,2024-01-01,2024-12-31,0.94
430014,MSPB-1,Medicare hospital spending per patient (Medicare Spending per Beneficiary),,2024-01-01,2024-12-31,1.02
430015,MSPB-1,Medicare hospital spending per patient (Medicare Spending per Beneficiary),,2024-01-01,2024-12-31,0.93
430016,MSPB-1,Medicare hospital spending per patient (Medicare Spending per Beneficiary),,2024-01-01,2024-12-31,1.02
430027,MSPB-1,Medicare hospital spending per patient (Medicare Spending per Beneficiary),,2024-01-01,2024-12-31,1.07
430048,MSPB-1,Medicare hospital spending per patient (Medicare Spending per Beneficiary),,2024-01-01,2024-12-31,0.92
430077,MSPB-1,Medicare hospital spending per patient (Medicare Spending per Beneficiary),,2024-01-01,2024-12-31,1.0
430084,MSPB-1,Medicare hospital spending per patient (Medicare Spending per Beneficiary),,2024-01-01,2024-12-31,0.89
430089,MSPB-1,Medicare hospital spending per patient (Medicare Spending per Beneficiary),,2024-01-01,2024-12-31,0.95
430090,MSPB-1,Medicare hospital spending per patient (Medicare Spending per Beneficiary),,2024-01-01,2024-12-31,0.94
430091,MSPB-1,Medicare hospital spending per patient (Medicare Spending per Beneficiary),,2024-01-01,2024-12-31,0.87
430093,MSPB-1,Medicare hospital spending per patient (Medicare Spending per Beneficiary),1.0,2024-01-01,2024-12-31,
430095,MSPB-1,Medicare hospital spending per patient (Medicare Spending per Beneficiary),,2024-01-01,2024-12-31,1.02
430097,MSPB-1,Medicare hospital spending per patient (Medicare Spending per Beneficiary),,2024-01-01,2024-12-31,0.91
430098,MSPB-1,Medicare hospital spending per patient (Medicare Spending per Beneficiary),,2024-01-01,2024-12-31,0.73
430779,MSPB-1,Medicare hospital spending per patient (Medicare Spending per Beneficiary),19.0,2024-01-01,2024-12-31,
431300,MSPB-1,Medicare hospital spending per patient (Medicare Spending per Beneficiary),5.0,2024-01-01,2024-12-31,
431301,MSPB-1,Medicare hospital spending per patient (Medicare Spending per Beneficiary),5.0,2024-01-01,2024-12-31,
431302,MSPB-1,Medicare hospital spending per patient (Medicare Spending per Beneficiary),5.0,2024-01-01,2024-12-31,
431305,MSPB-1,Medicare hospital spending per patient (Medicare Spending per Beneficiary),5.0,2024-01-01,2024-12-31,
431306,MSPB-1,Medicare hospital spending per patient (Medicare Spending per Beneficiary),5.0,2024-01-01,2024-12-31,
431307,MSPB-1,Medicare hospital spending per patient (Medicare Spending per Beneficiary),5.0,2024-01-01,2024-12-31,
431308,MSPB-1,Medicare hospital spending per patient (Medicare Spending per Beneficiary),5.0,2024-01-01,2024-12-31,
431309,MSPB-1,Medicare hospital spending per patient (Medicare Spending per Beneficiary),5.0,2024-01-01,2024-12-31,
431310,MSPB-1,Medicare hospital spending per patient (Medicare Spending per Beneficiary),5.0,2024-01-01,2024-12-31,
431311,MSPB-1,Medicare hospital spending per patient (Medicare Spending per Beneficiary),5.0,2024-01-01,2024-12-31,
431312,MSPB-1,Medicare hospital spending per patient (Medicare Spending per Beneficiary),5.0,2024-01-01,2024-12-31,
431313,MSPB-1,Medicare hospital spending per patient (Medicare Spending per Beneficiary),5.0,2024-01-01,2024-12-31,
431314,MSPB-1,Medicare hospital spending per patient (Medicare Spending per Beneficiary),5.0,2024-01-01,2024-12-31,
431315,MSPB-1,Medicare hospital spending per patient (Medicare Spending per Beneficiary),5.0,2024-01-01,2024-12-31,
431316,MSPB-1,Medicare hospital spending per patient (Medicare Spending per Beneficiary),5.0,2024-01-01,2024-12-31,
431318,MSPB-1,Medicare hospital spending per patient (Medicare Spending per Beneficiary),5.0,2024-01-01,2024-12-31,
431319,MSPB-1,Medicare hospital spending per patient (Medicare Spending per Beneficiary),5.0,2024-01-01,2024-12-31,
431320,MSPB-1,Medicare hospital spending per patient (Medicare Spending per Beneficiary),5.0,2024-01-01,2024-12-31,
431321,MSPB-1,Medicare hospital spending per patient (Medicare Spending per Beneficiary),5.0,2024-01-01,2024-12-31,
431322,MSPB-1,Medicare hospital spending per patient (Medicare Spending per Beneficiary),5.0,2024-01-01,2024-12-31,
431323,MSPB-1,Medicare hospital spending per patient (Medicare Spending per Beneficiary),5.0,2024-01-01,2024-12-31,
431324,MSPB-1,Medicare hospital spending per patient (Medicare Spending per Beneficiary),5.0,2024-01-01,2024-12-31,
431325,MSPB-1,Medicare hospital spending per patient (Medicare Spending per Beneficiary),5.0,2024-01-01,2024-12-31,
431326,MSPB-1,Medicare hospital spending per patient (Medicare Spending per Beneficiary),5.0,2024-01-01,2024-12-31,
431327,MSPB-1,Medicare hospital spending per patient (Medicare Spending per Beneficiary),5.0,2024-01-01,2024-12-31,
431328,MSPB-1,Medicare hospital spending per patient (Medicare Spending per Beneficiary),5.0,2024-01-01,2024-12-31,
431329,MSPB-1,Medicare hospital spending per patient (Medicare Spending per Beneficiary),5.0,2024-01-01,2024-12-31,
431330,MSPB-1,Medicare hospital spending per patient (Medicare Spending per Beneficiary),5.0,2024-01-01,2024-12-31,
431331,MSPB-1,Medicare hospital spending per patient (Medicare Spending per Beneficiary),5.0,2024-01-01,2024-12-31,
431332,MSPB-1,Medicare hospital spending per patient (Medicare Spending per Beneficiary),5.0,2024-01-01,2024-12-31,
431333,MSPB-1,Medicare hospital spending per patient (Medicare Spending per Beneficiary),5.0,2024-01-01,2024-12-31,
431334,MSPB-1,Medicare hospital spending per patient (Medicare Spending per Beneficiary),5.0,2024-01-01,2024-12-31,
431335,MSPB-1,Medicare hospital spending per patient (Medicare Spending per Beneficiary),5.0,2024-01-01,2024-12-31,
431336,MSPB-1,Medicare hospital spending per patient (Medicare Spending per Beneficiary),5.0,2024-01-01,2024-12-31,
431337,MSPB-1,Medicare hospital spending per patient (Medicare Spending per Beneficiary),5.0,2024-01-01,2024-12-31,
431338,MSPB-1,Medicare hospital spending per patient (Medicare Spending per Beneficiary),5.0,2024-01-01,2024-12-31,
431339,MSPB-1,Medicare hospital spending per patient (Medicare Spending per Beneficiary),5.0,2024-01-01,2024-12-31,
431340,MSPB-1,Medicare hospital spending per patient (Medicare Spending per Beneficiary),5.0,2024-01-01,2024-12-31,
431383,MSPB-1,Medicare hospital spending per patient (Medicare Spending per Beneficiary),5.0,2024-01-01,2024-12-31,
433300,MSPB-1,Medicare hospital spending per patient (Medicare Spending per Beneficiary),19.0,2024-01-01,2024-12-31,
440002,MSPB-1,Medicare hospital spending per patient (Medicare Spending per Beneficiary),,2024-01-01,2024-12-31,1.1
440003,MSPB-1,Medicare hospital spending per patient (Medicare Spending per Beneficiary),,2024-01-01,2024-12-31,1.01
440006,MSPB-1,Medicare hospital spending per patient (Medicare Spending per Beneficiary),,2024-01-01,2024-12-31,1.07
440007,MSPB-1,Medicare hospital spending per patient (Medicare Spending per Beneficiary),,2024-01-01,2024-12-31,1.15
440008,MSPB-1,Medicare hospital spending per patient (Medicare Spending per Beneficiary),,2024-01-01,2024-12-31,1.2
440009,MSPB-1,Medicare hospital spending per patient (Medicare Spending per Beneficiary),,2024-01-01,2024-12-31,0.95
440011,MSPB-1,Medicare hospital spending per patient (Medicare Spending per Beneficiary),,2024-01-01,2024-12-31,0.97
440012,MSPB-1,Medicare hospital spending per patient (Medicare Spending per Beneficiary),,2024-01-01,2024-12-31,1.04
440015,MSPB-1,Medicare hospital spending per patient (Medicare Spending per Beneficiary),,2024-01-01,2024-12-31,0.99
440016,MSPB-1,Medicare hospital spending per patient (Medicare Spending per Beneficiary),,2024-01-01,2024-12-31,1.02
440017,MSPB-1,Medicare hospital spending per patient (Medicare Spending per Beneficiary),,2024-01-01,2024-12-31,1.1
440018,MSPB-1,Medicare hospital spending per patient (Medicare Spending per Beneficiary),,2024-01-01,2024-12-31,1.1
440020,MSPB-1,Medicare hospital spending per patient (Medicare Spending per Beneficiary),,2024-01-01,2024-12-31,0.94
440029,MSPB-1,Medicare hospital spending per patient (Medicare Spending per Beneficiary),,2024-01-01,2024-12-31,1.02
440030,MSPB-1,Medicare hospital spending per patient (Medicare Spending per Beneficiary),,2024-01-01,2024-12-31,0.96
440031,MSPB-1,Medicare hospital spending per patient (Medicare Spending per Beneficiary),,2024-01-01,2024-12-31,0.87
440032,MSPB-1,Medicare hospital spending per patient (Medicare Spending per Beneficiary),,2024-01-01,2024-12-31,0.96
440033,MSPB-1,Medicare hospital spending per patient (Medicare Spending per Beneficiary),,2024-01-01,2024-12-31,1.11
440034,MSPB-1,Medicare hospital spending per patient (Medicare Spending per Beneficiary),,2024-01-01,2024-12-31,0.95
440035,MSPB-1,Medicare hospital spending per patient (Medicare Spending per Beneficiary),,2024-01-01,2024-12-31,1.01
440039,MSPB-1,Medicare hospital spending per patient (Medicare Spending per Beneficiary),,2024-01-01,2024-12-31,1.0
440046,MSPB-1,Medicare hospital spending per patient (Medicare Spending per Beneficiary),,2024-01-01,2024-12-31,1.03
440048,MSPB-1,Medicare hospital spending per patient (Medicare Spending per Beneficiary),,2024-01-01,2024-12-31,0.99
440049,MSPB-1,Medicare hospital spending per patient (Medicare Spending per Beneficiary),,2024-01-01,2024-12-31,1.03
440050,MSPB-1,Medicare hospital spending per patient (Medicare Spending per Beneficiary),,2024-01-01,2024-12-31,0.99
440053,MSPB-1,Medicare hospital spending per patient (Medicare Spending per Beneficiary),29.0,2024-01-01,2024-12-31,1.04
440056,MSPB-1,Medicare hospital spending per patient (Medicare Spending per Beneficiary),,2024-01-01,2024-12-31,0.99
440057,MSPB-1,Medicare hospital spending per patient (Medicare Spending per Beneficiary),,2024-01-01,2024-12-31,1.02
440058,MSPB-1,Medicare hospital spending per patient (Medicare Spending per Beneficiary),,2024-01-01,2024-12-31,1.01
440059,MSPB-1,Medicare hospital spending per patient (Medicare Spending per Beneficiary),,2024-01-01,2024-12-31,0.98
440060,MSPB-1,Medicare hospital spending per patient (Medicare Spending per Beneficiary),,2024-01-01,2024-12-31,1.03
440061,MSPB-1,Medicare hospital spending per patient (Medicare Spending per Beneficiary),,2024-01-01,2024-12-31,1.2
440063,MSPB-1,Medicare hospital spending per patient (Medicare Spending per Beneficiary),,2024-01-01,2024-12-31,1.06
440065,MSPB-1,Medicare hospital spending per patient (Medicare Spending per Beneficiary),,2024-01-01,2024-12-31,0.95
440068,MSPB-1,Medicare hospital spending per patient (Medicare Spending per Beneficiary),,2024-01-01,2024-12-31,0.94
440072,MSPB-1,Medicare hospital spending per patient (Medicare Spending per Beneficiary),,2024-01-01,2024-12-31,1.13
440073,MSPB-1,Medicare hospital spending per patient (Medicare Spending per Beneficiary),,2024-01-01,2024-12-31,1.06
440081,MSPB-1,Medicare hospital spending per patient (Medicare Spending per Beneficiary),,2024-01-01,2024-12-31,0.94
440082,MSPB-1,Medicare hospital spending per patient (Medicare Spending per Beneficiary),29.0,2024-01-01,2024-12-31,1.02
440084,MSPB-1,Medicare hospital spending per patient (Medicare Spending per Beneficiary),,2024-01-01,2024-12-31,1.0
440091,MSPB-1,Medicare hospital spending per patient (Medicare Spending per Beneficiary),,2024-01-01,2024-12-31,1.03
440102,MSPB-1,Medicare hospital spending per patient (Medicare Spending per Beneficiary),,2024-01-01,2024-12-31,1.23
440104,MSPB-1,Medicare hospital spending per patient (Medicare Spending per Beneficiary),,2024-01-01,2024-12-31,1.06
440109,MSPB-1,Medicare hospital spending per patient (Medicare Spending per Beneficiary),,2024-01-01,2024-12-31,1.0
440110,MSPB-1,Medicare hospital spending per patient (Medicare Spending per Beneficiary),,2024-01-01,2024-12-31,1.03
440111,MSPB-1,Medicare hospital spending per patient (Medicare Spending per Beneficiary),,2024-01-01,2024-12-31,1.05
440120,MSPB-1,Medicare hospital spending per patient (Medicare Spending per Beneficiary),,2024-01-01,2024-12-31,1.04
440125,MSPB-1,Medicare hospital spending per patient (Medicare Spending per Beneficiary),,2024-01-01,2024-12-31,1.0
440130,MSPB-1,Medicare hospital spending per patient (Medicare Spending per Beneficiary),,2024-01-01,2024-12-31,1.16
440131,MSPB-1,Medicare hospital spending per patient (Medicare Spending per Beneficiary),,2024-01-01,2024-12-31,0.95
440132,MSPB-1,Medicare hospital spending per patient (Medicare Spending per Beneficiary),,2024-01-01,2024-12-31,1.01
440137,MSPB-1,Medicare hospital spending per patient (Medicare Spending per Beneficiary),,2024-01-01,2024-12-31,0.91
440144,MSPB-1,Medicare hospital spending per patient (Medicare Spending per Beneficiary),,2024-01-01,2024-12-31,0.99
440148,MSPB-1,Medicare hospital spending per patient (Medicare Spending per Beneficiary),1.0,2024-01-01,2024-12-31,
440150,MSPB-1,Medicare hospital spending per patient (Medicare Spending per Beneficiary),,2024-01-01,2024-12-31,0.98
440151,MSPB-1,Medicare hospital spending per patient (Medicare Spending per Beneficiary),29.0,2024-01-01,2024-12-31,1.07
440152,MSPB-1,Medicare hospital spending per patient (Medicare Spending per Beneficiary),,2024-01-01,2024-12-31,1.14
440153,MSPB-1,Medicare hospital spending per patient (Medicare Spending per Beneficiary),,2024-01-01,2024-12-31,0.85
440156,MSPB-1,Medicare hospital spending per patient (Medicare Spending per Beneficiary),,2024-01-01,2024-12-31,0.98
440159,MSPB-1,Medicare hospital spending per patient (Medicare Spending per Beneficiary),5.0,2024-01-01,2024-12-31,
440161,MSPB-1,Medicare hospital spending per patient (Medicare Spending per Beneficiary),,2024-01-01,2024-12-31,1.0
440173,MSPB-1,Medicare hospital spending per patient (Medicare Spending per Beneficiary),,2024-01-01,2024-12-31,0.97
440175,MSPB-1,Medicare hospital spending per patient (Medicare Spending per Beneficiary),,2024-01-01,2024-12-31,1.07
440176,MSPB-1,Medicare hospital spending per patient (Medicare Spending per Beneficiary),,2024-01-01,2024-12-31,0.99
440183,MSPB-1,Medicare hospital spending per patient (Medicare Spending per Beneficiary),,2024-01-01,2024-12-31,1.04
440184,MSPB-1,Medicare hospital spending per patient (Medicare Spending per Beneficiary),,2024-01-01,2024-12-31,0.95
440185,MSPB-1,Medicare hospital spending per patient (Medicare Spending per Beneficiary),,2024-01-01,2024-12-31,1.0
440187,MSPB-1,Medicare hospital spending per patient (Medicare Spending per Beneficiary),,2024-01-01,2024-12-31,1.09
440192,MSPB-1,Medicare hospital spending per patient (Medicare Spending per Beneficiary),1.0,2024-01-01,2024-12-31,
440193,MSPB-1,Medicare hospital spending per patient (Medicare Spending per Beneficiary),,2024-01-01,2024-12-31,0.96
440194,MSPB-1,Medicare hospital spending per patient (Medicare Spending per Beneficiary),,2024-01-01,2024-12-31,0.95
440197,MSPB-1,Medicare hospital spending per patient (Medicare Spending per Beneficiary),,2024-01-01,2024-12-31,1.08
440200,MSPB-1,Medicare hospital spending per patient (Medicare Spending per Beneficiary),1.0,2024-01-01,2024-12-31,
440218,MSPB-1,Medicare hospital spending per patient (Medicare Spending per Beneficiary),5.0,2024-01-01,2024-12-31,
440227,MSPB-1,Medicare hospital spending per patient (Medicare Spending per Beneficiary),,2024-01-01,2024-12-31,0.98
440228,MSPB-1,Medicare hospital spending per patient (Medicare Spending per Beneficiary),,2024-01-01,2024-12-31,0.96
440231,MSPB-1,Medicare hospital spending per patient (Medicare Spending per Beneficiary),5.0,2024-01-01,2024-12-31,
440238,MSPB-1,Medicare hospital spending per patient (Medicare Spending per Beneficiary),,2024-01-01,2024-12-31,1.06
440779,MSPB-1,Medicare hospital spending per patient (Medicare Spending per Beneficiary),19.0,2024-01-01,2024-12-31,
440780,MSPB-1,Medicare hospital spending per patient (Medicare Spending per Beneficiary),19.0,2024-01-01,2024-12-31,
441300,MSPB-1,Medicare hospital spending per patient (Medicare Spending per Beneficiary),5.0,2024-01-01,2024-12-31,
441301,MSPB-1,Medicare hospital spending per patient (Medicare Spending per Beneficiary),5.0,2024-01-01,2024-12-31,
441303,MSPB-1,Medicare hospital spending per patient (Medicare Spending per Beneficiary),5.0,2024-01-01,2024-12-31,
441304,MSPB-1,Medicare hospital spending per patient (Medicare Spending per Beneficiary),5.0,2024-01-01,2024-12-31,
441305,MSPB-1,Medicare hospital spending per patient (Medicare Spending per Beneficiary),5.0,2024-01-01,2024-12-31,
441306,MSPB-1,Medicare hospital spending per patient (Medicare Spending per Beneficiary),5.0,2024-01-01,2024-12-31,
441307,MSPB-1,Medicare hospital spending per patient (Medicare Spending per Beneficiary),5.0,2024-01-01,2024-12-31,
441309,MSPB-1,Medicare hospital spending per patient (Medicare Spending per Beneficiary),5.0,2024-01-01,2024-12-31,
441310,MSPB-1,Medicare hospital spending per patient (Medicare Spending per Beneficiary),5.0,2024-01-01,2024-12-31,
441313,MSPB-1,Medicare hospital spending per patient (Medicare Spending per Beneficiary),5.0,2024-01-01,2024-12-31,
441314,MSPB-1,Medicare hospital spending per patient (Medicare Spending per Beneficiary),5.0,2024-01-01,2024-12-31,
441316,MSPB-1,Medicare hospital spending per patient (Medicare Spending per Beneficiary),5.0,2024-01-01,2024-12-31,
441320,MSPB-1,Medicare hospital spending per patient (Medicare Spending per Beneficiary),5.0,2024-01-01,2024-12-31,
441322,MSPB-1,Medicare hospital spending per patient (Medicare Spending per Beneficiary),5.0,2024-01-01,2024-12-31,
441323,MSPB-1,Medicare hospital spending per patient (Medicare Spending per Beneficiary),5.0,2024-01-01,2024-12-31,
443302,MSPB-1,Medicare hospital spending per patient (Medicare Spending per Beneficiary),19.0,2024-01-01,2024-12-31,
443303,MSPB-1,Medicare hospital spending per patient (Medicare Spending per Beneficiary),19.0,2024-01-01,2024-12-31,
450002,MSPB-1,Medicare hospital spending per patient (Medicare Spending per Beneficiary),,2024-01-01,2024-12-31,1.04
450007,MSPB-1,Medicare hospital spending per patient (Medicare Spending per Beneficiary),,2024-01-01,2024-12-31,0.97
450010,MSPB-1,Medicare hospital spending per patient (Medicare Spending per Beneficiary),,2024-01-01,2024-12-31,1.18
450011,MSPB-1,Medicare hospital spending per patient (Medicare Spending per Beneficiary),,2024-01-01,2024-12-31,1.07
450015,MSPB-1,Medicare hospital spending per patient (Medicare Spending per Beneficiary),,2024-01-01,2024-12-31,0.86
450018,MSPB-1,Medicare hospital spending per patient (Medicare Spending per Beneficiary),,2024-01-01,2024-12-31,1.06
450021,MSPB-1,Medicare hospital spending per patient (Medicare Spending per Beneficiary),,2024-01-01,2024-12-31,1.02
450023,MSPB-1,Medicare hospital spending per patient (Medicare Spending per Beneficiary),,2024-01-01,2024-12-31,1.22
450024,MSPB-1,Medicare hospital spending per patient (Medicare Spending per Beneficiary),,2024-01-01,2024-12-31,1.12
450028,MSPB-1,Medicare hospital spending per patient (Medicare Spending per Beneficiary),,2024-01-01,2024-12-31,1.05
450029,MSPB-1,Medicare hospital spending per patient (Medicare Spending per Beneficiary),,2024-01-01,2024-12-31,0.98
450032,MSPB-1,Medicare hospital spending per patient (Medicare Spending per Beneficiary),,2024-01-01,2024-12-31,1.01
450033,MSPB-1,Medicare hospital spending per patient (Medicare Spending per Beneficiary),,2024-01-01,2024-12-31,1.04
450034,MSPB-1,Medicare hospital spending per patient (Medicare Spending per Beneficiary),,2024-01-01,2024-12-31,1.09
450035,MSPB-1,Medicare hospital spending per patient (Medicare Spending per Beneficiary),,2024-01-01,2024-12-31,1.02
450039,MSPB-1,Medicare hospital spending per patient (Medicare Spending per Beneficiary),,2024-01-01,2024-12-31,1.03
450040,MSPB-1,Medicare hospital spending per patient (Medicare Spending per Beneficiary),,2024-01-01,2024-12-31,1.13
450042,MSPB-1,Medicare hospital spending per patient (Medicare Spending per Beneficiary),29.0,2024-01-01,2024-12-31,0.98
450044,MSPB-1,Medicare hospital spending per patient (Medicare Spending per Beneficiary),,2024-01-01,2024-12-31,0.98
450046,MSPB-1,Medicare hospital spending per patient (Medicare Spending per Beneficiary),,2024-01-01,2024-12-31,1.09
450051,MSPB-1,Medicare hospital spending per patient (Medicare Spending per Beneficiary),,2024-01-01,2024-12-31,1.01
450054,MSPB-1,Medicare hospital spending per patient (Medicare Spending per Beneficiary),,2024-01-01,2024-12-31,0.98
450055,MSPB-1,Medicare hospital spending per patient (Medicare Spending per Beneficiary),,2024-01-01,2024-12-31,1.08
450056,MSPB-1,Medicare hospital spending per patient (Medicare Spending per Beneficiary),29.0,2024-01-01,2024-12-31,1.01
450058,MSPB-1,Medicare hospital spending per patient (Medicare Spending per Beneficiary),,2024-01-01,2024-12-31,1.06
450064,MSPB-1,Medicare hospital spending per patient (Medicare Spending per Beneficiary),,2024-01-01,2024-12-31,1.05
450068,MSPB-1,Medicare hospital spending per patient (Medicare Spending per Beneficiary),,2024-01-01,2024-12-31,1.03
450072,MSPB-1,Medicare hospital spending per patient (Medicare Spending per Beneficiary),,2024-01-01,2024-12-31,1.04
450079,MSPB-1,Medicare hospital spending per patient (Medicare Spending per Beneficiary),,2024-01-01,2024-12-31,1.0
450080,MSPB-1,Medicare hospital spending per patient (Medicare Spending per Beneficiary),,2024-01-01,2024-12-31,0.98
450082,MSPB-1,Medicare hospital spending per patient (Medicare Spending per Beneficiary),,2024-01-01,2024-12-31,1.16
450083,MSPB-1,Medicare hospital spending per patient (Medicare Spending per Beneficiary),,2024-01-01,2024-12-31,1.07
450087,MSPB-1,Medicare hospital spending per patient (Medicare Spending per Beneficiary),,2024-01-01,2024-12-31,1.02
450090,MSPB-1,Medicare hospital spending per patient (Medicare Spending per Beneficiary),,2024-01-01,2024-12-31,1.04
450092,MSPB-1,Medicare hospital spending per patient (Medicare Spending per Beneficiary),,2024-01-01,2024-12-31,1.2
450097,MSPB-1,Medicare hospital spending per patient (Medicare Spending per Beneficiary),,2024-01-01,2024-12-31,1.11
450101,MSPB-1,Medicare hospital spending per patient (Medicare Spending per Beneficiary),,2024-01-01,2024-12-31,1.04
450102,MSPB-1,Medicare hospital spending per patient (Medicare Spending per Beneficiary),,2024-01-01,2024-12-31,1.1
450104,MSPB-1,Medicare hospital spending per patient (Medicare Spending per Beneficiary),,2024-01-01,2024-12-31,1.13
450107,MSPB-1,Medicare hospital spending per patient (Medicare Spending per Beneficiary),,2024-01-01,2024-12-31,1.07
450108,MSPB-1,Medicare hospital spending per patient (Medicare Spending per Beneficiary),,2024-01-01,2024-12-31,1.11
450119,MSPB-1,Medicare hospital spending per patient (Medicare Spending per Beneficiary),,2024-01-01,2024-12-31,1.05
450124,MSPB-1,Medicare hospital spending per patient (Medicare Spending per Beneficiary),29.0,2024-01-01,2024-12-31,1.09
450128,MSPB-1,Medicare hospital spending per patient (Medicare Spending per Beneficiary),,2024-01-01,2024-12-31,0.99
450132,MSPB-1,Medicare hospital spending per patient (Medicare Spending per Beneficiary),,2024-01-01,2024-12-31,1.11
450133,MSPB-1,Medicare hospital spending per patient (Medicare Spending per Beneficiary),,2024-01-01,2024-12-31,1.15
450135,MSPB-1,Medicare hospital spending per patient (Medicare Spending per Beneficiary),,2024-01-01,2024-12-31,1.04
450137,MSPB-1,Medicare hospital spending per patient (Medicare Spending per Beneficiary),,2024-01-01,2024-12-31,1.02
450144,MSPB-1,Medicare hospital spending per patient (Medicare Spending per Beneficiary),,2024-01-01,2024-12-31,0.98
450147,MSPB-1,Medicare hospital spending per patient (Medicare Spending per Beneficiary),,2024-01-01,2024-12-31,1.16
450148,MSPB-1,Medicare hospital spending per patient (Medicare Spending per Beneficiary),,2024-01-01,2024-12-31,1.0
450152,MSPB-1,Medicare hospital spending per patient (Medicare Spending per Beneficiary),,2024-01-01,2024-12-31,1.0
450154,MSPB-1,Medicare hospital spending per patient (Medicare Spending per Beneficiary),,2024-01-01,2024-12-31,0.99
450155,MSPB-1,Medicare hospital spending per patient (Medicare Spending per Beneficiary),,2024-01-01,2024-12-31,0.98
450162,MSPB-1,Medicare hospital spending per patient (Medicare Spending per Beneficiary),,2024-01-01,2024-12-31,0.92
450163,MSPB-1,Medicare hospital spending per patient (Medicare Spending per Beneficiary),,2024-01-01,2024-12-31,1.01
450165,MSPB-1,Medicare hospital spending per patient (Medicare Spending per Beneficiary),,2024-01-01,2024-12-31,0.96
450176,MSPB-1,Medicare hospital spending per patient (Medicare Spending per Beneficiary),,2024-01-01,2024-12-31,0.95
450184,MSPB-1,Medicare hospital spending per patient (Medicare Spending per Beneficiary),,2024-01-01,2024-12-31,1.0
450193,MSPB-1,Medicare hospital spending per patient (Medicare Spending per Beneficiary),,2024-01-01,2024-12-31,1.04
450194,MSPB-1,Medicare hospital spending per patient (Medicare Spending per Beneficiary),,2024-01-01,2024-12-31,0.96
450196,MSPB-1,Medicare hospital spending per patient (Medicare Spending per Beneficiary),,2024-01-01,2024-12-31,1.06
450200,MSPB-1,Medicare hospital spending per patient (Medicare Spending per Beneficiary),5.0,2024-01-01,2024-12-31,
450203,MSPB-1,Medicare hospital spending per patient (Medicare Spending per Beneficiary),,2024-01-01,2024-12-31,1.08
450209,MSPB-1,Medicare hospital spending per patient (Medicare Spending per Beneficiary),,2024-01-01,2024-12-31,1.13
450210,MSPB-1,Medicare hospital spending per patient (Medicare Spending per Beneficiary),,2024-01-01,2024-12-31,0.86
450211,MSPB-1,Medicare hospital spending per patient (Medicare Spending per Beneficiary),,2024-01-01,2024-12-31,1.04
450213,MSPB-1,Medicare hospital spending per patient (Medicare Spending per Beneficiary),,2024-01-01,2024-12-31,1.03
450222,MSPB-1,Medicare hospital spending per patient (Medicare Spending per Beneficiary),,2024-01-01,2024-12-31,1.15
450229,MSPB-1,Medicare hospital spending per patient (Medicare Spending per Beneficiary),,2024-01-01,2024-12-31,1.1
450231,MSPB-1,Medicare hospital spending per patient (Medicare Spending per Beneficiary),,2024-01-01,2024-12-31,1.06
450235,MSPB-1,Medicare hospital spending per patient (Medicare Spending per Beneficiary),,2024-01-01,2024-12-31,1.17
450236,MSPB-1,Medicare hospital spending per patient (Medicare Spending per Beneficiary),,2024-01-01,2024-12-31,1.04
450237,MSPB-1,Medicare hospital spending per patient (Medicare Spending per Beneficiary),,2024-01-01,2024-12-31,1.1
450241,MSPB-1,Medicare hospital spending per patient (Medicare Spending per Beneficiary),,2024-01-01,2024-12-31,1.24
450253,MSPB-1,Medicare hospital spending per patient (Medicare Spending per Beneficiary),,2024-01-01,2024-12-31,1.13
450272,MSPB-1,Medicare hospital spending per patient (Medicare Spending per Beneficiary),,2024-01-01,2024-12-31,1.15
450289,MSPB-1,Medicare hospital spending per patient (Medicare Spending per Beneficiary),,2024-01-01,2024-12-31,0.98
450292,MSPB-1,Medicare hospital spending per patient (Medicare Spending per Beneficiary),,2024-01-01,2024-12-31,0.98
450324,MSPB-1,Medicare hospital spending per patient (Medicare Spending per Beneficiary),,2024-01-01,2024-12-31,1.02
450330,MSPB-1,Medicare hospital spending per patient (Medicare Spending per Beneficiary),,2024-01-01,2024-12-31,1.12
450346,MSPB-1,Medicare hospital spending per patient (Medicare Spending per Beneficiary),,2024-01-01,2024-12-31,1.03
450347,MSPB-1,Medicare hospital spending per patient (Medicare Spending per Beneficiary),,2024-01-01,2024-12-31,1.13
450351,MSPB-1,Medicare hospital spending per patient (Medicare Spending per Beneficiary),,2024-01-01,2024-12-31,0.89
450352,MSPB-1,Medicare hospital spending per patient (Medicare Spending per Beneficiary),,2024-01-01,2024-12-31,1.05
450358,MSPB-1,Medicare hospital spending per patient (Medicare Spending per Beneficiary),,2024-01-01,2024-12-31,0.98
450369,MSPB-1,Medicare hospital spending per patient (Medicare Spending per Beneficiary),,2024-01-01,2024-12-31,1.05
450370,MSPB-1,Medicare hospital spending per patient (Medicare Spending per Beneficiary),,2024-01-01,2024-12-31,1.42
450372,MSPB-1,Medicare hospital spending per patient (Medicare Spending per Beneficiary),,2024-01-01,2024-12-31,1.09
450379,MSPB-1,Medicare hospital spending per patient (Medicare Spending per Beneficiary),,2024-01-01,2024-12-31,1.04
450388,MSPB-1,Medicare hospital spending per patient (Medicare Spending per Beneficiary),,2024-01-01,2024-12-31,1.04
450389,MSPB-1,Medicare hospital spending per patient (Medicare Spending per Beneficiary),,2024-01-01,2024-12-31,1.08
450395,MSPB-1,Medicare hospital spending per patient (Medicare Spending per Beneficiary),,2024-01-01,2024-12-31,0.97
450399,MSPB-1,Medicare hospital spending per patient (Medicare Spending per Beneficiary),,2024-01-01,2024-12-31,1.06
450400,MSPB-1,Medicare hospital spending per patient (Medicare Spending per Beneficiary),,2024-01-01,2024-12-31,0.94
450403,MSPB-1,Medicare hospital spending per patient (Medicare Spending per Beneficiary),,2024-01-01,2024-12-31,1.08
450419,MSPB-1,Medicare hospital spending per patient (Medicare Spending per Beneficiary),,2024-01-01,2024-12-31,1.02
450422,MSPB-1,Medicare hospital spending per patient (Medicare Spending per Beneficiary),,2024-01-01,2024-12-31,1.07
450424,MSPB-1,Medicare hospital spending per patient (Medicare Spending per Beneficiary),,2024-01-01,2024-12-31,1.02
450431,MSPB-1,Medicare hospital spending per patient (Medicare Spending per Beneficiary),,2024-01-01,2024-12-31,1.06
450447,MSPB-1,Medicare hospital spending per patient (Medicare Spending per Beneficiary),,2024-01-01,2024-12-31,1.02
450451,MSPB-1,Medicare hospital spending per patient (Medicare Spending per Beneficiary),,2024-01-01,2024-12-31,1.02
450460,MSPB-1,Medicare hospital spending per patient (Medicare Spending per Beneficiary),,2024-01-01,2024-12-31,0.8
450462,MSPB-1,Medicare hospital spending per patient (Medicare Spending per Beneficiary),,2024-01-01,2024-12-31,1.04
450465,MSPB-1,Medicare hospital spending per patient (Medicare Spending per Beneficiary),,2024-01-01,2024-12-31,1.03
450469,MSPB-1,Medicare hospital spending per patient (Medicare Spending per Beneficiary),,2024-01-01,2024-12-31,1.15
450475,MSPB-1,Medicare hospital spending per patient (Medicare Spending per Beneficiary),,2024-01-01,2024-12-31,1.03
450484,MSPB-1,Medicare hospital spending per patient (Medicare Spending per Beneficiary),,2024-01-01,2024-12-31,1.0
450489,MSPB-1,Medicare hospital spending per patient (Medicare Spending per Beneficiary),,2024-01-01,2024-12-31,0.91
450508,MSPB-1,Medicare hospital spending per patient (Medicare Spending per Beneficiary),,2024-01-01,2024-12-31,1.08
450518,MSPB-1,Medicare hospital spending per patient (Medicare Spending per Beneficiary),,2024-01-01,2024-12-31,1.11
450537,MSPB-1,Medicare hospital spending per patient (Medicare Spending per Beneficiary),,2024-01-01,2024-12-31,1.19
450539,MSPB-1,Medicare hospital spending per patient (Medicare Spending per Beneficiary),,2024-01-01,2024-12-31,0.99
450563,MSPB-1,Medicare hospital spending per patient (Medicare Spending per Beneficiary),,2024-01-01,2024-12-31,1.04
450565,MSPB-1,Medicare hospital spending per patient (Medicare Spending per Beneficiary),,2024-01-01,2024-12-31,0.96
450571,MSPB-1,Medicare hospital spending per patient (Medicare Spending per Beneficiary),,2024-01-01,2024-12-31,1.04
450573,MSPB-1,Medicare hospital spending per patient (Medicare Spending per Beneficiary),,2024-01-01,2024-12-31,1.07
450584,MSPB-1,Medicare hospital spending per patient (Medicare Spending per Beneficiary),,2024-01-01,2024-12-31,1.03
450587,MSPB-1,Medicare hospital spending per patient (Medicare Spending per Beneficiary),,2024-01-01,2024-12-31,1.1
450596,MSPB-1,Medicare hospital spending per patient (Medicare Spending per Beneficiary),,2024-01-01,2024-12-31,0.99
450597,MSPB-1,Medicare hospital spending per patient (Medicare Spending per Beneficiary),,2024-01-01,2024-12-31,1.23
450604,MSPB-1,Medicare hospital spending per patient (Medicare Spending per Beneficiary),,2024-01-01,2024-12-31,1.01
450610,MSPB-1,Medicare hospital spending per patient (Medicare Spending per Beneficiary),,2024-01-01,2024-12-31,1.0
450617,MSPB-1,Medicare hospital spending per patient (Medicare Spending per Beneficiary),,2024-01-01,2024-12-31,1.06
450634,MSPB-1,Medicare hospital spending per patient (Medicare Spending per Beneficiary),,2024-01-01,2024-12-31,1.04
450638,MSPB-1,Medicare hospital spending per patient (Medicare Spending per Beneficiary),,2024-01-01,2024-12-31,1.07
450639,MSPB-1,Medicare hospital spending per patient (Medicare Spending per Beneficiary),,2024-01-01,2024-12-31,1.1
450641,MSPB-1,Medicare hospital spending per patient (Medicare Spending per Beneficiary),,2024-01-01,2024-12-31,1.22
450643,MSPB-1,Medicare hospital spending per patient (Medicare Spending per Beneficiary),,2024-01-01,2024-12-31,0.89
450644,MSPB-1,Medicare hospital spending per patient (Medicare Spending per Beneficiary),,2024-01-01,2024-12-31,1.0
450647,MSPB-1,Medicare hospital spending per patient (Medicare Spending per Beneficiary),,2024-01-01,2024-12-31,1.04
450651,MSPB-1,Medicare hospital spending per patient (Medicare Spending per Beneficiary),,2024-01-01,2024-12-31,1.11
450653,MSPB-1,Medicare hospital spending per patient (Medicare Spending per Beneficiary),,2024-01-01,2024-12-31,1.21
450654,MSPB-1,Medicare hospital spending per patient (Medicare Spending per Beneficiary),,2024-01-01,2024-12-31,1.01
450656,MSPB-1,Medicare hospital spending per patient (Medicare Spending per Beneficiary),,2024-01-01,2024-12-31,0.99
450658,MSPB-1,Medicare hospital spending per patient (Medicare Spending per Beneficiary),,2024-01-01,2024-12-31,0.87
450659,MSPB-1,Medicare hospital spending per patient (Medicare Spending per Beneficiary),,2024-01-01,2024-12-31,1.02
450661,MSPB-1,Medicare hospital spending per patient (Medicare Spending per Beneficiary),,2024-01-01,2024-12-31,0.99
450662,MSPB-1,Medicare hospital spending per patient (Medicare Spending per Beneficiary),,2024-01-01,2024-12-31,0.97
450668,MSPB-1,Medicare hospital spending per patient (Medicare Spending per Beneficiary),,2024-01-01,2024-12-31,1.06
450669,MSPB-1,Medicare hospital spending per patient (Medicare Spending per Beneficiary),,2024-01-01,2024-12-31,1.1
450670,MSPB-1,Medicare hospital spending per patient (Medicare Spending per Beneficiary),,2024-01-01,2024-12-31,1.12
450672,MSPB-1,Medicare hospital spending per patient (Medicare Spending per Beneficiary),,2024-01-01,2024-12-31,1.09
450674,MSPB-1,Medicare hospital spending per patient (Medicare Spending per Beneficiary),,2024-01-01,2024-12-31,1.13
450675,MSPB-1,Medicare hospital spending per patient (Medicare Spending per Beneficiary),,2024-01-01,2024-12-31,1.04
450677,MSPB-1,Medicare hospital spending per patient (Medicare Spending per Beneficiary),,2024-01-01,2024-12-31,1.05
450678,MSPB-1,Medicare hospital spending per patient (Medicare Spending per Beneficiary),,2024-01-01,2024-12-31,1.04
450684,MSPB-1,Medicare hospital spending per patient (Medicare Spending per Beneficiary),,2024-01-01,2024-12-31,0.99
450686,MSPB-1,Medicare hospital spending per patient (Medicare Spending per Beneficiary),,2024-01-01,2024-12-31,1.16
450688,MSPB-1,Medicare hospital spending per patient (Medicare Spending per Beneficiary),,2024-01-01,2024-12-31,1.06
450690,MSPB-1,Medicare hospital spending per patient (Medicare Spending per Beneficiary),,2024-01-01,2024-12-31,1.05
450694,MSPB-1,Medicare hospital spending per patient (Medicare Spending per Beneficiary),,2024-01-01,2024-12-31,1.13
450698,MSPB-1,Medicare hospital spending per patient (Medicare Spending per Beneficiary),,2024-01-01,2024-12-31,0.84
450702,MSPB-1,Medicare hospital spending per patient (Medicare Spending per Beneficiary),,2024-01-01,2024-12-31,1.04
450709,MSPB-1,Medicare hospital spending per patient (Medicare Spending per Beneficiary),,2024-01-01,2024-12-31,1.08
450711,MSPB-1,Medicare hospital spending per patient (Medicare Spending per Beneficiary),,2024-01-01,2024-12-31,1.01
450713,MSPB-1,Medicare hospital spending per patient (Medicare Spending per Beneficiary),,2024-01-01,2024-12-31,1.06
450718,MSPB-1,Medicare hospital spending per patient (Medicare Spending per Beneficiary),,2024-01-01,2024-12-31,1.05
450723,MSPB-1,Medicare hospital spending per patient (Medicare Spending per Beneficiary),,2024-01-01,2024-12-31,1.1
450730,MSPB-1,Medicare hospital spending per patient (Medicare Spending per Beneficiary),,2024-01-01,2024-12-31,1.12
450742,MSPB-1,Medicare hospital spending per patient (Medicare Spending per Beneficiary),,2024-01-01,2024-12-31,1.02
450743,MSPB-1,Medicare hospital spending per patient (Medicare Spending per Beneficiary),,2024-01-01,2024-12-31,1.05
450747,MSPB-1,Medicare hospital spending per patient (Medicare Spending per Beneficiary),,2024-01-01,2024-12-31,1.1
450755,MSPB-1,Medicare hospital spending per patient (Medicare Spending per Beneficiary),,2024-01-01,2024-12-31,0.91
450771,MSPB-1,Medicare hospital spending per patient (Medicare Spending per Beneficiary),,2024-01-01,2024-12-31,1.07
450774,MSPB-1,Medicare hospital spending per patient (Medicare Spending per Beneficiary),,2024-01-01,2024-12-31,0.98
450775,MSPB-1,Medicare hospital spending per patient (Medicare Spending per Beneficiary),,2024-01-01,2024-12-31,1.1
450779,MSPB-1,Medicare hospital spending per patient (Medicare Spending per Beneficiary),,2024-01-01,2024-12-31,1.0
450788,MSPB-1,Medicare hospital spending per patient (Medicare Spending per Beneficiary),,2024-01-01,2024-12-31,1.04
450801,MSPB-1,Medicare hospital spending per patient (Medicare Spending per Beneficiary),,2024-01-01,2024-12-31,1.07
450804,MSPB-1,Medicare hospital spending per patient (Medicare Spending per Beneficiary),,2024-01-01,2024-12-31,0.97
450808,MSPB-1,Medicare hospital spending per patient (Medicare Spending per Beneficiary),,2024-01-01,2024-12-31,1.04
450809,MSPB-1,Medicare hospital spending per patient (Medicare Spending per Beneficiary),,2024-01-01,2024-12-31,1.01
450820,MSPB-1,Medicare hospital spending per patient (Medicare Spending per Beneficiary),,2024-01-01,2024-12-31,0.99
450822,MSPB-1,Medicare hospital spending per patient (Medicare Spending per Beneficiary),,2024-01-01,2024-12-31,0.98
450825,MSPB-1,Medicare hospital spending per patient (Medicare Spending per Beneficiary),1.0,2024-01-01,2024-12-31,
450827,MSPB-1,Medicare hospital spending per patient (Medicare Spending per Beneficiary),,2024-01-01,2024-12-31,1.06
450828,MSPB-1,Medicare hospital spending per patient (Medicare Spending per Beneficiary),,2024-01-01,2024-12-31,1.1
450831,MSPB-1,Medicare hospital spending per patient (Medicare Spending per Beneficiary),1.0,2024-01-01,2024-12-31,
450833,MSPB-1,Medicare hospital spending per patient (Medicare Spending per Beneficiary),,2024-01-01,2024-12-31,0.98
450834,MSPB-1,Medicare hospital spending per patient (Medicare Spending per Beneficiary),,2024-01-01,2024-12-31,0.92
450840,MSPB-1,Medicare hospital spending per patient (Medicare Spending per Beneficiary),,2024-01-01,2024-12-31,1.07
450844,MSPB-1,Medicare hospital spending per patient (Medicare Spending per Beneficiary),,2024-01-01,2024-12-31,1.1
450847,MSPB-1,Medicare hospital spending per patient (Medicare Spending per Beneficiary),,2024-01-01,2024-12-31,0.99
450848,MSPB-1,Medicare hospital spending per patient (Medicare Spending per Beneficiary),,2024-01-01,2024-12-31,0.93
450851,MSPB-1,Medicare hospital spending per patient (Medicare Spending per Beneficiary),,2024-01-01,2024-12-31,0.97
450853,MSPB-1,Medicare hospital spending per patient (Medicare Spending per Beneficiary),,2024-01-01,2024-12-31,1.08
450855,MSPB-1,Medicare hospital spending per patient (Medicare Spending per Beneficiary),,2024-01-01,2024-12-31,0.97
450856,MSPB-1,Medicare hospital spending per patient (Medicare Spending per Beneficiary),,2024-01-01,2024-12-31,0.91
450860,MSPB-1,Medicare hospital spending per patient (Medicare Spending per Beneficiary),1.0,2024-01-01,2024-12-31,
450862,MSPB-1,Medicare hospital spending per patient (Medicare Spending per Beneficiary),,2024-01-01,2024-12-31,1.06
450864,MSPB-1,Medicare hospital spending per patient (Medicare Spending per Beneficiary),,2024-01-01,2024-12-31,0.85
450865,MSPB-1,Medicare hospital spending per patient (Medicare Spending per Beneficiary),1.0,2024-01-01,2024-12-31,
450867,MSPB-1,Medicare hospital spending per patient (Medicare Spending per Beneficiary),29.0,2024-01-01,2024-12-31,1.08
450869,MSPB-1,Medicare hospital spending per patient (Medicare Spending per Beneficiary),,2024-01-01,2024-12-31,1.09
450872,MSPB-1,Medicare hospital spending per patient (Medicare Spending per Beneficiary),,2024-01-01,2024-12-31,1.01
450874,MSPB-1,Medicare hospital spending per patient (Medicare Spending per Beneficiary),,2024-01-01,2024-12-31,0.91
450875,MSPB-1,Medicare hospital spending per patient (Medicare Spending per Beneficiary),,2024-01-01,2024-12-31,1.07
450876,MSPB-1,Medicare hospital spending per patient (Medicare Spending per Beneficiary),,2024-01-01,2024-12-31,1.09
450880,MSPB-1,Medicare hospital spending per patient (Medicare Spending per Beneficiary),,2024-01-01,2024-12-31,0.93
450883,MSPB-1,Medicare hospital spending per patient (Medicare Spending per Beneficiary),,2024-01-01,2024-12-31,1.03
450885,MSPB-1,Medicare hospital spending per patient (Medicare Spending per Beneficiary),,2024-01-01,2024-12-31,1.1
450888,MSPB-1,Medicare hospital spending per patient (Medicare Spending per Beneficiary),,2024-01-01,2024-12-31,0.9
450889,MSPB-1,Medicare hospital spending per patient (Medicare Spending per Beneficiary),,2024-01-01,2024-12-31,0.95
450890,MSPB-1,Medicare hospital spending per patient (Medicare Spending per Beneficiary),,2024-01-01,2024-12-31,1.06
450891,MSPB-1,Medicare hospital spending per patient (Medicare Spending per Beneficiary),,2024-01-01,2024-12-31,0.92
450893,MSPB-1,Medicare hospital spending per patient (Medicare Spending per Beneficiary),,2024-01-01,2024-12-31,1.06
450895,MSPB-1,Medicare hospital spending per patient (Medicare Spending per Beneficiary),5.0,2024-01-01,2024-12-31,
451300,MSPB-1,Medicare hospital spending per patient (Medicare Spending per Beneficiary),5.0,2024-01-01,2024-12-31,
451301,MSPB-1,Medicare hospital spending per patient (Medicare Spending per Beneficiary),5.0,2024-01-01,2024-12-31,
451303,MSPB-1,Medicare hospital spending per patient (Medicare Spending per Beneficiary),5.0,2024-01-01,2024-12-31,
451304,MSPB-1,Medicare hospital spending per patient (Medicare Spending per Beneficiary),5.0,2024-01-01,2024-12-31,
451305,MSPB-1,Medicare hospital spending per patient (Medicare Spending per Beneficiary),5.0,2024-01-01,2024-12-31,
451306,MSPB-1,Medicare hospital spending per patient (Medicare Spending per Beneficiary),5.0,2024-01-01,2024-12-31,
451307,MSPB-1,Medicare hospital spending per patient (Medicare Spending per Beneficiary),5.0,2024-01-01,2024-12-31,
451308,MSPB-1,Medicare hospital spending per patient (Medicare Spending per Beneficiary),5.0,2024-01-01,2024-12-31,
451309,MSPB-1,Medicare hospital spending per patient (Medicare Spending per Beneficiary),5.0,2024-01-01,2024-12-31,
451310,MSPB-1,Medicare hospital spending per patient (Medicare Spending per Beneficiary),5.0,2024-01-01,2024-12-31,
451311,MSPB-1,Medicare hospital spending per patient (Medicare Spending per Beneficiary),5.0,2024-01-01,2024-12-31,
451312,MSPB-1,Medicare hospital spending per patient (Medicare Spending per Beneficiary),5.0,2024-01-01,2024-12-31,
451313,MSPB-1,Medicare hospital spending per patient (Medicare Spending per Beneficiary),5.0,2024-01-01,2024-12-31,
451314,MSPB-1,Medicare hospital spending per patient (Medicare Spending per Beneficiary),5.0,2024-01-01,2024-12-31,
451315,MSPB-1,Medicare hospital spending per patient (Medicare Spending per Beneficiary),5.0,2024-01-01,2024-12-31,
451316,MSPB-1,Medicare hospital spending per patient (Medicare Spending per Beneficiary),5.0,2024-01-01,2024-12-31,
451317,MSPB-1,Medicare hospital spending per patient (Medicare Spending per Beneficiary),5.0,2024-01-01,2024-12-31,
451318,MSPB-1,Medicare hospital spending per patient (Medicare Spending per Beneficiary),5.0,2024-01-01,2024-12-31,
451319,MSPB-1,Medicare hospital spending per patient (Medicare Spending per Beneficiary),5.0,2024-01-01,2024-12-31,
451320,MSPB-1,Medicare hospital spending per patient (Medicare Spending per Beneficiary),5.0,2024-01-01,2024-12-31,
451322,MSPB-1,Medicare hospital spending per patient (Medicare Spending per Beneficiary),5.0,2024-01-01,2024-12-31,
451323,MSPB-1,Medicare hospital spending per patient (Medicare Spending per Beneficiary),5.0,2024-01-01,2024-12-31,
451324,MSPB-1,Medicare hospital spending per patient (Medicare Spending per Beneficiary),5.0,2024-01-01,2024-12-31,
451325,MSPB-1,Medicare hospital spending per patient (Medicare Spending per Beneficiary),5.0,2024-01-01,2024-12-31,
451328,MSPB-1,Medicare hospital spending per patient (Medicare Spending per Beneficiary),5.0,2024-01-01,2024-12-31,
451329,MSPB-1,Medicare hospital spending per patient (Medicare Spending per Beneficiary),5.0,2024-01-01,2024-12-31,
451330,MSPB-1,Medicare hospital spending per patient (Medicare Spending per Beneficiary),5.0,2024-01-01,2024-12-31,
451331,MSPB-1,Medicare hospital spending per patient (Medicare Spending per Beneficiary),5.0,2024-01-01,2024-12-31,
451332,MSPB-1,Medicare hospital spending per patient (Medicare Spending per Beneficiary),5.0,2024-01-01,2024-12-31,
451333,MSPB-1,Medicare hospital spending per patient (Medicare Spending per Beneficiary),5.0,2024-01-01,2024-12-31,
451334,MSPB-1,Medicare hospital spending per patient (Medicare Spending per Beneficiary),5.0,2024-01-01,2024-12-31,
451335,MSPB-1,Medicare hospital spending per patient (Medicare Spending per Beneficiary),5.0,2024-01-01,2024-12-31,
451337,MSPB-1,Medicare hospital spending per patient (Medicare Spending per Beneficiary),5.0,2024-01-01,2024-12-31,
451338,MSPB-1,Medicare hospital spending per patient (Medicare Spending per Beneficiary),5.0,2024-01-01,2024-12-31,
451339,MSPB-1,Medicare hospital spending per patient (Medicare Spending per Beneficiary),19.0,2024-01-01,2024-12-31,
451340,MSPB-1,Medicare hospital spending per patient (Medicare Spending per Beneficiary),5.0,2024-01-01,2024-12-31,
451341,MSPB-1,Medicare hospital spending per patient (Medicare Spending per Beneficiary),5.0,2024-01-01,2024-12-31,
451342,MSPB-1,Medicare hospital spending per patient (Medicare Spending per Beneficiary),5.0,2024-01-01,2024-12-31,
451343,MSPB-1,Medicare hospital spending per patient (Medicare Spending per Beneficiary),5.0,2024-01-01,2024-12-31,
451344,MSPB-1,Medicare hospital spending per patient (Medicare Spending per Beneficiary),5.0,2024-01-01,2024-12-31,
451346,MSPB-1,Medicare hospital spending per patient (Medicare Spending per Beneficiary),5.0,2024-01-01,2024-12-31,
451347,MSPB-1,Medicare hospital spending per patient (Medicare Spending per Beneficiary),5.0,2024-01-01,2024-12-31,
451348,MSPB-1,Medicare hospital spending per patient (Medicare Spending per Beneficiary),19.0,2024-01-01,2024-12-31,
451349,MSPB-1,Medicare hospital spending per patient (Medicare Spending per Beneficiary),5.0,2024-01-01,2024-12-31,
451350,MSPB-1,Medicare hospital spending per patient (Medicare Spending per Beneficiary),5.0,2024-01-01,2024-12-31,
451351,MSPB-1,Medicare hospital spending per patient (Medicare Spending per Beneficiary),5.0,2024-01-01,2024-12-31,
451352,MSPB-1,Medicare hospital spending per patient (Medicare Spending per Beneficiary),5.0,2024-01-01,2024-12-31,
451353,MSPB-1,Medicare hospital spending per patient (Medicare Spending per Beneficiary),5.0,2024-01-01,2024-12-31,
451354,MSPB-1,Medicare hospital spending per patient (Medicare Spending per Beneficiary),5.0,2024-01-01,2024-12-31,
451355,MSPB-1,Medicare hospital spending per patient (Medicare Spending per Beneficiary),5.0,2024-01-01,2024-12-31,
451356,MSPB-1,Medicare hospital spending per patient (Medicare Spending per Beneficiary),5.0,2024-01-01,2024-12-31,
451358,MSPB-1,Medicare hospital spending per patient (Medicare Spending per Beneficiary),19.0,2024-01-01,2024-12-31,
451359,MSPB-1,Medicare hospital spending per patient (Medicare Spending per Beneficiary),5.0,2024-01-01,2024-12-31,
451361,MSPB-1,Medicare hospital spending per patient (Medicare Spending per Beneficiary),5.0,2024-01-01,2024-12-31,
451362,MSPB-1,Medicare hospital spending per patient (Medicare Spending per Beneficiary),5.0,2024-01-01,2024-12-31,
451363,MSPB-1,Medicare hospital spending per patient (Medicare Spending per Beneficiary),5.0,2024-01-01,2024-12-31,
451364,MSPB-1,Medicare hospital spending per patient (Medicare Spending per Beneficiary),5.0,2024-01-01,2024-12-31,
451365,MSPB-1,Medicare hospital spending per patient (Medicare Spending per Beneficiary),5.0,2024-01-01,2024-12-31,
451366,MSPB-1,Medicare hospital spending per patient (Medicare Spending per Beneficiary),5.0,2024-01-01,2024-12-31,
451367,MSPB-1,Medicare hospital spending per patient (Medicare Spending per Beneficiary),5.0,2024-01-01,2024-12-31,
451369,MSPB-1,Medicare hospital spending per patient (Medicare Spending per Beneficiary),5.0,2024-01-01,2024-12-31,
451370,MSPB-1,Medicare hospital spending per patient (Medicare Spending per Beneficiary),5.0,2024-01-01,2024-12-31,
451371,MSPB-1,Medicare hospital spending per patient (Medicare Spending per Beneficiary),5.0,2024-01-01,2024-12-31,
451372,MSPB-1,Medicare hospital spending per patient (Medicare Spending per Beneficiary),5.0,2024-01-01,2024-12-31,
451373,MSPB-1,Medicare hospital spending per patient (Medicare Spending per Beneficiary),5.0,2024-01-01,2024-12-31,
451374,MSPB-1,Medicare hospital spending per patient (Medicare Spending per Beneficiary),5.0,2024-01-01,2024-12-31,
451375,MSPB-1,Medicare hospital spending per patient (Medicare Spending per Beneficiary),5.0,2024-01-01,2024-12-31,
451376,MSPB-1,Medicare hospital spending per patient (Medicare Spending per Beneficiary),5.0,2024-01-01,2024-12-31,
451377,MSPB-1,Medicare hospital spending per patient (Medicare Spending per Beneficiary),5.0,2024-01-01,2024-12-31,
451378,MSPB-1,Medicare hospital spending per patient (Medicare Spending per Beneficiary),5.0,2024-01-01,2024-12-31,
451379,MSPB-1,Medicare hospital spending per patient (Medicare Spending per Beneficiary),5.0,2024-01-01,2024-12-31,
451380,MSPB-1,Medicare hospital spending per patient (Medicare Spending per Beneficiary),5.0,2024-01-01,2024-12-31,
451381,MSPB-1,Medicare hospital spending per patient (Medicare Spending per Beneficiary),5.0,2024-01-01,2024-12-31,
451382,MSPB-1,Medicare hospital spending per patient (Medicare Spending per Beneficiary),5.0,2024-01-01,2024-12-31,
451384,MSPB-1,Medicare hospital spending per patient (Medicare Spending per Beneficiary),5.0,2024-01-01,2024-12-31,
451385,MSPB-1,Medicare hospital spending per patient (Medicare Spending per Beneficiary),5.0,2024-01-01,2024-12-31,
451386,MSPB-1,Medicare hospital spending per patient (Medicare Spending per Beneficiary),5.0,2024-01-01,2024-12-31,
451387,MSPB-1,Medicare hospital spending per patient (Medicare Spending per Beneficiary),5.0,2024-01-01,2024-12-31,
451389,MSPB-1,Medicare hospital spending per patient (Medicare Spending per Beneficiary),5.0,2024-01-01,2024-12-31,
451390,MSPB-1,Medicare hospital spending per patient (Medicare Spending per Beneficiary),5.0,2024-01-01,2024-12-31,
451391,MSPB-1,Medicare hospital spending per patient (Medicare Spending per Beneficiary),5.0,2024-01-01,2024-12-31,
451392,MSPB-1,Medicare hospital spending per patient (Medicare Spending per Beneficiary),5.0,2024-01-01,2024-12-31,
451393,MSPB-1,Medicare hospital spending per patient (Medicare Spending per Beneficiary),5.0,2024-01-01,2024-12-31,
451394,MSPB-1,Medicare hospital spending per patient (Medicare Spending per Beneficiary),5.0,2024-01-01,2024-12-31,
451395,MSPB-1,Medicare hospital spending per patient (Medicare Spending per Beneficiary),5.0,2024-01-01,2024-12-31,
451396,MSPB-1,Medicare hospital spending per patient (Medicare Spending per Beneficiary),5.0,2024-01-01,2024-12-31,
451397,MSPB-1,Medicare hospital spending per patient (Medicare Spending per Beneficiary),5.0,2024-01-01,2024-12-31,
451398,MSPB-1,Medicare hospital spending per patient (Medicare Spending per Beneficiary),5.0,2024-01-01,2024-12-31,
451399,MSPB-1,Medicare hospital spending per patient (Medicare Spending per Beneficiary),5.0,2024-01-01,2024-12-31,
453300,MSPB-1,Medicare hospital spending per patient (Medicare Spending per Beneficiary),19.0,2024-01-01,2024-12-31,
453301,MSPB-1,Medicare hospital spending per patient (Medicare Spending per Beneficiary),19.0,2024-01-01,2024-12-31,
453302,MSPB-1,Medicare hospital spending per patient (Medicare Spending per Beneficiary),19.0,2024-01-01,2024-12-31,
453304,MSPB-1,Medicare hospital spending per patient (Medicare Spending per Beneficiary),19.0,2024-01-01,2024-12-31,
453306,MSPB-1,Medicare hospital spending per patient (Medicare Spending per Beneficiary),19.0,2024-01-01,2024-12-31,
453309,MSPB-1,Medicare hospital spending per patient (Medicare Spending per Beneficiary),19.0,2024-01-01,2024-12-31,
453310,MSPB-1,Medicare hospital spending per patient (Medicare Spending per Beneficiary),19.0,2024-01-01,2024-12-31,
453311,MSPB-1,Medicare hospital spending per patient (Medicare Spending per Beneficiary),19.0,2024-01-01,2024-12-31,
453313,MSPB-1,Medicare hospital spending per patient (Medicare Spending per Beneficiary),19.0,2024-01-01,2024-12-31,
453314,MSPB-1,Medicare hospital spending per patient (Medicare Spending per Beneficiary),19.0,2024-01-01,2024-12-31,
453315,MSPB-1,Medicare hospital spending per patient (Medicare Spending per Beneficiary),19.0,2024-01-01,2024-12-31,
453316,MSPB-1,Medicare hospital spending per patient (Medicare Spending per Beneficiary),19.0,2024-01-01,2024-12-31,
453317,MSPB-1,Medicare hospital spending per patient (Medicare Spending per Beneficiary),19.0,2024-01-01,2024-12-31,
453318,MSPB-1,Medicare hospital spending per patient (Medicare Spending per Beneficiary),19.0,2024-01-01,2024-12-31,
453319,MSPB-1,Medicare hospital spending per patient (Medicare Spending per Beneficiary),19.0,2024-01-01,2024-12-31,
453321,MSPB-1,Medicare hospital spending per patient (Medicare Spending per Beneficiary),19.0,2024-01-01,2024-12-31,
460001,MSPB-1,Medicare hospital spending per patient (Medicare Spending per Beneficiary),,2024-01-01,2024-12-31,0.98
460003,MSPB-1,Medicare hospital spending per patient (Medicare Spending per Beneficiary),,2024-01-01,2024-12-31,1.08
460004,MSPB-1,Medicare hospital spending per patient (Medicare Spending per Beneficiary),,2024-01-01,2024-12-31,0.96
460005,MSPB-1,Medicare hospital spending per patient (Medicare Spending per Beneficiary),,2024-01-01,2024-12-31,1.03
460006,MSPB-1,Medicare hospital spending per patient (Medicare Spending per Beneficiary),,2024-01-01,2024-12-31,1.0
460007,MSPB-1,Medicare hospital spending per patient (Medicare Spending per Beneficiary),,2024-01-01,2024-12-31,0.97
460009,MSPB-1,Medicare hospital spending per patient (Medicare Spending per Beneficiary),,2024-01-01,2024-12-31,1.0
460010,MSPB-1,Medicare hospital spending per patient (Medicare Spending per Beneficiary),,2024-01-01,2024-12-31,0.97
460011,MSPB-1,Medicare hospital spending per patient (Medicare Spending per Beneficiary),,2024-01-01,2024-12-31,1.01
460013,MSPB-1,Medicare hospital spending per patient (Medicare Spending per Beneficiary),,2024-01-01,2024-12-31,1.02
460014,MSPB-1,Medicare hospital spending per patient (Medicare Spending per Beneficiary),,2024-01-01,2024-12-31,0.9
460015,MSPB-1,Medicare hospital spending per patient (Medicare Spending per Beneficiary),,2024-01-01,2024-12-31,0.87
460017,MSPB-1,Medicare hospital spending per patient (Medicare Spending per Beneficiary),,2024-01-01,2024-12-31,0.97
460019,MSPB-1,Medicare hospital spending per patient (Medicare Spending per Beneficiary),,2024-01-01,2024-12-31,0.86
460021,MSPB-1,Medicare hospital spending per patient (Medicare Spending per Beneficiary),,2024-01-01,2024-12-31,0.94
460023,MSPB-1,Medicare hospital spending per patient (Medicare Spending per Beneficiary),,2024-01-01,2024-12-31,0.88
460026,MSPB-1,Medicare hospital spending per patient (Medicare Spending per Beneficiary),,2024-01-01,2024-12-31,0.91
460030,MSPB-1,Medicare hospital spending per patient (Medicare Spending per Beneficiary),,2024-01-01,2024-12-31,0.81
460039,MSPB-1,Medicare hospital spending per patient (Medicare Spending per Beneficiary),,2024-01-01,2024-12-31,0.89
460041,MSPB-1,Medicare hospital spending per patient (Medicare Spending per Beneficiary),,2024-01-01,2024-12-31,1.0
460042,MSPB-1,Medicare hospital spending per patient (Medicare Spending per Beneficiary),,2024-01-01,2024-12-31,1.0
460043,MSPB-1,Medicare hospital spending per patient (Medicare Spending per Beneficiary),5.0,2024-01-01,2024-12-31,
460044,MSPB-1,Medicare hospital spending per patient (Medicare Spending per Beneficiary),,2024-01-01,2024-12-31,0.97
460047,MSPB-1,Medicare hospital spending per patient (Medicare Spending per Beneficiary),,2024-01-01,2024-12-31,1.04
460051,MSPB-1,Medicare hospital spending per patient (Medicare Spending per Beneficiary),,2024-01-01,2024-12-31,0.99
460052,MSPB-1,Medicare hospital spending per patient (Medicare Spending per Beneficiary),,2024-01-01,2024-12-31,1.08
460054,MSPB-1,Medicare hospital spending per patient (Medicare Spending per Beneficiary),,2024-01-01,2024-12-31,1.02
460057,MSPB-1,Medicare hospital spending per patient (Medicare Spending per Beneficiary),,2024-01-01,2024-12-31,0.91
460058,MSPB-1,Medicare hospital spending per patient (Medicare Spending per Beneficiary),,2024-01-01,2024-12-31,0.94
460060,MSPB-1,Medicare hospital spending per patient (Medicare Spending per Beneficiary),,2024-01-01,2024-12-31,0.94
460061,MSPB-1,Medicare hospital spending per patient (Medicare Spending per Beneficiary),,2024-01-01,2024-12-31,0.9
460062,MSPB-1,Medicare hospital spending per patient (Medicare Spending per Beneficiary),,2024-01-01,2024-12-31,0.96
460063,MSPB-1,Medicare hospital spending per patient (Medicare Spending per Beneficiary),19.0,2024-01-01,2024-12-31,
461300,MSPB-1,Medicare hospital spending per patient (Medicare Spending per Beneficiary),5.0,2024-01-01,2024-12-31,
461301,MSPB-1,Medicare hospital spending per patient (Medicare Spending per Beneficiary),5.0,2024-01-01,2024-12-31,
461302,MSPB-1,Medicare hospital spending per patient (Medicare Spending per Beneficiary),5.0,2024-01-01,2024-12-31,
461303,MSPB-1,Medicare hospital spending per patient (Medicare Spending per Beneficiary),5.0,2024-01-01,2024-12-31,
461304,MSPB-1,Medicare hospital spending per patient (Medicare Spending per Beneficiary),5.0,2024-01-01,2024-12-31,
461305,MSPB-1,Medicare hospital spending per patient (Medicare Spending per Beneficiary),5.0,2024-01-01,2024-12-31,
461306,MSPB-1,Medicare hospital spending per patient (Medicare Spending per Beneficiary),5.0,2024-01-01,2024-12-31,
461307,MSPB-1,Medicare hospital spending per patient (Medicare Spending per Beneficiary),5.0,2024-01-01,2024-12-31,
461308,MSPB-1,Medicare hospital spending per patient (Medicare Spending per Beneficiary),5.0,2024-01-01,2024-12-31,
461309,MSPB-1,Medicare hospital spending per patient (Medicare Spending per Beneficiary),5.0,2024-01-01,2024-12-31,
461310,MSPB-1,Medicare hospital spending per patient (Medicare Spending per Beneficiary),5.0,2024-01-01,2024-12-31,
461333,MSPB-1,Medicare hospital spending per patient (Medicare Spending per Beneficiary),5.0,2024-01-01,2024-12-31,
461335,MSPB-1,Medicare hospital spending per patient (Medicare Spending per Beneficiary),5.0,2024-01-01,2024-12-31,
463301,MSPB-1,Medicare hospital spending per patient (Medicare Spending per Beneficiary),19.0,2024-01-01,2024-12-31,
470001,MSPB-1,Medicare hospital spending per patient (Medicare Spending per Beneficiary),,2024-01-01,2024-12-31,0.85
470003,MSPB-1,Medicare hospital spending per patient (Medicare Spending per Beneficiary),,2024-01-01,2024-12-31,0.97
470005,MSPB-1,Medicare hospital spending per patient (Medicare Spending per Beneficiary),,2024-01-01,2024-12-31,0.95
470011,MSPB-1,Medicare hospital spending per patient (Medicare Spending per Beneficiary),,2024-01-01,2024-12-31,0.97
470012,MSPB-1,Medicare hospital spending per patient (Medicare Spending per Beneficiary),,2024-01-01,2024-12-31,0.96
470024,MSPB-1,Medicare hospital spending per patient (Medicare Spending per Beneficiary),,2024-01-01,2024-12-31,0.88
471300,MSPB-1,Medicare hospital spending per patient (Medicare Spending per Beneficiary),5.0,2024-01-01,2024-12-31,
471301,MSPB-1,Medicare hospital spending per patient (Medicare Spending per Beneficiary),5.0,2024-01-01,2024-12-31,
471302,MSPB-1,Medicare hospital spending per patient (Medicare Spending per Beneficiary),5.0,2024-01-01,2024-12-31,
471303,MSPB-1,Medicare hospital spending per patient (Medicare Spending per Beneficiary),5.0,2024-01-01,2024-12-31,
471304,MSPB-1,Medicare hospital spending per patient (Medicare Spending per Beneficiary),5.0,2024-01-01,2024-12-31,
471305,MSPB-1,Medicare hospital spending per patient (Medicare Spending per Beneficiary),5.0,2024-01-01,2024-12-31,
471306,MSPB-1,Medicare hospital spending per patient (Medicare Spending per Beneficiary),5.0,2024-01-01,2024-12-31,
471307,MSPB-1,Medicare hospital spending per patient (Medicare Spending per Beneficiary),5.0,2024-01-01,2024-12-31,
480001,MSPB-1,Medicare hospital spending per patient (Medicare Spending per Beneficiary),5.0,2024-01-01,2024-12-31,
480002,MSPB-1,Medicare hospital spending per patient (Medicare Spending per Beneficiary),5.0,2024-01-01,2024-12-31,
490002,MSPB-1,Medicare hospital spending per patient (Medicare Spending per Beneficiary),,2024-01-01,2024-12-31,0.91
490004,MSPB-1,Medicare hospital spending per patient (Medicare Spending per Beneficiary),,2024-01-01,2024-12-31,0.94
490005,MSPB-1,Medicare hospital spending per patient (Medicare Spending per Beneficiary),,2024-01-01,2024-12-31,0.96
490007,MSPB-1,Medicare hospital spending per patient (Medicare Spending per Beneficiary),,2024-01-01,2024-12-31,0.97
490009,MSPB-1,Medicare hospital spending per patient (Medicare Spending per Beneficiary),,2024-01-01,2024-12-31,1.01
490013,MSPB-1,Medicare hospital spending per patient (Medicare Spending per Beneficiary),,2024-01-01,2024-12-31,0.84
490017,MSPB-1,Medicare hospital spending per patient (Medicare Spending per Beneficiary),,2024-01-01,2024-12-31,1.01
490018,MSPB-1,Medicare hospital spending per patient (Medicare Spending per Beneficiary),,2024-01-01,2024-12-31,0.96
490019,MSPB-1,Medicare hospital spending per patient (Medicare Spending per Beneficiary),,2024-01-01,2024-12-31,1.02
490020,MSPB-1,Medicare hospital spending per patient (Medicare Spending per Beneficiary),,2024-01-01,2024-12-31,1.05
490021,MSPB-1,Medicare hospital spending per patient (Medicare Spending per Beneficiary),,2024-01-01,2024-12-31,0.98
490022,MSPB-1,Medicare hospital spending per patient (Medicare Spending per Beneficiary),,2024-01-01,2024-12-31,0.96
490023,MSPB-1,Medicare hospital spending per patient (Medicare Spending per Beneficiary),,2024-01-01,2024-12-31,1.04
490024,MSPB-1,Medicare hospital spending per patient (Medicare Spending per Beneficiary),,2024-01-01,2024-12-31,1.01
490032,MSPB-1,Medicare hospital spending per patient (Medicare Spending per Beneficiary),,2024-01-01,2024-12-31,1.02
490033,MSPB-1,Medicare hospital spending per patient (Medicare Spending per Beneficiary),,2024-01-01,2024-12-31,0.87
490037,MSPB-1,Medicare hospital spending per patient (Medicare Spending per Beneficiary),,2024-01-01,2024-12-31,0.92
490038,MSPB-1,Medicare hospital spending per patient (Medicare Spending per Beneficiary),,2024-01-01,2024-12-31,0.97
490040,MSPB-1,Medicare hospital spending per patient (Medicare Spending per Beneficiary),,2024-01-01,2024-12-31,0.94
490041,MSPB-1,Medicare hospital spending per patient (Medicare Spending per Beneficiary),,2024-01-01,2024-12-31,1.0
490042,MSPB-1,Medicare hospital spending per patient (Medicare Spending per Beneficiary),,2024-01-01,2024-12-31,0.98
490043,MSPB-1,Medicare hospital spending per patient (Medicare Spending per Beneficiary),,2024-01-01,2024-12-31,0.99
490044,MSPB-1,Medicare hospital spending per patient (Medicare Spending per Beneficiary),,2024-01-01,2024-12-31,0.89
490045,MSPB-1,Medicare hospital spending per patient (Medicare Spending per Beneficiary),,2024-01-01,2024-12-31,1.04
490046,MSPB-1,Medicare hospital spending per patient (Medicare Spending per Beneficiary),,2024-01-01,2024-12-31,0.94
490048,MSPB-1,Medicare hospital spending per patient (Medicare Spending per Beneficiary),,2024-01-01,2024-12-31,1.05
490050,MSPB-1,Medicare hospital spending per patient (Medicare Spending per Beneficiary),,2024-01-01,2024-12-31,0.99
490052,MSPB-1,Medicare hospital spending per patient (Medicare Spending per Beneficiary),,2024-01-01,2024-12-31,1.02
490053,MSPB-1,Medicare hospital spending per patient (Medicare Spending per Beneficiary),,2024-01-01,2024-12-31,1.0
490057,MSPB-1,Medicare hospital spending per patient (Medicare Spending per Beneficiary),,2024-01-01,2024-12-31,0.94
490059,MSPB-1,Medicare hospital spending per patient (Medicare Spending per Beneficiary),,2024-01-01,2024-12-31,1.01
490060,MSPB-1,Medicare hospital spending per patient (Medicare Spending per Beneficiary),,2024-01-01,2024-12-31,0.94
490063,MSPB-1,Medicare hospital spending per patient (Medicare Spending per Beneficiary),,2024-01-01,2024-12-31,0.98
490066,MSPB-1,Medicare hospital spending per patient (Medicare Spending per Beneficiary),,2024-01-01,2024-12-31,0.93
490067,MSPB-1,Medicare hospital spending per patient (Medicare Spending per Beneficiary),,2024-01-01,2024-12-31,1.11
490069,MSPB-1,Medicare hospital spending per patient (Medicare Spending per Beneficiary),,2024-01-01,2024-12-31,1.01
490075,MSPB-1,Medicare hospital spending per patient (Medicare Spending per Beneficiary),,2024-01-01,2024-12-31,1.01
490077,MSPB-1,Medicare hospital spending per patient (Medicare Spending per Beneficiary),,2024-01-01,2024-12-31,0.92
490084,MSPB-1,Medicare hospital spending per patient (Medicare Spending per Beneficiary),,2024-01-01,2024-12-31,0.96
490088,MSPB-1,Medicare hospital spending per patient (Medicare Spending per Beneficiary),,2024-01-01,2024-12-31,0.94
490089,MSPB-1,Medicare hospital spending per patient (Medicare Spending per Beneficiary),,2024-01-01,2024-12-31,0.91
490090,MSPB-1,Medicare hospital spending per patient (Medicare Spending per Beneficiary),,2024-01-01,2024-12-31,1.05
490092,MSPB-1,Medicare hospital spending per patient (Medicare Spending per Beneficiary),,2024-01-01,2024-12-31,0.84
490093,MSPB-1,Medicare hospital spending per patient (Medicare Spending per Beneficiary),,2024-01-01,2024-12-31,0.95
490094,MSPB-1,Medicare hospital spending per patient (Medicare Spending per Beneficiary),,2024-01-01,2024-12-31,0.91
490097,MSPB-1,Medicare hospital spending per patient (Medicare Spending per Beneficiary),,2024-01-01,2024-12-31,0.97
490098,MSPB-1,Medicare hospital spending per patient (Medicare Spending per Beneficiary),,2024-01-01,2024-12-31,0.96
490101,MSPB-1,Medicare hospital spending per patient (Medicare Spending per Beneficiary),,2024-01-01,2024-12-31,0.93
490104,MSPB-1,Medicare hospital spending per patient (Medicare Spending per Beneficiary),1.0,2024-01-01,2024-12-31,
490107,MSPB-1,Medicare hospital spending per patient (Medicare Spending per Beneficiary),,2024-01-01,2024-12-31,1.03
490110,MSPB-1,Medicare hospital spending per patient (Medicare Spending per Beneficiary),,2024-01-01,2024-12-31,0.93
490111,MSPB-1,Medicare hospital spending per patient (Medicare Spending per Beneficiary),,2024-01-01,2024-12-31,0.92
490112,MSPB-1,Medicare hospital spending per patient (Medicare Spending per Beneficiary),,2024-01-01,2024-12-31,1.01
490113,MSPB-1,Medicare hospital spending per patient (Medicare Spending per Beneficiary),,2024-01-01,2024-12-31,0.95
490114,MSPB-1,Medicare hospital spending per patient (Medicare Spending per Beneficiary),,2024-01-01,2024-12-31,1.0
490115,MSPB-1,Medicare hospital spending per patient (Medicare Spending per Beneficiary),,2024-01-01,2024-12-31,0.96
490116,MSPB-1,Medicare hospital spending per patient (Medicare Spending per Beneficiary),,2024-01-01,2024-12-31,1.0
490117,MSPB-1,Medicare hospital spending per patient (Medicare Spending per Beneficiary),,2024-01-01,2024-12-31,0.9
490118,MSPB-1,Medicare hospital spending per patient (Medicare Spending per Beneficiary),,2024-01-01,2024-12-31,1.06
490119,MSPB-1,Medicare hospital spending per patient (Medicare Spending per Beneficiary),,2024-01-01,2024-12-31,0.91
490120,MSPB-1,Medicare hospital spending per patient (Medicare Spending per Beneficiary),,2024-01-01,2024-12-31,0.94
490122,MSPB-1,Medicare hospital spending per patient (Medicare Spending per Beneficiary),,2024-01-01,2024-12-31,0.97
490126,MSPB-1,Medicare hospital spending per patient (Medicare Spending per Beneficiary),,2024-01-01,2024-12-31,1.0
490127,MSPB-1,Medicare hospital spending per patient (Medicare Spending per Beneficiary),,2024-01-01,2024-12-31,0.88
490130,MSPB-1,Medicare hospital spending per patient (Medicare Spending per Beneficiary),,2024-01-01,2024-12-31,0.91
490136,MSPB-1,Medicare hospital spending per patient (Medicare Spending per Beneficiary),,2024-01-01,2024-12-31,0.99
490140,MSPB-1,Medicare hospital spending per patient (Medicare Spending per Beneficiary),,2024-01-01,2024-12-31,0.87
490141,MSPB-1,Medicare hospital spending per patient (Medicare Spending per Beneficiary),,2024-01-01,2024-12-31,0.98
490143,MSPB-1,Medicare hospital spending per patient (Medicare Spending per Beneficiary),,2024-01-01,2024-12-31,0.95
490144,MSPB-1,Medicare hospital spending per patient (Medicare Spending per Beneficiary),,2024-01-01,2024-12-31,0.96
490145,MSPB-1,Medicare hospital spending per patient (Medicare Spending per Beneficiary),,2024-01-01,2024-12-31,0.97
490148,MSPB-1,Medicare hospital spending per patient (Medicare Spending per Beneficiary),5.0,2024-01-01,2024-12-31,
491300,MSPB-1,Medicare hospital spending per patient (Medicare Spending per Beneficiary),5.0,2024-01-01,2024-12-31,
491302,MSPB-1,Medicare hospital spending per patient (Medicare Spending per Beneficiary),5.0,2024-01-01,2024-12-31,
491303,MSPB-1,Medicare hospital spending per patient (Medicare Spending per Beneficiary),5.0,2024-01-01,2024-12-31,
491304,MSPB-1,Medicare hospital spending per patient (Medicare Spending per Beneficiary),5.0,2024-01-01,2024-12-31,
491305,MSPB-1,Medicare hospital spending per patient (Medicare Spending per Beneficiary),5.0,2024-01-01,2024-12-31,
491307,MSPB-1,Medicare hospital spending per patient (Medicare Spending per Beneficiary),5.0,2024-01-01,2024-12-31,
491308,MSPB-1,Medicare hospital spending per patient (Medicare Spending per Beneficiary),5.0,2024-01-01,2024-12-31,
491309,MSPB-1,Medicare hospital spending per patient (Medicare Spending per Beneficiary),5.0,2024-01-01,2024-12-31,
493300,MSPB-1,Medicare hospital spending per patient (Medicare Spending per Beneficiary),19.0,2024-01-01,2024-12-31,
493301,MSPB-1,Medicare hospital spending per patient (Medicare Spending per Beneficiary),19.0,2024-01-01,2024-12-31,
500002,MSPB-1,Medicare hospital spending per patient (Medicare Spending per Beneficiary),,2024-01-01,2024-12-31,0.96
500003,MSPB-1,Medicare hospital spending per patient (Medicare Spending per Beneficiary),,2024-01-01,2024-12-31,0.92
500005,MSPB-1,Medicare hospital spending per patient (Medicare Spending per Beneficiary),,2024-01-01,2024-12-31,0.97
500007,MSPB-1,Medicare hospital spending per patient (Medicare Spending per Beneficiary),,2024-01-01,2024-12-31,0.89
500008,MSPB-1,Medicare hospital spending per patient (Medicare Spending per Beneficiary),,2024-01-01,2024-12-31,0.97
500011,MSPB-1,Medicare hospital spending per patient (Medicare Spending per Beneficiary),,2024-01-01,2024-12-31,0.94
500014,MSPB-1,Medicare hospital spending per patient (Medicare Spending per Beneficiary),,2024-01-01,2024-12-31,0.93
500015,MSPB-1,Medicare hospital spending per patient (Medicare Spending per Beneficiary),,2024-01-01,2024-12-31,0.96
500016,MSPB-1,Medicare hospital spending per patient (Medicare Spending per Beneficiary),,2024-01-01,2024-12-31,0.94
500019,MSPB-1,Medicare hospital spending per patient (Medicare Spending per Beneficiary),,2024-01-01,2024-12-31,0.91
500021,MSPB-1,Medicare hospital spending per patient (Medicare Spending per Beneficiary),,2024-01-01,2024-12-31,0.94
500024,MSPB-1,Medicare hospital spending per patient (Medicare Spending per Beneficiary),,2024-01-01,2024-12-31,0.92
500025,MSPB-1,Medicare hospital spending per patient (Medicare Spending per Beneficiary),,2024-01-01,2024-12-31,0.99
500026,MSPB-1,Medicare hospital spending per patient (Medicare Spending per Beneficiary),,2024-01-01,2024-12-31,0.94
500027,MSPB-1,Medicare hospital spending per patient (Medicare Spending per Beneficiary),,2024-01-01,2024-12-31,0.95
500030,MSPB-1,Medicare hospital spending per patient (Medicare Spending per Beneficiary),,2024-01-01,2024-12-31,0.96
500031,MSPB-1,Medicare hospital spending per patient (Medicare Spending per Beneficiary),,2024-01-01,2024-12-31,0.97
500033,MSPB-1,Medicare hospital spending per patient (Medicare Spending per Beneficiary),,2024-01-01,2024-12-31,0.93
500036,MSPB-1,Medicare hospital spending per patient (Medicare Spending per Beneficiary),,2024-01-01,2024-12-31,0.94
500037,MSPB-1,Medicare hospital spending per patient (Medicare Spending per Beneficiary),,2024-01-01,2024-12-31,0.99
500039,MSPB-1,Medicare hospital spending per patient (Medicare Spending per Beneficiary),,2024-01-01,2024-12-31,0.95
500041,MSPB-1,Medicare hospital spending per patient (Medicare Spending per Beneficiary),,2024-01-01,2024-12-31,0.87
500044,MSPB-1,Medicare hospital spending per patient (Medicare Spending per Beneficiary),,2024-01-01,2024-12-31,0.97
500050,MSPB-1,Medicare hospital spending per patient (Medicare Spending per Beneficiary),,2024-01-01,2024-12-31,0.9
500051,MSPB-1,Medicare hospital spending per patient (Medicare Spending per Beneficiary),,2024-01-01,2024-12-31,0.92
500052,MSPB-1,Medicare hospital spending per patient (Medicare Spending per Beneficiary),1.0,2024-01-01,2024-12-31,
500053,MSPB-1,Medicare hospital spending per patient (Medicare Spending per Beneficiary),,2024-01-01,2024-12-31,0.98
500054,MSPB-1,Medicare hospital spending per patient (Medicare Spending per Beneficiary),,2024-01-01,2024-12-31,1.01
500058,MSPB-1,Medicare hospital spending per patient (Medicare Spending per Beneficiary),,2024-01-01,2024-12-31,0.95
500060,MSPB-1,Medicare hospital spending per patient (Medicare Spending per Beneficiary),,2024-01-01,2024-12-31,0.87
500064,MSPB-1,Medicare hospital spending per patient (Medicare Spending per Beneficiary),,2024-01-01,2024-12-31,1.01
500072,MSPB-1,Medicare hospital spending per patient (Medicare Spending per Beneficiary),,2024-01-01,2024-12-31,0.92
500077,MSPB-1,Medicare hospital spending per patient (Medicare Spending per Beneficiary),,2024-01-01,2024-12-31,0.94
500079,MSPB-1,Medicare hospital spending per patient (Medicare Spending per Beneficiary),,2024-01-01,2024-12-31,0.91
500084,MSPB-1,Medicare hospital spending per patient (Medicare Spending per Beneficiary),,2024-01-01,2024-12-31,0.83
500088,MSPB-1,Medicare hospital spending per patient (Medicare Spending per Beneficiary),,2024-01-01,2024-12-31,0.94
500108,MSPB-1,Medicare hospital spending per patient (Medicare Spending per Beneficiary),,2024-01-01,2024-12-31,0.97
500119,MSPB-1,Medicare hospital spending per patient (Medicare Spending per Beneficiary),,2024-01-01,2024-12-31,0.92
500124,MSPB-1,Medicare hospital spending per patient (Medicare Spending per Beneficiary),,2024-01-01,2024-12-31,0.96
500129,MSPB-1,Medicare hospital spending per patient (Medicare Spending per Beneficiary),,2024-01-01,2024-12-31,0.92
500139,MSPB-1,Medicare hospital spending per patient (Medicare Spending per Beneficiary),,2024-01-01,2024-12-31,0.9
500141,MSPB-1,Medicare hospital spending per patient (Medicare Spending per Beneficiary),,2024-01-01,2024-12-31,0.95
500150,MSPB-1,Medicare hospital spending per patient (Medicare Spending per Beneficiary),,2024-01-01,2024-12-31,0.86
500151,MSPB-1,Medicare hospital spending per patient (Medicare Spending per Beneficiary),,2024-01-01,2024-12-31,0.93
500152,MSPB-1,Medicare hospital spending per patient (Medicare Spending per Beneficiary),,2024-01-01,2024-12-31,0.95
500154,MSPB-1,Medicare hospital spending per patient (Medicare Spending per Beneficiary),,2024-01-01,2024-12-31,0.87
501301,MSPB-1,Medicare hospital spending per patient (Medicare Spending per Beneficiary),5.0,2024-01-01,2024-12-31,
501302,MSPB-1,Medicare hospital spending per patient (Medicare Spending per Beneficiary),5.0,2024-01-01,2024-12-31,
501303,MSPB-1,Medicare hospital spending per patient (Medicare Spending per Beneficiary),5.0,2024-01-01,2024-12-31,
501304,MSPB-1,Medicare hospital spending per patient (Medicare Spending per Beneficiary),5.0,2024-01-01,2024-12-31,
501305,MSPB-1,Medicare hospital spending per patient (Medicare Spending per Beneficiary),5.0,2024-01-01,2024-12-31,
501307,MSPB-1,Medicare hospital spending per patient (Medicare Spending per Beneficiary),5.0,2024-01-01,2024-12-31,
501308,MSPB-1,Medicare hospital spending per patient (Medicare Spending per Beneficiary),5.0,2024-01-01,2024-12-31,
501309,MSPB-1,Medicare hospital spending per patient (Medicare Spending per Beneficiary),5.0,2024-01-01,2024-12-31,
501310,MSPB-1,Medicare hospital spending per patient (Medicare Spending per Beneficiary),5.0,2024-01-01,2024-12-31,
501311,MSPB-1,Medicare hospital spending per patient (Medicare Spending per Beneficiary),5.0,2024-01-01,2024-12-31,
501312,MSPB-1,Medicare hospital spending per patient (Medicare Spending per Beneficiary),5.0,2024-01-01,2024-12-31,
501313,MSPB-1,Medicare hospital spending per patient (Medicare Spending per Beneficiary),5.0,2024-01-01,2024-12-31,
501314,MSPB-1,Medicare hospital spending per patient (Medicare Spending per Beneficiary),5.0,2024-01-01,2024-12-31,
501315,MSPB-1,Medicare hospital spending per patient (Medicare Spending per Beneficiary),5.0,2024-01-01,2024-12-31,
501316,MSPB-1,Medicare hospital spending per patient (Medicare Spending per Beneficiary),5.0,2024-01-01,2024-12-31,
501317,MSPB-1,Medicare hospital spending per patient (Medicare Spending per Beneficiary),5.0,2024-01-01,2024-12-31,
501318,MSPB-1,Medicare hospital spending per patient (Medicare Spending per Beneficiary),5.0,2024-01-01,2024-12-31,
501319,MSPB-1,Medicare hospital spending per patient (Medicare Spending per Beneficiary),5.0,2024-01-01,2024-12-31,
501320,MSPB-1,Medicare hospital spending per patient (Medicare Spending per Beneficiary),5.0,2024-01-01,2024-12-31,
501321,MSPB-1,Medicare hospital spending per patient (Medicare Spending per Beneficiary),5.0,2024-01-01,2024-12-31,
501322,MSPB-1,Medicare hospital spending per patient (Medicare Spending per Beneficiary),5.0,2024-01-01,2024-12-31,
501323,MSPB-1,Medicare hospital spending per patient (Medicare Spending per Beneficiary),5.0,2024-01-01,2024-12-31,
501324,MSPB-1,Medicare hospital spending per patient (Medicare Spending per Beneficiary),5.0,2024-01-01,2024-12-31,
501325,MSPB-1,Medicare hospital spending per patient (Medicare Spending per Beneficiary),5.0,2024-01-01,2024-12-31,
501326,MSPB-1,Medicare hospital spending per patient (Medicare Spending per Beneficiary),5.0,2024-01-01,2024-12-31,
501327,MSPB-1,Medicare hospital spending per patient (Medicare Spending per Beneficiary),5.0,2024-01-01,2024-12-31,
501328,MSPB-1,Medicare hospital spending per patient (Medicare Spending per Beneficiary),5.0,2024-01-01,2024-12-31,
501329,MSPB-1,Medicare hospital spending per patient (Medicare Spending per Beneficiary),5.0,2024-01-01,2024-12-31,
501330,MSPB-1,Medicare hospital spending per patient (Medicare Spending per Beneficiary),5.0,2024-01-01,2024-12-31,
501331,MSPB-1,Medicare hospital spending per patient (Medicare Spending per Beneficiary),5.0,2024-01-01,2024-12-31,
501332,MSPB-1,Medicare hospital spending per patient (Medicare Spending per Beneficiary),5.0,2024-01-01,2024-12-31,
501333,MSPB-1,Medicare hospital spending per patient (Medicare Spending per Beneficiary),5.0,2024-01-01,2024-12-31,
501334,MSPB-1,Medicare hospital spending per patient (Medicare Spending per Beneficiary),5.0,2024-01-01,2024-12-31,
501335,MSPB-1,Medicare hospital spending per patient (Medicare Spending per Beneficiary),5.0,2024-01-01,2024-12-31,
501336,MSPB-1,Medicare hospital spending per patient (Medicare Spending per Beneficiary),5.0,2024-01-01,2024-12-31,
501337,MSPB-1,Medicare hospital spending per patient (Medicare Spending per Beneficiary),5.0,2024-01-01,2024-12-31,
501338,MSPB-1,Medicare hospital spending per patient (Medicare Spending per Beneficiary),5.0,2024-01-01,2024-12-31,
501339,MSPB-1,Medicare hospital spending per patient (Medicare Spending per Beneficiary),5.0,2024-01-01,2024-12-31,
501340,MSPB-1,Medicare hospital spending per patient (Medicare Spending per Beneficiary),5.0,2024-01-01,2024-12-31,
503300,MSPB-1,Medicare hospital spending per patient (Medicare Spending per Beneficiary),19.0,2024-01-01,2024-12-31,
503301,MSPB-1,Medicare hospital spending per patient (Medicare Spending per Beneficiary),19.0,2024-01-01,2024-12-31,
503302,MSPB-1,Medicare hospital spending per patient (Medicare Spending per Beneficiary),19.0,2024-01-01,2024-12-31,
510001,MSPB-1,Medicare hospital spending per patient (Medicare Spending per Beneficiary),,2024-01-01,2024-12-31,1.03
510002,MSPB-1,Medicare hospital spending per patient (Medicare Spending per Beneficiary),,2024-01-01,2024-12-31,0.93
510006,MSPB-1,Medicare hospital spending per patient (Medicare Spending per Beneficiary),,2024-01-01,2024-12-31,0.97
510007,MSPB-1,Medicare hospital spending per patient (Medicare Spending per Beneficiary),,2024-01-01,2024-12-31,0.99
510008,MSPB-1,Medicare hospital spending per patient (Medicare Spending per Beneficiary),,2024-01-01,2024-12-31,0.92
510012,MSPB-1,Medicare hospital spending per patient (Medicare Spending per Beneficiary),,2024-01-01,2024-12-31,1.0
510013,MSPB-1,Medicare hospital spending per patient (Medicare Spending per Beneficiary),,2024-01-01,2024-12-31,0.97
510022,MSPB-1,Medicare hospital spending per patient (Medicare Spending per Beneficiary),,2024-01-01,2024-12-31,1.01
510023,MSPB-1,Medicare hospital spending per patient (Medicare Spending per Beneficiary),,2024-01-01,2024-12-31,1.0
510024,MSPB-1,Medicare hospital spending per patient (Medicare Spending per Beneficiary),,2024-01-01,2024-12-31,1.08
510029,MSPB-1,Medicare hospital spending per patient (Medicare Spending per Beneficiary),,2024-01-01,2024-12-31,0.97
510030,MSPB-1,Medicare hospital spending per patient (Medicare Spending per Beneficiary),,2024-01-01,2024-12-31,0.95
510038,MSPB-1,Medicare hospital spending per patient (Medicare Spending per Beneficiary),,2024-01-01,2024-12-31,1.05
510046,MSPB-1,Medicare hospital spending per patient (Medicare Spending per Beneficiary),,2024-01-01,2024-12-31,1.06
510048,MSPB-1,Medicare hospital spending per patient (Medicare Spending per Beneficiary),,2024-01-01,2024-12-31,0.92
510050,MSPB-1,Medicare hospital spending per patient (Medicare Spending per Beneficiary),,2024-01-01,2024-12-31,0.99
510055,MSPB-1,Medicare hospital spending per patient (Medicare Spending per Beneficiary),,2024-01-01,2024-12-31,1.08
510058,MSPB-1,Medicare hospital spending per patient (Medicare Spending per Beneficiary),,2024-01-01,2024-12-31,0.99
510062,MSPB-1,Medicare hospital spending per patient (Medicare Spending per Beneficiary),,2024-01-01,2024-12-31,1.03
510070,MSPB-1,Medicare hospital spending per patient (Medicare Spending per Beneficiary),,2024-01-01,2024-12-31,1.03
510072,MSPB-1,Medicare hospital spending per patient (Medicare Spending per Beneficiary),,2024-01-01,2024-12-31,0.99
510086,MSPB-1,Medicare hospital spending per patient (Medicare Spending per Beneficiary),,2024-01-01,2024-12-31,0.94
510091,MSPB-1,Medicare hospital spending per patient (Medicare Spending per Beneficiary),1.0,2024-01-01,2024-12-31,
510093,MSPB-1,Medicare hospital spending per patient (Medicare Spending per Beneficiary),,2024-01-01,2024-12-31,1.13
510094,MSPB-1,Medicare hospital spending per patient (Medicare Spending per Beneficiary),19.0,2024-01-01,2024-12-31,
511300,MSPB-1,Medicare hospital spending per patient (Medicare Spending per Beneficiary),5.0,2024-01-01,2024-12-31,
511301,MSPB-1,Medicare hospital spending per patient (Medicare Spending per Beneficiary),5.0,2024-01-01,2024-12-31,
511303,MSPB-1,Medicare hospital spending per patient (Medicare Spending per Beneficiary),5.0,2024-01-01,2024-12-31,
511304,MSPB-1,Medicare hospital spending per patient (Medicare Spending per Beneficiary),5.0,2024-01-01,2024-12-31,
511306,MSPB-1,Medicare hospital spending per patient (Medicare Spending per Beneficiary),5.0,2024-01-01,2024-12-31,
511307,MSPB-1,Medicare hospital spending per patient (Medicare Spending per Beneficiary),5.0,2024-01-01,2024-12-31,
511308,MSPB-1,Medicare hospital spending per patient (Medicare Spending per Beneficiary),5.0,2024-01-01,2024-12-31,
511309,MSPB-1,Medicare hospital spending per patient (Medicare Spending per Beneficiary),5.0,2024-01-01,2024-12-31,
511310,MSPB-1,Medicare hospital spending per patient (Medicare Spending per Beneficiary),5.0,2024-01-01,2024-12-31,
511311,MSPB-1,Medicare hospital spending per patient (Medicare Spending per Beneficiary),5.0,2024-01-01,2024-12-31,
511312,MSPB-1,Medicare hospital spending per patient (Medicare Spending per Beneficiary),5.0,2024-01-01,2024-12-31,
511313,MSPB-1,Medicare hospital spending per patient (Medicare Spending per Beneficiary),5.0,2024-01-01,2024-12-31,
511314,MSPB-1,Medicare hospital spending per patient (Medicare Spending per Beneficiary),5.0,2024-01-01,2024-12-31,
511315,MSPB-1,Medicare hospital spending per patient (Medicare Spending per Beneficiary),5.0,2024-01-01,2024-12-31,
511316,MSPB-1,Medicare hospital spending per patient (Medicare Spending per Beneficiary),5.0,2024-01-01,2024-12-31,
511317,MSPB-1,Medicare hospital spending per patient (Medicare Spending per Beneficiary),5.0,2024-01-01,2024-12-31,
511318,MSPB-1,Medicare hospital spending per patient (Medicare Spending per Beneficiary),5.0,2024-01-01,2024-12-31,
511319,MSPB-1,Medicare hospital spending per patient (Medicare Spending per Beneficiary),5.0,2024-01-01,2024-12-31,
511320,MSPB-1,Medicare hospital spending per patient (Medicare Spending per Beneficiary),5.0,2024-01-01,2024-12-31,
511321,MSPB-1,Medicare hospital spending per patient (Medicare Spending per Beneficiary),5.0,2024-01-01,2024-12-31,
511322,MSPB-1,Medicare hospital spending per patient (Medicare Spending per Beneficiary),5.0,2024-01-01,2024-12-31,
520002,MSPB-1,Medicare hospital spending per patient (Medicare Spending per Beneficiary),,2024-01-01,2024-12-31,0.91
520004,MSPB-1,Medicare hospital spending per patient (Medicare Spending per Beneficiary),,2024-01-01,2024-12-31,0.9
520008,MSPB-1,Medicare hospital spending per patient (Medicare Spending per Beneficiary),,2024-01-01,2024-12-31,1.05
520009,MSPB-1,Medicare hospital spending per patient (Medicare Spending per Beneficiary),29.0,2024-01-01,2024-12-31,0.85
520011,MSPB-1,Medicare hospital spending per patient (Medicare Spending per Beneficiary),,2024-01-01,2024-12-31,0.86
520019,MSPB-1,Medicare hospital spending per patient (Medicare Spending per Beneficiary),,2024-01-01,2024-12-31,0.89
520021,MSPB-1,Medicare hospital spending per patient (Medicare Spending per Beneficiary),,2024-01-01,2024-12-31,0.98
520028,MSPB-1,Medicare hospital spending per patient (Medicare Spending per Beneficiary),,2024-01-01,2024-12-31,0.9
520030,MSPB-1,Medicare hospital spending per patient (Medicare Spending per Beneficiary),,2024-01-01,2024-12-31,0.95
520033,MSPB-1,Medicare hospital spending per patient (Medicare Spending per Beneficiary),,2024-01-01,2024-12-31,0.93
520034,MSPB-1,Medicare hospital spending per patient (Medicare Spending per Beneficiary),,2024-01-01,2024-12-31,0.85
520035,MSPB-1,Medicare hospital spending per patient (Medicare Spending per Beneficiary),,2024-01-01,2024-12-31,0.83
520037,MSPB-1,Medicare hospital spending per patient (Medicare Spending per Beneficiary),,2024-01-01,2024-12-31,0.99
520038,MSPB-1,Medicare hospital spending per patient (Medicare Spending per Beneficiary),,2024-01-01,2024-12-31,0.84
520041,MSPB-1,Medicare hospital spending per patient (Medicare Spending per Beneficiary),,2024-01-01,2024-12-31,0.81
520044,MSPB-1,Medicare hospital spending per patient (Medicare Spending per Beneficiary),,2024-01-01,2024-12-31,0.87
520045,MSPB-1,Medicare hospital spending per patient (Medicare Spending per Beneficiary),,2024-01-01,2024-12-31,0.95
520049,MSPB-1,Medicare hospital spending per patient (Medicare Spending per Beneficiary),,2024-01-01,2024-12-31,0.94
520051,MSPB-1,Medicare hospital spending per patient (Medicare Spending per Beneficiary),29.0,2024-01-01,2024-12-31,0.98
520057,MSPB-1,Medicare hospital spending per patient (Medicare Spending per Beneficiary),,2024-01-01,2024-12-31,0.84
520059,MSPB-1,Medicare hospital spending per patient (Medicare Spending per Beneficiary),,2024-01-01,2024-12-31,0.87
520062,MSPB-1,Medicare hospital spending per patient (Medicare Spending per Beneficiary),,2024-01-01,2024-12-31,1.05
520063,MSPB-1,Medicare hospital spending per patient (Medicare Spending per Beneficiary),,2024-01-01,2024-12-31,0.92
520066,MSPB-1,Medicare hospital spending per patient (Medicare Spending per Beneficiary),,2024-01-01,2024-12-31,0.92
520070,MSPB-1,Medicare hospital spending per patient (Medicare Spending per Beneficiary),,2024-01-01,2024-12-31,0.95
520071,MSPB-1,Medicare hospital spending per patient (Medicare Spending per Beneficiary),,2024-01-01,2024-12-31,0.92
520075,MSPB-1,Medicare hospital spending per patient (Medicare Spending per Beneficiary),,2024-01-01,2024-12-31,0.99
520076,MSPB-1,Medicare hospital spending per patient (Medicare Spending per Beneficiary),,2024-01-01,2024-12-31,0.86
520078,MSPB-1,Medicare hospital spending per patient (Medicare Spending per Beneficiary),1.0,2024-01-01,2024-12-31,
520083,MSPB-1,Medicare hospital spending per patient (Medicare Spending per Beneficiary),,2024-01-01,2024-12-31,0.93
520087,MSPB-1,Medicare hospital spending per patient (Medicare Spending per Beneficiary),,2024-01-01,2024-12-31,1.07
520088,MSPB-1,Medicare hospital spending per patient (Medicare Spending per Beneficiary),,2024-01-01,2024-12-31,0.88
520089,MSPB-1,Medicare hospital spending per patient (Medicare Spending per Beneficiary),,2024-01-01,2024-12-31,0.93
520091,MSPB-1,Medicare hospital spending per patient (Medicare Spending per Beneficiary),,2024-01-01,2024-12-31,0.94
520095,MSPB-1,Medicare hospital spending per patient (Medicare Spending per Beneficiary),,2024-01-01,2024-12-31,0.86
520096,MSPB-1,Medicare hospital spending per patient (Medicare Spending per Beneficiary),1.0,2024-01-01,2024-12-31,
520097,MSPB-1,Medicare hospital spending per patient (Medicare Spending per Beneficiary),,2024-01-01,2024-12-31,1.04
520098,MSPB-1,Medicare hospital spending per patient (Medicare Spending per Beneficiary),,2024-01-01,2024-12-31,0.93
520100,MSPB-1,Medicare hospital spending per patient (Medicare Spending per Beneficiary),,2024-01-01,2024-12-31,0.96
520102,MSPB-1,Medicare hospital spending per patient (Medicare Spending per Beneficiary),,2024-01-01,2024-12-31,0.84
520103,MSPB-1,Medicare hospital spending per patient (Medicare Spending per Beneficiary),,2024-01-01,2024-12-31,0.91
520107,MSPB-1,Medicare hospital spending per patient (Medicare Spending per Beneficiary),,2024-01-01,2024-12-31,0.88
520109,MSPB-1,Medicare hospital spending per patient (Medicare Spending per Beneficiary),,2024-01-01,2024-12-31,0.78
520113,MSPB-1,Medicare hospital spending per patient (Medicare Spending per Beneficiary),,2024-01-01,2024-12-31,0.84
520116,MSPB-1,Medicare hospital spending per patient (Medicare Spending per Beneficiary),,2024-01-01,2024-12-31,0.97
520136,MSPB-1,Medicare hospital spending per patient (Medicare Spending per Beneficiary),1.0,2024-01-01,2024-12-31,
520138,MSPB-1,Medicare hospital spending per patient (Medicare Spending per Beneficiary),,2024-01-01,2024-12-31,0.96
520139,MSPB-1,Medicare hospital spending per patient (Medicare Spending per Beneficiary),,2024-01-01,2024-12-31,0.89
520160,MSPB-1,Medicare hospital spending per patient (Medicare Spending per Beneficiary),,2024-01-01,2024-12-31,0.92
520177,MSPB-1,Medicare hospital spending per patient (Medicare Spending per Beneficiary),,2024-01-01,2024-12-31,0.96
520189,MSPB-1,Medicare hospital spending per patient (Medicare Spending per Beneficiary),,2024-01-01,2024-12-31,0.94
520193,MSPB-1,Medicare hospital spending per patient (Medicare Spending per Beneficiary),,2024-01-01,2024-12-31,0.92
520194,MSPB-1,Medicare hospital spending per patient (Medicare Spending per Beneficiary),,2024-01-01,2024-12-31,0.73
520196,MSPB-1,Medicare hospital spending per patient (Medicare Spending per Beneficiary),,2024-01-01,2024-12-31,1.08
520198,MSPB-1,Medicare hospital spending per patient (Medicare Spending per Beneficiary),,2024-01-01,2024-12-31,0.81
520202,MSPB-1,Medicare hospital spending per patient (Medicare Spending per Beneficiary),,2024-01-01,2024-12-31,0.93
520205,MSPB-1,Medicare hospital spending per patient (Medicare Spending per Beneficiary),5.0,2024-01-01,2024-12-31,
520206,MSPB-1,Medicare hospital spending per patient (Medicare Spending per Beneficiary),,2024-01-01,2024-12-31,0.9
520207,MSPB-1,Medicare hospital spending per patient (Medicare Spending per Beneficiary),,2024-01-01,2024-12-31,0.85
520208,MSPB-1,Medicare hospital spending per patient (Medicare Spending per Beneficiary),,2024-01-01,2024-12-31,0.9
520210,MSPB-1,Medicare hospital spending per patient (Medicare Spending per Beneficiary),,2024-01-01,2024-12-31,0.91
520212,MSPB-1,Medicare hospital spending per patient (Medicare Spending per Beneficiary),,2024-01-01,2024-12-31,0.92
520213,MSPB-1,Medicare hospital spending per patient (Medicare Spending per Beneficiary),,2024-01-01,2024-12-31,0.71
520214,MSPB-1,Medicare hospital spending per patient (Medicare Spending per Beneficiary),1.0,2024-01-01,2024-12-31,
520215,MSPB-1,Medicare hospital spending per patient (Medicare Spending per Beneficiary),1.0,2024-01-01,2024-12-31,
521300,MSPB-1,Medicare hospital spending per patient (Medicare Spending per Beneficiary),5.0,2024-01-01,2024-12-31,
521302,MSPB-1,Medicare hospital spending per patient (Medicare Spending per Beneficiary),5.0,2024-01-01,2024-12-31,
521303,MSPB-1,Medicare hospital spending per patient (Medicare Spending per Beneficiary),5.0,2024-01-01,2024-12-31,
521304,MSPB-1,Medicare hospital spending per patient (Medicare Spending per Beneficiary),5.0,2024-01-01,2024-12-31,
521305,MSPB-1,Medicare hospital spending per patient (Medicare Spending per Beneficiary),5.0,2024-01-01,2024-12-31,
521307,MSPB-1,Medicare hospital spending per patient (Medicare Spending per Beneficiary),5.0,2024-01-01,2024-12-31,
521308,MSPB-1,Medicare hospital spending per patient (Medicare Spending per Beneficiary),5.0,2024-01-01,2024-12-31,
521309,MSPB-1,Medicare hospital spending per patient (Medicare Spending per Beneficiary),5.0,2024-01-01,2024-12-31,
521310,MSPB-1,Medicare hospital spending per patient (Medicare Spending per Beneficiary),5.0,2024-01-01,2024-12-31,
521311,MSPB-1,Medicare hospital spending per patient (Medicare Spending per Beneficiary),5.0,2024-01-01,2024-12-31,
521312,MSPB-1,Medicare hospital spending per patient (Medicare Spending per Beneficiary),5.0,2024-01-01,2024-12-31,
521313,MSPB-1,Medicare hospital spending per patient (Medicare Spending per Beneficiary),5.0,2024-01-01,2024-12-31,
521314,MSPB-1,Medicare hospital spending per patient (Medicare Spending per Beneficiary),5.0,2024-01-01,2024-12-31,
521315,MSPB-1,Medicare hospital spending per patient (Medicare Spending per Beneficiary),5.0,2024-01-01,2024-12-31,
521316,MSPB-1,Medicare hospital spending per patient (Medicare Spending per Beneficiary),5.0,2024-01-01,2024-12-31,
521317,MSPB-1,Medicare hospital spending per patient (Medicare Spending per Beneficiary),5.0,2024-01-01,2024-12-31,
521318,MSPB-1,Medicare hospital spending per patient (Medicare Spending per Beneficiary),5.0,2024-01-01,2024-12-31,
521319,MSPB-1,Medicare hospital spending per patient (Medicare Spending per Beneficiary),5.0,2024-01-01,2024-12-31,
521320,MSPB-1,Medicare hospital spending per patient (Medicare Spending per Beneficiary),5.0,2024-01-01,2024-12-31,
521321,MSPB-1,Medicare hospital spending per patient (Medicare Spending per Beneficiary),5.0,2024-01-01,2024-12-31,
521322,MSPB-1,Medicare hospital spending per patient (Medicare Spending per Beneficiary),5.0,2024-01-01,2024-12-31,
521323,MSPB-1,Medicare hospital spending per patient (Medicare Spending per Beneficiary),5.0,2024-01-01,2024-12-31,
521324,MSPB-1,Medicare hospital spending per patient (Medicare Spending per Beneficiary),5.0,2024-01-01,2024-12-31,
521325,MSPB-1,Medicare hospital spending per patient (Medicare Spending per Beneficiary),5.0,2024-01-01,2024-12-31,
521326,MSPB-1,Medicare hospital spending per patient (Medicare Spending per Beneficiary),5.0,2024-01-01,2024-12-31,
521327,MSPB-1,Medicare hospital spending per patient (Medicare Spending per Beneficiary),5.0,2024-01-01,2024-12-31,
521328,MSPB-1,Medicare hospital spending per patient (Medicare Spending per Beneficiary),5.0,2024-01-01,2024-12-31,
521329,MSPB-1,Medicare hospital spending per patient (Medicare Spending per Beneficiary),5.0,2024-01-01,2024-12-31,
521330,MSPB-1,Medicare hospital spending per patient (Medicare Spending per Beneficiary),5.0,2024-01-01,2024-12-31,
521331,MSPB-1,Medicare hospital spending per patient (Medicare Spending per Beneficiary),5.0,2024-01-01,2024-12-31,
521332,MSPB-1,Medicare hospital spending per patient (Medicare Spending per Beneficiary),5.0,2024-01-01,2024-12-31,
521333,MSPB-1,Medicare hospital spending per patient (Medicare Spending per Beneficiary),5.0,2024-01-01,2024-12-31,
521334,MSPB-1,Medicare hospital spending per patient (Medicare Spending per Beneficiary),5.0,2024-01-01,2024-12-31,
521335,MSPB-1,Medicare hospital spending per patient (Medicare Spending per Beneficiary),5.0,2024-01-01,2024-12-31,
521336,MSPB-1,Medicare hospital spending per patient (Medicare Spending per Beneficiary),5.0,2024-01-01,2024-12-31,
521337,MSPB-1,Medicare hospital spending per patient (Medicare Spending per Beneficiary),5.0,2024-01-01,2024-12-31,
521338,MSPB-1,Medicare hospital spending per patient (Medicare Spending per Beneficiary),5.0,2024-01-01,2024-12-31,
521339,MSPB-1,Medicare hospital spending per patient (Medicare Spending per Beneficiary),5.0,2024-01-01,2024-12-31,
521340,MSPB-1,Medicare hospital spending per patient (Medicare Spending per Beneficiary),5.0,2024-01-01,2024-12-31,
521341,MSPB-1,Medicare hospital spending per patient (Medicare Spending per Beneficiary),5.0,2024-01-01,2024-12-31,
521342,MSPB-1,Medicare hospital spending per patient (Medicare Spending per Beneficiary),5.0,2024-01-01,2024-12-31,
521343,MSPB-1,Medicare hospital spending per patient (Medicare Spending per Beneficiary),5.0,2024-01-01,2024-12-31,
521344,MSPB-1,Medicare hospital spending per patient (Medicare Spending per Beneficiary),5.0,2024-01-01,2024-12-31,
521345,MSPB-1,Medicare hospital spending per patient (Medicare Spending per Beneficiary),5.0,2024-01-01,2024-12-31,
521346,MSPB-1,Medicare hospital spending per patient (Medicare Spending per Beneficiary),5.0,2024-01-01,2024-12-31,
521347,MSPB-1,Medicare hospital spending per patient (Medicare Spending per Beneficiary),5.0,2024-01-01,2024-12-31,
521348,MSPB-1,Medicare hospital spending per patient (Medicare Spending per Beneficiary),5.0,2024-01-01,2024-12-31,
521349,MSPB-1,Medicare hospital spending per patient (Medicare Spending per Beneficiary),5.0,2024-01-01,2024-12-31,
521350,MSPB-1,Medicare hospital spending per patient (Medicare Spending per Beneficiary),5.0,2024-01-01,2024-12-31,
521351,MSPB-1,Medicare hospital spending per patient (Medicare Spending per Beneficiary),5.0,2024-01-01,2024-12-31,
521352,MSPB-1,Medicare hospital spending per patient (Medicare Spending per Beneficiary),5.0,2024-01-01,2024-12-31,
521353,MSPB-1,Medicare hospital spending per patient (Medicare Spending per Beneficiary),5.0,2024-01-01,2024-12-31,
521354,MSPB-1,Medicare hospital spending per patient (Medicare Spending per Beneficiary),5.0,2024-01-01,2024-12-31,
521355,MSPB-1,Medicare hospital spending per patient (Medicare Spending per Beneficiary),5.0,2024-01-01,2024-12-31,
521356,MSPB-1,Medicare hospital spending per patient (Medicare Spending per Beneficiary),5.0,2024-01-01,2024-12-31,
521357,MSPB-1,Medicare hospital spending per patient (Medicare Spending per Beneficiary),5.0,2024-01-01,2024-12-31,
521358,MSPB-1,Medicare hospital spending per patient (Medicare Spending per Beneficiary),5.0,2024-01-01,2024-12-31,
521359,MSPB-1,Medicare hospital spending per patient (Medicare Spending per Beneficiary),5.0,2024-01-01,2024-12-31,
523300,MSPB-1,Medicare hospital spending per patient (Medicare Spending per Beneficiary),19.0,2024-01-01,2024-12-31,
523302,MSPB-1,Medicare hospital spending per patient (Medicare Spending per Beneficiary),19.0,2024-01-01,2024-12-31,
530002,MSPB-1,Medicare hospital spending per patient (Medicare Spending per Beneficiary),,2024-01-01,2024-12-31,0.93
530006,MSPB-1,Medicare hospital spending per patient (Medicare Spending per Beneficiary),,2024-01-01,2024-12-31,0.92
530008,MSPB-1,Medicare hospital spending per patient (Medicare Spending per Beneficiary),,2024-01-01,2024-12-31,0.95
530012,MSPB-1,Medicare hospital spending per patient (Medicare Spending per Beneficiary),,2024-01-01,2024-12-31,1.04
530014,MSPB-1,Medicare hospital spending per patient (Medicare Spending per Beneficiary),,2024-01-01,2024-12-31,0.99
530015,MSPB-1,Medicare hospital spending per patient (Medicare Spending per Beneficiary),,2024-01-01,2024-12-31,0.81
530025,MSPB-1,Medicare hospital spending per patient (Medicare Spending per Beneficiary),,2024-01-01,2024-12-31,0.97
530034,MSPB-1,Medicare hospital spending per patient (Medicare Spending per Beneficiary),,2024-01-01,2024-12-31,1.13
531301,MSPB-1,Medicare hospital spending per patient (Medicare Spending per Beneficiary),5.0,2024-01-01,2024-12-31,
531302,MSPB-1,Medicare hospital spending per patient (Medicare Spending per Beneficiary),5.0,2024-01-01,2024-12-31,
531303,MSPB-1,Medicare hospital spending per patient (Medicare Spending per Beneficiary),5.0,2024-01-01,2024-12-31,
531304,MSPB-1,Medicare hospital spending per patient (Medicare Spending per Beneficiary),5.0,2024-01-01,2024-12-31,
531305,MSPB-1,Medicare hospital spending per patient (Medicare Spending per Beneficiary),5.0,2024-01-01,2024-12-31,
531306,MSPB-1,Medicare hospital spending per patient (Medicare Spending per Beneficiary),5.0,2024-01-01,2024-12-31,
531307,MSPB-1,Medicare hospital spending per patient (Medicare Spending per Beneficiary),5.0,2024-01-01,2024-12-31,
531308,MSPB-1,Medicare hospital spending per patient (Medicare Spending per Beneficiary),19.0,2024-01-01,2024-12-31,
531309,MSPB-1,Medicare hospital spending per patient (Medicare Spending per Beneficiary),5.0,2024-01-01,2024-12-31,
531310,MSPB-1,Medicare hospital spending per patient (Medicare Spending per Beneficiary),5.0,2024-01-01,2024-12-31,
531311,MSPB-1,Medicare hospital spending per patient (Medicare Spending per Beneficiary),5.0,2024-01-01,2024-12-31,
531312,MSPB-1,Medicare hospital spending per patient (Medicare Spending per Beneficiary),5.0,2024-01-01,2024-12-31,
531313,MSPB-1,Medicare hospital spending per patient (Medicare Spending per Beneficiary),5.0,2024-01-01,2024-12-31,
531314,MSPB-1,Medicare hospital spending per patient (Medicare Spending per Beneficiary),5.0,2024-01-01,2024-12-31,
531315,MSPB-1,Medicare hospital spending per patient (Medicare Spending per Beneficiary),5.0,2024-01-01,2024-12-31,
531316,MSPB-1,Medicare hospital spending per patient (Medicare Spending per Beneficiary),5.0,2024-01-01,2024-12-31,
531317,MSPB-1,Medicare hospital spending per patient (Medicare Spending per Beneficiary),19.0,2024-01-01,2024-12-31,
531318,MSPB-1,Medicare hospital spending per patient (Medicare Spending per Beneficiary),5.0,2024-01-01,2024-12-31,
531319,MSPB-1,Medicare hospital spending per patient (Medicare Spending per Beneficiary),5.0,2024-01-01,2024-12-31,
640001,MSPB-1,Medicare hospital spending per patient (Medicare Spending per Beneficiary),19.0,2024-01-01,2024-12-31,
650001,MSPB-1,Medicare hospital spending per patient (Medicare Spending per Beneficiary),5.0,2024-01-01,2024-12-31,
650003,MSPB-1,Medicare hospital spending per patient (Medicare Spending per Beneficiary),19.0,2024-01-01,2024-12-31,
660001,MSPB-1,Medicare hospital spending per patient (Medicare Spending per Beneficiary),5.0,2024-01-01,2024-12-31,
670005,MSPB-1,Medicare hospital spending per patient (Medicare Spending per Beneficiary),,2024-01-01,2024-12-31,1.0
670006,MSPB-1,Medicare hospital spending per patient (Medicare Spending per Beneficiary),,2024-01-01,2024-12-31,1.01
670008,MSPB-1,Medicare hospital spending per patient (Medicare Spending per Beneficiary),,2024-01-01,2024-12-31,0.9
670010,MSPB-1,Medicare hospital spending per patient (Medicare Spending per Beneficiary),5.0,2024-01-01,2024-12-31,
670023,MSPB-1,Medicare hospital spending per patient (Medicare Spending per Beneficiary),,2024-01-01,2024-12-31,1.13
670025,MSPB-1,Medicare hospital spending per patient (Medicare Spending per Beneficiary),,2024-01-01,2024-12-31,0.99
670031,MSPB-1,Medicare hospital spending per patient (Medicare Spending per Beneficiary),,2024-01-01,2024-12-31,1.03
670034,MSPB-1,Medicare hospital spending per patient (Medicare Spending per Beneficiary),,2024-01-01,2024-12-31,0.99
670041,MSPB-1,Medicare hospital spending per patient (Medicare Spending per Beneficiary),29.0,2024-01-01,2024-12-31,1.15
670043,MSPB-1,Medicare hospital spending per patient (Medicare Spending per Beneficiary),,2024-01-01,2024-12-31,0.96
670044,MSPB-1,Medicare hospital spending per patient (Medicare Spending per Beneficiary),,2024-01-01,2024-12-31,0.96
670047,MSPB-1,Medicare hospital spending per patient (Medicare Spending per Beneficiary),,2024-01-01,2024-12-31,1.02
670049,MSPB-1,Medicare hospital spending per patient (Medicare Spending per Beneficiary),,2024-01-01,2024-12-31,0.88
670053,MSPB-1,Medicare hospital spending per patient (Medicare Spending per Beneficiary),,2024-01-01,2024-12-31,1.16
670054,MSPB-1,Medicare hospital spending per patient (Medicare Spending per Beneficiary),,2024-01-01,2024-12-31,0.93
670055,MSPB-1,Medicare hospital spending per patient (Medicare Spending per Beneficiary),,2024-01-01,2024-12-31,1.04
670056,MSPB-1,Medicare hospital spending per patient (Medicare Spending per Beneficiary),29.0,2024-01-01,2024-12-31,1.06
670059,MSPB-1,Medicare hospital spending per patient (Medicare Spending per Beneficiary),,2024-01-01,2024-12-31,1.18
670060,MSPB-1,Medicare hospital spending per patient (Medicare Spending per Beneficiary),,2024-01-01,2024-12-31,1.02
670062,MSPB-1,Medicare hospital spending per patient (Medicare Spending per Beneficiary),,2024-01-01,2024-12-31,0.76
670067,MSPB-1,Medicare hospital spending per patient (Medicare Spending per Beneficiary),,2024-01-01,2024-12-31,0.94
670068,MSPB-1,Medicare hospital spending per patient (Medicare Spending per Beneficiary),,2024-01-01,2024-12-31,1.07
670069,MSPB-1,Medicare hospital spending per patient (Medicare Spending per Beneficiary),,2024-01-01,2024-12-31,1.09
670071,MSPB-1,Medicare hospital spending per patient (Medicare Spending per Beneficiary),,2024-01-01,2024-12-31,0.98
670073,MSPB-1,Medicare hospital spending per patient (Medicare Spending per Beneficiary),,2024-01-01,2024-12-31,1.03
670075,MSPB-1,Medicare hospital spending per patient (Medicare Spending per Beneficiary),,2024-01-01,2024-12-31,1.09
670076,MSPB-1,Medicare hospital spending per patient (Medicare Spending per Beneficiary),,2024-01-01,2024-12-31,0.96
670077,MSPB-1,Medicare hospital spending per patient (Medicare Spending per Beneficiary),,2024-01-01,2024-12-31,1.01
670078,MSPB-1,Medicare hospital spending per patient (Medicare Spending per Beneficiary),,2024-01-01,2024-12-31,0.82
670080,MSPB-1,Medicare hospital spending per patient (Medicare Spending per Beneficiary),,2024-01-01,2024-12-31,1.01
670082,MSPB-1,Medicare hospital spending per patient (Medicare Spending per Beneficiary),,2024-01-01,2024-12-31,1.06
670085,MSPB-1,Medicare hospital spending per patient (Medicare Spending per Beneficiary),,2024-01-01,2024-12-31,1.06
670088,MSPB-1,Medicare hospital spending per patient (Medicare Spending per Beneficiary),,2024-01-01,2024-12-31,0.99
670090,MSPB-1,Medicare hospital spending per patient (Medicare Spending per Beneficiary),,2024-01-01,2024-12-31,1.11
670093,MSPB-1,Medicare hospital spending per patient (Medicare Spending per Beneficiary),5.0,2024-01-01,2024-12-31,
670098,MSPB-1,Medicare hospital spending per patient (Medicare Spending per Beneficiary),,2024-01-01,2024-12-31,1.11
670102,MSPB-1,Medicare hospital spending per patient (Medicare Spending per Beneficiary),,2024-01-01,2024-12-31,1.2
670103,MSPB-1,Medicare hospital spending per patient (Medicare Spending per Beneficiary),,2024-01-01,2024-12-31,0.97
670106,MSPB-1,Medicare hospital spending per patient (Medicare Spending per Beneficiary),,2024-01-01,2024-12-31,0.99
670107,MSPB-1,Medicare hospital spending per patient (Medicare Spending per Beneficiary),1.0,2024-01-01,2024-12-31,
670108,MSPB-1,Medicare hospital spending per patient (Medicare Spending per Beneficiary),,2024-01-01,2024-12-31,1.01
670109,MSPB-1,Medicare hospital spending per patient (Medicare Spending per Beneficiary),1.0,2024-01-01,2024-12-31,
670112,MSPB-1,Medicare hospital spending per patient (Medicare Spending per Beneficiary),,2024-01-01,2024-12-31,0.98
670115,MSPB-1,Medicare hospital spending per patient (Medicare Spending per Beneficiary),5.0,2024-01-01,2024-12-31,
670120,MSPB-1,Medicare hospital spending per patient (Medicare Spending per Beneficiary),,2024-01-01,2024-12-31,0.97
670121,MSPB-1,Medicare hospital spending per patient (Medicare Spending per Beneficiary),5.0,2024-01-01,2024-12-31,
670122,MSPB-1,Medicare hospital spending per patient (Medicare Spending per Beneficiary),,2024-01-01,2024-12-31,1.01
670124,MSPB-1,Medicare hospital spending per patient (Medicare Spending per Beneficiary),,2024-01-01,2024-12-31,0.67
670125,MSPB-1,Medicare hospital spending per patient (Medicare Spending per Beneficiary),19.0,2024-01-01,2024-12-31,
670128,MSPB-1,Medicare hospital spending per patient (Medicare Spending per Beneficiary),,2024-01-01,2024-12-31,1.05
670131,MSPB-1,Medicare hospital spending per patient (Medicare Spending per Beneficiary),,2024-01-01,2024-12-31,0.85
670132,MSPB-1,Medicare hospital spending per patient (Medicare Spending per Beneficiary),,2024-01-01,2024-12-31,1.04
670134,MSPB-1,Medicare hospital spending per patient (Medicare Spending per Beneficiary),,2024-01-01,2024-12-31,0.59
670135,MSPB-1,Medicare hospital spending per patient (Medicare Spending per Beneficiary),1.0,2024-01-01,2024-12-31,
670136,MSPB-1,Medicare hospital spending per patient (Medicare Spending per Beneficiary),,2024-01-01,2024-12-31,0.93
670260,MSPB-1,Medicare hospital spending per patient (Medicare Spending per Beneficiary),,2024-01-01,2024-12-31,1.09
670265,MSPB-1,Medicare hospital spending per patient (Medicare Spending per Beneficiary),,2024-01-01,2024-12-31,1.05
670266,MSPB-1,Medicare hospital spending per patient (Medicare Spending per Beneficiary),,2024-01-01,2024-12-31,1.1
670267,MSPB-1,Medicare hospital spending per patient (Medicare Spending per Beneficiary),1.0,2024-01-01,2024-12-31,
670285,MSPB-1,Medicare hospital spending per patient (Medicare Spending per Beneficiary),1.0,2024-01-01,2024-12-31,
670300,MSPB-1,Medicare hospital spending per patient (Medicare Spending per Beneficiary),,2024-01-01,2024-12-31,1.12
670309,MSPB-1,Medicare hospital spending per patient (Medicare Spending per Beneficiary),,2024-01-01,2024-12-31,1.14
670314,MSPB-1,Medicare hospital spending per patient (Medicare Spending per Beneficiary),1.0,2024-01-01,2024-12-31,
670320,MSPB-1,Medicare hospital spending per patient (Medicare Spending per Beneficiary),1.0,2024-01-01,2024-12-31,
670321,MSPB-1,Medicare hospital spending per patient (Medicare Spending per Beneficiary),1.0,2024-01-01,2024-12-31,
670322,MSPB-1,Medicare hospital spending per patient (Medicare Spending per Beneficiary),1.0,2024-01-01,2024-12-31,
670326,MSPB-1,Medicare hospital spending per patient (Medicare Spending per Beneficiary),5.0,2024-01-01,2024-12-31,
670327,MSPB-1,Medicare hospital spending per patient (Medicare Spending per Beneficiary),19.0,2024-01-01,2024-12-31,
670331,MSPB-1,Medicare hospital spending per patient (Medicare Spending per Beneficiary),5.0,2024-01-01,2024-12-31,
670333,MSPB-1,Medicare hospital spending per patient (Medicare Spending per Beneficiary),,2024-01-01,2024-12-31,0.99
670335,MSPB-1,Medicare hospital spending per patient (Medicare Spending per Beneficiary),5.0,2024-01-01,2024-12-31,
670336,MSPB-1,Medicare hospital spending per patient (Medicare Spending per Beneficiary),19.0,2024-01-01,2024-12-31,
670340,MSPB-1,Medicare hospital spending per patient (Medicare Spending per Beneficiary),5.0,2024-01-01,2024-12-31,
670342,MSPB-1,Medicare hospital spending per patient (Medicare Spending per Beneficiary),5.0,2024-01-01,2024-12-31,
670343,MSPB-1,Medicare hospital spending per patient (Medicare Spending per Beneficiary),5.0,2024-01-01,2024-12-31,
670345,MSPB-1,Medicare hospital spending per patient (Medicare Spending per Beneficiary),5.0,2024-01-01,2024-12-31,
670346,MSPB-1,Medicare hospital spending per patient (Medicare Spending per Beneficiary),5.0,2024-01-01,2024-12-31,
670779,MSPB-1,Medicare hospital spending per patient (Medicare Spending per Beneficiary),19.0,2024-01-01,2024-12-31,
670780,MSPB-1,Medicare hospital spending per patient (Medicare Spending per Beneficiary),19.0,2024-01-01,2024-12-31,
670781,MSPB-1,Medicare hospital spending per patient (Medicare Spending per Beneficiary),19.0,2024-01-01,2024-12-31,
670783,MSPB-1,Medicare hospital spending per patient (Medicare Spending per Beneficiary),19.0,2024-01-01,2024-12-31,
671300,MSPB-1,Medicare hospital spending per patient (Medicare Spending per Beneficiary),5.0,2024-01-01,2024-12-31,
671301,MSPB-1,Medicare hospital spending per patient (Medicare Spending per Beneficiary),5.0,2024-01-01,2024-12-31,
671302,MSPB-1,Medicare hospital spending per patient (Medicare Spending per Beneficiary),5.0,2024-01-01,2024-12-31,
671303,MSPB-1,Medicare hospital spending per patient (Medicare Spending per Beneficiary),19.0,2024-01-01,2024-12-31,
